1024 384 8 128
0 1 128 1 256 1 8589934592 0 4294967296 4294967296 2 12884901890 4294967299 12884901891 12884901888 0 8589934592 8589934592 3 4294967299 8589934593 4294967297 4294967296 0 12884901888 12884901888 1 8589934593 12884901890 8589934594
1 1 129 1 257 1 34359738368 0 17179869184 17179869184 8 51539607560 17179869196 51539607564 51539607552 0 34359738368 34359738368 12 17179869196 34359738372 17179869188 17179869184 0 51539607552 51539607552 4 34359738372 51539607560 34359738376
2 1 130 1 258 1 137438953472 0 68719476736 68719476736 32 206158430240 68719476784 206158430256 206158430208 0 137438953472 137438953472 48 68719476784 137438953488 68719476752 68719476736 0 206158430208 206158430208 16 137438953488 206158430240 137438953504
3 1 131 1 259 1 549755813888 0 274877906944 274877906944 128 824633720960 274877907136 824633721024 824633720832 0 549755813888 549755813888 192 274877907136 549755813952 274877907008 274877906944 0 824633720832 824633720832 64 549755813952 824633720960 549755814016
4 1 132 1 260 1 2199023255552 0 1099511627776 1099511627776 512 3298534883840 1099511628544 3298534884096 3298534883328 0 2199023255552 2199023255552 768 1099511628544 2199023255808 1099511628032 1099511627776 0 3298534883328 3298534883328 256 2199023255808 3298534883840 2199023256064
5 1 133 1 261 1 8796093022208 0 4398046511104 4398046511104 2048 13194139535360 4398046514176 13194139536384 13194139533312 0 8796093022208 8796093022208 3072 4398046514176 8796093023232 4398046512128 4398046511104 0 13194139533312 13194139533312 1024 8796093023232 13194139535360 8796093024256
6 1 134 1 262 1 35184372088832 0 17592186044416 17592186044416 8192 52776558141440 17592186056704 52776558145536 52776558133248 0 35184372088832 35184372088832 12288 17592186056704 35184372092928 17592186048512 17592186044416 0 52776558133248 52776558133248 4096 35184372092928 52776558141440 35184372097024
7 1 135 1 263 1 140737488355328 0 70368744177664 70368744177664 32768 211106232565760 70368744226816 211106232582144 211106232532992 0 140737488355328 140737488355328 49152 70368744226816 140737488371712 70368744194048 70368744177664 0 211106232532992 211106232532992 16384 140737488371712 211106232565760 140737488388096
8 1 136 1 264 1 562949953421312 0 281474976710656 281474976710656 131072 844424930263040 281474976907264 844424930328576 844424930131968 0 562949953421312 562949953421312 196608 281474976907264 562949953486848 281474976776192 281474976710656 0 844424930131968 844424930131968 65536 562949953486848 844424930263040 562949953552384
9 1 137 1 265 1 2251799813685248 0 1125899906842624 1125899906842624 524288 3377699721052160 1125899907629056 3377699721314304 3377699720527872 0 2251799813685248 2251799813685248 786432 1125899907629056 2251799813947392 1125899907104768 1125899906842624 0 3377699720527872 3377699720527872 262144 2251799813947392 3377699721052160 2251799814209536
10 1 138 1 266 1 9007199254740992 0 4503599627370496 4503599627370496 2097152 13510798884208640 4503599630516224 13510798885257216 13510798882111488 0 9007199254740992 9007199254740992 3145728 4503599630516224 9007199255789568 4503599628419072 4503599627370496 0 13510798882111488 13510798882111488 1048576 9007199255789568 13510798884208640 9007199256838144
11 1 139 1 267 1 36028797018963968 0 18014398509481984 18014398509481984 8388608 54043195536834560 18014398522064896 54043195541028864 54043195528445952 0 36028797018963968 36028797018963968 12582912 18014398522064896 36028797023158272 18014398513676288 18014398509481984 0 54043195528445952 54043195528445952 4194304 36028797023158272 54043195536834560 36028797027352576
12 1 140 1 268 1 144115188075855872 0 72057594037927936 72057594037927936 33554432 216172782147338240 72057594088259584 216172782164115456 216172782113783808 0 144115188075855872 144115188075855872 50331648 72057594088259584 144115188092633088 72057594054705152 72057594037927936 0 216172782113783808 216172782113783808 16777216 144115188092633088 216172782147338240 144115188109410304
13 1 141 1 269 1 576460752303423488 0 288230376151711744 288230376151711744 134217728 864691128589352960 288230376353038336 864691128656461824 864691128455135232 0 576460752303423488 576460752303423488 201326592 288230376353038336 576460752370532352 288230376218820608 288230376151711744 0 864691128455135232 864691128455135232 67108864 576460752370532352 864691128589352960 576460752437641216
14 1 142 1 270 1 2305843009213693952 0 1152921504606846976 1152921504606846976 536870912 3458764514357411840 1152921505412153344 3458764514625847296 3458764513820540928 0 2305843009213693952 2305843009213693952 805306368 1152921505412153344 2305843009482129408 1152921504875282432 1152921504606846976 0 3458764513820540928 3458764513820540928 268435456 2305843009482129408 3458764514357411840 2305843009750564864
15 1 143 1 271 1 9223372036854775808 0 4611686018427387904 4611686018427387904 2147483648 13835058057429647360 4611686021648613376 13835058058503389184 13835058055282163712 0 9223372036854775808 9223372036854775808 3221225472 4611686021648613376 9223372037928517632 4611686019501129728 4611686018427387904 0 13835058055282163712 13835058055282163712 1073741824 9223372037928517632 13835058057429647360 9223372039002259456
16 1 144 1 272 1 1 2 0 1 8589934595 8589934592 12884901891 12884901889 2 3 0 2 12884901889 12884901888 4294967297 4294967298 3 1 0 3 4294967298 4294967296 8589934594 8589934595
17 1 145 1 273 1 4 8 0 4 34359738380 34359738368 51539607564 51539607556 8 12 0 8 51539607556 51539607552 17179869188 17179869192 12 4 0 12 17179869192 17179869184 34359738376 34359738380
18 1 146 1 274 1 16 32 0 16 137438953520 137438953472 206158430256 206158430224 32 48 0 32 206158430224 206158430208 68719476752 68719476768 48 16 0 48 68719476768 68719476736 137438953504 137438953520
19 1 147 1 275 1 64 128 0 64 549755814080 549755813888 824633721024 824633720896 128 192 0 128 824633720896 824633720832 274877907008 274877907072 192 64 0 192 274877907072 274877906944 549755814016 549755814080
20 1 148 1 276 1 256 512 0 256 2199023256320 2199023255552 3298534884096 3298534883584 512 768 0 512 3298534883584 3298534883328 1099511628032 1099511628288 768 256 0 768 1099511628288 1099511627776 2199023256064 2199023256320
21 1 149 1 277 1 1024 2048 0 1024 8796093025280 8796093022208 13194139536384 13194139534336 2048 3072 0 2048 13194139534336 13194139533312 4398046512128 4398046513152 3072 1024 0 3072 4398046513152 4398046511104 8796093024256 8796093025280
22 1 150 1 278 1 4096 8192 0 4096 35184372101120 35184372088832 52776558145536 52776558137344 8192 12288 0 8192 52776558137344 52776558133248 17592186048512 17592186052608 12288 4096 0 12288 17592186052608 17592186044416 35184372097024 35184372101120
23 1 151 1 279 1 16384 32768 0 16384 140737488404480 140737488355328 211106232582144 211106232549376 32768 49152 0 32768 211106232549376 211106232532992 70368744194048 70368744210432 49152 16384 0 49152 70368744210432 70368744177664 140737488388096 140737488404480
24 1 152 1 280 1 65536 131072 0 65536 562949953617920 562949953421312 844424930328576 844424930197504 131072 196608 0 131072 844424930197504 844424930131968 281474976776192 281474976841728 196608 65536 0 196608 281474976841728 281474976710656 562949953552384 562949953617920
25 1 153 1 281 1 262144 524288 0 262144 2251799814471680 2251799813685248 3377699721314304 3377699720790016 524288 786432 0 524288 3377699720790016 3377699720527872 1125899907104768 1125899907366912 786432 262144 0 786432 1125899907366912 1125899906842624 2251799814209536 2251799814471680
26 1 154 1 282 1 1048576 2097152 0 1048576 9007199257886720 9007199254740992 13510798885257216 13510798883160064 2097152 3145728 0 2097152 13510798883160064 13510798882111488 4503599628419072 4503599629467648 3145728 1048576 0 3145728 4503599629467648 4503599627370496 9007199256838144 9007199257886720
27 1 155 1 283 1 4194304 8388608 0 4194304 36028797031546880 36028797018963968 54043195541028864 54043195532640256 8388608 12582912 0 8388608 54043195532640256 54043195528445952 18014398513676288 18014398517870592 12582912 4194304 0 12582912 18014398517870592 18014398509481984 36028797027352576 36028797031546880
28 1 156 1 284 1 16777216 33554432 0 16777216 144115188126187520 144115188075855872 216172782164115456 216172782130561024 33554432 50331648 0 33554432 216172782130561024 216172782113783808 72057594054705152 72057594071482368 50331648 16777216 0 50331648 72057594071482368 72057594037927936 144115188109410304 144115188126187520
29 1 157 1 285 1 67108864 134217728 0 67108864 576460752504750080 576460752303423488 864691128656461824 864691128522244096 134217728 201326592 0 134217728 864691128522244096 864691128455135232 288230376218820608 288230376285929472 201326592 67108864 0 201326592 288230376285929472 288230376151711744 576460752437641216 576460752504750080
30 1 158 1 286 1 268435456 536870912 0 268435456 2305843010019000320 2305843009213693952 3458764514625847296 3458764514088976384 536870912 805306368 0 536870912 3458764514088976384 3458764513820540928 1152921504875282432 1152921505143717888 805306368 268435456 0 805306368 1152921505143717888 1152921504606846976 2305843009750564864 2305843010019000320
31 1 159 1 287 1 1073741824 2147483648 0 1073741824 9223372040076001280 9223372036854775808 13835058058503389184 13835058056355905536 2147483648 3221225472 0 2147483648 13835058056355905536 13835058055282163712 4611686019501129728 4611686020574871552 3221225472 1073741824 0 3221225472 4611686020574871552 4611686018427387904 9223372039002259456 9223372040076001280
32 1 160 1 288 1 4294967296 8589934592 0 4294967296 12884901891 2 12884901890 4294967299 8589934592 12884901888 0 8589934592 4294967297 3 4294967299 8589934593 12884901888 4294967296 0 12884901888 8589934594 1 8589934593 12884901890
33 1 161 1 289 1 17179869184 34359738368 0 17179869184 51539607564 8 51539607560 17179869196 34359738368 51539607552 0 34359738368 17179869188 12 17179869196 34359738372 51539607552 17179869184 0 51539607552 34359738376 4 34359738372 51539607560
34 1 162 1 290 1 68719476736 137438953472 0 68719476736 206158430256 32 206158430240 68719476784 137438953472 206158430208 0 137438953472 68719476752 48 68719476784 137438953488 206158430208 68719476736 0 206158430208 137438953504 16 137438953488 206158430240
35 1 163 1 291 1 274877906944 549755813888 0 274877906944 824633721024 128 824633720960 274877907136 549755813888 824633720832 0 549755813888 274877907008 192 274877907136 549755813952 824633720832 274877906944 0 824633720832 549755814016 64 549755813952 824633720960
36 1 164 1 292 1 1099511627776 2199023255552 0 1099511627776 3298534884096 512 3298534883840 1099511628544 2199023255552 3298534883328 0 2199023255552 1099511628032 768 1099511628544 2199023255808 3298534883328 1099511627776 0 3298534883328 2199023256064 256 2199023255808 3298534883840
37 1 165 1 293 1 4398046511104 8796093022208 0 4398046511104 13194139536384 2048 13194139535360 4398046514176 8796093022208 13194139533312 0 8796093022208 4398046512128 3072 4398046514176 8796093023232 13194139533312 4398046511104 0 13194139533312 8796093024256 1024 8796093023232 13194139535360
38 1 166 1 294 1 17592186044416 35184372088832 0 17592186044416 52776558145536 8192 52776558141440 17592186056704 35184372088832 52776558133248 0 35184372088832 17592186048512 12288 17592186056704 35184372092928 52776558133248 17592186044416 0 52776558133248 35184372097024 4096 35184372092928 52776558141440
39 1 167 1 295 1 70368744177664 140737488355328 0 70368744177664 211106232582144 32768 211106232565760 70368744226816 140737488355328 211106232532992 0 140737488355328 70368744194048 49152 70368744226816 140737488371712 211106232532992 70368744177664 0 211106232532992 140737488388096 16384 140737488371712 211106232565760
40 1 168 1 296 1 281474976710656 562949953421312 0 281474976710656 844424930328576 131072 844424930263040 281474976907264 562949953421312 844424930131968 0 562949953421312 281474976776192 196608 281474976907264 562949953486848 844424930131968 281474976710656 0 844424930131968 562949953552384 65536 562949953486848 844424930263040
41 1 169 1 297 1 1125899906842624 2251799813685248 0 1125899906842624 3377699721314304 524288 3377699721052160 1125899907629056 2251799813685248 3377699720527872 0 2251799813685248 1125899907104768 786432 1125899907629056 2251799813947392 3377699720527872 1125899906842624 0 3377699720527872 2251799814209536 262144 2251799813947392 3377699721052160
42 1 170 1 298 1 4503599627370496 9007199254740992 0 4503599627370496 13510798885257216 2097152 13510798884208640 4503599630516224 9007199254740992 13510798882111488 0 9007199254740992 4503599628419072 3145728 4503599630516224 9007199255789568 13510798882111488 4503599627370496 0 13510798882111488 9007199256838144 1048576 9007199255789568 13510798884208640
43 1 171 1 299 1 18014398509481984 36028797018963968 0 18014398509481984 54043195541028864 8388608 54043195536834560 18014398522064896 36028797018963968 54043195528445952 0 36028797018963968 18014398513676288 12582912 18014398522064896 36028797023158272 54043195528445952 18014398509481984 0 54043195528445952 36028797027352576 4194304 36028797023158272 54043195536834560
44 1 172 1 300 1 72057594037927936 144115188075855872 0 72057594037927936 216172782164115456 33554432 216172782147338240 72057594088259584 144115188075855872 216172782113783808 0 144115188075855872 72057594054705152 50331648 72057594088259584 144115188092633088 216172782113783808 72057594037927936 0 216172782113783808 144115188109410304 16777216 144115188092633088 216172782147338240
45 1 173 1 301 1 288230376151711744 576460752303423488 0 288230376151711744 864691128656461824 134217728 864691128589352960 288230376353038336 576460752303423488 864691128455135232 0 576460752303423488 288230376218820608 201326592 288230376353038336 576460752370532352 864691128455135232 288230376151711744 0 864691128455135232 576460752437641216 67108864 576460752370532352 864691128589352960
46 1 174 1 302 1 1152921504606846976 2305843009213693952 0 1152921504606846976 3458764514625847296 536870912 3458764514357411840 1152921505412153344 2305843009213693952 3458764513820540928 0 2305843009213693952 1152921504875282432 805306368 1152921505412153344 2305843009482129408 3458764513820540928 1152921504606846976 0 3458764513820540928 2305843009750564864 268435456 2305843009482129408 3458764514357411840
47 1 175 1 303 1 4611686018427387904 9223372036854775808 0 4611686018427387904 13835058058503389184 2147483648 13835058057429647360 4611686021648613376 9223372036854775808 13835058055282163712 0 9223372036854775808 4611686019501129728 3221225472 4611686021648613376 9223372037928517632 13835058055282163712 4611686018427387904 0 13835058055282163712 9223372039002259456 1073741824 9223372037928517632 13835058057429647360
48 1 176 1 304 1 1 1 2 0 12884901889 8589934595 8589934592 12884901891 2 2 3 0 4294967298 12884901889 12884901888 4294967297 3 3 1 0 8589934595 4294967298 4294967296 8589934594
49 1 177 1 305 1 4 4 8 0 51539607556 34359738380 34359738368 51539607564 8 8 12 0 17179869192 51539607556 51539607552 17179869188 12 12 4 0 34359738380 17179869192 17179869184 34359738376
50 1 178 1 306 1 16 16 32 0 206158430224 137438953520 137438953472 206158430256 32 32 48 0 68719476768 206158430224 206158430208 68719476752 48 48 16 0 137438953520 68719476768 68719476736 137438953504
51 1 179 1 307 1 64 64 128 0 824633720896 549755814080 549755813888 824633721024 128 128 192 0 274877907072 824633720896 824633720832 274877907008 192 192 64 0 549755814080 274877907072 274877906944 549755814016
52 1 180 1 308 1 256 256 512 0 3298534883584 2199023256320 2199023255552 3298534884096 512 512 768 0 1099511628288 3298534883584 3298534883328 1099511628032 768 768 256 0 2199023256320 1099511628288 1099511627776 2199023256064
53 1 181 1 309 1 1024 1024 2048 0 13194139534336 8796093025280 8796093022208 13194139536384 2048 2048 3072 0 4398046513152 13194139534336 13194139533312 4398046512128 3072 3072 1024 0 8796093025280 4398046513152 4398046511104 8796093024256
54 1 182 1 310 1 4096 4096 8192 0 52776558137344 35184372101120 35184372088832 52776558145536 8192 8192 12288 0 17592186052608 52776558137344 52776558133248 17592186048512 12288 12288 4096 0 35184372101120 17592186052608 17592186044416 35184372097024
55 1 183 1 311 1 16384 16384 32768 0 211106232549376 140737488404480 140737488355328 211106232582144 32768 32768 49152 0 70368744210432 211106232549376 211106232532992 70368744194048 49152 49152 16384 0 140737488404480 70368744210432 70368744177664 140737488388096
56 1 184 1 312 1 65536 65536 131072 0 844424930197504 562949953617920 562949953421312 844424930328576 131072 131072 196608 0 281474976841728 844424930197504 844424930131968 281474976776192 196608 196608 65536 0 562949953617920 281474976841728 281474976710656 562949953552384
57 1 185 1 313 1 262144 262144 524288 0 3377699720790016 2251799814471680 2251799813685248 3377699721314304 524288 524288 786432 0 1125899907366912 3377699720790016 3377699720527872 1125899907104768 786432 786432 262144 0 2251799814471680 1125899907366912 1125899906842624 2251799814209536
58 1 186 1 314 1 1048576 1048576 2097152 0 13510798883160064 9007199257886720 9007199254740992 13510798885257216 2097152 2097152 3145728 0 4503599629467648 13510798883160064 13510798882111488 4503599628419072 3145728 3145728 1048576 0 9007199257886720 4503599629467648 4503599627370496 9007199256838144
59 1 187 1 315 1 4194304 4194304 8388608 0 54043195532640256 36028797031546880 36028797018963968 54043195541028864 8388608 8388608 12582912 0 18014398517870592 54043195532640256 54043195528445952 18014398513676288 12582912 12582912 4194304 0 36028797031546880 18014398517870592 18014398509481984 36028797027352576
60 1 188 1 316 1 16777216 16777216 33554432 0 216172782130561024 144115188126187520 144115188075855872 216172782164115456 33554432 33554432 50331648 0 72057594071482368 216172782130561024 216172782113783808 72057594054705152 50331648 50331648 16777216 0 144115188126187520 72057594071482368 72057594037927936 144115188109410304
61 1 189 1 317 1 67108864 67108864 134217728 0 864691128522244096 576460752504750080 576460752303423488 864691128656461824 134217728 134217728 201326592 0 288230376285929472 864691128522244096 864691128455135232 288230376218820608 201326592 201326592 67108864 0 576460752504750080 288230376285929472 288230376151711744 576460752437641216
62 1 190 1 318 1 268435456 268435456 536870912 0 3458764514088976384 2305843010019000320 2305843009213693952 3458764514625847296 536870912 536870912 805306368 0 1152921505143717888 3458764514088976384 3458764513820540928 1152921504875282432 805306368 805306368 268435456 0 2305843010019000320 1152921505143717888 1152921504606846976 2305843009750564864
63 1 191 1 319 1 1073741824 1073741824 2147483648 0 13835058056355905536 9223372040076001280 9223372036854775808 13835058058503389184 2147483648 2147483648 3221225472 0 4611686020574871552 13835058056355905536 13835058055282163712 4611686019501129728 3221225472 3221225472 1073741824 0 9223372040076001280 4611686020574871552 4611686018427387904 9223372039002259456
64 1 192 1 320 1 4294967296 4294967296 8589934592 0 4294967299 12884901891 2 12884901890 8589934592 8589934592 12884901888 0 8589934593 4294967297 3 4294967299 12884901888 12884901888 4294967296 0 12884901890 8589934594 1 8589934593
65 1 193 1 321 1 17179869184 17179869184 34359738368 0 17179869196 51539607564 8 51539607560 34359738368 34359738368 51539607552 0 34359738372 17179869188 12 17179869196 51539607552 51539607552 17179869184 0 51539607560 34359738376 4 34359738372
66 1 194 1 322 1 68719476736 68719476736 137438953472 0 68719476784 206158430256 32 206158430240 137438953472 137438953472 206158430208 0 137438953488 68719476752 48 68719476784 206158430208 206158430208 68719476736 0 206158430240 137438953504 16 137438953488
67 1 195 1 323 1 274877906944 274877906944 549755813888 0 274877907136 824633721024 128 824633720960 549755813888 549755813888 824633720832 0 549755813952 274877907008 192 274877907136 824633720832 824633720832 274877906944 0 824633720960 549755814016 64 549755813952
68 1 196 1 324 1 1099511627776 1099511627776 2199023255552 0 1099511628544 3298534884096 512 3298534883840 2199023255552 2199023255552 3298534883328 0 2199023255808 1099511628032 768 1099511628544 3298534883328 3298534883328 1099511627776 0 3298534883840 2199023256064 256 2199023255808
69 1 197 1 325 1 4398046511104 4398046511104 8796093022208 0 4398046514176 13194139536384 2048 13194139535360 8796093022208 8796093022208 13194139533312 0 8796093023232 4398046512128 3072 4398046514176 13194139533312 13194139533312 4398046511104 0 13194139535360 8796093024256 1024 8796093023232
70 1 198 1 326 1 17592186044416 17592186044416 35184372088832 0 17592186056704 52776558145536 8192 52776558141440 35184372088832 35184372088832 52776558133248 0 35184372092928 17592186048512 12288 17592186056704 52776558133248 52776558133248 17592186044416 0 52776558141440 35184372097024 4096 35184372092928
71 1 199 1 327 1 70368744177664 70368744177664 140737488355328 0 70368744226816 211106232582144 32768 211106232565760 140737488355328 140737488355328 211106232532992 0 140737488371712 70368744194048 49152 70368744226816 211106232532992 211106232532992 70368744177664 0 211106232565760 140737488388096 16384 140737488371712
72 1 200 1 328 1 281474976710656 281474976710656 562949953421312 0 281474976907264 844424930328576 131072 844424930263040 562949953421312 562949953421312 844424930131968 0 562949953486848 281474976776192 196608 281474976907264 844424930131968 844424930131968 281474976710656 0 844424930263040 562949953552384 65536 562949953486848
73 1 201 1 329 1 1125899906842624 1125899906842624 2251799813685248 0 1125899907629056 3377699721314304 524288 3377699721052160 2251799813685248 2251799813685248 3377699720527872 0 2251799813947392 1125899907104768 786432 1125899907629056 3377699720527872 3377699720527872 1125899906842624 0 3377699721052160 2251799814209536 262144 2251799813947392
74 1 202 1 330 1 4503599627370496 4503599627370496 9007199254740992 0 4503599630516224 13510798885257216 2097152 13510798884208640 9007199254740992 9007199254740992 13510798882111488 0 9007199255789568 4503599628419072 3145728 4503599630516224 13510798882111488 13510798882111488 4503599627370496 0 13510798884208640 9007199256838144 1048576 9007199255789568
75 1 203 1 331 1 18014398509481984 18014398509481984 36028797018963968 0 18014398522064896 54043195541028864 8388608 54043195536834560 36028797018963968 36028797018963968 54043195528445952 0 36028797023158272 18014398513676288 12582912 18014398522064896 54043195528445952 54043195528445952 18014398509481984 0 54043195536834560 36028797027352576 4194304 36028797023158272
76 1 204 1 332 1 72057594037927936 72057594037927936 144115188075855872 0 72057594088259584 216172782164115456 33554432 216172782147338240 144115188075855872 144115188075855872 216172782113783808 0 144115188092633088 72057594054705152 50331648 72057594088259584 216172782113783808 216172782113783808 72057594037927936 0 216172782147338240 144115188109410304 16777216 144115188092633088
77 1 205 1 333 1 288230376151711744 288230376151711744 576460752303423488 0 288230376353038336 864691128656461824 134217728 864691128589352960 576460752303423488 576460752303423488 864691128455135232 0 576460752370532352 288230376218820608 201326592 288230376353038336 864691128455135232 864691128455135232 288230376151711744 0 864691128589352960 576460752437641216 67108864 576460752370532352
78 1 206 1 334 1 1152921504606846976 1152921504606846976 2305843009213693952 0 1152921505412153344 3458764514625847296 536870912 3458764514357411840 2305843009213693952 2305843009213693952 3458764513820540928 0 2305843009482129408 1152921504875282432 805306368 1152921505412153344 3458764513820540928 3458764513820540928 1152921504606846976 0 3458764514357411840 2305843009750564864 268435456 2305843009482129408
79 1 207 1 335 1 4611686018427387904 4611686018427387904 9223372036854775808 0 4611686021648613376 13835058058503389184 2147483648 13835058057429647360 9223372036854775808 9223372036854775808 13835058055282163712 0 9223372037928517632 4611686019501129728 3221225472 4611686021648613376 13835058055282163712 13835058055282163712 4611686018427387904 0 13835058057429647360 9223372039002259456 1073741824 9223372037928517632
80 1 208 1 336 1 0 1 1 2 12884901891 12884901889 8589934595 8589934592 0 2 2 3 4294967297 4294967298 12884901889 12884901888 0 3 3 1 8589934594 8589934595 4294967298 4294967296
81 1 209 1 337 1 0 4 4 8 51539607564 51539607556 34359738380 34359738368 0 8 8 12 17179869188 17179869192 51539607556 51539607552 0 12 12 4 34359738376 34359738380 17179869192 17179869184
82 1 210 1 338 1 0 16 16 32 206158430256 206158430224 137438953520 137438953472 0 32 32 48 68719476752 68719476768 206158430224 206158430208 0 48 48 16 137438953504 137438953520 68719476768 68719476736
83 1 211 1 339 1 0 64 64 128 824633721024 824633720896 549755814080 549755813888 0 128 128 192 274877907008 274877907072 824633720896 824633720832 0 192 192 64 549755814016 549755814080 274877907072 274877906944
84 1 212 1 340 1 0 256 256 512 3298534884096 3298534883584 2199023256320 2199023255552 0 512 512 768 1099511628032 1099511628288 3298534883584 3298534883328 0 768 768 256 2199023256064 2199023256320 1099511628288 1099511627776
85 1 213 1 341 1 0 1024 1024 2048 13194139536384 13194139534336 8796093025280 8796093022208 0 2048 2048 3072 4398046512128 4398046513152 13194139534336 13194139533312 0 3072 3072 1024 8796093024256 8796093025280 4398046513152 4398046511104
86 1 214 1 342 1 0 4096 4096 8192 52776558145536 52776558137344 35184372101120 35184372088832 0 8192 8192 12288 17592186048512 17592186052608 52776558137344 52776558133248 0 12288 12288 4096 35184372097024 35184372101120 17592186052608 17592186044416
87 1 215 1 343 1 0 16384 16384 32768 211106232582144 211106232549376 140737488404480 140737488355328 0 32768 32768 49152 70368744194048 70368744210432 211106232549376 211106232532992 0 49152 49152 16384 140737488388096 140737488404480 70368744210432 70368744177664
88 1 216 1 344 1 0 65536 65536 131072 844424930328576 844424930197504 562949953617920 562949953421312 0 131072 131072 196608 281474976776192 281474976841728 844424930197504 844424930131968 0 196608 196608 65536 562949953552384 562949953617920 281474976841728 281474976710656
89 1 217 1 345 1 0 262144 262144 524288 3377699721314304 3377699720790016 2251799814471680 2251799813685248 0 524288 524288 786432 1125899907104768 1125899907366912 3377699720790016 3377699720527872 0 786432 786432 262144 2251799814209536 2251799814471680 1125899907366912 1125899906842624
90 1 218 1 346 1 0 1048576 1048576 2097152 13510798885257216 13510798883160064 9007199257886720 9007199254740992 0 2097152 2097152 3145728 4503599628419072 4503599629467648 13510798883160064 13510798882111488 0 3145728 3145728 1048576 9007199256838144 9007199257886720 4503599629467648 4503599627370496
91 1 219 1 347 1 0 4194304 4194304 8388608 54043195541028864 54043195532640256 36028797031546880 36028797018963968 0 8388608 8388608 12582912 18014398513676288 18014398517870592 54043195532640256 54043195528445952 0 12582912 12582912 4194304 36028797027352576 36028797031546880 18014398517870592 18014398509481984
92 1 220 1 348 1 0 16777216 16777216 33554432 216172782164115456 216172782130561024 144115188126187520 144115188075855872 0 33554432 33554432 50331648 72057594054705152 72057594071482368 216172782130561024 216172782113783808 0 50331648 50331648 16777216 144115188109410304 144115188126187520 72057594071482368 72057594037927936
93 1 221 1 349 1 0 67108864 67108864 134217728 864691128656461824 864691128522244096 576460752504750080 576460752303423488 0 134217728 134217728 201326592 288230376218820608 288230376285929472 864691128522244096 864691128455135232 0 201326592 201326592 67108864 576460752437641216 576460752504750080 288230376285929472 288230376151711744
94 1 222 1 350 1 0 268435456 268435456 536870912 3458764514625847296 3458764514088976384 2305843010019000320 2305843009213693952 0 536870912 536870912 805306368 1152921504875282432 1152921505143717888 3458764514088976384 3458764513820540928 0 805306368 805306368 268435456 2305843009750564864 2305843010019000320 1152921505143717888 1152921504606846976
95 1 223 1 351 1 0 1073741824 1073741824 2147483648 13835058058503389184 13835058056355905536 9223372040076001280 9223372036854775808 0 2147483648 2147483648 3221225472 4611686019501129728 4611686020574871552 13835058056355905536 13835058055282163712 0 3221225472 3221225472 1073741824 9223372039002259456 9223372040076001280 4611686020574871552 4611686018427387904
96 1 224 1 352 1 0 4294967296 4294967296 8589934592 12884901890 4294967299 12884901891 2 0 8589934592 8589934592 12884901888 4294967299 8589934593 4294967297 3 0 12884901888 12884901888 4294967296 8589934593 12884901890 8589934594 1
97 1 225 1 353 1 0 17179869184 17179869184 34359738368 51539607560 17179869196 51539607564 8 0 34359738368 34359738368 51539607552 17179869196 34359738372 17179869188 12 0 51539607552 51539607552 17179869184 34359738372 51539607560 34359738376 4
98 1 226 1 354 1 0 68719476736 68719476736 137438953472 206158430240 68719476784 206158430256 32 0 137438953472 137438953472 206158430208 68719476784 137438953488 68719476752 48 0 206158430208 206158430208 68719476736 137438953488 206158430240 137438953504 16
99 1 227 1 355 1 0 274877906944 274877906944 549755813888 824633720960 274877907136 824633721024 128 0 549755813888 549755813888 824633720832 274877907136 549755813952 274877907008 192 0 824633720832 824633720832 274877906944 549755813952 824633720960 549755814016 64
100 1 228 1 356 1 0 1099511627776 1099511627776 2199023255552 3298534883840 1099511628544 3298534884096 512 0 2199023255552 2199023255552 3298534883328 1099511628544 2199023255808 1099511628032 768 0 3298534883328 3298534883328 1099511627776 2199023255808 3298534883840 2199023256064 256
101 1 229 1 357 1 0 4398046511104 4398046511104 8796093022208 13194139535360 4398046514176 13194139536384 2048 0 8796093022208 8796093022208 13194139533312 4398046514176 8796093023232 4398046512128 3072 0 13194139533312 13194139533312 4398046511104 8796093023232 13194139535360 8796093024256 1024
102 1 230 1 358 1 0 17592186044416 17592186044416 35184372088832 52776558141440 17592186056704 52776558145536 8192 0 35184372088832 35184372088832 52776558133248 17592186056704 35184372092928 17592186048512 12288 0 52776558133248 52776558133248 17592186044416 35184372092928 52776558141440 35184372097024 4096
103 1 231 1 359 1 0 70368744177664 70368744177664 140737488355328 211106232565760 70368744226816 211106232582144 32768 0 140737488355328 140737488355328 211106232532992 70368744226816 140737488371712 70368744194048 49152 0 211106232532992 211106232532992 70368744177664 140737488371712 211106232565760 140737488388096 16384
104 1 232 1 360 1 0 281474976710656 281474976710656 562949953421312 844424930263040 281474976907264 844424930328576 131072 0 562949953421312 562949953421312 844424930131968 281474976907264 562949953486848 281474976776192 196608 0 844424930131968 844424930131968 281474976710656 562949953486848 844424930263040 562949953552384 65536
105 1 233 1 361 1 0 1125899906842624 1125899906842624 2251799813685248 3377699721052160 1125899907629056 3377699721314304 524288 0 2251799813685248 2251799813685248 3377699720527872 1125899907629056 2251799813947392 1125899907104768 786432 0 3377699720527872 3377699720527872 1125899906842624 2251799813947392 3377699721052160 2251799814209536 262144
106 1 234 1 362 1 0 4503599627370496 4503599627370496 9007199254740992 13510798884208640 4503599630516224 13510798885257216 2097152 0 9007199254740992 9007199254740992 13510798882111488 4503599630516224 9007199255789568 4503599628419072 3145728 0 13510798882111488 13510798882111488 4503599627370496 9007199255789568 13510798884208640 9007199256838144 1048576
107 1 235 1 363 1 0 18014398509481984 18014398509481984 36028797018963968 54043195536834560 18014398522064896 54043195541028864 8388608 0 36028797018963968 36028797018963968 54043195528445952 18014398522064896 36028797023158272 18014398513676288 12582912 0 54043195528445952 54043195528445952 18014398509481984 36028797023158272 54043195536834560 36028797027352576 4194304
108 1 236 1 364 1 0 72057594037927936 72057594037927936 144115188075855872 216172782147338240 72057594088259584 216172782164115456 33554432 0 144115188075855872 144115188075855872 216172782113783808 72057594088259584 144115188092633088 72057594054705152 50331648 0 216172782113783808 216172782113783808 72057594037927936 144115188092633088 216172782147338240 144115188109410304 16777216
109 1 237 1 365 1 0 288230376151711744 288230376151711744 576460752303423488 864691128589352960 288230376353038336 864691128656461824 134217728 0 576460752303423488 576460752303423488 864691128455135232 288230376353038336 576460752370532352 288230376218820608 201326592 0 864691128455135232 864691128455135232 288230376151711744 576460752370532352 864691128589352960 576460752437641216 67108864
110 1 238 1 366 1 0 1152921504606846976 1152921504606846976 2305843009213693952 3458764514357411840 1152921505412153344 3458764514625847296 536870912 0 2305843009213693952 2305843009213693952 3458764513820540928 1152921505412153344 2305843009482129408 1152921504875282432 805306368 0 3458764513820540928 3458764513820540928 1152921504606846976 2305843009482129408 3458764514357411840 2305843009750564864 268435456
111 1 239 1 367 1 0 4611686018427387904 4611686018427387904 9223372036854775808 13835058057429647360 4611686021648613376 13835058058503389184 2147483648 0 9223372036854775808 9223372036854775808 13835058055282163712 4611686021648613376 9223372037928517632 4611686019501129728 3221225472 0 13835058055282163712 13835058055282163712 4611686018427387904 9223372037928517632 13835058057429647360 9223372039002259456 1073741824
112 1 240 1 368 1 2 0 1 1 8589934592 12884901891 12884901889 8589934595 3 0 2 2 12884901888 4294967297 4294967298 12884901889 1 0 3 3 4294967296 8589934594 8589934595 4294967298
113 1 241 1 369 1 8 0 4 4 34359738368 51539607564 51539607556 34359738380 12 0 8 8 51539607552 17179869188 17179869192 51539607556 4 0 12 12 17179869184 34359738376 34359738380 17179869192
114 1 242 1 370 1 32 0 16 16 137438953472 206158430256 206158430224 137438953520 48 0 32 32 206158430208 68719476752 68719476768 206158430224 16 0 48 48 68719476736 137438953504 137438953520 68719476768
115 1 243 1 371 1 128 0 64 64 549755813888 824633721024 824633720896 549755814080 192 0 128 128 824633720832 274877907008 274877907072 824633720896 64 0 192 192 274877906944 549755814016 549755814080 274877907072
116 1 244 1 372 1 512 0 256 256 2199023255552 3298534884096 3298534883584 2199023256320 768 0 512 512 3298534883328 1099511628032 1099511628288 3298534883584 256 0 768 768 1099511627776 2199023256064 2199023256320 1099511628288
117 1 245 1 373 1 2048 0 1024 1024 8796093022208 13194139536384 13194139534336 8796093025280 3072 0 2048 2048 13194139533312 4398046512128 4398046513152 13194139534336 1024 0 3072 3072 4398046511104 8796093024256 8796093025280 4398046513152
118 1 246 1 374 1 8192 0 4096 4096 35184372088832 52776558145536 52776558137344 35184372101120 12288 0 8192 8192 52776558133248 17592186048512 17592186052608 52776558137344 4096 0 12288 12288 17592186044416 35184372097024 35184372101120 17592186052608
119 1 247 1 375 1 32768 0 16384 16384 140737488355328 211106232582144 211106232549376 140737488404480 49152 0 32768 32768 211106232532992 70368744194048 70368744210432 211106232549376 16384 0 49152 49152 70368744177664 140737488388096 140737488404480 70368744210432
120 1 248 1 376 1 131072 0 65536 65536 562949953421312 844424930328576 844424930197504 562949953617920 196608 0 131072 131072 844424930131968 281474976776192 281474976841728 844424930197504 65536 0 196608 196608 281474976710656 562949953552384 562949953617920 281474976841728
121 1 249 1 377 1 524288 0 262144 262144 2251799813685248 3377699721314304 3377699720790016 2251799814471680 786432 0 524288 524288 3377699720527872 1125899907104768 1125899907366912 3377699720790016 262144 0 786432 786432 1125899906842624 2251799814209536 2251799814471680 1125899907366912
122 1 250 1 378 1 2097152 0 1048576 1048576 9007199254740992 13510798885257216 13510798883160064 9007199257886720 3145728 0 2097152 2097152 13510798882111488 4503599628419072 4503599629467648 13510798883160064 1048576 0 3145728 3145728 4503599627370496 9007199256838144 9007199257886720 4503599629467648
123 1 251 1 379 1 8388608 0 4194304 4194304 36028797018963968 54043195541028864 54043195532640256 36028797031546880 12582912 0 8388608 8388608 54043195528445952 18014398513676288 18014398517870592 54043195532640256 4194304 0 12582912 12582912 18014398509481984 36028797027352576 36028797031546880 18014398517870592
124 1 252 1 380 1 33554432 0 16777216 16777216 144115188075855872 216172782164115456 216172782130561024 144115188126187520 50331648 0 33554432 33554432 216172782113783808 72057594054705152 72057594071482368 216172782130561024 16777216 0 50331648 50331648 72057594037927936 144115188109410304 144115188126187520 72057594071482368
125 1 253 1 381 1 134217728 0 67108864 67108864 576460752303423488 864691128656461824 864691128522244096 576460752504750080 201326592 0 134217728 134217728 864691128455135232 288230376218820608 288230376285929472 864691128522244096 67108864 0 201326592 201326592 288230376151711744 576460752437641216 576460752504750080 288230376285929472
126 1 254 1 382 1 536870912 0 268435456 268435456 2305843009213693952 3458764514625847296 3458764514088976384 2305843010019000320 805306368 0 536870912 536870912 3458764513820540928 1152921504875282432 1152921505143717888 3458764514088976384 268435456 0 805306368 805306368 1152921504606846976 2305843009750564864 2305843010019000320 1152921505143717888
127 1 255 1 383 1 2147483648 0 1073741824 1073741824 9223372036854775808 13835058058503389184 13835058056355905536 9223372040076001280 3221225472 0 2147483648 2147483648 13835058055282163712 4611686019501129728 4611686020574871552 13835058056355905536 1073741824 0 3221225472 3221225472 4611686018427387904 9223372039002259456 9223372040076001280 4611686020574871552
87 1 249 1 368 1 4294967297 4294967299 4294967299 2 4294967296 8589934593 0 12884901888 8589934594 8589934593 8589934593 3 8589934592 12884901890 0 4294967296 12884901891 12884901890 12884901890 1 12884901888 4294967299 0 8589934592
88 1 250 1 369 1 17179869188 17179869196 17179869196 8 17179869184 34359738372 0 51539607552 34359738376 34359738372 34359738372 12 34359738368 51539607560 0 17179869184 51539607564 51539607560 51539607560 4 51539607552 17179869196 0 34359738368
89 1 251 1 370 1 68719476752 68719476784 68719476784 32 68719476736 137438953488 0 206158430208 137438953504 137438953488 137438953488 48 137438953472 206158430240 0 68719476736 206158430256 206158430240 206158430240 16 206158430208 68719476784 0 137438953472
90 1 252 1 371 1 274877907008 274877907136 274877907136 128 274877906944 549755813952 0 824633720832 549755814016 549755813952 549755813952 192 549755813888 824633720960 0 274877906944 824633721024 824633720960 824633720960 64 824633720832 274877907136 0 549755813888
91 1 253 1 372 1 1099511628032 1099511628544 1099511628544 512 1099511627776 2199023255808 0 3298534883328 2199023256064 2199023255808 2199023255808 768 2199023255552 3298534883840 0 1099511627776 3298534884096 3298534883840 3298534883840 256 3298534883328 1099511628544 0 2199023255552
92 1 254 1 373 1 4398046512128 4398046514176 4398046514176 2048 4398046511104 8796093023232 0 13194139533312 8796093024256 8796093023232 8796093023232 3072 8796093022208 13194139535360 0 4398046511104 13194139536384 13194139535360 13194139535360 1024 13194139533312 4398046514176 0 8796093022208
93 1 255 1 374 1 17592186048512 17592186056704 17592186056704 8192 17592186044416 35184372092928 0 52776558133248 35184372097024 35184372092928 35184372092928 12288 35184372088832 52776558141440 0 17592186044416 52776558145536 52776558141440 52776558141440 4096 52776558133248 17592186056704 0 35184372088832
94 1 128 1 375 1 70368744194048 70368744226816 70368744226816 32768 70368744177664 140737488371712 0 211106232532992 140737488388096 140737488371712 140737488371712 49152 140737488355328 211106232565760 0 70368744177664 211106232582144 211106232565760 211106232565760 16384 211106232532992 70368744226816 0 140737488355328
95 1 129 1 376 1 281474976776192 281474976907264 281474976907264 131072 281474976710656 562949953486848 0 844424930131968 562949953552384 562949953486848 562949953486848 196608 562949953421312 844424930263040 0 281474976710656 844424930328576 844424930263040 844424930263040 65536 844424930131968 281474976907264 0 562949953421312
96 1 130 1 377 1 1125899907104768 1125899907629056 1125899907629056 524288 1125899906842624 2251799813947392 0 3377699720527872 2251799814209536 2251799813947392 2251799813947392 786432 2251799813685248 3377699721052160 0 1125899906842624 3377699721314304 3377699721052160 3377699721052160 262144 3377699720527872 1125899907629056 0 2251799813685248
97 1 131 1 378 1 4503599628419072 4503599630516224 4503599630516224 2097152 4503599627370496 9007199255789568 0 13510798882111488 9007199256838144 9007199255789568 9007199255789568 3145728 9007199254740992 13510798884208640 0 4503599627370496 13510798885257216 13510798884208640 13510798884208640 1048576 13510798882111488 4503599630516224 0 9007199254740992
98 1 132 1 379 1 18014398513676288 18014398522064896 18014398522064896 8388608 18014398509481984 36028797023158272 0 54043195528445952 36028797027352576 36028797023158272 36028797023158272 12582912 36028797018963968 54043195536834560 0 18014398509481984 54043195541028864 54043195536834560 54043195536834560 4194304 54043195528445952 18014398522064896 0 36028797018963968
99 1 133 1 380 1 72057594054705152 72057594088259584 72057594088259584 33554432 72057594037927936 144115188092633088 0 216172782113783808 144115188109410304 144115188092633088 144115188092633088 50331648 144115188075855872 216172782147338240 0 72057594037927936 216172782164115456 216172782147338240 216172782147338240 16777216 216172782113783808 72057594088259584 0 144115188075855872
100 1 134 1 381 1 288230376218820608 288230376353038336 288230376353038336 134217728 288230376151711744 576460752370532352 0 864691128455135232 576460752437641216 576460752370532352 576460752370532352 201326592 576460752303423488 864691128589352960 0 288230376151711744 864691128656461824 864691128589352960 864691128589352960 67108864 864691128455135232 288230376353038336 0 576460752303423488
101 1 135 1 382 1 1152921504875282432 1152921505412153344 1152921505412153344 536870912 1152921504606846976 2305843009482129408 0 3458764513820540928 2305843009750564864 2305843009482129408 2305843009482129408 805306368 2305843009213693952 3458764514357411840 0 1152921504606846976 3458764514625847296 3458764514357411840 3458764514357411840 268435456 3458764513820540928 1152921505412153344 0 2305843009213693952
102 1 136 1 383 1 4611686019501129728 4611686021648613376 4611686021648613376 2147483648 4611686018427387904 9223372037928517632 0 13835058055282163712 9223372039002259456 9223372037928517632 9223372037928517632 3221225472 9223372036854775808 13835058057429647360 0 4611686018427387904 13835058058503389184 13835058057429647360 13835058057429647360 1073741824 13835058055282163712 4611686021648613376 0 9223372036854775808
103 1 137 1 256 1 4294967296 12884901889 12884901889 8589934593 3 4294967297 2 0 8589934592 4294967298 4294967298 12884901890 1 8589934594 3 0 12884901888 8589934595 8589934595 4294967299 2 12884901891 1 0
104 1 138 1 257 1 17179869184 51539607556 51539607556 34359738372 12 17179869188 8 0 34359738368 17179869192 17179869192 51539607560 4 34359738376 12 0 51539607552 34359738380 34359738380 17179869196 8 51539607564 4 0
105 1 139 1 258 1 68719476736 206158430224 206158430224 137438953488 48 68719476752 32 0 137438953472 68719476768 68719476768 206158430240 16 137438953504 48 0 206158430208 137438953520 137438953520 68719476784 32 206158430256 16 0
106 1 140 1 259 1 274877906944 824633720896 824633720896 549755813952 192 274877907008 128 0 549755813888 274877907072 274877907072 824633720960 64 549755814016 192 0 824633720832 549755814080 549755814080 274877907136 128 824633721024 64 0
107 1 141 1 260 1 1099511627776 3298534883584 3298534883584 2199023255808 768 1099511628032 512 0 2199023255552 1099511628288 1099511628288 3298534883840 256 2199023256064 768 0 3298534883328 2199023256320 2199023256320 1099511628544 512 3298534884096 256 0
108 1 142 1 261 1 4398046511104 13194139534336 13194139534336 8796093023232 3072 4398046512128 2048 0 8796093022208 4398046513152 4398046513152 13194139535360 1024 8796093024256 3072 0 13194139533312 8796093025280 8796093025280 4398046514176 2048 13194139536384 1024 0
109 1 143 1 262 1 17592186044416 52776558137344 52776558137344 35184372092928 12288 17592186048512 8192 0 35184372088832 17592186052608 17592186052608 52776558141440 4096 35184372097024 12288 0 52776558133248 35184372101120 35184372101120 17592186056704 8192 52776558145536 4096 0
110 1 144 1 263 1 70368744177664 211106232549376 211106232549376 140737488371712 49152 70368744194048 32768 0 140737488355328 70368744210432 70368744210432 211106232565760 16384 140737488388096 49152 0 211106232532992 140737488404480 140737488404480 70368744226816 32768 211106232582144 16384 0
111 1 145 1 264 1 281474976710656 844424930197504 844424930197504 562949953486848 196608 281474976776192 131072 0 562949953421312 281474976841728 281474976841728 844424930263040 65536 562949953552384 196608 0 844424930131968 562949953617920 562949953617920 281474976907264 131072 844424930328576 65536 0
112 1 146 1 265 1 1125899906842624 3377699720790016 3377699720790016 2251799813947392 786432 1125899907104768 524288 0 2251799813685248 1125899907366912 1125899907366912 3377699721052160 262144 2251799814209536 786432 0 3377699720527872 2251799814471680 2251799814471680 1125899907629056 524288 3377699721314304 262144 0
113 1 147 1 266 1 4503599627370496 13510798883160064 13510798883160064 9007199255789568 3145728 4503599628419072 2097152 0 9007199254740992 4503599629467648 4503599629467648 13510798884208640 1048576 9007199256838144 3145728 0 13510798882111488 9007199257886720 9007199257886720 4503599630516224 2097152 13510798885257216 1048576 0
114 1 148 1 267 1 18014398509481984 54043195532640256 54043195532640256 36028797023158272 12582912 18014398513676288 8388608 0 36028797018963968 18014398517870592 18014398517870592 54043195536834560 4194304 36028797027352576 12582912 0 54043195528445952 36028797031546880 36028797031546880 18014398522064896 8388608 54043195541028864 4194304 0
115 1 149 1 268 1 72057594037927936 216172782130561024 216172782130561024 144115188092633088 50331648 72057594054705152 33554432 0 144115188075855872 72057594071482368 72057594071482368 216172782147338240 16777216 144115188109410304 50331648 0 216172782113783808 144115188126187520 144115188126187520 72057594088259584 33554432 216172782164115456 16777216 0
116 1 150 1 269 1 288230376151711744 864691128522244096 864691128522244096 576460752370532352 201326592 288230376218820608 134217728 0 576460752303423488 288230376285929472 288230376285929472 864691128589352960 67108864 576460752437641216 201326592 0 864691128455135232 576460752504750080 576460752504750080 288230376353038336 134217728 864691128656461824 67108864 0
117 1 151 1 270 1 1152921504606846976 3458764514088976384 3458764514088976384 2305843009482129408 805306368 1152921504875282432 536870912 0 2305843009213693952 1152921505143717888 1152921505143717888 3458764514357411840 268435456 2305843009750564864 805306368 0 3458764513820540928 2305843010019000320 2305843010019000320 1152921505412153344 536870912 3458764514625847296 268435456 0
118 1 152 1 271 1 4611686018427387904 13835058056355905536 13835058056355905536 9223372037928517632 3221225472 4611686019501129728 2147483648 0 9223372036854775808 4611686020574871552 4611686020574871552 13835058057429647360 1073741824 9223372039002259456 3221225472 0 13835058055282163712 9223372040076001280 9223372040076001280 4611686021648613376 2147483648 13835058058503389184 1073741824 0
119 1 153 1 272 1 2 4294967297 4294967299 4294967299 12884901888 4294967296 8589934593 0 3 8589934594 8589934593 8589934593 4294967296 8589934592 12884901890 0 1 12884901891 12884901890 12884901890 8589934592 12884901888 4294967299 0
120 1 154 1 273 1 8 17179869188 17179869196 17179869196 51539607552 17179869184 34359738372 0 12 34359738376 34359738372 34359738372 17179869184 34359738368 51539607560 0 4 51539607564 51539607560 51539607560 34359738368 51539607552 17179869196 0
121 1 155 1 274 1 32 68719476752 68719476784 68719476784 206158430208 68719476736 137438953488 0 48 137438953504 137438953488 137438953488 68719476736 137438953472 206158430240 0 16 206158430256 206158430240 206158430240 137438953472 206158430208 68719476784 0
122 1 156 1 275 1 128 274877907008 274877907136 274877907136 824633720832 274877906944 549755813952 0 192 549755814016 549755813952 549755813952 274877906944 549755813888 824633720960 0 64 824633721024 824633720960 824633720960 549755813888 824633720832 274877907136 0
123 1 157 1 276 1 512 1099511628032 1099511628544 1099511628544 3298534883328 1099511627776 2199023255808 0 768 2199023256064 2199023255808 2199023255808 1099511627776 2199023255552 3298534883840 0 256 3298534884096 3298534883840 3298534883840 2199023255552 3298534883328 1099511628544 0
124 1 158 1 277 1 2048 4398046512128 4398046514176 4398046514176 13194139533312 4398046511104 8796093023232 0 3072 8796093024256 8796093023232 8796093023232 4398046511104 8796093022208 13194139535360 0 1024 13194139536384 13194139535360 13194139535360 8796093022208 13194139533312 4398046514176 0
125 1 159 1 278 1 8192 17592186048512 17592186056704 17592186056704 52776558133248 17592186044416 35184372092928 0 12288 35184372097024 35184372092928 35184372092928 17592186044416 35184372088832 52776558141440 0 4096 52776558145536 52776558141440 52776558141440 35184372088832 52776558133248 17592186056704 0
126 1 160 1 279 1 32768 70368744194048 70368744226816 70368744226816 211106232532992 70368744177664 140737488371712 0 49152 140737488388096 140737488371712 140737488371712 70368744177664 140737488355328 211106232565760 0 16384 211106232582144 211106232565760 211106232565760 140737488355328 211106232532992 70368744226816 0
127 1 161 1 280 1 131072 281474976776192 281474976907264 281474976907264 844424930131968 281474976710656 562949953486848 0 196608 562949953552384 562949953486848 562949953486848 281474976710656 562949953421312 844424930263040 0 65536 844424930328576 844424930263040 844424930263040 562949953421312 844424930131968 281474976907264 0
0 1 162 1 281 1 524288 1125899907104768 1125899907629056 1125899907629056 3377699720527872 1125899906842624 2251799813947392 0 786432 2251799814209536 2251799813947392 2251799813947392 1125899906842624 2251799813685248 3377699721052160 0 262144 3377699721314304 3377699721052160 3377699721052160 2251799813685248 3377699720527872 1125899907629056 0
1 1 163 1 282 1 2097152 4503599628419072 4503599630516224 4503599630516224 13510798882111488 4503599627370496 9007199255789568 0 3145728 9007199256838144 9007199255789568 9007199255789568 4503599627370496 9007199254740992 13510798884208640 0 1048576 13510798885257216 13510798884208640 13510798884208640 9007199254740992 13510798882111488 4503599630516224 0
2 1 164 1 283 1 8388608 18014398513676288 18014398522064896 18014398522064896 54043195528445952 18014398509481984 36028797023158272 0 12582912 36028797027352576 36028797023158272 36028797023158272 18014398509481984 36028797018963968 54043195536834560 0 4194304 54043195541028864 54043195536834560 54043195536834560 36028797018963968 54043195528445952 18014398522064896 0
3 1 165 1 284 1 33554432 72057594054705152 72057594088259584 72057594088259584 216172782113783808 72057594037927936 144115188092633088 0 50331648 144115188109410304 144115188092633088 144115188092633088 72057594037927936 144115188075855872 216172782147338240 0 16777216 216172782164115456 216172782147338240 216172782147338240 144115188075855872 216172782113783808 72057594088259584 0
4 1 166 1 285 1 134217728 288230376218820608 288230376353038336 288230376353038336 864691128455135232 288230376151711744 576460752370532352 0 201326592 576460752437641216 576460752370532352 576460752370532352 288230376151711744 576460752303423488 864691128589352960 0 67108864 864691128656461824 864691128589352960 864691128589352960 576460752303423488 864691128455135232 288230376353038336 0
5 1 167 1 286 1 536870912 1152921504875282432 1152921505412153344 1152921505412153344 3458764513820540928 1152921504606846976 2305843009482129408 0 805306368 2305843009750564864 2305843009482129408 2305843009482129408 1152921504606846976 2305843009213693952 3458764514357411840 0 268435456 3458764514625847296 3458764514357411840 3458764514357411840 2305843009213693952 3458764513820540928 1152921505412153344 0
6 1 168 1 287 1 2147483648 4611686019501129728 4611686021648613376 4611686021648613376 13835058055282163712 4611686018427387904 9223372037928517632 0 3221225472 9223372039002259456 9223372037928517632 9223372037928517632 4611686018427387904 9223372036854775808 13835058057429647360 0 1073741824 13835058058503389184 13835058057429647360 13835058057429647360 9223372036854775808 13835058055282163712 4611686021648613376 0
7 1 169 1 288 1 8589934593 4294967296 12884901889 12884901889 0 3 4294967297 2 12884901890 8589934592 4294967298 4294967298 0 1 8589934594 3 4294967299 12884901888 8589934595 8589934595 0 2 12884901891 1
8 1 170 1 289 1 34359738372 17179869184 51539607556 51539607556 0 12 17179869188 8 51539607560 34359738368 17179869192 17179869192 0 4 34359738376 12 17179869196 51539607552 34359738380 34359738380 0 8 51539607564 4
9 1 171 1 290 1 137438953488 68719476736 206158430224 206158430224 0 48 68719476752 32 206158430240 137438953472 68719476768 68719476768 0 16 137438953504 48 68719476784 206158430208 137438953520 137438953520 0 32 206158430256 16
10 1 172 1 291 1 549755813952 274877906944 824633720896 824633720896 0 192 274877907008 128 824633720960 549755813888 274877907072 274877907072 0 64 549755814016 192 274877907136 824633720832 549755814080 549755814080 0 128 824633721024 64
11 1 173 1 292 1 2199023255808 1099511627776 3298534883584 3298534883584 0 768 1099511628032 512 3298534883840 2199023255552 1099511628288 1099511628288 0 256 2199023256064 768 1099511628544 3298534883328 2199023256320 2199023256320 0 512 3298534884096 256
12 1 174 1 293 1 8796093023232 4398046511104 13194139534336 13194139534336 0 3072 4398046512128 2048 13194139535360 8796093022208 4398046513152 4398046513152 0 1024 8796093024256 3072 4398046514176 13194139533312 8796093025280 8796093025280 0 2048 13194139536384 1024
13 1 175 1 294 1 35184372092928 17592186044416 52776558137344 52776558137344 0 12288 17592186048512 8192 52776558141440 35184372088832 17592186052608 17592186052608 0 4096 35184372097024 12288 17592186056704 52776558133248 35184372101120 35184372101120 0 8192 52776558145536 4096
14 1 176 1 295 1 140737488371712 70368744177664 211106232549376 211106232549376 0 49152 70368744194048 32768 211106232565760 140737488355328 70368744210432 70368744210432 0 16384 140737488388096 49152 70368744226816 211106232532992 140737488404480 140737488404480 0 32768 211106232582144 16384
15 1 177 1 296 1 562949953486848 281474976710656 844424930197504 844424930197504 0 196608 281474976776192 131072 844424930263040 562949953421312 281474976841728 281474976841728 0 65536 562949953552384 196608 281474976907264 844424930131968 562949953617920 562949953617920 0 131072 844424930328576 65536
16 1 178 1 297 1 2251799813947392 1125899906842624 3377699720790016 3377699720790016 0 786432 1125899907104768 524288 3377699721052160 2251799813685248 1125899907366912 1125899907366912 0 262144 2251799814209536 786432 1125899907629056 3377699720527872 2251799814471680 2251799814471680 0 524288 3377699721314304 262144
17 1 179 1 298 1 9007199255789568 4503599627370496 13510798883160064 13510798883160064 0 3145728 4503599628419072 2097152 13510798884208640 9007199254740992 4503599629467648 4503599629467648 0 1048576 9007199256838144 3145728 4503599630516224 13510798882111488 9007199257886720 9007199257886720 0 2097152 13510798885257216 1048576
18 1 180 1 299 1 36028797023158272 18014398509481984 54043195532640256 54043195532640256 0 12582912 18014398513676288 8388608 54043195536834560 36028797018963968 18014398517870592 18014398517870592 0 4194304 36028797027352576 12582912 18014398522064896 54043195528445952 36028797031546880 36028797031546880 0 8388608 54043195541028864 4194304
19 1 181 1 300 1 144115188092633088 72057594037927936 216172782130561024 216172782130561024 0 50331648 72057594054705152 33554432 216172782147338240 144115188075855872 72057594071482368 72057594071482368 0 16777216 144115188109410304 50331648 72057594088259584 216172782113783808 144115188126187520 144115188126187520 0 33554432 216172782164115456 16777216
20 1 182 1 301 1 576460752370532352 288230376151711744 864691128522244096 864691128522244096 0 201326592 288230376218820608 134217728 864691128589352960 576460752303423488 288230376285929472 288230376285929472 0 67108864 576460752437641216 201326592 288230376353038336 864691128455135232 576460752504750080 576460752504750080 0 134217728 864691128656461824 67108864
21 1 183 1 302 1 2305843009482129408 1152921504606846976 3458764514088976384 3458764514088976384 0 805306368 1152921504875282432 536870912 3458764514357411840 2305843009213693952 1152921505143717888 1152921505143717888 0 268435456 2305843009750564864 805306368 1152921505412153344 3458764513820540928 2305843010019000320 2305843010019000320 0 536870912 3458764514625847296 268435456
22 1 184 1 303 1 9223372037928517632 4611686018427387904 13835058056355905536 13835058056355905536 0 3221225472 4611686019501129728 2147483648 13835058057429647360 9223372036854775808 4611686020574871552 4611686020574871552 0 1073741824 9223372039002259456 3221225472 4611686021648613376 13835058055282163712 9223372040076001280 9223372040076001280 0 2147483648 13835058058503389184 1073741824
23 1 185 1 304 1 4294967299 2 4294967297 4294967299 0 12884901888 4294967296 8589934593 8589934593 3 8589934594 8589934593 0 4294967296 8589934592 12884901890 12884901890 1 12884901891 12884901890 0 8589934592 12884901888 4294967299
24 1 186 1 305 1 17179869196 8 17179869188 17179869196 0 51539607552 17179869184 34359738372 34359738372 12 34359738376 34359738372 0 17179869184 34359738368 51539607560 51539607560 4 51539607564 51539607560 0 34359738368 51539607552 17179869196
25 1 187 1 306 1 68719476784 32 68719476752 68719476784 0 206158430208 68719476736 137438953488 137438953488 48 137438953504 137438953488 0 68719476736 137438953472 206158430240 206158430240 16 206158430256 206158430240 0 137438953472 206158430208 68719476784
26 1 188 1 307 1 274877907136 128 274877907008 274877907136 0 824633720832 274877906944 549755813952 549755813952 192 549755814016 549755813952 0 274877906944 549755813888 824633720960 824633720960 64 824633721024 824633720960 0 549755813888 824633720832 274877907136
27 1 189 1 308 1 1099511628544 512 1099511628032 1099511628544 0 3298534883328 1099511627776 2199023255808 2199023255808 768 2199023256064 2199023255808 0 1099511627776 2199023255552 3298534883840 3298534883840 256 3298534884096 3298534883840 0 2199023255552 3298534883328 1099511628544
28 1 190 1 309 1 4398046514176 2048 4398046512128 4398046514176 0 13194139533312 4398046511104 8796093023232 8796093023232 3072 8796093024256 8796093023232 0 4398046511104 8796093022208 13194139535360 13194139535360 1024 13194139536384 13194139535360 0 8796093022208 13194139533312 4398046514176
29 1 191 1 310 1 17592186056704 8192 17592186048512 17592186056704 0 52776558133248 17592186044416 35184372092928 35184372092928 12288 35184372097024 35184372092928 0 17592186044416 35184372088832 52776558141440 52776558141440 4096 52776558145536 52776558141440 0 35184372088832 52776558133248 17592186056704
30 1 192 1 311 1 70368744226816 32768 70368744194048 70368744226816 0 211106232532992 70368744177664 140737488371712 140737488371712 49152 140737488388096 140737488371712 0 70368744177664 140737488355328 211106232565760 211106232565760 16384 211106232582144 211106232565760 0 140737488355328 211106232532992 70368744226816
31 1 193 1 312 1 281474976907264 131072 281474976776192 281474976907264 0 844424930131968 281474976710656 562949953486848 562949953486848 196608 562949953552384 562949953486848 0 281474976710656 562949953421312 844424930263040 844424930263040 65536 844424930328576 844424930263040 0 562949953421312 844424930131968 281474976907264
32 1 194 1 313 1 1125899907629056 524288 1125899907104768 1125899907629056 0 3377699720527872 1125899906842624 2251799813947392 2251799813947392 786432 2251799814209536 2251799813947392 0 1125899906842624 2251799813685248 3377699721052160 3377699721052160 262144 3377699721314304 3377699721052160 0 2251799813685248 3377699720527872 1125899907629056
33 1 195 1 314 1 4503599630516224 2097152 4503599628419072 4503599630516224 0 13510798882111488 4503599627370496 9007199255789568 9007199255789568 3145728 9007199256838144 9007199255789568 0 4503599627370496 9007199254740992 13510798884208640 13510798884208640 1048576 13510798885257216 13510798884208640 0 9007199254740992 13510798882111488 4503599630516224
34 1 196 1 315 1 18014398522064896 8388608 18014398513676288 18014398522064896 0 54043195528445952 18014398509481984 36028797023158272 36028797023158272 12582912 36028797027352576 36028797023158272 0 18014398509481984 36028797018963968 54043195536834560 54043195536834560 4194304 54043195541028864 54043195536834560 0 36028797018963968 54043195528445952 18014398522064896
35 1 197 1 316 1 72057594088259584 33554432 72057594054705152 72057594088259584 0 216172782113783808 72057594037927936 144115188092633088 144115188092633088 50331648 144115188109410304 144115188092633088 0 72057594037927936 144115188075855872 216172782147338240 216172782147338240 16777216 216172782164115456 216172782147338240 0 144115188075855872 216172782113783808 72057594088259584
36 1 198 1 317 1 288230376353038336 134217728 288230376218820608 288230376353038336 0 864691128455135232 288230376151711744 576460752370532352 576460752370532352 201326592 576460752437641216 576460752370532352 0 288230376151711744 576460752303423488 864691128589352960 864691128589352960 67108864 864691128656461824 864691128589352960 0 576460752303423488 864691128455135232 288230376353038336
37 1 199 1 318 1 1152921505412153344 536870912 1152921504875282432 1152921505412153344 0 3458764513820540928 1152921504606846976 2305843009482129408 2305843009482129408 805306368 2305843009750564864 2305843009482129408 0 1152921504606846976 2305843009213693952 3458764514357411840 3458764514357411840 268435456 3458764514625847296 3458764514357411840 0 2305843009213693952 3458764513820540928 1152921505412153344
38 1 200 1 319 1 4611686021648613376 2147483648 4611686019501129728 4611686021648613376 0 13835058055282163712 4611686018427387904 9223372037928517632 9223372037928517632 3221225472 9223372039002259456 9223372037928517632 0 4611686018427387904 9223372036854775808 13835058057429647360 13835058057429647360 1073741824 13835058058503389184 13835058057429647360 0 9223372036854775808 13835058055282163712 4611686021648613376
39 1 201 1 320 1 12884901889 8589934593 4294967296 12884901889 2 0 3 4294967297 4294967298 12884901890 8589934592 4294967298 3 0 1 8589934594 8589934595 4294967299 12884901888 8589934595 1 0 2 12884901891
40 1 202 1 321 1 51539607556 34359738372 17179869184 51539607556 8 0 12 17179869188 17179869192 51539607560 34359738368 17179869192 12 0 4 34359738376 34359738380 17179869196 51539607552 34359738380 4 0 8 51539607564
41 1 203 1 322 1 206158430224 137438953488 68719476736 206158430224 32 0 48 68719476752 68719476768 206158430240 137438953472 68719476768 48 0 16 137438953504 137438953520 68719476784 206158430208 137438953520 16 0 32 206158430256
42 1 204 1 323 1 824633720896 549755813952 274877906944 824633720896 128 0 192 274877907008 274877907072 824633720960 549755813888 274877907072 192 0 64 549755814016 549755814080 274877907136 824633720832 549755814080 64 0 128 824633721024
43 1 205 1 324 1 3298534883584 2199023255808 1099511627776 3298534883584 512 0 768 1099511628032 1099511628288 3298534883840 2199023255552 1099511628288 768 0 256 2199023256064 2199023256320 1099511628544 3298534883328 2199023256320 256 0 512 3298534884096
44 1 206 1 325 1 13194139534336 8796093023232 4398046511104 13194139534336 2048 0 3072 4398046512128 4398046513152 13194139535360 8796093022208 4398046513152 3072 0 1024 8796093024256 8796093025280 4398046514176 13194139533312 8796093025280 1024 0 2048 13194139536384
45 1 207 1 326 1 52776558137344 35184372092928 17592186044416 52776558137344 8192 0 12288 17592186048512 17592186052608 52776558141440 35184372088832 17592186052608 12288 0 4096 35184372097024 35184372101120 17592186056704 52776558133248 35184372101120 4096 0 8192 52776558145536
46 1 208 1 327 1 211106232549376 140737488371712 70368744177664 211106232549376 32768 0 49152 70368744194048 70368744210432 211106232565760 140737488355328 70368744210432 49152 0 16384 140737488388096 140737488404480 70368744226816 211106232532992 140737488404480 16384 0 32768 211106232582144
47 1 209 1 328 1 844424930197504 562949953486848 281474976710656 844424930197504 131072 0 196608 281474976776192 281474976841728 844424930263040 562949953421312 281474976841728 196608 0 65536 562949953552384 562949953617920 281474976907264 844424930131968 562949953617920 65536 0 131072 844424930328576
48 1 210 1 329 1 3377699720790016 2251799813947392 1125899906842624 3377699720790016 524288 0 786432 1125899907104768 1125899907366912 3377699721052160 2251799813685248 1125899907366912 786432 0 262144 2251799814209536 2251799814471680 1125899907629056 3377699720527872 2251799814471680 262144 0 524288 3377699721314304
49 1 211 1 330 1 13510798883160064 9007199255789568 4503599627370496 13510798883160064 2097152 0 3145728 4503599628419072 4503599629467648 13510798884208640 9007199254740992 4503599629467648 3145728 0 1048576 9007199256838144 9007199257886720 4503599630516224 13510798882111488 9007199257886720 1048576 0 2097152 13510798885257216
50 1 212 1 331 1 54043195532640256 36028797023158272 18014398509481984 54043195532640256 8388608 0 12582912 18014398513676288 18014398517870592 54043195536834560 36028797018963968 18014398517870592 12582912 0 4194304 36028797027352576 36028797031546880 18014398522064896 54043195528445952 36028797031546880 4194304 0 8388608 54043195541028864
51 1 213 1 332 1 216172782130561024 144115188092633088 72057594037927936 216172782130561024 33554432 0 50331648 72057594054705152 72057594071482368 216172782147338240 144115188075855872 72057594071482368 50331648 0 16777216 144115188109410304 144115188126187520 72057594088259584 216172782113783808 144115188126187520 16777216 0 33554432 216172782164115456
52 1 214 1 333 1 864691128522244096 576460752370532352 288230376151711744 864691128522244096 134217728 0 201326592 288230376218820608 288230376285929472 864691128589352960 576460752303423488 288230376285929472 201326592 0 67108864 576460752437641216 576460752504750080 288230376353038336 864691128455135232 576460752504750080 67108864 0 134217728 864691128656461824
53 1 215 1 334 1 3458764514088976384 2305843009482129408 1152921504606846976 3458764514088976384 536870912 0 805306368 1152921504875282432 1152921505143717888 3458764514357411840 2305843009213693952 1152921505143717888 805306368 0 268435456 2305843009750564864 2305843010019000320 1152921505412153344 3458764513820540928 2305843010019000320 268435456 0 536870912 3458764514625847296
54 1 216 1 335 1 13835058056355905536 9223372037928517632 4611686018427387904 13835058056355905536 2147483648 0 3221225472 4611686019501129728 4611686020574871552 13835058057429647360 9223372036854775808 4611686020574871552 3221225472 0 1073741824 9223372039002259456 9223372040076001280 4611686021648613376 13835058055282163712 9223372040076001280 1073741824 0 2147483648 13835058058503389184
55 1 217 1 336 1 4294967299 4294967299 2 4294967297 8589934593 0 12884901888 4294967296 8589934593 8589934593 3 8589934594 12884901890 0 4294967296 8589934592 12884901890 12884901890 1 12884901891 4294967299 0 8589934592 12884901888
56 1 218 1 337 1 17179869196 17179869196 8 17179869188 34359738372 0 51539607552 17179869184 34359738372 34359738372 12 34359738376 51539607560 0 17179869184 34359738368 51539607560 51539607560 4 51539607564 17179869196 0 34359738368 51539607552
57 1 219 1 338 1 68719476784 68719476784 32 68719476752 137438953488 0 206158430208 68719476736 137438953488 137438953488 48 137438953504 206158430240 0 68719476736 137438953472 206158430240 206158430240 16 206158430256 68719476784 0 137438953472 206158430208
58 1 220 1 339 1 274877907136 274877907136 128 274877907008 549755813952 0 824633720832 274877906944 549755813952 549755813952 192 549755814016 824633720960 0 274877906944 549755813888 824633720960 824633720960 64 824633721024 274877907136 0 549755813888 824633720832
59 1 221 1 340 1 1099511628544 1099511628544 512 1099511628032 2199023255808 0 3298534883328 1099511627776 2199023255808 2199023255808 768 2199023256064 3298534883840 0 1099511627776 2199023255552 3298534883840 3298534883840 256 3298534884096 1099511628544 0 2199023255552 3298534883328
60 1 222 1 341 1 4398046514176 4398046514176 2048 4398046512128 8796093023232 0 13194139533312 4398046511104 8796093023232 8796093023232 3072 8796093024256 13194139535360 0 4398046511104 8796093022208 13194139535360 13194139535360 1024 13194139536384 4398046514176 0 8796093022208 13194139533312
61 1 223 1 342 1 17592186056704 17592186056704 8192 17592186048512 35184372092928 0 52776558133248 17592186044416 35184372092928 35184372092928 12288 35184372097024 52776558141440 0 17592186044416 35184372088832 52776558141440 52776558141440 4096 52776558145536 17592186056704 0 35184372088832 52776558133248
62 1 224 1 343 1 70368744226816 70368744226816 32768 70368744194048 140737488371712 0 211106232532992 70368744177664 140737488371712 140737488371712 49152 140737488388096 211106232565760 0 70368744177664 140737488355328 211106232565760 211106232565760 16384 211106232582144 70368744226816 0 140737488355328 211106232532992
63 1 225 1 344 1 281474976907264 281474976907264 131072 281474976776192 562949953486848 0 844424930131968 281474976710656 562949953486848 562949953486848 196608 562949953552384 844424930263040 0 281474976710656 562949953421312 844424930263040 844424930263040 65536 844424930328576 281474976907264 0 562949953421312 844424930131968
64 1 226 1 345 1 1125899907629056 1125899907629056 524288 1125899907104768 2251799813947392 0 3377699720527872 1125899906842624 2251799813947392 2251799813947392 786432 2251799814209536 3377699721052160 0 1125899906842624 2251799813685248 3377699721052160 3377699721052160 262144 3377699721314304 1125899907629056 0 2251799813685248 3377699720527872
65 1 227 1 346 1 4503599630516224 4503599630516224 2097152 4503599628419072 9007199255789568 0 13510798882111488 4503599627370496 9007199255789568 9007199255789568 3145728 9007199256838144 13510798884208640 0 4503599627370496 9007199254740992 13510798884208640 13510798884208640 1048576 13510798885257216 4503599630516224 0 9007199254740992 13510798882111488
66 1 228 1 347 1 18014398522064896 18014398522064896 8388608 18014398513676288 36028797023158272 0 54043195528445952 18014398509481984 36028797023158272 36028797023158272 12582912 36028797027352576 54043195536834560 0 18014398509481984 36028797018963968 54043195536834560 54043195536834560 4194304 54043195541028864 18014398522064896 0 36028797018963968 54043195528445952
67 1 229 1 348 1 72057594088259584 72057594088259584 33554432 72057594054705152 144115188092633088 0 216172782113783808 72057594037927936 144115188092633088 144115188092633088 50331648 144115188109410304 216172782147338240 0 72057594037927936 144115188075855872 216172782147338240 216172782147338240 16777216 216172782164115456 72057594088259584 0 144115188075855872 216172782113783808
68 1 230 1 349 1 288230376353038336 288230376353038336 134217728 288230376218820608 576460752370532352 0 864691128455135232 288230376151711744 576460752370532352 576460752370532352 201326592 576460752437641216 864691128589352960 0 288230376151711744 576460752303423488 864691128589352960 864691128589352960 67108864 864691128656461824 288230376353038336 0 576460752303423488 864691128455135232
69 1 231 1 350 1 1152921505412153344 1152921505412153344 536870912 1152921504875282432 2305843009482129408 0 3458764513820540928 1152921504606846976 2305843009482129408 2305843009482129408 805306368 2305843009750564864 3458764514357411840 0 1152921504606846976 2305843009213693952 3458764514357411840 3458764514357411840 268435456 3458764514625847296 1152921505412153344 0 2305843009213693952 3458764513820540928
70 1 232 1 351 1 4611686021648613376 4611686021648613376 2147483648 4611686019501129728 9223372037928517632 0 13835058055282163712 4611686018427387904 9223372037928517632 9223372037928517632 3221225472 9223372039002259456 13835058057429647360 0 4611686018427387904 9223372036854775808 13835058057429647360 13835058057429647360 1073741824 13835058058503389184 4611686021648613376 0 9223372036854775808 13835058055282163712
71 1 233 1 352 1 12884901889 12884901889 8589934593 4294967296 4294967297 2 0 3 4294967298 4294967298 12884901890 8589934592 8589934594 3 0 1 8589934595 8589934595 4294967299 12884901888 12884901891 1 0 2
72 1 234 1 353 1 51539607556 51539607556 34359738372 17179869184 17179869188 8 0 12 17179869192 17179869192 51539607560 34359738368 34359738376 12 0 4 34359738380 34359738380 17179869196 51539607552 51539607564 4 0 8
73 1 235 1 354 1 206158430224 206158430224 137438953488 68719476736 68719476752 32 0 48 68719476768 68719476768 206158430240 137438953472 137438953504 48 0 16 137438953520 137438953520 68719476784 206158430208 206158430256 16 0 32
74 1 236 1 355 1 824633720896 824633720896 549755813952 274877906944 274877907008 128 0 192 274877907072 274877907072 824633720960 549755813888 549755814016 192 0 64 549755814080 549755814080 274877907136 824633720832 824633721024 64 0 128
75 1 237 1 356 1 3298534883584 3298534883584 2199023255808 1099511627776 1099511628032 512 0 768 1099511628288 1099511628288 3298534883840 2199023255552 2199023256064 768 0 256 2199023256320 2199023256320 1099511628544 3298534883328 3298534884096 256 0 512
76 1 238 1 357 1 13194139534336 13194139534336 8796093023232 4398046511104 4398046512128 2048 0 3072 4398046513152 4398046513152 13194139535360 8796093022208 8796093024256 3072 0 1024 8796093025280 8796093025280 4398046514176 13194139533312 13194139536384 1024 0 2048
77 1 239 1 358 1 52776558137344 52776558137344 35184372092928 17592186044416 17592186048512 8192 0 12288 17592186052608 17592186052608 52776558141440 35184372088832 35184372097024 12288 0 4096 35184372101120 35184372101120 17592186056704 52776558133248 52776558145536 4096 0 8192
78 1 240 1 359 1 211106232549376 211106232549376 140737488371712 70368744177664 70368744194048 32768 0 49152 70368744210432 70368744210432 211106232565760 140737488355328 140737488388096 49152 0 16384 140737488404480 140737488404480 70368744226816 211106232532992 211106232582144 16384 0 32768
79 1 241 1 360 1 844424930197504 844424930197504 562949953486848 281474976710656 281474976776192 131072 0 196608 281474976841728 281474976841728 844424930263040 562949953421312 562949953552384 196608 0 65536 562949953617920 562949953617920 281474976907264 844424930131968 844424930328576 65536 0 131072
80 1 242 1 361 1 3377699720790016 3377699720790016 2251799813947392 1125899906842624 1125899907104768 524288 0 786432 1125899907366912 1125899907366912 3377699721052160 2251799813685248 2251799814209536 786432 0 262144 2251799814471680 2251799814471680 1125899907629056 3377699720527872 3377699721314304 262144 0 524288
81 1 243 1 362 1 13510798883160064 13510798883160064 9007199255789568 4503599627370496 4503599628419072 2097152 0 3145728 4503599629467648 4503599629467648 13510798884208640 9007199254740992 9007199256838144 3145728 0 1048576 9007199257886720 9007199257886720 4503599630516224 13510798882111488 13510798885257216 1048576 0 2097152
82 1 244 1 363 1 54043195532640256 54043195532640256 36028797023158272 18014398509481984 18014398513676288 8388608 0 12582912 18014398517870592 18014398517870592 54043195536834560 36028797018963968 36028797027352576 12582912 0 4194304 36028797031546880 36028797031546880 18014398522064896 54043195528445952 54043195541028864 4194304 0 8388608
83 1 245 1 364 1 216172782130561024 216172782130561024 144115188092633088 72057594037927936 72057594054705152 33554432 0 50331648 72057594071482368 72057594071482368 216172782147338240 144115188075855872 144115188109410304 50331648 0 16777216 144115188126187520 144115188126187520 72057594088259584 216172782113783808 216172782164115456 16777216 0 33554432
84 1 246 1 365 1 864691128522244096 864691128522244096 576460752370532352 288230376151711744 288230376218820608 134217728 0 201326592 288230376285929472 288230376285929472 864691128589352960 576460752303423488 576460752437641216 201326592 0 67108864 576460752504750080 576460752504750080 288230376353038336 864691128455135232 864691128656461824 67108864 0 134217728
85 1 247 1 366 1 3458764514088976384 3458764514088976384 2305843009482129408 1152921504606846976 1152921504875282432 536870912 0 805306368 1152921505143717888 1152921505143717888 3458764514357411840 2305843009213693952 2305843009750564864 805306368 0 268435456 2305843010019000320 2305843010019000320 1152921505412153344 3458764513820540928 3458764514625847296 268435456 0 536870912
86 1 248 1 367 1 13835058056355905536 13835058056355905536 9223372037928517632 4611686018427387904 4611686019501129728 2147483648 0 3221225472 4611686020574871552 4611686020574871552 13835058057429647360 9223372036854775808 9223372039002259456 3221225472 0 1073741824 9223372040076001280 9223372040076001280 4611686021648613376 13835058055282163712 13835058058503389184 1073741824 0 2147483648
87 1 192 1 345 1 8589934594 4294967299 12884901891 8589934594 4294967297 12884901890 8589934593 8589934593 12884901891 8589934593 4294967297 12884901891 8589934594 4294967299 12884901890 12884901890 4294967297 12884901890 8589934594 4294967297 12884901891 8589934593 4294967299 4294967299
88 1 193 1 346 1 34359738376 17179869196 51539607564 34359738376 17179869188 51539607560 34359738372 34359738372 51539607564 34359738372 17179869188 51539607564 34359738376 17179869196 51539607560 51539607560 17179869188 51539607560 34359738376 17179869188 51539607564 34359738372 17179869196 17179869196
89 1 194 1 347 1 137438953504 68719476784 206158430256 137438953504 68719476752 206158430240 137438953488 137438953488 206158430256 137438953488 68719476752 206158430256 137438953504 68719476784 206158430240 206158430240 68719476752 206158430240 137438953504 68719476752 206158430256 137438953488 68719476784 68719476784
90 1 195 1 348 1 549755814016 274877907136 824633721024 549755814016 274877907008 824633720960 549755813952 549755813952 824633721024 549755813952 274877907008 824633721024 549755814016 274877907136 824633720960 824633720960 274877907008 824633720960 549755814016 274877907008 824633721024 549755813952 274877907136 274877907136
91 1 196 1 349 1 2199023256064 1099511628544 3298534884096 2199023256064 1099511628032 3298534883840 2199023255808 2199023255808 3298534884096 2199023255808 1099511628032 3298534884096 2199023256064 1099511628544 3298534883840 3298534883840 1099511628032 3298534883840 2199023256064 1099511628032 3298534884096 2199023255808 1099511628544 1099511628544
92 1 197 1 350 1 8796093024256 4398046514176 13194139536384 8796093024256 4398046512128 13194139535360 8796093023232 8796093023232 13194139536384 8796093023232 4398046512128 13194139536384 8796093024256 4398046514176 13194139535360 13194139535360 4398046512128 13194139535360 8796093024256 4398046512128 13194139536384 8796093023232 4398046514176 4398046514176
93 1 198 1 351 1 35184372097024 17592186056704 52776558145536 35184372097024 17592186048512 52776558141440 35184372092928 35184372092928 52776558145536 35184372092928 17592186048512 52776558145536 35184372097024 17592186056704 52776558141440 52776558141440 17592186048512 52776558141440 35184372097024 17592186048512 52776558145536 35184372092928 17592186056704 17592186056704
94 1 199 1 352 1 140737488388096 70368744226816 211106232582144 140737488388096 70368744194048 211106232565760 140737488371712 140737488371712 211106232582144 140737488371712 70368744194048 211106232582144 140737488388096 70368744226816 211106232565760 211106232565760 70368744194048 211106232565760 140737488388096 70368744194048 211106232582144 140737488371712 70368744226816 70368744226816
95 1 200 1 353 1 562949953552384 281474976907264 844424930328576 562949953552384 281474976776192 844424930263040 562949953486848 562949953486848 844424930328576 562949953486848 281474976776192 844424930328576 562949953552384 281474976907264 844424930263040 844424930263040 281474976776192 844424930263040 562949953552384 281474976776192 844424930328576 562949953486848 281474976907264 281474976907264
96 1 201 1 354 1 2251799814209536 1125899907629056 3377699721314304 2251799814209536 1125899907104768 3377699721052160 2251799813947392 2251799813947392 3377699721314304 2251799813947392 1125899907104768 3377699721314304 2251799814209536 1125899907629056 3377699721052160 3377699721052160 1125899907104768 3377699721052160 2251799814209536 1125899907104768 3377699721314304 2251799813947392 1125899907629056 1125899907629056
97 1 202 1 355 1 9007199256838144 4503599630516224 13510798885257216 9007199256838144 4503599628419072 13510798884208640 9007199255789568 9007199255789568 13510798885257216 9007199255789568 4503599628419072 13510798885257216 9007199256838144 4503599630516224 13510798884208640 13510798884208640 4503599628419072 13510798884208640 9007199256838144 4503599628419072 13510798885257216 9007199255789568 4503599630516224 4503599630516224
98 1 203 1 356 1 36028797027352576 18014398522064896 54043195541028864 36028797027352576 18014398513676288 54043195536834560 36028797023158272 36028797023158272 54043195541028864 36028797023158272 18014398513676288 54043195541028864 36028797027352576 18014398522064896 54043195536834560 54043195536834560 18014398513676288 54043195536834560 36028797027352576 18014398513676288 54043195541028864 36028797023158272 18014398522064896 18014398522064896
99 1 204 1 357 1 144115188109410304 72057594088259584 216172782164115456 144115188109410304 72057594054705152 216172782147338240 144115188092633088 144115188092633088 216172782164115456 144115188092633088 72057594054705152 216172782164115456 144115188109410304 72057594088259584 216172782147338240 216172782147338240 72057594054705152 216172782147338240 144115188109410304 72057594054705152 216172782164115456 144115188092633088 72057594088259584 72057594088259584
100 1 205 1 358 1 576460752437641216 288230376353038336 864691128656461824 576460752437641216 288230376218820608 864691128589352960 576460752370532352 576460752370532352 864691128656461824 576460752370532352 288230376218820608 864691128656461824 576460752437641216 288230376353038336 864691128589352960 864691128589352960 288230376218820608 864691128589352960 576460752437641216 288230376218820608 864691128656461824 576460752370532352 288230376353038336 288230376353038336
101 1 206 1 359 1 2305843009750564864 1152921505412153344 3458764514625847296 2305843009750564864 1152921504875282432 3458764514357411840 2305843009482129408 2305843009482129408 3458764514625847296 2305843009482129408 1152921504875282432 3458764514625847296 2305843009750564864 1152921505412153344 3458764514357411840 3458764514357411840 1152921504875282432 3458764514357411840 2305843009750564864 1152921504875282432 3458764514625847296 2305843009482129408 1152921505412153344 1152921505412153344
102 1 207 1 360 1 9223372039002259456 4611686021648613376 13835058058503389184 9223372039002259456 4611686019501129728 13835058057429647360 9223372037928517632 9223372037928517632 13835058058503389184 9223372037928517632 4611686019501129728 13835058058503389184 9223372039002259456 4611686021648613376 13835058057429647360 13835058057429647360 4611686019501129728 13835058057429647360 9223372039002259456 4611686019501129728 13835058058503389184 9223372037928517632 4611686021648613376 4611686021648613376
103 1 208 1 361 1 8589934594 12884901890 12884901889 8589934595 4294967298 8589934593 4294967299 4294967298 12884901891 4294967299 4294967298 12884901889 8589934595 12884901890 8589934593 8589934595 4294967297 8589934593 8589934595 4294967298 12884901889 4294967299 12884901890 12884901889
104 1 209 1 362 1 34359738376 51539607560 51539607556 34359738380 17179869192 34359738372 17179869196 17179869192 51539607564 17179869196 17179869192 51539607556 34359738380 51539607560 34359738372 34359738380 17179869188 34359738372 34359738380 17179869192 51539607556 17179869196 51539607560 51539607556
105 1 210 1 363 1 137438953504 206158430240 206158430224 137438953520 68719476768 137438953488 68719476784 68719476768 206158430256 68719476784 68719476768 206158430224 137438953520 206158430240 137438953488 137438953520 68719476752 137438953488 137438953520 68719476768 206158430224 68719476784 206158430240 206158430224
106 1 211 1 364 1 549755814016 824633720960 824633720896 549755814080 274877907072 549755813952 274877907136 274877907072 824633721024 274877907136 274877907072 824633720896 549755814080 824633720960 549755813952 549755814080 274877907008 549755813952 549755814080 274877907072 824633720896 274877907136 824633720960 824633720896
107 1 212 1 365 1 2199023256064 3298534883840 3298534883584 2199023256320 1099511628288 2199023255808 1099511628544 1099511628288 3298534884096 1099511628544 1099511628288 3298534883584 2199023256320 3298534883840 2199023255808 2199023256320 1099511628032 2199023255808 2199023256320 1099511628288 3298534883584 1099511628544 3298534883840 3298534883584
108 1 213 1 366 1 8796093024256 13194139535360 13194139534336 8796093025280 4398046513152 8796093023232 4398046514176 4398046513152 13194139536384 4398046514176 4398046513152 13194139534336 8796093025280 13194139535360 8796093023232 8796093025280 4398046512128 8796093023232 8796093025280 4398046513152 13194139534336 4398046514176 13194139535360 13194139534336
109 1 214 1 367 1 35184372097024 52776558141440 52776558137344 35184372101120 17592186052608 35184372092928 17592186056704 17592186052608 52776558145536 17592186056704 17592186052608 52776558137344 35184372101120 52776558141440 35184372092928 35184372101120 17592186048512 35184372092928 35184372101120 17592186052608 52776558137344 17592186056704 52776558141440 52776558137344
110 1 215 1 368 1 140737488388096 211106232565760 211106232549376 140737488404480 70368744210432 140737488371712 70368744226816 70368744210432 211106232582144 70368744226816 70368744210432 211106232549376 140737488404480 211106232565760 140737488371712 140737488404480 70368744194048 140737488371712 140737488404480 70368744210432 211106232549376 70368744226816 211106232565760 211106232549376
111 1 216 1 369 1 562949953552384 844424930263040 844424930197504 562949953617920 281474976841728 562949953486848 281474976907264 281474976841728 844424930328576 281474976907264 281474976841728 844424930197504 562949953617920 844424930263040 562949953486848 562949953617920 281474976776192 562949953486848 562949953617920 281474976841728 844424930197504 281474976907264 844424930263040 844424930197504
112 1 217 1 370 1 2251799814209536 3377699721052160 3377699720790016 2251799814471680 1125899907366912 2251799813947392 1125899907629056 1125899907366912 3377699721314304 1125899907629056 1125899907366912 3377699720790016 2251799814471680 3377699721052160 2251799813947392 2251799814471680 1125899907104768 2251799813947392 2251799814471680 1125899907366912 3377699720790016 1125899907629056 3377699721052160 3377699720790016
113 1 218 1 371 1 9007199256838144 13510798884208640 13510798883160064 9007199257886720 4503599629467648 9007199255789568 4503599630516224 4503599629467648 13510798885257216 4503599630516224 4503599629467648 13510798883160064 9007199257886720 13510798884208640 9007199255789568 9007199257886720 4503599628419072 9007199255789568 9007199257886720 4503599629467648 13510798883160064 4503599630516224 13510798884208640 13510798883160064
114 1 219 1 372 1 36028797027352576 54043195536834560 54043195532640256 36028797031546880 18014398517870592 36028797023158272 18014398522064896 18014398517870592 54043195541028864 18014398522064896 18014398517870592 54043195532640256 36028797031546880 54043195536834560 36028797023158272 36028797031546880 18014398513676288 36028797023158272 36028797031546880 18014398517870592 54043195532640256 18014398522064896 54043195536834560 54043195532640256
115 1 220 1 373 1 144115188109410304 216172782147338240 216172782130561024 144115188126187520 72057594071482368 144115188092633088 72057594088259584 72057594071482368 216172782164115456 72057594088259584 72057594071482368 216172782130561024 144115188126187520 216172782147338240 144115188092633088 144115188126187520 72057594054705152 144115188092633088 144115188126187520 72057594071482368 216172782130561024 72057594088259584 216172782147338240 216172782130561024
116 1 221 1 374 1 576460752437641216 864691128589352960 864691128522244096 576460752504750080 288230376285929472 576460752370532352 288230376353038336 288230376285929472 864691128656461824 288230376353038336 288230376285929472 864691128522244096 576460752504750080 864691128589352960 576460752370532352 576460752504750080 288230376218820608 576460752370532352 576460752504750080 288230376285929472 864691128522244096 288230376353038336 864691128589352960 864691128522244096
117 1 222 1 375 1 2305843009750564864 3458764514357411840 3458764514088976384 2305843010019000320 1152921505143717888 2305843009482129408 1152921505412153344 1152921505143717888 3458764514625847296 1152921505412153344 1152921505143717888 3458764514088976384 2305843010019000320 3458764514357411840 2305843009482129408 2305843010019000320 1152921504875282432 2305843009482129408 2305843010019000320 1152921505143717888 3458764514088976384 1152921505412153344 3458764514357411840 3458764514088976384
118 1 223 1 376 1 9223372039002259456 13835058057429647360 13835058056355905536 9223372040076001280 4611686020574871552 9223372037928517632 4611686021648613376 4611686020574871552 13835058058503389184 4611686021648613376 4611686020574871552 13835058056355905536 9223372040076001280 13835058057429647360 9223372037928517632 9223372040076001280 4611686019501129728 9223372037928517632 9223372040076001280 4611686020574871552 13835058056355905536 4611686021648613376 13835058057429647360 13835058056355905536
119 1 224 1 377 1 8589934594 8589934594 4294967299 12884901891 8589934593 4294967297 12884901890 8589934593 12884901891 12884901891 8589934593 4294967297 12884901890 8589934594 4294967299 12884901890 4294967297 4294967297 12884901890 8589934594 4294967299 12884901891 8589934593 4294967299
120 1 225 1 378 1 34359738376 34359738376 17179869196 51539607564 34359738372 17179869188 51539607560 34359738372 51539607564 51539607564 34359738372 17179869188 51539607560 34359738376 17179869196 51539607560 17179869188 17179869188 51539607560 34359738376 17179869196 51539607564 34359738372 17179869196
121 1 226 1 379 1 137438953504 137438953504 68719476784 206158430256 137438953488 68719476752 206158430240 137438953488 206158430256 206158430256 137438953488 68719476752 206158430240 137438953504 68719476784 206158430240 68719476752 68719476752 206158430240 137438953504 68719476784 206158430256 137438953488 68719476784
122 1 227 1 380 1 549755814016 549755814016 274877907136 824633721024 549755813952 274877907008 824633720960 549755813952 824633721024 824633721024 549755813952 274877907008 824633720960 549755814016 274877907136 824633720960 274877907008 274877907008 824633720960 549755814016 274877907136 824633721024 549755813952 274877907136
123 1 228 1 381 1 2199023256064 2199023256064 1099511628544 3298534884096 2199023255808 1099511628032 3298534883840 2199023255808 3298534884096 3298534884096 2199023255808 1099511628032 3298534883840 2199023256064 1099511628544 3298534883840 1099511628032 1099511628032 3298534883840 2199023256064 1099511628544 3298534884096 2199023255808 1099511628544
124 1 229 1 382 1 8796093024256 8796093024256 4398046514176 13194139536384 8796093023232 4398046512128 13194139535360 8796093023232 13194139536384 13194139536384 8796093023232 4398046512128 13194139535360 8796093024256 4398046514176 13194139535360 4398046512128 4398046512128 13194139535360 8796093024256 4398046514176 13194139536384 8796093023232 4398046514176
125 1 230 1 383 1 35184372097024 35184372097024 17592186056704 52776558145536 35184372092928 17592186048512 52776558141440 35184372092928 52776558145536 52776558145536 35184372092928 17592186048512 52776558141440 35184372097024 17592186056704 52776558141440 17592186048512 17592186048512 52776558141440 35184372097024 17592186056704 52776558145536 35184372092928 17592186056704
126 1 231 1 256 1 140737488388096 140737488388096 70368744226816 211106232582144 140737488371712 70368744194048 211106232565760 140737488371712 211106232582144 211106232582144 140737488371712 70368744194048 211106232565760 140737488388096 70368744226816 211106232565760 70368744194048 70368744194048 211106232565760 140737488388096 70368744226816 211106232582144 140737488371712 70368744226816
127 1 232 1 257 1 562949953552384 562949953552384 281474976907264 844424930328576 562949953486848 281474976776192 844424930263040 562949953486848 844424930328576 844424930328576 562949953486848 281474976776192 844424930263040 562949953552384 281474976907264 844424930263040 281474976776192 281474976776192 844424930263040 562949953552384 281474976907264 844424930328576 562949953486848 281474976907264
0 1 233 1 258 1 2251799814209536 2251799814209536 1125899907629056 3377699721314304 2251799813947392 1125899907104768 3377699721052160 2251799813947392 3377699721314304 3377699721314304 2251799813947392 1125899907104768 3377699721052160 2251799814209536 1125899907629056 3377699721052160 1125899907104768 1125899907104768 3377699721052160 2251799814209536 1125899907629056 3377699721314304 2251799813947392 1125899907629056
1 1 234 1 259 1 9007199256838144 9007199256838144 4503599630516224 13510798885257216 9007199255789568 4503599628419072 13510798884208640 9007199255789568 13510798885257216 13510798885257216 9007199255789568 4503599628419072 13510798884208640 9007199256838144 4503599630516224 13510798884208640 4503599628419072 4503599628419072 13510798884208640 9007199256838144 4503599630516224 13510798885257216 9007199255789568 4503599630516224
2 1 235 1 260 1 36028797027352576 36028797027352576 18014398522064896 54043195541028864 36028797023158272 18014398513676288 54043195536834560 36028797023158272 54043195541028864 54043195541028864 36028797023158272 18014398513676288 54043195536834560 36028797027352576 18014398522064896 54043195536834560 18014398513676288 18014398513676288 54043195536834560 36028797027352576 18014398522064896 54043195541028864 36028797023158272 18014398522064896
3 1 236 1 261 1 144115188109410304 144115188109410304 72057594088259584 216172782164115456 144115188092633088 72057594054705152 216172782147338240 144115188092633088 216172782164115456 216172782164115456 144115188092633088 72057594054705152 216172782147338240 144115188109410304 72057594088259584 216172782147338240 72057594054705152 72057594054705152 216172782147338240 144115188109410304 72057594088259584 216172782164115456 144115188092633088 72057594088259584
4 1 237 1 262 1 576460752437641216 576460752437641216 288230376353038336 864691128656461824 576460752370532352 288230376218820608 864691128589352960 576460752370532352 864691128656461824 864691128656461824 576460752370532352 288230376218820608 864691128589352960 576460752437641216 288230376353038336 864691128589352960 288230376218820608 288230376218820608 864691128589352960 576460752437641216 288230376353038336 864691128656461824 576460752370532352 288230376353038336
5 1 238 1 263 1 2305843009750564864 2305843009750564864 1152921505412153344 3458764514625847296 2305843009482129408 1152921504875282432 3458764514357411840 2305843009482129408 3458764514625847296 3458764514625847296 2305843009482129408 1152921504875282432 3458764514357411840 2305843009750564864 1152921505412153344 3458764514357411840 1152921504875282432 1152921504875282432 3458764514357411840 2305843009750564864 1152921505412153344 3458764514625847296 2305843009482129408 1152921505412153344
6 1 239 1 264 1 9223372039002259456 9223372039002259456 4611686021648613376 13835058058503389184 9223372037928517632 4611686019501129728 13835058057429647360 9223372037928517632 13835058058503389184 13835058058503389184 9223372037928517632 4611686019501129728 13835058057429647360 9223372039002259456 4611686021648613376 13835058057429647360 4611686019501129728 4611686019501129728 13835058057429647360 9223372039002259456 4611686021648613376 13835058058503389184 9223372037928517632 4611686021648613376
7 1 240 1 265 1 8589934595 8589934594 12884901890 12884901889 4294967298 4294967298 8589934593 4294967299 12884901889 12884901891 4294967299 4294967298 8589934595 8589934595 12884901890 8589934593 4294967298 4294967297 8589934593 8589934595 12884901889 12884901889 4294967299 12884901890
8 1 241 1 266 1 34359738380 34359738376 51539607560 51539607556 17179869192 17179869192 34359738372 17179869196 51539607556 51539607564 17179869196 17179869192 34359738380 34359738380 51539607560 34359738372 17179869192 17179869188 34359738372 34359738380 51539607556 51539607556 17179869196 51539607560
9 1 242 1 267 1 137438953520 137438953504 206158430240 206158430224 68719476768 68719476768 137438953488 68719476784 206158430224 206158430256 68719476784 68719476768 137438953520 137438953520 206158430240 137438953488 68719476768 68719476752 137438953488 137438953520 206158430224 206158430224 68719476784 206158430240
10 1 243 1 268 1 549755814080 549755814016 824633720960 824633720896 274877907072 274877907072 549755813952 274877907136 824633720896 824633721024 274877907136 274877907072 549755814080 549755814080 824633720960 549755813952 274877907072 274877907008 549755813952 549755814080 824633720896 824633720896 274877907136 824633720960
11 1 244 1 269 1 2199023256320 2199023256064 3298534883840 3298534883584 1099511628288 1099511628288 2199023255808 1099511628544 3298534883584 3298534884096 1099511628544 1099511628288 2199023256320 2199023256320 3298534883840 2199023255808 1099511628288 1099511628032 2199023255808 2199023256320 3298534883584 3298534883584 1099511628544 3298534883840
12 1 245 1 270 1 8796093025280 8796093024256 13194139535360 13194139534336 4398046513152 4398046513152 8796093023232 4398046514176 13194139534336 13194139536384 4398046514176 4398046513152 8796093025280 8796093025280 13194139535360 8796093023232 4398046513152 4398046512128 8796093023232 8796093025280 13194139534336 13194139534336 4398046514176 13194139535360
13 1 246 1 271 1 35184372101120 35184372097024 52776558141440 52776558137344 17592186052608 17592186052608 35184372092928 17592186056704 52776558137344 52776558145536 17592186056704 17592186052608 35184372101120 35184372101120 52776558141440 35184372092928 17592186052608 17592186048512 35184372092928 35184372101120 52776558137344 52776558137344 17592186056704 52776558141440
14 1 247 1 272 1 140737488404480 140737488388096 211106232565760 211106232549376 70368744210432 70368744210432 140737488371712 70368744226816 211106232549376 211106232582144 70368744226816 70368744210432 140737488404480 140737488404480 211106232565760 140737488371712 70368744210432 70368744194048 140737488371712 140737488404480 211106232549376 211106232549376 70368744226816 211106232565760
15 1 248 1 273 1 562949953617920 562949953552384 844424930263040 844424930197504 281474976841728 281474976841728 562949953486848 281474976907264 844424930197504 844424930328576 281474976907264 281474976841728 562949953617920 562949953617920 844424930263040 562949953486848 281474976841728 281474976776192 562949953486848 562949953617920 844424930197504 844424930197504 281474976907264 844424930263040
16 1 249 1 274 1 2251799814471680 2251799814209536 3377699721052160 3377699720790016 1125899907366912 1125899907366912 2251799813947392 1125899907629056 3377699720790016 3377699721314304 1125899907629056 1125899907366912 2251799814471680 2251799814471680 3377699721052160 2251799813947392 1125899907366912 1125899907104768 2251799813947392 2251799814471680 3377699720790016 3377699720790016 1125899907629056 3377699721052160
17 1 250 1 275 1 9007199257886720 9007199256838144 13510798884208640 13510798883160064 4503599629467648 4503599629467648 9007199255789568 4503599630516224 13510798883160064 13510798885257216 4503599630516224 4503599629467648 9007199257886720 9007199257886720 13510798884208640 9007199255789568 4503599629467648 4503599628419072 9007199255789568 9007199257886720 13510798883160064 13510798883160064 4503599630516224 13510798884208640
18 1 251 1 276 1 36028797031546880 36028797027352576 54043195536834560 54043195532640256 18014398517870592 18014398517870592 36028797023158272 18014398522064896 54043195532640256 54043195541028864 18014398522064896 18014398517870592 36028797031546880 36028797031546880 54043195536834560 36028797023158272 18014398517870592 18014398513676288 36028797023158272 36028797031546880 54043195532640256 54043195532640256 18014398522064896 54043195536834560
19 1 252 1 277 1 144115188126187520 144115188109410304 216172782147338240 216172782130561024 72057594071482368 72057594071482368 144115188092633088 72057594088259584 216172782130561024 216172782164115456 72057594088259584 72057594071482368 144115188126187520 144115188126187520 216172782147338240 144115188092633088 72057594071482368 72057594054705152 144115188092633088 144115188126187520 216172782130561024 216172782130561024 72057594088259584 216172782147338240
20 1 253 1 278 1 576460752504750080 576460752437641216 864691128589352960 864691128522244096 288230376285929472 288230376285929472 576460752370532352 288230376353038336 864691128522244096 864691128656461824 288230376353038336 288230376285929472 576460752504750080 576460752504750080 864691128589352960 576460752370532352 288230376285929472 288230376218820608 576460752370532352 576460752504750080 864691128522244096 864691128522244096 288230376353038336 864691128589352960
21 1 254 1 279 1 2305843010019000320 2305843009750564864 3458764514357411840 3458764514088976384 1152921505143717888 1152921505143717888 2305843009482129408 1152921505412153344 3458764514088976384 3458764514625847296 1152921505412153344 1152921505143717888 2305843010019000320 2305843010019000320 3458764514357411840 2305843009482129408 1152921505143717888 1152921504875282432 2305843009482129408 2305843010019000320 3458764514088976384 3458764514088976384 1152921505412153344 3458764514357411840
22 1 255 1 280 1 9223372040076001280 9223372039002259456 13835058057429647360 13835058056355905536 4611686020574871552 4611686020574871552 9223372037928517632 4611686021648613376 13835058056355905536 13835058058503389184 4611686021648613376 4611686020574871552 9223372040076001280 9223372040076001280 13835058057429647360 9223372037928517632 4611686020574871552 4611686019501129728 9223372037928517632 9223372040076001280 13835058056355905536 13835058056355905536 4611686021648613376 13835058057429647360
23 1 128 1 281 1 12884901891 8589934594 8589934594 4294967299 8589934593 8589934593 4294967297 12884901890 4294967297 12884901891 12884901891 8589934593 12884901890 12884901890 8589934594 4294967299 8589934594 4294967297 4294967297 12884901890 4294967299 4294967299 12884901891 8589934593
24 1 129 1 282 1 51539607564 34359738376 34359738376 17179869196 34359738372 34359738372 17179869188 51539607560 17179869188 51539607564 51539607564 34359738372 51539607560 51539607560 34359738376 17179869196 34359738376 17179869188 17179869188 51539607560 17179869196 17179869196 51539607564 34359738372
25 1 130 1 283 1 206158430256 137438953504 137438953504 68719476784 137438953488 137438953488 68719476752 206158430240 68719476752 206158430256 206158430256 137438953488 206158430240 206158430240 137438953504 68719476784 137438953504 68719476752 68719476752 206158430240 68719476784 68719476784 206158430256 137438953488
26 1 131 1 284 1 824633721024 549755814016 549755814016 274877907136 549755813952 549755813952 274877907008 824633720960 274877907008 824633721024 824633721024 549755813952 824633720960 824633720960 549755814016 274877907136 549755814016 274877907008 274877907008 824633720960 274877907136 274877907136 824633721024 549755813952
27 1 132 1 285 1 3298534884096 2199023256064 2199023256064 1099511628544 2199023255808 2199023255808 1099511628032 3298534883840 1099511628032 3298534884096 3298534884096 2199023255808 3298534883840 3298534883840 2199023256064 1099511628544 2199023256064 1099511628032 1099511628032 3298534883840 1099511628544 1099511628544 3298534884096 2199023255808
28 1 133 1 286 1 13194139536384 8796093024256 8796093024256 4398046514176 8796093023232 8796093023232 4398046512128 13194139535360 4398046512128 13194139536384 13194139536384 8796093023232 13194139535360 13194139535360 8796093024256 4398046514176 8796093024256 4398046512128 4398046512128 13194139535360 4398046514176 4398046514176 13194139536384 8796093023232
29 1 134 1 287 1 52776558145536 35184372097024 35184372097024 17592186056704 35184372092928 35184372092928 17592186048512 52776558141440 17592186048512 52776558145536 52776558145536 35184372092928 52776558141440 52776558141440 35184372097024 17592186056704 35184372097024 17592186048512 17592186048512 52776558141440 17592186056704 17592186056704 52776558145536 35184372092928
30 1 135 1 288 1 211106232582144 140737488388096 140737488388096 70368744226816 140737488371712 140737488371712 70368744194048 211106232565760 70368744194048 211106232582144 211106232582144 140737488371712 211106232565760 211106232565760 140737488388096 70368744226816 140737488388096 70368744194048 70368744194048 211106232565760 70368744226816 70368744226816 211106232582144 140737488371712
31 1 136 1 289 1 844424930328576 562949953552384 562949953552384 281474976907264 562949953486848 562949953486848 281474976776192 844424930263040 281474976776192 844424930328576 844424930328576 562949953486848 844424930263040 844424930263040 562949953552384 281474976907264 562949953552384 281474976776192 281474976776192 844424930263040 281474976907264 281474976907264 844424930328576 562949953486848
32 1 137 1 290 1 3377699721314304 2251799814209536 2251799814209536 1125899907629056 2251799813947392 2251799813947392 1125899907104768 3377699721052160 1125899907104768 3377699721314304 3377699721314304 2251799813947392 3377699721052160 3377699721052160 2251799814209536 1125899907629056 2251799814209536 1125899907104768 1125899907104768 3377699721052160 1125899907629056 1125899907629056 3377699721314304 2251799813947392
33 1 138 1 291 1 13510798885257216 9007199256838144 9007199256838144 4503599630516224 9007199255789568 9007199255789568 4503599628419072 13510798884208640 4503599628419072 13510798885257216 13510798885257216 9007199255789568 13510798884208640 13510798884208640 9007199256838144 4503599630516224 9007199256838144 4503599628419072 4503599628419072 13510798884208640 4503599630516224 4503599630516224 13510798885257216 9007199255789568
34 1 139 1 292 1 54043195541028864 36028797027352576 36028797027352576 18014398522064896 36028797023158272 36028797023158272 18014398513676288 54043195536834560 18014398513676288 54043195541028864 54043195541028864 36028797023158272 54043195536834560 54043195536834560 36028797027352576 18014398522064896 36028797027352576 18014398513676288 18014398513676288 54043195536834560 18014398522064896 18014398522064896 54043195541028864 36028797023158272
35 1 140 1 293 1 216172782164115456 144115188109410304 144115188109410304 72057594088259584 144115188092633088 144115188092633088 72057594054705152 216172782147338240 72057594054705152 216172782164115456 216172782164115456 144115188092633088 216172782147338240 216172782147338240 144115188109410304 72057594088259584 144115188109410304 72057594054705152 72057594054705152 216172782147338240 72057594088259584 72057594088259584 216172782164115456 144115188092633088
36 1 141 1 294 1 864691128656461824 576460752437641216 576460752437641216 288230376353038336 576460752370532352 576460752370532352 288230376218820608 864691128589352960 288230376218820608 864691128656461824 864691128656461824 576460752370532352 864691128589352960 864691128589352960 576460752437641216 288230376353038336 576460752437641216 288230376218820608 288230376218820608 864691128589352960 288230376353038336 288230376353038336 864691128656461824 576460752370532352
37 1 142 1 295 1 3458764514625847296 2305843009750564864 2305843009750564864 1152921505412153344 2305843009482129408 2305843009482129408 1152921504875282432 3458764514357411840 1152921504875282432 3458764514625847296 3458764514625847296 2305843009482129408 3458764514357411840 3458764514357411840 2305843009750564864 1152921505412153344 2305843009750564864 1152921504875282432 1152921504875282432 3458764514357411840 1152921505412153344 1152921505412153344 3458764514625847296 2305843009482129408
38 1 143 1 296 1 13835058058503389184 9223372039002259456 9223372039002259456 4611686021648613376 9223372037928517632 9223372037928517632 4611686019501129728 13835058057429647360 4611686019501129728 13835058058503389184 13835058058503389184 9223372037928517632 13835058057429647360 13835058057429647360 9223372039002259456 4611686021648613376 9223372039002259456 4611686019501129728 4611686019501129728 13835058057429647360 4611686021648613376 4611686021648613376 13835058058503389184 9223372037928517632
39 1 144 1 297 1 12884901889 8589934595 8589934594 12884901890 4294967299 4294967298 4294967298 8589934593 4294967298 12884901889 12884901891 4294967299 8589934593 8589934595 8589934595 12884901890 8589934595 4294967298 4294967297 8589934593 12884901890 12884901889 12884901889 4294967299
40 1 145 1 298 1 51539607556 34359738380 34359738376 51539607560 17179869196 17179869192 17179869192 34359738372 17179869192 51539607556 51539607564 17179869196 34359738372 34359738380 34359738380 51539607560 34359738380 17179869192 17179869188 34359738372 51539607560 51539607556 51539607556 17179869196
41 1 146 1 299 1 206158430224 137438953520 137438953504 206158430240 68719476784 68719476768 68719476768 137438953488 68719476768 206158430224 206158430256 68719476784 137438953488 137438953520 137438953520 206158430240 137438953520 68719476768 68719476752 137438953488 206158430240 206158430224 206158430224 68719476784
42 1 147 1 300 1 824633720896 549755814080 549755814016 824633720960 274877907136 274877907072 274877907072 549755813952 274877907072 824633720896 824633721024 274877907136 549755813952 549755814080 549755814080 824633720960 549755814080 274877907072 274877907008 549755813952 824633720960 824633720896 824633720896 274877907136
43 1 148 1 301 1 3298534883584 2199023256320 2199023256064 3298534883840 1099511628544 1099511628288 1099511628288 2199023255808 1099511628288 3298534883584 3298534884096 1099511628544 2199023255808 2199023256320 2199023256320 3298534883840 2199023256320 1099511628288 1099511628032 2199023255808 3298534883840 3298534883584 3298534883584 1099511628544
44 1 149 1 302 1 13194139534336 8796093025280 8796093024256 13194139535360 4398046514176 4398046513152 4398046513152 8796093023232 4398046513152 13194139534336 13194139536384 4398046514176 8796093023232 8796093025280 8796093025280 13194139535360 8796093025280 4398046513152 4398046512128 8796093023232 13194139535360 13194139534336 13194139534336 4398046514176
45 1 150 1 303 1 52776558137344 35184372101120 35184372097024 52776558141440 17592186056704 17592186052608 17592186052608 35184372092928 17592186052608 52776558137344 52776558145536 17592186056704 35184372092928 35184372101120 35184372101120 52776558141440 35184372101120 17592186052608 17592186048512 35184372092928 52776558141440 52776558137344 52776558137344 17592186056704
46 1 151 1 304 1 211106232549376 140737488404480 140737488388096 211106232565760 70368744226816 70368744210432 70368744210432 140737488371712 70368744210432 211106232549376 211106232582144 70368744226816 140737488371712 140737488404480 140737488404480 211106232565760 140737488404480 70368744210432 70368744194048 140737488371712 211106232565760 211106232549376 211106232549376 70368744226816
47 1 152 1 305 1 844424930197504 562949953617920 562949953552384 844424930263040 281474976907264 281474976841728 281474976841728 562949953486848 281474976841728 844424930197504 844424930328576 281474976907264 562949953486848 562949953617920 562949953617920 844424930263040 562949953617920 281474976841728 281474976776192 562949953486848 844424930263040 844424930197504 844424930197504 281474976907264
48 1 153 1 306 1 3377699720790016 2251799814471680 2251799814209536 3377699721052160 1125899907629056 1125899907366912 1125899907366912 2251799813947392 1125899907366912 3377699720790016 3377699721314304 1125899907629056 2251799813947392 2251799814471680 2251799814471680 3377699721052160 2251799814471680 1125899907366912 1125899907104768 2251799813947392 3377699721052160 3377699720790016 3377699720790016 1125899907629056
49 1 154 1 307 1 13510798883160064 9007199257886720 9007199256838144 13510798884208640 4503599630516224 4503599629467648 4503599629467648 9007199255789568 4503599629467648 13510798883160064 13510798885257216 4503599630516224 9007199255789568 9007199257886720 9007199257886720 13510798884208640 9007199257886720 4503599629467648 4503599628419072 9007199255789568 13510798884208640 13510798883160064 13510798883160064 4503599630516224
50 1 155 1 308 1 54043195532640256 36028797031546880 36028797027352576 54043195536834560 18014398522064896 18014398517870592 18014398517870592 36028797023158272 18014398517870592 54043195532640256 54043195541028864 18014398522064896 36028797023158272 36028797031546880 36028797031546880 54043195536834560 36028797031546880 18014398517870592 18014398513676288 36028797023158272 54043195536834560 54043195532640256 54043195532640256 18014398522064896
51 1 156 1 309 1 216172782130561024 144115188126187520 144115188109410304 216172782147338240 72057594088259584 72057594071482368 72057594071482368 144115188092633088 72057594071482368 216172782130561024 216172782164115456 72057594088259584 144115188092633088 144115188126187520 144115188126187520 216172782147338240 144115188126187520 72057594071482368 72057594054705152 144115188092633088 216172782147338240 216172782130561024 216172782130561024 72057594088259584
52 1 157 1 310 1 864691128522244096 576460752504750080 576460752437641216 864691128589352960 288230376353038336 288230376285929472 288230376285929472 576460752370532352 288230376285929472 864691128522244096 864691128656461824 288230376353038336 576460752370532352 576460752504750080 576460752504750080 864691128589352960 576460752504750080 288230376285929472 288230376218820608 576460752370532352 864691128589352960 864691128522244096 864691128522244096 288230376353038336
53 1 158 1 311 1 3458764514088976384 2305843010019000320 2305843009750564864 3458764514357411840 1152921505412153344 1152921505143717888 1152921505143717888 2305843009482129408 1152921505143717888 3458764514088976384 3458764514625847296 1152921505412153344 2305843009482129408 2305843010019000320 2305843010019000320 3458764514357411840 2305843010019000320 1152921505143717888 1152921504875282432 2305843009482129408 3458764514357411840 3458764514088976384 3458764514088976384 1152921505412153344
54 1 159 1 312 1 13835058056355905536 9223372040076001280 9223372039002259456 13835058057429647360 4611686021648613376 4611686020574871552 4611686020574871552 9223372037928517632 4611686020574871552 13835058056355905536 13835058058503389184 4611686021648613376 9223372037928517632 9223372040076001280 9223372040076001280 13835058057429647360 9223372040076001280 4611686020574871552 4611686019501129728 9223372037928517632 13835058057429647360 13835058056355905536 13835058056355905536 4611686021648613376
55 1 160 1 313 1 4294967299 12884901891 8589934594 8589934594 12884901890 8589934593 8589934593 4294967297 8589934593 4294967297 12884901891 12884901891 4294967299 12884901890 12884901890 8589934594 12884901890 8589934594 4294967297 4294967297 8589934593 4294967299 4294967299 12884901891
56 1 161 1 314 1 17179869196 51539607564 34359738376 34359738376 51539607560 34359738372 34359738372 17179869188 34359738372 17179869188 51539607564 51539607564 17179869196 51539607560 51539607560 34359738376 51539607560 34359738376 17179869188 17179869188 34359738372 17179869196 17179869196 51539607564
57 1 162 1 315 1 68719476784 206158430256 137438953504 137438953504 206158430240 137438953488 137438953488 68719476752 137438953488 68719476752 206158430256 206158430256 68719476784 206158430240 206158430240 137438953504 206158430240 137438953504 68719476752 68719476752 137438953488 68719476784 68719476784 206158430256
58 1 163 1 316 1 274877907136 824633721024 549755814016 549755814016 824633720960 549755813952 549755813952 274877907008 549755813952 274877907008 824633721024 824633721024 274877907136 824633720960 824633720960 549755814016 824633720960 549755814016 274877907008 274877907008 549755813952 274877907136 274877907136 824633721024
59 1 164 1 317 1 1099511628544 3298534884096 2199023256064 2199023256064 3298534883840 2199023255808 2199023255808 1099511628032 2199023255808 1099511628032 3298534884096 3298534884096 1099511628544 3298534883840 3298534883840 2199023256064 3298534883840 2199023256064 1099511628032 1099511628032 2199023255808 1099511628544 1099511628544 3298534884096
60 1 165 1 318 1 4398046514176 13194139536384 8796093024256 8796093024256 13194139535360 8796093023232 8796093023232 4398046512128 8796093023232 4398046512128 13194139536384 13194139536384 4398046514176 13194139535360 13194139535360 8796093024256 13194139535360 8796093024256 4398046512128 4398046512128 8796093023232 4398046514176 4398046514176 13194139536384
61 1 166 1 319 1 17592186056704 52776558145536 35184372097024 35184372097024 52776558141440 35184372092928 35184372092928 17592186048512 35184372092928 17592186048512 52776558145536 52776558145536 17592186056704 52776558141440 52776558141440 35184372097024 52776558141440 35184372097024 17592186048512 17592186048512 35184372092928 17592186056704 17592186056704 52776558145536
62 1 167 1 320 1 70368744226816 211106232582144 140737488388096 140737488388096 211106232565760 140737488371712 140737488371712 70368744194048 140737488371712 70368744194048 211106232582144 211106232582144 70368744226816 211106232565760 211106232565760 140737488388096 211106232565760 140737488388096 70368744194048 70368744194048 140737488371712 70368744226816 70368744226816 211106232582144
63 1 168 1 321 1 281474976907264 844424930328576 562949953552384 562949953552384 844424930263040 562949953486848 562949953486848 281474976776192 562949953486848 281474976776192 844424930328576 844424930328576 281474976907264 844424930263040 844424930263040 562949953552384 844424930263040 562949953552384 281474976776192 281474976776192 562949953486848 281474976907264 281474976907264 844424930328576
64 1 169 1 322 1 1125899907629056 3377699721314304 2251799814209536 2251799814209536 3377699721052160 2251799813947392 2251799813947392 1125899907104768 2251799813947392 1125899907104768 3377699721314304 3377699721314304 1125899907629056 3377699721052160 3377699721052160 2251799814209536 3377699721052160 2251799814209536 1125899907104768 1125899907104768 2251799813947392 1125899907629056 1125899907629056 3377699721314304
65 1 170 1 323 1 4503599630516224 13510798885257216 9007199256838144 9007199256838144 13510798884208640 9007199255789568 9007199255789568 4503599628419072 9007199255789568 4503599628419072 13510798885257216 13510798885257216 4503599630516224 13510798884208640 13510798884208640 9007199256838144 13510798884208640 9007199256838144 4503599628419072 4503599628419072 9007199255789568 4503599630516224 4503599630516224 13510798885257216
66 1 171 1 324 1 18014398522064896 54043195541028864 36028797027352576 36028797027352576 54043195536834560 36028797023158272 36028797023158272 18014398513676288 36028797023158272 18014398513676288 54043195541028864 54043195541028864 18014398522064896 54043195536834560 54043195536834560 36028797027352576 54043195536834560 36028797027352576 18014398513676288 18014398513676288 36028797023158272 18014398522064896 18014398522064896 54043195541028864
67 1 172 1 325 1 72057594088259584 216172782164115456 144115188109410304 144115188109410304 216172782147338240 144115188092633088 144115188092633088 72057594054705152 144115188092633088 72057594054705152 216172782164115456 216172782164115456 72057594088259584 216172782147338240 216172782147338240 144115188109410304 216172782147338240 144115188109410304 72057594054705152 72057594054705152 144115188092633088 72057594088259584 72057594088259584 216172782164115456
68 1 173 1 326 1 288230376353038336 864691128656461824 576460752437641216 576460752437641216 864691128589352960 576460752370532352 576460752370532352 288230376218820608 576460752370532352 288230376218820608 864691128656461824 864691128656461824 288230376353038336 864691128589352960 864691128589352960 576460752437641216 864691128589352960 576460752437641216 288230376218820608 288230376218820608 576460752370532352 288230376353038336 288230376353038336 864691128656461824
69 1 174 1 327 1 1152921505412153344 3458764514625847296 2305843009750564864 2305843009750564864 3458764514357411840 2305843009482129408 2305843009482129408 1152921504875282432 2305843009482129408 1152921504875282432 3458764514625847296 3458764514625847296 1152921505412153344 3458764514357411840 3458764514357411840 2305843009750564864 3458764514357411840 2305843009750564864 1152921504875282432 1152921504875282432 2305843009482129408 1152921505412153344 1152921505412153344 3458764514625847296
70 1 175 1 328 1 4611686021648613376 13835058058503389184 9223372039002259456 9223372039002259456 13835058057429647360 9223372037928517632 9223372037928517632 4611686019501129728 9223372037928517632 4611686019501129728 13835058058503389184 13835058058503389184 4611686021648613376 13835058057429647360 13835058057429647360 9223372039002259456 13835058057429647360 9223372039002259456 4611686019501129728 4611686019501129728 9223372037928517632 4611686021648613376 4611686021648613376 13835058058503389184
71 1 176 1 329 1 12884901890 12884901889 8589934595 8589934594 8589934593 4294967299 4294967298 4294967298 4294967299 4294967298 12884901889 12884901891 12884901890 8589934593 8589934595 8589934595 8589934593 8589934595 4294967298 4294967297 4294967299 12884901890 12884901889 12884901889
72 1 177 1 330 1 51539607560 51539607556 34359738380 34359738376 34359738372 17179869196 17179869192 17179869192 17179869196 17179869192 51539607556 51539607564 51539607560 34359738372 34359738380 34359738380 34359738372 34359738380 17179869192 17179869188 17179869196 51539607560 51539607556 51539607556
73 1 178 1 331 1 206158430240 206158430224 137438953520 137438953504 137438953488 68719476784 68719476768 68719476768 68719476784 68719476768 206158430224 206158430256 206158430240 137438953488 137438953520 137438953520 137438953488 137438953520 68719476768 68719476752 68719476784 206158430240 206158430224 206158430224
74 1 179 1 332 1 824633720960 824633720896 549755814080 549755814016 549755813952 274877907136 274877907072 274877907072 274877907136 274877907072 824633720896 824633721024 824633720960 549755813952 549755814080 549755814080 549755813952 549755814080 274877907072 274877907008 274877907136 824633720960 824633720896 824633720896
75 1 180 1 333 1 3298534883840 3298534883584 2199023256320 2199023256064 2199023255808 1099511628544 1099511628288 1099511628288 1099511628544 1099511628288 3298534883584 3298534884096 3298534883840 2199023255808 2199023256320 2199023256320 2199023255808 2199023256320 1099511628288 1099511628032 1099511628544 3298534883840 3298534883584 3298534883584
76 1 181 1 334 1 13194139535360 13194139534336 8796093025280 8796093024256 8796093023232 4398046514176 4398046513152 4398046513152 4398046514176 4398046513152 13194139534336 13194139536384 13194139535360 8796093023232 8796093025280 8796093025280 8796093023232 8796093025280 4398046513152 4398046512128 4398046514176 13194139535360 13194139534336 13194139534336
77 1 182 1 335 1 52776558141440 52776558137344 35184372101120 35184372097024 35184372092928 17592186056704 17592186052608 17592186052608 17592186056704 17592186052608 52776558137344 52776558145536 52776558141440 35184372092928 35184372101120 35184372101120 35184372092928 35184372101120 17592186052608 17592186048512 17592186056704 52776558141440 52776558137344 52776558137344
78 1 183 1 336 1 211106232565760 211106232549376 140737488404480 140737488388096 140737488371712 70368744226816 70368744210432 70368744210432 70368744226816 70368744210432 211106232549376 211106232582144 211106232565760 140737488371712 140737488404480 140737488404480 140737488371712 140737488404480 70368744210432 70368744194048 70368744226816 211106232565760 211106232549376 211106232549376
79 1 184 1 337 1 844424930263040 844424930197504 562949953617920 562949953552384 562949953486848 281474976907264 281474976841728 281474976841728 281474976907264 281474976841728 844424930197504 844424930328576 844424930263040 562949953486848 562949953617920 562949953617920 562949953486848 562949953617920 281474976841728 281474976776192 281474976907264 844424930263040 844424930197504 844424930197504
80 1 185 1 338 1 3377699721052160 3377699720790016 2251799814471680 2251799814209536 2251799813947392 1125899907629056 1125899907366912 1125899907366912 1125899907629056 1125899907366912 3377699720790016 3377699721314304 3377699721052160 2251799813947392 2251799814471680 2251799814471680 2251799813947392 2251799814471680 1125899907366912 1125899907104768 1125899907629056 3377699721052160 3377699720790016 3377699720790016
81 1 186 1 339 1 13510798884208640 13510798883160064 9007199257886720 9007199256838144 9007199255789568 4503599630516224 4503599629467648 4503599629467648 4503599630516224 4503599629467648 13510798883160064 13510798885257216 13510798884208640 9007199255789568 9007199257886720 9007199257886720 9007199255789568 9007199257886720 4503599629467648 4503599628419072 4503599630516224 13510798884208640 13510798883160064 13510798883160064
82 1 187 1 340 1 54043195536834560 54043195532640256 36028797031546880 36028797027352576 36028797023158272 18014398522064896 18014398517870592 18014398517870592 18014398522064896 18014398517870592 54043195532640256 54043195541028864 54043195536834560 36028797023158272 36028797031546880 36028797031546880 36028797023158272 36028797031546880 18014398517870592 18014398513676288 18014398522064896 54043195536834560 54043195532640256 54043195532640256
83 1 188 1 341 1 216172782147338240 216172782130561024 144115188126187520 144115188109410304 144115188092633088 72057594088259584 72057594071482368 72057594071482368 72057594088259584 72057594071482368 216172782130561024 216172782164115456 216172782147338240 144115188092633088 144115188126187520 144115188126187520 144115188092633088 144115188126187520 72057594071482368 72057594054705152 72057594088259584 216172782147338240 216172782130561024 216172782130561024
84 1 189 1 342 1 864691128589352960 864691128522244096 576460752504750080 576460752437641216 576460752370532352 288230376353038336 288230376285929472 288230376285929472 288230376353038336 288230376285929472 864691128522244096 864691128656461824 864691128589352960 576460752370532352 576460752504750080 576460752504750080 576460752370532352 576460752504750080 288230376285929472 288230376218820608 288230376353038336 864691128589352960 864691128522244096 864691128522244096
85 1 190 1 343 1 3458764514357411840 3458764514088976384 2305843010019000320 2305843009750564864 2305843009482129408 1152921505412153344 1152921505143717888 1152921505143717888 1152921505412153344 1152921505143717888 3458764514088976384 3458764514625847296 3458764514357411840 2305843009482129408 2305843010019000320 2305843010019000320 2305843009482129408 2305843010019000320 1152921505143717888 1152921504875282432 1152921505412153344 3458764514357411840 3458764514088976384 3458764514088976384
86 1 191 1 344 1 13835058057429647360 13835058056355905536 9223372040076001280 9223372039002259456 9223372037928517632 4611686021648613376 4611686020574871552 4611686020574871552 4611686021648613376 4611686020574871552 13835058056355905536 13835058058503389184 13835058057429647360 9223372037928517632 9223372040076001280 9223372040076001280 9223372037928517632 9223372040076001280 4611686020574871552 4611686019501129728 4611686021648613376 13835058057429647360 13835058056355905536 13835058056355905536
103 2 240 2 272 2 1 0 0 0 0 0 0 0 2 0 0 0 0 0 0 0 3 0 0 0 0 0 0 0
104 2 241 2 273 2 4 0 0 0 0 0 0 0 8 0 0 0 0 0 0 0 12 0 0 0 0 0 0 0
105 2 242 2 274 2 16 0 0 0 0 0 0 0 32 0 0 0 0 0 0 0 48 0 0 0 0 0 0 0
106 2 243 2 275 2 64 0 0 0 0 0 0 0 128 0 0 0 0 0 0 0 192 0 0 0 0 0 0 0
107 2 244 2 276 2 256 0 0 0 0 0 0 0 512 0 0 0 0 0 0 0 768 0 0 0 0 0 0 0
108 2 245 2 277 2 1024 0 0 0 0 0 0 0 2048 0 0 0 0 0 0 0 3072 0 0 0 0 0 0 0
109 2 246 2 278 2 4096 0 0 0 0 0 0 0 8192 0 0 0 0 0 0 0 12288 0 0 0 0 0 0 0
110 2 247 2 279 2 16384 0 0 0 0 0 0 0 32768 0 0 0 0 0 0 0 49152 0 0 0 0 0 0 0
111 2 248 2 280 2 65536 0 0 0 0 0 0 0 131072 0 0 0 0 0 0 0 196608 0 0 0 0 0 0 0
112 2 249 2 281 2 262144 0 0 0 0 0 0 0 524288 0 0 0 0 0 0 0 786432 0 0 0 0 0 0 0
113 2 250 2 282 2 1048576 0 0 0 0 0 0 0 2097152 0 0 0 0 0 0 0 3145728 0 0 0 0 0 0 0
114 2 251 2 283 2 4194304 0 0 0 0 0 0 0 8388608 0 0 0 0 0 0 0 12582912 0 0 0 0 0 0 0
115 2 252 2 284 2 16777216 0 0 0 0 0 0 0 33554432 0 0 0 0 0 0 0 50331648 0 0 0 0 0 0 0
116 2 253 2 285 2 67108864 0 0 0 0 0 0 0 134217728 0 0 0 0 0 0 0 201326592 0 0 0 0 0 0 0
117 2 254 2 286 2 268435456 0 0 0 0 0 0 0 536870912 0 0 0 0 0 0 0 805306368 0 0 0 0 0 0 0
118 2 255 2 287 2 1073741824 0 0 0 0 0 0 0 2147483648 0 0 0 0 0 0 0 3221225472 0 0 0 0 0 0 0
119 2 128 2 288 2 4294967296 0 0 0 0 0 0 0 8589934592 0 0 0 0 0 0 0 12884901888 0 0 0 0 0 0 0
120 2 129 2 289 2 17179869184 0 0 0 0 0 0 0 34359738368 0 0 0 0 0 0 0 51539607552 0 0 0 0 0 0 0
121 2 130 2 290 2 68719476736 0 0 0 0 0 0 0 137438953472 0 0 0 0 0 0 0 206158430208 0 0 0 0 0 0 0
122 2 131 2 291 2 274877906944 0 0 0 0 0 0 0 549755813888 0 0 0 0 0 0 0 824633720832 0 0 0 0 0 0 0
123 2 132 2 292 2 1099511627776 0 0 0 0 0 0 0 2199023255552 0 0 0 0 0 0 0 3298534883328 0 0 0 0 0 0 0
124 2 133 2 293 2 4398046511104 0 0 0 0 0 0 0 8796093022208 0 0 0 0 0 0 0 13194139533312 0 0 0 0 0 0 0
125 2 134 2 294 2 17592186044416 0 0 0 0 0 0 0 35184372088832 0 0 0 0 0 0 0 52776558133248 0 0 0 0 0 0 0
126 2 135 2 295 2 70368744177664 0 0 0 0 0 0 0 140737488355328 0 0 0 0 0 0 0 211106232532992 0 0 0 0 0 0 0
127 2 136 2 296 2 281474976710656 0 0 0 0 0 0 0 562949953421312 0 0 0 0 0 0 0 844424930131968 0 0 0 0 0 0 0
0 2 137 2 297 2 1125899906842624 0 0 0 0 0 0 0 2251799813685248 0 0 0 0 0 0 0 3377699720527872 0 0 0 0 0 0 0
1 2 138 2 298 2 4503599627370496 0 0 0 0 0 0 0 9007199254740992 0 0 0 0 0 0 0 13510798882111488 0 0 0 0 0 0 0
2 2 139 2 299 2 18014398509481984 0 0 0 0 0 0 0 36028797018963968 0 0 0 0 0 0 0 54043195528445952 0 0 0 0 0 0 0
3 2 140 2 300 2 72057594037927936 0 0 0 0 0 0 0 144115188075855872 0 0 0 0 0 0 0 216172782113783808 0 0 0 0 0 0 0
4 2 141 2 301 2 288230376151711744 0 0 0 0 0 0 0 576460752303423488 0 0 0 0 0 0 0 864691128455135232 0 0 0 0 0 0 0
5 2 142 2 302 2 1152921504606846976 0 0 0 0 0 0 0 2305843009213693952 0 0 0 0 0 0 0 3458764513820540928 0 0 0 0 0 0 0
6 2 143 2 303 2 4611686018427387904 0 0 0 0 0 0 0 9223372036854775808 0 0 0 0 0 0 0 13835058055282163712 0 0 0 0 0 0 0
7 2 144 2 304 2 0 1 0 0 0 0 0 0 0 2 0 0 0 0 0 0 0 3 0 0 0 0 0 0
8 2 145 2 305 2 0 4 0 0 0 0 0 0 0 8 0 0 0 0 0 0 0 12 0 0 0 0 0 0
9 2 146 2 306 2 0 16 0 0 0 0 0 0 0 32 0 0 0 0 0 0 0 48 0 0 0 0 0 0
10 2 147 2 307 2 0 64 0 0 0 0 0 0 0 128 0 0 0 0 0 0 0 192 0 0 0 0 0 0
11 2 148 2 308 2 0 256 0 0 0 0 0 0 0 512 0 0 0 0 0 0 0 768 0 0 0 0 0 0
12 2 149 2 309 2 0 1024 0 0 0 0 0 0 0 2048 0 0 0 0 0 0 0 3072 0 0 0 0 0 0
13 2 150 2 310 2 0 4096 0 0 0 0 0 0 0 8192 0 0 0 0 0 0 0 12288 0 0 0 0 0 0
14 2 151 2 311 2 0 16384 0 0 0 0 0 0 0 32768 0 0 0 0 0 0 0 49152 0 0 0 0 0 0
15 2 152 2 312 2 0 65536 0 0 0 0 0 0 0 131072 0 0 0 0 0 0 0 196608 0 0 0 0 0 0
16 2 153 2 313 2 0 262144 0 0 0 0 0 0 0 524288 0 0 0 0 0 0 0 786432 0 0 0 0 0 0
17 2 154 2 314 2 0 1048576 0 0 0 0 0 0 0 2097152 0 0 0 0 0 0 0 3145728 0 0 0 0 0 0
18 2 155 2 315 2 0 4194304 0 0 0 0 0 0 0 8388608 0 0 0 0 0 0 0 12582912 0 0 0 0 0 0
19 2 156 2 316 2 0 16777216 0 0 0 0 0 0 0 33554432 0 0 0 0 0 0 0 50331648 0 0 0 0 0 0
20 2 157 2 317 2 0 67108864 0 0 0 0 0 0 0 134217728 0 0 0 0 0 0 0 201326592 0 0 0 0 0 0
21 2 158 2 318 2 0 268435456 0 0 0 0 0 0 0 536870912 0 0 0 0 0 0 0 805306368 0 0 0 0 0 0
22 2 159 2 319 2 0 1073741824 0 0 0 0 0 0 0 2147483648 0 0 0 0 0 0 0 3221225472 0 0 0 0 0 0
23 2 160 2 320 2 0 4294967296 0 0 0 0 0 0 0 8589934592 0 0 0 0 0 0 0 12884901888 0 0 0 0 0 0
24 2 161 2 321 2 0 17179869184 0 0 0 0 0 0 0 34359738368 0 0 0 0 0 0 0 51539607552 0 0 0 0 0 0
25 2 162 2 322 2 0 68719476736 0 0 0 0 0 0 0 137438953472 0 0 0 0 0 0 0 206158430208 0 0 0 0 0 0
26 2 163 2 323 2 0 274877906944 0 0 0 0 0 0 0 549755813888 0 0 0 0 0 0 0 824633720832 0 0 0 0 0 0
27 2 164 2 324 2 0 1099511627776 0 0 0 0 0 0 0 2199023255552 0 0 0 0 0 0 0 3298534883328 0 0 0 0 0 0
28 2 165 2 325 2 0 4398046511104 0 0 0 0 0 0 0 8796093022208 0 0 0 0 0 0 0 13194139533312 0 0 0 0 0 0
29 2 166 2 326 2 0 17592186044416 0 0 0 0 0 0 0 35184372088832 0 0 0 0 0 0 0 52776558133248 0 0 0 0 0 0
30 2 167 2 327 2 0 70368744177664 0 0 0 0 0 0 0 140737488355328 0 0 0 0 0 0 0 211106232532992 0 0 0 0 0 0
31 2 168 2 328 2 0 281474976710656 0 0 0 0 0 0 0 562949953421312 0 0 0 0 0 0 0 844424930131968 0 0 0 0 0 0
32 2 169 2 329 2 0 1125899906842624 0 0 0 0 0 0 0 2251799813685248 0 0 0 0 0 0 0 3377699720527872 0 0 0 0 0 0
33 2 170 2 330 2 0 4503599627370496 0 0 0 0 0 0 0 9007199254740992 0 0 0 0 0 0 0 13510798882111488 0 0 0 0 0 0
34 2 171 2 331 2 0 18014398509481984 0 0 0 0 0 0 0 36028797018963968 0 0 0 0 0 0 0 54043195528445952 0 0 0 0 0 0
35 2 172 2 332 2 0 72057594037927936 0 0 0 0 0 0 0 144115188075855872 0 0 0 0 0 0 0 216172782113783808 0 0 0 0 0 0
36 2 173 2 333 2 0 288230376151711744 0 0 0 0 0 0 0 576460752303423488 0 0 0 0 0 0 0 864691128455135232 0 0 0 0 0 0
37 2 174 2 334 2 0 1152921504606846976 0 0 0 0 0 0 0 2305843009213693952 0 0 0 0 0 0 0 3458764513820540928 0 0 0 0 0 0
38 2 175 2 335 2 0 4611686018427387904 0 0 0 0 0 0 0 9223372036854775808 0 0 0 0 0 0 0 13835058055282163712 0 0 0 0 0 0
39 2 176 2 336 2 0 0 1 0 0 0 0 0 0 0 2 0 0 0 0 0 0 0 3 0 0 0 0 0
40 2 177 2 337 2 0 0 4 0 0 0 0 0 0 0 8 0 0 0 0 0 0 0 12 0 0 0 0 0
41 2 178 2 338 2 0 0 16 0 0 0 0 0 0 0 32 0 0 0 0 0 0 0 48 0 0 0 0 0
42 2 179 2 339 2 0 0 64 0 0 0 0 0 0 0 128 0 0 0 0 0 0 0 192 0 0 0 0 0
43 2 180 2 340 2 0 0 256 0 0 0 0 0 0 0 512 0 0 0 0 0 0 0 768 0 0 0 0 0
44 2 181 2 341 2 0 0 1024 0 0 0 0 0 0 0 2048 0 0 0 0 0 0 0 3072 0 0 0 0 0
45 2 182 2 342 2 0 0 4096 0 0 0 0 0 0 0 8192 0 0 0 0 0 0 0 12288 0 0 0 0 0
46 2 183 2 343 2 0 0 16384 0 0 0 0 0 0 0 32768 0 0 0 0 0 0 0 49152 0 0 0 0 0
47 2 184 2 344 2 0 0 65536 0 0 0 0 0 0 0 131072 0 0 0 0 0 0 0 196608 0 0 0 0 0
48 2 185 2 345 2 0 0 262144 0 0 0 0 0 0 0 524288 0 0 0 0 0 0 0 786432 0 0 0 0 0
49 2 186 2 346 2 0 0 1048576 0 0 0 0 0 0 0 2097152 0 0 0 0 0 0 0 3145728 0 0 0 0 0
50 2 187 2 347 2 0 0 4194304 0 0 0 0 0 0 0 8388608 0 0 0 0 0 0 0 12582912 0 0 0 0 0
51 2 188 2 348 2 0 0 16777216 0 0 0 0 0 0 0 33554432 0 0 0 0 0 0 0 50331648 0 0 0 0 0
52 2 189 2 349 2 0 0 67108864 0 0 0 0 0 0 0 134217728 0 0 0 0 0 0 0 201326592 0 0 0 0 0
53 2 190 2 350 2 0 0 268435456 0 0 0 0 0 0 0 536870912 0 0 0 0 0 0 0 805306368 0 0 0 0 0
54 2 191 2 351 2 0 0 1073741824 0 0 0 0 0 0 0 2147483648 0 0 0 0 0 0 0 3221225472 0 0 0 0 0
55 2 192 2 352 2 0 0 4294967296 0 0 0 0 0 0 0 8589934592 0 0 0 0 0 0 0 12884901888 0 0 0 0 0
56 2 193 2 353 2 0 0 17179869184 0 0 0 0 0 0 0 34359738368 0 0 0 0 0 0 0 51539607552 0 0 0 0 0
57 2 194 2 354 2 0 0 68719476736 0 0 0 0 0 0 0 137438953472 0 0 0 0 0 0 0 206158430208 0 0 0 0 0
58 2 195 2 355 2 0 0 274877906944 0 0 0 0 0 0 0 549755813888 0 0 0 0 0 0 0 824633720832 0 0 0 0 0
59 2 196 2 356 2 0 0 1099511627776 0 0 0 0 0 0 0 2199023255552 0 0 0 0 0 0 0 3298534883328 0 0 0 0 0
60 2 197 2 357 2 0 0 4398046511104 0 0 0 0 0 0 0 8796093022208 0 0 0 0 0 0 0 13194139533312 0 0 0 0 0
61 2 198 2 358 2 0 0 17592186044416 0 0 0 0 0 0 0 35184372088832 0 0 0 0 0 0 0 52776558133248 0 0 0 0 0
62 2 199 2 359 2 0 0 70368744177664 0 0 0 0 0 0 0 140737488355328 0 0 0 0 0 0 0 211106232532992 0 0 0 0 0
63 2 200 2 360 2 0 0 281474976710656 0 0 0 0 0 0 0 562949953421312 0 0 0 0 0 0 0 844424930131968 0 0 0 0 0
64 2 201 2 361 2 0 0 1125899906842624 0 0 0 0 0 0 0 2251799813685248 0 0 0 0 0 0 0 3377699720527872 0 0 0 0 0
65 2 202 2 362 2 0 0 4503599627370496 0 0 0 0 0 0 0 9007199254740992 0 0 0 0 0 0 0 13510798882111488 0 0 0 0 0
66 2 203 2 363 2 0 0 18014398509481984 0 0 0 0 0 0 0 36028797018963968 0 0 0 0 0 0 0 54043195528445952 0 0 0 0 0
67 2 204 2 364 2 0 0 72057594037927936 0 0 0 0 0 0 0 144115188075855872 0 0 0 0 0 0 0 216172782113783808 0 0 0 0 0
68 2 205 2 365 2 0 0 288230376151711744 0 0 0 0 0 0 0 576460752303423488 0 0 0 0 0 0 0 864691128455135232 0 0 0 0 0
69 2 206 2 366 2 0 0 1152921504606846976 0 0 0 0 0 0 0 2305843009213693952 0 0 0 0 0 0 0 3458764513820540928 0 0 0 0 0
70 2 207 2 367 2 0 0 4611686018427387904 0 0 0 0 0 0 0 9223372036854775808 0 0 0 0 0 0 0 13835058055282163712 0 0 0 0 0
71 2 208 2 368 2 0 0 0 1 0 0 0 0 0 0 0 2 0 0 0 0 0 0 0 3 0 0 0 0
72 2 209 2 369 2 0 0 0 4 0 0 0 0 0 0 0 8 0 0 0 0 0 0 0 12 0 0 0 0
73 2 210 2 370 2 0 0 0 16 0 0 0 0 0 0 0 32 0 0 0 0 0 0 0 48 0 0 0 0
74 2 211 2 371 2 0 0 0 64 0 0 0 0 0 0 0 128 0 0 0 0 0 0 0 192 0 0 0 0
75 2 212 2 372 2 0 0 0 256 0 0 0 0 0 0 0 512 0 0 0 0 0 0 0 768 0 0 0 0
76 2 213 2 373 2 0 0 0 1024 0 0 0 0 0 0 0 2048 0 0 0 0 0 0 0 3072 0 0 0 0
77 2 214 2 374 2 0 0 0 4096 0 0 0 0 0 0 0 8192 0 0 0 0 0 0 0 12288 0 0 0 0
78 2 215 2 375 2 0 0 0 16384 0 0 0 0 0 0 0 32768 0 0 0 0 0 0 0 49152 0 0 0 0
79 2 216 2 376 2 0 0 0 65536 0 0 0 0 0 0 0 131072 0 0 0 0 0 0 0 196608 0 0 0 0
80 2 217 2 377 2 0 0 0 262144 0 0 0 0 0 0 0 524288 0 0 0 0 0 0 0 786432 0 0 0 0
81 2 218 2 378 2 0 0 0 1048576 0 0 0 0 0 0 0 2097152 0 0 0 0 0 0 0 3145728 0 0 0 0
82 2 219 2 379 2 0 0 0 4194304 0 0 0 0 0 0 0 8388608 0 0 0 0 0 0 0 12582912 0 0 0 0
83 2 220 2 380 2 0 0 0 16777216 0 0 0 0 0 0 0 33554432 0 0 0 0 0 0 0 50331648 0 0 0 0
84 2 221 2 381 2 0 0 0 67108864 0 0 0 0 0 0 0 134217728 0 0 0 0 0 0 0 201326592 0 0 0 0
85 2 222 2 382 2 0 0 0 268435456 0 0 0 0 0 0 0 536870912 0 0 0 0 0 0 0 805306368 0 0 0 0
86 2 223 2 383 2 0 0 0 1073741824 0 0 0 0 0 0 0 2147483648 0 0 0 0 0 0 0 3221225472 0 0 0 0
87 2 224 2 256 2 0 0 0 4294967296 0 0 0 0 0 0 0 8589934592 0 0 0 0 0 0 0 12884901888 0 0 0 0
88 2 225 2 257 2 0 0 0 17179869184 0 0 0 0 0 0 0 34359738368 0 0 0 0 0 0 0 51539607552 0 0 0 0
89 2 226 2 258 2 0 0 0 68719476736 0 0 0 0 0 0 0 137438953472 0 0 0 0 0 0 0 206158430208 0 0 0 0
90 2 227 2 259 2 0 0 0 274877906944 0 0 0 0 0 0 0 549755813888 0 0 0 0 0 0 0 824633720832 0 0 0 0
91 2 228 2 260 2 0 0 0 1099511627776 0 0 0 0 0 0 0 2199023255552 0 0 0 0 0 0 0 3298534883328 0 0 0 0
92 2 229 2 261 2 0 0 0 4398046511104 0 0 0 0 0 0 0 8796093022208 0 0 0 0 0 0 0 13194139533312 0 0 0 0
93 2 230 2 262 2 0 0 0 17592186044416 0 0 0 0 0 0 0 35184372088832 0 0 0 0 0 0 0 52776558133248 0 0 0 0
94 2 231 2 263 2 0 0 0 70368744177664 0 0 0 0 0 0 0 140737488355328 0 0 0 0 0 0 0 211106232532992 0 0 0 0
95 2 232 2 264 2 0 0 0 281474976710656 0 0 0 0 0 0 0 562949953421312 0 0 0 0 0 0 0 844424930131968 0 0 0 0
96 2 233 2 265 2 0 0 0 1125899906842624 0 0 0 0 0 0 0 2251799813685248 0 0 0 0 0 0 0 3377699720527872 0 0 0 0
97 2 234 2 266 2 0 0 0 4503599627370496 0 0 0 0 0 0 0 9007199254740992 0 0 0 0 0 0 0 13510798882111488 0 0 0 0
98 2 235 2 267 2 0 0 0 18014398509481984 0 0 0 0 0 0 0 36028797018963968 0 0 0 0 0 0 0 54043195528445952 0 0 0 0
99 2 236 2 268 2 0 0 0 72057594037927936 0 0 0 0 0 0 0 144115188075855872 0 0 0 0 0 0 0 216172782113783808 0 0 0 0
100 2 237 2 269 2 0 0 0 288230376151711744 0 0 0 0 0 0 0 576460752303423488 0 0 0 0 0 0 0 864691128455135232 0 0 0 0
101 2 238 2 270 2 0 0 0 1152921504606846976 0 0 0 0 0 0 0 2305843009213693952 0 0 0 0 0 0 0 3458764513820540928 0 0 0 0
102 2 239 2 271 2 0 0 0 4611686018427387904 0 0 0 0 0 0 0 9223372036854775808 0 0 0 0 0 0 0 13835058055282163712 0 0 0 0
0 2 249 1 345 1 0 0 0 0 0 0 0 0 0 0 0 0 0 0 0 0 0 0 0 0 0 0 0 0
1 2 250 1 346 1 0 0 0 0 0 0 0 0 0 0 0 0 0 0 0 0 0 0 0 0 0 0 0 0
2 2 251 1 347 1 0 0 0 0 0 0 0 0 0 0 0 0 0 0 0 0 0 0 0 0 0 0 0 0
3 2 252 1 348 1 0 0 0 0 0 0 0 0 0 0 0 0 0 0 0 0 0 0 0 0 0 0 0 0
4 2 253 1 349 1 0 0 0 0 0 0 0 0 0 0 0 0 0 0 0 0 0 0 0 0 0 0 0 0
5 2 254 1 350 1 0 0 0 0 0 0 0 0 0 0 0 0 0 0 0 0 0 0 0 0 0 0 0 0
6 2 255 1 351 1 0 0 0 0 0 0 0 0 0 0 0 0 0 0 0 0 0 0 0 0 0 0 0 0
7 2 128 1 352 1 0 0 0 0 0 0 0 0 0 0 0 0 0 0 0 0 0 0 0 0 0 0 0 0
8 2 129 1 353 1 0 0 0 0 0 0 0 0 0 0 0 0 0 0 0 0 0 0 0 0 0 0 0 0
9 2 130 1 354 1 0 0 0 0 0 0 0 0 0 0 0 0 0 0 0 0 0 0 0 0 0 0 0 0
10 2 131 1 355 1 0 0 0 0 0 0 0 0 0 0 0 0 0 0 0 0 0 0 0 0 0 0 0 0
11 2 132 1 356 1 0 0 0 0 0 0 0 0 0 0 0 0 0 0 0 0 0 0 0 0 0 0 0 0
12 2 133 1 357 1 0 0 0 0 0 0 0 0 0 0 0 0 0 0 0 0 0 0 0 0 0 0 0 0
13 2 134 1 358 1 0 0 0 0 0 0 0 0 0 0 0 0 0 0 0 0 0 0 0 0 0 0 0 0
14 2 135 1 359 1 0 0 0 0 0 0 0 0 0 0 0 0 0 0 0 0 0 0 0 0 0 0 0 0
15 2 136 1 360 1 0 0 0 0 0 0 0 0 0 0 0 0 0 0 0 0 0 0 0 0 0 0 0 0
16 2 137 1 361 1 0 0 0 0 0 0 0 0 0 0 0 0 0 0 0 0 0 0 0 0 0 0 0 0
17 2 138 1 362 1 0 0 0 0 0 0 0 0 0 0 0 0 0 0 0 0 0 0 0 0 0 0 0 0
18 2 139 1 363 1 0 0 0 0 0 0 0 0 0 0 0 0 0 0 0 0 0 0 0 0 0 0 0 0
19 2 140 1 364 1 0 0 0 0 0 0 0 0 0 0 0 0 0 0 0 0 0 0 0 0 0 0 0 0
20 2 141 1 365 1 0 0 0 0 0 0 0 0 0 0 0 0 0 0 0 0 0 0 0 0 0 0 0 0
21 2 142 1 366 1 0 0 0 0 0 0 0 0 0 0 0 0 0 0 0 0 0 0 0 0 0 0 0 0
22 2 143 1 367 1 0 0 0 0 0 0 0 0 0 0 0 0 0 0 0 0 0 0 0 0 0 0 0 0
23 2 144 1 368 1 0 0 0 0 0 0 0 0 0 0 0 0 0 0 0 0 0 0 0 0 0 0 0 0
24 2 145 1 369 1 0 0 0 0 0 0 0 0 0 0 0 0 0 0 0 0 0 0 0 0 0 0 0 0
25 2 146 1 370 1 0 0 0 0 0 0 0 0 0 0 0 0 0 0 0 0 0 0 0 0 0 0 0 0
26 2 147 1 371 1 0 0 0 0 0 0 0 0 0 0 0 0 0 0 0 0 0 0 0 0 0 0 0 0
27 2 148 1 372 1 0 0 0 0 0 0 0 0 0 0 0 0 0 0 0 0 0 0 0 0 0 0 0 0
28 2 149 1 373 1 0 0 0 0 0 0 0 0 0 0 0 0 0 0 0 0 0 0 0 0 0 0 0 0
29 2 150 1 374 1 0 0 0 0 0 0 0 0 0 0 0 0 0 0 0 0 0 0 0 0 0 0 0 0
30 2 151 1 375 1 0 0 0 0 0 0 0 0 0 0 0 0 0 0 0 0 0 0 0 0 0 0 0 0
31 2 152 1 376 1 0 0 0 0 0 0 0 0 0 0 0 0 0 0 0 0 0 0 0 0 0 0 0 0
32 2 153 1 377 1 0 0 0 0 0 0 0 0 0 0 0 0 0 0 0 0 0 0 0 0 0 0 0 0
33 2 154 1 378 1 0 0 0 0 0 0 0 0 0 0 0 0 0 0 0 0 0 0 0 0 0 0 0 0
34 2 155 1 379 1 0 0 0 0 0 0 0 0 0 0 0 0 0 0 0 0 0 0 0 0 0 0 0 0
35 2 156 1 380 1 0 0 0 0 0 0 0 0 0 0 0 0 0 0 0 0 0 0 0 0 0 0 0 0
36 2 157 1 381 1 0 0 0 0 0 0 0 0 0 0 0 0 0 0 0 0 0 0 0 0 0 0 0 0
37 2 158 1 382 1 0 0 0 0 0 0 0 0 0 0 0 0 0 0 0 0 0 0 0 0 0 0 0 0
38 2 159 1 383 1 0 0 0 0 0 0 0 0 0 0 0 0 0 0 0 0 0 0 0 0 0 0 0 0
39 2 160 1 256 1 0 0 0 0 0 0 0 0 0 0 0 0 0 0 0 0 0 0 0 0 0 0 0 0
40 2 161 1 257 1 0 0 0 0 0 0 0 0 0 0 0 0 0 0 0 0 0 0 0 0 0 0 0 0
41 2 162 1 258 1 0 0 0 0 0 0 0 0 0 0 0 0 0 0 0 0 0 0 0 0 0 0 0 0
42 2 163 1 259 1 0 0 0 0 0 0 0 0 0 0 0 0 0 0 0 0 0 0 0 0 0 0 0 0
43 2 164 1 260 1 0 0 0 0 0 0 0 0 0 0 0 0 0 0 0 0 0 0 0 0 0 0 0 0
44 2 165 1 261 1 0 0 0 0 0 0 0 0 0 0 0 0 0 0 0 0 0 0 0 0 0 0 0 0
45 2 166 1 262 1 0 0 0 0 0 0 0 0 0 0 0 0 0 0 0 0 0 0 0 0 0 0 0 0
46 2 167 1 263 1 0 0 0 0 0 0 0 0 0 0 0 0 0 0 0 0 0 0 0 0 0 0 0 0
47 2 168 1 264 1 0 0 0 0 0 0 0 0 0 0 0 0 0 0 0 0 0 0 0 0 0 0 0 0
48 2 169 1 265 1 0 0 0 0 0 0 0 0 0 0 0 0 0 0 0 0 0 0 0 0 0 0 0 0
49 2 170 1 266 1 0 0 0 0 0 0 0 0 0 0 0 0 0 0 0 0 0 0 0 0 0 0 0 0
50 2 171 1 267 1 0 0 0 0 0 0 0 0 0 0 0 0 0 0 0 0 0 0 0 0 0 0 0 0
51 2 172 1 268 1 0 0 0 0 0 0 0 0 0 0 0 0 0 0 0 0 0 0 0 0 0 0 0 0
52 2 173 1 269 1 0 0 0 0 0 0 0 0 0 0 0 0 0 0 0 0 0 0 0 0 0 0 0 0
53 2 174 1 270 1 0 0 0 0 0 0 0 0 0 0 0 0 0 0 0 0 0 0 0 0 0 0 0 0
54 2 175 1 271 1 0 0 0 0 0 0 0 0 0 0 0 0 0 0 0 0 0 0 0 0 0 0 0 0
55 2 176 1 272 1 0 0 0 0 0 0 0 0 0 0 0 0 0 0 0 0 0 0 0 0 0 0 0 0
56 2 177 1 273 1 0 0 0 0 0 0 0 0 0 0 0 0 0 0 0 0 0 0 0 0 0 0 0 0
57 2 178 1 274 1 0 0 0 0 0 0 0 0 0 0 0 0 0 0 0 0 0 0 0 0 0 0 0 0
58 2 179 1 275 1 0 0 0 0 0 0 0 0 0 0 0 0 0 0 0 0 0 0 0 0 0 0 0 0
59 2 180 1 276 1 0 0 0 0 0 0 0 0 0 0 0 0 0 0 0 0 0 0 0 0 0 0 0 0
60 2 181 1 277 1 0 0 0 0 0 0 0 0 0 0 0 0 0 0 0 0 0 0 0 0 0 0 0 0
61 2 182 1 278 1 0 0 0 0 0 0 0 0 0 0 0 0 0 0 0 0 0 0 0 0 0 0 0 0
62 2 183 1 279 1 0 0 0 0 0 0 0 0 0 0 0 0 0 0 0 0 0 0 0 0 0 0 0 0
63 2 184 1 280 1 0 0 0 0 0 0 0 0 0 0 0 0 0 0 0 0 0 0 0 0 0 0 0 0
64 2 185 1 281 1 0 0 0 0 0 0 0 0 0 0 0 0 0 0 0 0 0 0 0 0 0 0 0 0
65 2 186 1 282 1 0 0 0 0 0 0 0 0 0 0 0 0 0 0 0 0 0 0 0 0 0 0 0 0
66 2 187 1 283 1 0 0 0 0 0 0 0 0 0 0 0 0 0 0 0 0 0 0 0 0 0 0 0 0
67 2 188 1 284 1 0 0 0 0 0 0 0 0 0 0 0 0 0 0 0 0 0 0 0 0 0 0 0 0
68 2 189 1 285 1 0 0 0 0 0 0 0 0 0 0 0 0 0 0 0 0 0 0 0 0 0 0 0 0
69 2 190 1 286 1 0 0 0 0 0 0 0 0 0 0 0 0 0 0 0 0 0 0 0 0 0 0 0 0
70 2 191 1 287 1 0 0 0 0 0 0 0 0 0 0 0 0 0 0 0 0 0 0 0 0 0 0 0 0
71 2 192 1 288 1 0 0 0 0 0 0 0 0 0 0 0 0 0 0 0 0 0 0 0 0 0 0 0 0
72 2 193 1 289 1 0 0 0 0 0 0 0 0 0 0 0 0 0 0 0 0 0 0 0 0 0 0 0 0
73 2 194 1 290 1 0 0 0 0 0 0 0 0 0 0 0 0 0 0 0 0 0 0 0 0 0 0 0 0
74 2 195 1 291 1 0 0 0 0 0 0 0 0 0 0 0 0 0 0 0 0 0 0 0 0 0 0 0 0
75 2 196 1 292 1 0 0 0 0 0 0 0 0 0 0 0 0 0 0 0 0 0 0 0 0 0 0 0 0
76 2 197 1 293 1 0 0 0 0 0 0 0 0 0 0 0 0 0 0 0 0 0 0 0 0 0 0 0 0
77 2 198 1 294 1 0 0 0 0 0 0 0 0 0 0 0 0 0 0 0 0 0 0 0 0 0 0 0 0
78 2 199 1 295 1 0 0 0 0 0 0 0 0 0 0 0 0 0 0 0 0 0 0 0 0 0 0 0 0
79 2 200 1 296 1 0 0 0 0 0 0 0 0 0 0 0 0 0 0 0 0 0 0 0 0 0 0 0 0
80 2 201 1 297 1 0 0 0 0 0 0 0 0 0 0 0 0 0 0 0 0 0 0 0 0 0 0 0 0
81 2 202 1 298 1 0 0 0 0 0 0 0 0 0 0 0 0 0 0 0 0 0 0 0 0 0 0 0 0
82 2 203 1 299 1 0 0 0 0 0 0 0 0 0 0 0 0 0 0 0 0 0 0 0 0 0 0 0 0
83 2 204 1 300 1 0 0 0 0 0 0 0 0 0 0 0 0 0 0 0 0 0 0 0 0 0 0 0 0
84 2 205 1 301 1 0 0 0 0 0 0 0 0 0 0 0 0 0 0 0 0 0 0 0 0 0 0 0 0
85 2 206 1 302 1 0 0 0 0 0 0 0 0 0 0 0 0 0 0 0 0 0 0 0 0 0 0 0 0
86 2 207 1 303 1 0 0 0 0 0 0 0 0 0 0 0 0 0 0 0 0 0 0 0 0 0 0 0 0
87 2 208 1 304 1 0 0 0 0 0 0 0 0 0 0 0 0 0 0 0 0 0 0 0 0 0 0 0 0
88 2 209 1 305 1 0 0 0 0 0 0 0 0 0 0 0 0 0 0 0 0 0 0 0 0 0 0 0 0
89 2 210 1 306 1 0 0 0 0 0 0 0 0 0 0 0 0 0 0 0 0 0 0 0 0 0 0 0 0
90 2 211 1 307 1 0 0 0 0 0 0 0 0 0 0 0 0 0 0 0 0 0 0 0 0 0 0 0 0
91 2 212 1 308 1 0 0 0 0 0 0 0 0 0 0 0 0 0 0 0 0 0 0 0 0 0 0 0 0
92 2 213 1 309 1 0 0 0 0 0 0 0 0 0 0 0 0 0 0 0 0 0 0 0 0 0 0 0 0
93 2 214 1 310 1 0 0 0 0 0 0 0 0 0 0 0 0 0 0 0 0 0 0 0 0 0 0 0 0
94 2 215 1 311 1 0 0 0 0 0 0 0 0 0 0 0 0 0 0 0 0 0 0 0 0 0 0 0 0
95 2 216 1 312 1 0 0 0 0 0 0 0 0 0 0 0 0 0 0 0 0 0 0 0 0 0 0 0 0
96 2 217 1 313 1 0 0 0 0 0 0 0 0 0 0 0 0 0 0 0 0 0 0 0 0 0 0 0 0
97 2 218 1 314 1 0 0 0 0 0 0 0 0 0 0 0 0 0 0 0 0 0 0 0 0 0 0 0 0
98 2 219 1 315 1 0 0 0 0 0 0 0 0 0 0 0 0 0 0 0 0 0 0 0 0 0 0 0 0
99 2 220 1 316 1 0 0 0 0 0 0 0 0 0 0 0 0 0 0 0 0 0 0 0 0 0 0 0 0
100 2 221 1 317 1 0 0 0 0 0 0 0 0 0 0 0 0 0 0 0 0 0 0 0 0 0 0 0 0
101 2 222 1 318 1 0 0 0 0 0 0 0 0 0 0 0 0 0 0 0 0 0 0 0 0 0 0 0 0
102 2 223 1 319 1 0 0 0 0 0 0 0 0 0 0 0 0 0 0 0 0 0 0 0 0 0 0 0 0
103 2 224 1 320 1 0 0 0 0 0 0 0 0 0 0 0 0 0 0 0 0 0 0 0 0 0 0 0 0
104 2 225 1 321 1 0 0 0 0 0 0 0 0 0 0 0 0 0 0 0 0 0 0 0 0 0 0 0 0
105 2 226 1 322 1 0 0 0 0 0 0 0 0 0 0 0 0 0 0 0 0 0 0 0 0 0 0 0 0
106 2 227 1 323 1 0 0 0 0 0 0 0 0 0 0 0 0 0 0 0 0 0 0 0 0 0 0 0 0
107 2 228 1 324 1 0 0 0 0 0 0 0 0 0 0 0 0 0 0 0 0 0 0 0 0 0 0 0 0
108 2 229 1 325 1 0 0 0 0 0 0 0 0 0 0 0 0 0 0 0 0 0 0 0 0 0 0 0 0
109 2 230 1 326 1 0 0 0 0 0 0 0 0 0 0 0 0 0 0 0 0 0 0 0 0 0 0 0 0
110 2 231 1 327 1 0 0 0 0 0 0 0 0 0 0 0 0 0 0 0 0 0 0 0 0 0 0 0 0
111 2 232 1 328 1 0 0 0 0 0 0 0 0 0 0 0 0 0 0 0 0 0 0 0 0 0 0 0 0
112 2 233 1 329 1 0 0 0 0 0 0 0 0 0 0 0 0 0 0 0 0 0 0 0 0 0 0 0 0
113 2 234 1 330 1 0 0 0 0 0 0 0 0 0 0 0 0 0 0 0 0 0 0 0 0 0 0 0 0
114 2 235 1 331 1 0 0 0 0 0 0 0 0 0 0 0 0 0 0 0 0 0 0 0 0 0 0 0 0
115 2 236 1 332 1 0 0 0 0 0 0 0 0 0 0 0 0 0 0 0 0 0 0 0 0 0 0 0 0
116 2 237 1 333 1 0 0 0 0 0 0 0 0 0 0 0 0 0 0 0 0 0 0 0 0 0 0 0 0
117 2 238 1 334 1 0 0 0 0 0 0 0 0 0 0 0 0 0 0 0 0 0 0 0 0 0 0 0 0
118 2 239 1 335 1 0 0 0 0 0 0 0 0 0 0 0 0 0 0 0 0 0 0 0 0 0 0 0 0
119 2 240 1 336 1 0 0 0 0 0 0 0 0 0 0 0 0 0 0 0 0 0 0 0 0 0 0 0 0
120 2 241 1 337 1 0 0 0 0 0 0 0 0 0 0 0 0 0 0 0 0 0 0 0 0 0 0 0 0
121 2 242 1 338 1 0 0 0 0 0 0 0 0 0 0 0 0 0 0 0 0 0 0 0 0 0 0 0 0
122 2 243 1 339 1 0 0 0 0 0 0 0 0 0 0 0 0 0 0 0 0 0 0 0 0 0 0 0 0
123 2 244 1 340 1 0 0 0 0 0 0 0 0 0 0 0 0 0 0 0 0 0 0 0 0 0 0 0 0
124 2 245 1 341 1 0 0 0 0 0 0 0 0 0 0 0 0 0 0 0 0 0 0 0 0 0 0 0 0
125 2 246 1 342 1 0 0 0 0 0 0 0 0 0 0 0 0 0 0 0 0 0 0 0 0 0 0 0 0
126 2 247 1 343 1 0 0 0 0 0 0 0 0 0 0 0 0 0 0 0 0 0 0 0 0 0 0 0 0
127 2 248 1 344 1 0 0 0 0 0 0 0 0 0 0 0 0 0 0 0 0 0 0 0 0 0 0 0 0
103 1 128 2 368 1 0 0 0 0 0 0 0 0 0 0 0 0 0 0 0 0 0 0 0 0 0 0 0 0
104 1 129 2 369 1 0 0 0 0 0 0 0 0 0 0 0 0 0 0 0 0 0 0 0 0 0 0 0 0
105 1 130 2 370 1 0 0 0 0 0 0 0 0 0 0 0 0 0 0 0 0 0 0 0 0 0 0 0 0
106 1 131 2 371 1 0 0 0 0 0 0 0 0 0 0 0 0 0 0 0 0 0 0 0 0 0 0 0 0
107 1 132 2 372 1 0 0 0 0 0 0 0 0 0 0 0 0 0 0 0 0 0 0 0 0 0 0 0 0
108 1 133 2 373 1 0 0 0 0 0 0 0 0 0 0 0 0 0 0 0 0 0 0 0 0 0 0 0 0
109 1 134 2 374 1 0 0 0 0 0 0 0 0 0 0 0 0 0 0 0 0 0 0 0 0 0 0 0 0
110 1 135 2 375 1 0 0 0 0 0 0 0 0 0 0 0 0 0 0 0 0 0 0 0 0 0 0 0 0
111 1 136 2 376 1 0 0 0 0 0 0 0 0 0 0 0 0 0 0 0 0 0 0 0 0 0 0 0 0
112 1 137 2 377 1 0 0 0 0 0 0 0 0 0 0 0 0 0 0 0 0 0 0 0 0 0 0 0 0
113 1 138 2 378 1 0 0 0 0 0 0 0 0 0 0 0 0 0 0 0 0 0 0 0 0 0 0 0 0
114 1 139 2 379 1 0 0 0 0 0 0 0 0 0 0 0 0 0 0 0 0 0 0 0 0 0 0 0 0
115 1 140 2 380 1 0 0 0 0 0 0 0 0 0 0 0 0 0 0 0 0 0 0 0 0 0 0 0 0
116 1 141 2 381 1 0 0 0 0 0 0 0 0 0 0 0 0 0 0 0 0 0 0 0 0 0 0 0 0
117 1 142 2 382 1 0 0 0 0 0 0 0 0 0 0 0 0 0 0 0 0 0 0 0 0 0 0 0 0
118 1 143 2 383 1 0 0 0 0 0 0 0 0 0 0 0 0 0 0 0 0 0 0 0 0 0 0 0 0
119 1 144 2 256 1 0 0 0 0 0 0 0 0 0 0 0 0 0 0 0 0 0 0 0 0 0 0 0 0
120 1 145 2 257 1 0 0 0 0 0 0 0 0 0 0 0 0 0 0 0 0 0 0 0 0 0 0 0 0
121 1 146 2 258 1 0 0 0 0 0 0 0 0 0 0 0 0 0 0 0 0 0 0 0 0 0 0 0 0
122 1 147 2 259 1 0 0 0 0 0 0 0 0 0 0 0 0 0 0 0 0 0 0 0 0 0 0 0 0
123 1 148 2 260 1 0 0 0 0 0 0 0 0 0 0 0 0 0 0 0 0 0 0 0 0 0 0 0 0
124 1 149 2 261 1 0 0 0 0 0 0 0 0 0 0 0 0 0 0 0 0 0 0 0 0 0 0 0 0
125 1 150 2 262 1 0 0 0 0 0 0 0 0 0 0 0 0 0 0 0 0 0 0 0 0 0 0 0 0
126 1 151 2 263 1 0 0 0 0 0 0 0 0 0 0 0 0 0 0 0 0 0 0 0 0 0 0 0 0
127 1 152 2 264 1 0 0 0 0 0 0 0 0 0 0 0 0 0 0 0 0 0 0 0 0 0 0 0 0
0 1 153 2 265 1 0 0 0 0 0 0 0 0 0 0 0 0 0 0 0 0 0 0 0 0 0 0 0 0
1 1 154 2 266 1 0 0 0 0 0 0 0 0 0 0 0 0 0 0 0 0 0 0 0 0 0 0 0 0
2 1 155 2 267 1 0 0 0 0 0 0 0 0 0 0 0 0 0 0 0 0 0 0 0 0 0 0 0 0
3 1 156 2 268 1 0 0 0 0 0 0 0 0 0 0 0 0 0 0 0 0 0 0 0 0 0 0 0 0
4 1 157 2 269 1 0 0 0 0 0 0 0 0 0 0 0 0 0 0 0 0 0 0 0 0 0 0 0 0
5 1 158 2 270 1 0 0 0 0 0 0 0 0 0 0 0 0 0 0 0 0 0 0 0 0 0 0 0 0
6 1 159 2 271 1 0 0 0 0 0 0 0 0 0 0 0 0 0 0 0 0 0 0 0 0 0 0 0 0
7 1 160 2 272 1 0 0 0 0 0 0 0 0 0 0 0 0 0 0 0 0 0 0 0 0 0 0 0 0
8 1 161 2 273 1 0 0 0 0 0 0 0 0 0 0 0 0 0 0 0 0 0 0 0 0 0 0 0 0
9 1 162 2 274 1 0 0 0 0 0 0 0 0 0 0 0 0 0 0 0 0 0 0 0 0 0 0 0 0
10 1 163 2 275 1 0 0 0 0 0 0 0 0 0 0 0 0 0 0 0 0 0 0 0 0 0 0 0 0
11 1 164 2 276 1 0 0 0 0 0 0 0 0 0 0 0 0 0 0 0 0 0 0 0 0 0 0 0 0
12 1 165 2 277 1 0 0 0 0 0 0 0 0 0 0 0 0 0 0 0 0 0 0 0 0 0 0 0 0
13 1 166 2 278 1 0 0 0 0 0 0 0 0 0 0 0 0 0 0 0 0 0 0 0 0 0 0 0 0
14 1 167 2 279 1 0 0 0 0 0 0 0 0 0 0 0 0 0 0 0 0 0 0 0 0 0 0 0 0
15 1 168 2 280 1 0 0 0 0 0 0 0 0 0 0 0 0 0 0 0 0 0 0 0 0 0 0 0 0
16 1 169 2 281 1 0 0 0 0 0 0 0 0 0 0 0 0 0 0 0 0 0 0 0 0 0 0 0 0
17 1 170 2 282 1 0 0 0 0 0 0 0 0 0 0 0 0 0 0 0 0 0 0 0 0 0 0 0 0
18 1 171 2 283 1 0 0 0 0 0 0 0 0 0 0 0 0 0 0 0 0 0 0 0 0 0 0 0 0
19 1 172 2 284 1 0 0 0 0 0 0 0 0 0 0 0 0 0 0 0 0 0 0 0 0 0 0 0 0
20 1 173 2 285 1 0 0 0 0 0 0 0 0 0 0 0 0 0 0 0 0 0 0 0 0 0 0 0 0
21 1 174 2 286 1 0 0 0 0 0 0 0 0 0 0 0 0 0 0 0 0 0 0 0 0 0 0 0 0
22 1 175 2 287 1 0 0 0 0 0 0 0 0 0 0 0 0 0 0 0 0 0 0 0 0 0 0 0 0
23 1 176 2 288 1 0 0 0 0 0 0 0 0 0 0 0 0 0 0 0 0 0 0 0 0 0 0 0 0
24 1 177 2 289 1 0 0 0 0 0 0 0 0 0 0 0 0 0 0 0 0 0 0 0 0 0 0 0 0
25 1 178 2 290 1 0 0 0 0 0 0 0 0 0 0 0 0 0 0 0 0 0 0 0 0 0 0 0 0
26 1 179 2 291 1 0 0 0 0 0 0 0 0 0 0 0 0 0 0 0 0 0 0 0 0 0 0 0 0
27 1 180 2 292 1 0 0 0 0 0 0 0 0 0 0 0 0 0 0 0 0 0 0 0 0 0 0 0 0
28 1 181 2 293 1 0 0 0 0 0 0 0 0 0 0 0 0 0 0 0 0 0 0 0 0 0 0 0 0
29 1 182 2 294 1 0 0 0 0 0 0 0 0 0 0 0 0 0 0 0 0 0 0 0 0 0 0 0 0
30 1 183 2 295 1 0 0 0 0 0 0 0 0 0 0 0 0 0 0 0 0 0 0 0 0 0 0 0 0
31 1 184 2 296 1 0 0 0 0 0 0 0 0 0 0 0 0 0 0 0 0 0 0 0 0 0 0 0 0
32 1 185 2 297 1 0 0 0 0 0 0 0 0 0 0 0 0 0 0 0 0 0 0 0 0 0 0 0 0
33 1 186 2 298 1 0 0 0 0 0 0 0 0 0 0 0 0 0 0 0 0 0 0 0 0 0 0 0 0
34 1 187 2 299 1 0 0 0 0 0 0 0 0 0 0 0 0 0 0 0 0 0 0 0 0 0 0 0 0
35 1 188 2 300 1 0 0 0 0 0 0 0 0 0 0 0 0 0 0 0 0 0 0 0 0 0 0 0 0
36 1 189 2 301 1 0 0 0 0 0 0 0 0 0 0 0 0 0 0 0 0 0 0 0 0 0 0 0 0
37 1 190 2 302 1 0 0 0 0 0 0 0 0 0 0 0 0 0 0 0 0 0 0 0 0 0 0 0 0
38 1 191 2 303 1 0 0 0 0 0 0 0 0 0 0 0 0 0 0 0 0 0 0 0 0 0 0 0 0
39 1 192 2 304 1 0 0 0 0 0 0 0 0 0 0 0 0 0 0 0 0 0 0 0 0 0 0 0 0
40 1 193 2 305 1 0 0 0 0 0 0 0 0 0 0 0 0 0 0 0 0 0 0 0 0 0 0 0 0
41 1 194 2 306 1 0 0 0 0 0 0 0 0 0 0 0 0 0 0 0 0 0 0 0 0 0 0 0 0
42 1 195 2 307 1 0 0 0 0 0 0 0 0 0 0 0 0 0 0 0 0 0 0 0 0 0 0 0 0
43 1 196 2 308 1 0 0 0 0 0 0 0 0 0 0 0 0 0 0 0 0 0 0 0 0 0 0 0 0
44 1 197 2 309 1 0 0 0 0 0 0 0 0 0 0 0 0 0 0 0 0 0 0 0 0 0 0 0 0
45 1 198 2 310 1 0 0 0 0 0 0 0 0 0 0 0 0 0 0 0 0 0 0 0 0 0 0 0 0
46 1 199 2 311 1 0 0 0 0 0 0 0 0 0 0 0 0 0 0 0 0 0 0 0 0 0 0 0 0
47 1 200 2 312 1 0 0 0 0 0 0 0 0 0 0 0 0 0 0 0 0 0 0 0 0 0 0 0 0
48 1 201 2 313 1 0 0 0 0 0 0 0 0 0 0 0 0 0 0 0 0 0 0 0 0 0 0 0 0
49 1 202 2 314 1 0 0 0 0 0 0 0 0 0 0 0 0 0 0 0 0 0 0 0 0 0 0 0 0
50 1 203 2 315 1 0 0 0 0 0 0 0 0 0 0 0 0 0 0 0 0 0 0 0 0 0 0 0 0
51 1 204 2 316 1 0 0 0 0 0 0 0 0 0 0 0 0 0 0 0 0 0 0 0 0 0 0 0 0
52 1 205 2 317 1 0 0 0 0 0 0 0 0 0 0 0 0 0 0 0 0 0 0 0 0 0 0 0 0
53 1 206 2 318 1 0 0 0 0 0 0 0 0 0 0 0 0 0 0 0 0 0 0 0 0 0 0 0 0
54 1 207 2 319 1 0 0 0 0 0 0 0 0 0 0 0 0 0 0 0 0 0 0 0 0 0 0 0 0
55 1 208 2 320 1 0 0 0 0 0 0 0 0 0 0 0 0 0 0 0 0 0 0 0 0 0 0 0 0
56 1 209 2 321 1 0 0 0 0 0 0 0 0 0 0 0 0 0 0 0 0 0 0 0 0 0 0 0 0
57 1 210 2 322 1 0 0 0 0 0 0 0 0 0 0 0 0 0 0 0 0 0 0 0 0 0 0 0 0
58 1 211 2 323 1 0 0 0 0 0 0 0 0 0 0 0 0 0 0 0 0 0 0 0 0 0 0 0 0
59 1 212 2 324 1 0 0 0 0 0 0 0 0 0 0 0 0 0 0 0 0 0 0 0 0 0 0 0 0
60 1 213 2 325 1 0 0 0 0 0 0 0 0 0 0 0 0 0 0 0 0 0 0 0 0 0 0 0 0
61 1 214 2 326 1 0 0 0 0 0 0 0 0 0 0 0 0 0 0 0 0 0 0 0 0 0 0 0 0
62 1 215 2 327 1 0 0 0 0 0 0 0 0 0 0 0 0 0 0 0 0 0 0 0 0 0 0 0 0
63 1 216 2 328 1 0 0 0 0 0 0 0 0 0 0 0 0 0 0 0 0 0 0 0 0 0 0 0 0
64 1 217 2 329 1 0 0 0 0 0 0 0 0 0 0 0 0 0 0 0 0 0 0 0 0 0 0 0 0
65 1 218 2 330 1 0 0 0 0 0 0 0 0 0 0 0 0 0 0 0 0 0 0 0 0 0 0 0 0
66 1 219 2 331 1 0 0 0 0 0 0 0 0 0 0 0 0 0 0 0 0 0 0 0 0 0 0 0 0
67 1 220 2 332 1 0 0 0 0 0 0 0 0 0 0 0 0 0 0 0 0 0 0 0 0 0 0 0 0
68 1 221 2 333 1 0 0 0 0 0 0 0 0 0 0 0 0 0 0 0 0 0 0 0 0 0 0 0 0
69 1 222 2 334 1 0 0 0 0 0 0 0 0 0 0 0 0 0 0 0 0 0 0 0 0 0 0 0 0
70 1 223 2 335 1 0 0 0 0 0 0 0 0 0 0 0 0 0 0 0 0 0 0 0 0 0 0 0 0
71 1 224 2 336 1 0 0 0 0 0 0 0 0 0 0 0 0 0 0 0 0 0 0 0 0 0 0 0 0
72 1 225 2 337 1 0 0 0 0 0 0 0 0 0 0 0 0 0 0 0 0 0 0 0 0 0 0 0 0
73 1 226 2 338 1 0 0 0 0 0 0 0 0 0 0 0 0 0 0 0 0 0 0 0 0 0 0 0 0
74 1 227 2 339 1 0 0 0 0 0 0 0 0 0 0 0 0 0 0 0 0 0 0 0 0 0 0 0 0
75 1 228 2 340 1 0 0 0 0 0 0 0 0 0 0 0 0 0 0 0 0 0 0 0 0 0 0 0 0
76 1 229 2 341 1 0 0 0 0 0 0 0 0 0 0 0 0 0 0 0 0 0 0 0 0 0 0 0 0
77 1 230 2 342 1 0 0 0 0 0 0 0 0 0 0 0 0 0 0 0 0 0 0 0 0 0 0 0 0
78 1 231 2 343 1 0 0 0 0 0 0 0 0 0 0 0 0 0 0 0 0 0 0 0 0 0 0 0 0
79 1 232 2 344 1 0 0 0 0 0 0 0 0 0 0 0 0 0 0 0 0 0 0 0 0 0 0 0 0
80 1 233 2 345 1 0 0 0 0 0 0 0 0 0 0 0 0 0 0 0 0 0 0 0 0 0 0 0 0
81 1 234 2 346 1 0 0 0 0 0 0 0 0 0 0 0 0 0 0 0 0 0 0 0 0 0 0 0 0
82 1 235 2 347 1 0 0 0 0 0 0 0 0 0 0 0 0 0 0 0 0 0 0 0 0 0 0 0 0
83 1 236 2 348 1 0 0 0 0 0 0 0 0 0 0 0 0 0 0 0 0 0 0 0 0 0 0 0 0
84 1 237 2 349 1 0 0 0 0 0 0 0 0 0 0 0 0 0 0 0 0 0 0 0 0 0 0 0 0
85 1 238 2 350 1 0 0 0 0 0 0 0 0 0 0 0 0 0 0 0 0 0 0 0 0 0 0 0 0
86 1 239 2 351 1 0 0 0 0 0 0 0 0 0 0 0 0 0 0 0 0 0 0 0 0 0 0 0 0
87 1 240 2 352 1 0 0 0 0 0 0 0 0 0 0 0 0 0 0 0 0 0 0 0 0 0 0 0 0
88 1 241 2 353 1 0 0 0 0 0 0 0 0 0 0 0 0 0 0 0 0 0 0 0 0 0 0 0 0
89 1 242 2 354 1 0 0 0 0 0 0 0 0 0 0 0 0 0 0 0 0 0 0 0 0 0 0 0 0
90 1 243 2 355 1 0 0 0 0 0 0 0 0 0 0 0 0 0 0 0 0 0 0 0 0 0 0 0 0
91 1 244 2 356 1 0 0 0 0 0 0 0 0 0 0 0 0 0 0 0 0 0 0 0 0 0 0 0 0
92 1 245 2 357 1 0 0 0 0 0 0 0 0 0 0 0 0 0 0 0 0 0 0 0 0 0 0 0 0
93 1 246 2 358 1 0 0 0 0 0 0 0 0 0 0 0 0 0 0 0 0 0 0 0 0 0 0 0 0
94 1 247 2 359 1 0 0 0 0 0 0 0 0 0 0 0 0 0 0 0 0 0 0 0 0 0 0 0 0
95 1 248 2 360 1 0 0 0 0 0 0 0 0 0 0 0 0 0 0 0 0 0 0 0 0 0 0 0 0
96 1 249 2 361 1 0 0 0 0 0 0 0 0 0 0 0 0 0 0 0 0 0 0 0 0 0 0 0 0
97 1 250 2 362 1 0 0 0 0 0 0 0 0 0 0 0 0 0 0 0 0 0 0 0 0 0 0 0 0
98 1 251 2 363 1 0 0 0 0 0 0 0 0 0 0 0 0 0 0 0 0 0 0 0 0 0 0 0 0
99 1 252 2 364 1 0 0 0 0 0 0 0 0 0 0 0 0 0 0 0 0 0 0 0 0 0 0 0 0
100 1 253 2 365 1 0 0 0 0 0 0 0 0 0 0 0 0 0 0 0 0 0 0 0 0 0 0 0 0
101 1 254 2 366 1 0 0 0 0 0 0 0 0 0 0 0 0 0 0 0 0 0 0 0 0 0 0 0 0
102 1 255 2 367 1 0 0 0 0 0 0 0 0 0 0 0 0 0 0 0 0 0 0 0 0 0 0 0 0
23 1 240 1 256 2 0 0 0 0 0 0 0 0 0 0 0 0 0 0 0 0 0 0 0 0 0 0 0 0
24 1 241 1 257 2 0 0 0 0 0 0 0 0 0 0 0 0 0 0 0 0 0 0 0 0 0 0 0 0
25 1 242 1 258 2 0 0 0 0 0 0 0 0 0 0 0 0 0 0 0 0 0 0 0 0 0 0 0 0
26 1 243 1 259 2 0 0 0 0 0 0 0 0 0 0 0 0 0 0 0 0 0 0 0 0 0 0 0 0
27 1 244 1 260 2 0 0 0 0 0 0 0 0 0 0 0 0 0 0 0 0 0 0 0 0 0 0 0 0
28 1 245 1 261 2 0 0 0 0 0 0 0 0 0 0 0 0 0 0 0 0 0 0 0 0 0 0 0 0
29 1 246 1 262 2 0 0 0 0 0 0 0 0 0 0 0 0 0 0 0 0 0 0 0 0 0 0 0 0
30 1 247 1 263 2 0 0 0 0 0 0 0 0 0 0 0 0 0 0 0 0 0 0 0 0 0 0 0 0
31 1 248 1 264 2 0 0 0 0 0 0 0 0 0 0 0 0 0 0 0 0 0 0 0 0 0 0 0 0
32 1 249 1 265 2 0 0 0 0 0 0 0 0 0 0 0 0 0 0 0 0 0 0 0 0 0 0 0 0
33 1 250 1 266 2 0 0 0 0 0 0 0 0 0 0 0 0 0 0 0 0 0 0 0 0 0 0 0 0
34 1 251 1 267 2 0 0 0 0 0 0 0 0 0 0 0 0 0 0 0 0 0 0 0 0 0 0 0 0
35 1 252 1 268 2 0 0 0 0 0 0 0 0 0 0 0 0 0 0 0 0 0 0 0 0 0 0 0 0
36 1 253 1 269 2 0 0 0 0 0 0 0 0 0 0 0 0 0 0 0 0 0 0 0 0 0 0 0 0
37 1 254 1 270 2 0 0 0 0 0 0 0 0 0 0 0 0 0 0 0 0 0 0 0 0 0 0 0 0
38 1 255 1 271 2 0 0 0 0 0 0 0 0 0 0 0 0 0 0 0 0 0 0 0 0 0 0 0 0
39 1 128 1 272 2 0 0 0 0 0 0 0 0 0 0 0 0 0 0 0 0 0 0 0 0 0 0 0 0
40 1 129 1 273 2 0 0 0 0 0 0 0 0 0 0 0 0 0 0 0 0 0 0 0 0 0 0 0 0
41 1 130 1 274 2 0 0 0 0 0 0 0 0 0 0 0 0 0 0 0 0 0 0 0 0 0 0 0 0
42 1 131 1 275 2 0 0 0 0 0 0 0 0 0 0 0 0 0 0 0 0 0 0 0 0 0 0 0 0
43 1 132 1 276 2 0 0 0 0 0 0 0 0 0 0 0 0 0 0 0 0 0 0 0 0 0 0 0 0
44 1 133 1 277 2 0 0 0 0 0 0 0 0 0 0 0 0 0 0 0 0 0 0 0 0 0 0 0 0
45 1 134 1 278 2 0 0 0 0 0 0 0 0 0 0 0 0 0 0 0 0 0 0 0 0 0 0 0 0
46 1 135 1 279 2 0 0 0 0 0 0 0 0 0 0 0 0 0 0 0 0 0 0 0 0 0 0 0 0
47 1 136 1 280 2 0 0 0 0 0 0 0 0 0 0 0 0 0 0 0 0 0 0 0 0 0 0 0 0
48 1 137 1 281 2 0 0 0 0 0 0 0 0 0 0 0 0 0 0 0 0 0 0 0 0 0 0 0 0
49 1 138 1 282 2 0 0 0 0 0 0 0 0 0 0 0 0 0 0 0 0 0 0 0 0 0 0 0 0
50 1 139 1 283 2 0 0 0 0 0 0 0 0 0 0 0 0 0 0 0 0 0 0 0 0 0 0 0 0
51 1 140 1 284 2 0 0 0 0 0 0 0 0 0 0 0 0 0 0 0 0 0 0 0 0 0 0 0 0
52 1 141 1 285 2 0 0 0 0 0 0 0 0 0 0 0 0 0 0 0 0 0 0 0 0 0 0 0 0
53 1 142 1 286 2 0 0 0 0 0 0 0 0 0 0 0 0 0 0 0 0 0 0 0 0 0 0 0 0
54 1 143 1 287 2 0 0 0 0 0 0 0 0 0 0 0 0 0 0 0 0 0 0 0 0 0 0 0 0
55 1 144 1 288 2 0 0 0 0 0 0 0 0 0 0 0 0 0 0 0 0 0 0 0 0 0 0 0 0
56 1 145 1 289 2 0 0 0 0 0 0 0 0 0 0 0 0 0 0 0 0 0 0 0 0 0 0 0 0
57 1 146 1 290 2 0 0 0 0 0 0 0 0 0 0 0 0 0 0 0 0 0 0 0 0 0 0 0 0
58 1 147 1 291 2 0 0 0 0 0 0 0 0 0 0 0 0 0 0 0 0 0 0 0 0 0 0 0 0
59 1 148 1 292 2 0 0 0 0 0 0 0 0 0 0 0 0 0 0 0 0 0 0 0 0 0 0 0 0
60 1 149 1 293 2 0 0 0 0 0 0 0 0 0 0 0 0 0 0 0 0 0 0 0 0 0 0 0 0
61 1 150 1 294 2 0 0 0 0 0 0 0 0 0 0 0 0 0 0 0 0 0 0 0 0 0 0 0 0
62 1 151 1 295 2 0 0 0 0 0 0 0 0 0 0 0 0 0 0 0 0 0 0 0 0 0 0 0 0
63 1 152 1 296 2 0 0 0 0 0 0 0 0 0 0 0 0 0 0 0 0 0 0 0 0 0 0 0 0
64 1 153 1 297 2 0 0 0 0 0 0 0 0 0 0 0 0 0 0 0 0 0 0 0 0 0 0 0 0
65 1 154 1 298 2 0 0 0 0 0 0 0 0 0 0 0 0 0 0 0 0 0 0 0 0 0 0 0 0
66 1 155 1 299 2 0 0 0 0 0 0 0 0 0 0 0 0 0 0 0 0 0 0 0 0 0 0 0 0
67 1 156 1 300 2 0 0 0 0 0 0 0 0 0 0 0 0 0 0 0 0 0 0 0 0 0 0 0 0
68 1 157 1 301 2 0 0 0 0 0 0 0 0 0 0 0 0 0 0 0 0 0 0 0 0 0 0 0 0
69 1 158 1 302 2 0 0 0 0 0 0 0 0 0 0 0 0 0 0 0 0 0 0 0 0 0 0 0 0
70 1 159 1 303 2 0 0 0 0 0 0 0 0 0 0 0 0 0 0 0 0 0 0 0 0 0 0 0 0
71 1 160 1 304 2 0 0 0 0 0 0 0 0 0 0 0 0 0 0 0 0 0 0 0 0 0 0 0 0
72 1 161 1 305 2 0 0 0 0 0 0 0 0 0 0 0 0 0 0 0 0 0 0 0 0 0 0 0 0
73 1 162 1 306 2 0 0 0 0 0 0 0 0 0 0 0 0 0 0 0 0 0 0 0 0 0 0 0 0
74 1 163 1 307 2 0 0 0 0 0 0 0 0 0 0 0 0 0 0 0 0 0 0 0 0 0 0 0 0
75 1 164 1 308 2 0 0 0 0 0 0 0 0 0 0 0 0 0 0 0 0 0 0 0 0 0 0 0 0
76 1 165 1 309 2 0 0 0 0 0 0 0 0 0 0 0 0 0 0 0 0 0 0 0 0 0 0 0 0
77 1 166 1 310 2 0 0 0 0 0 0 0 0 0 0 0 0 0 0 0 0 0 0 0 0 0 0 0 0
78 1 167 1 311 2 0 0 0 0 0 0 0 0 0 0 0 0 0 0 0 0 0 0 0 0 0 0 0 0
79 1 168 1 312 2 0 0 0 0 0 0 0 0 0 0 0 0 0 0 0 0 0 0 0 0 0 0 0 0
80 1 169 1 313 2 0 0 0 0 0 0 0 0 0 0 0 0 0 0 0 0 0 0 0 0 0 0 0 0
81 1 170 1 314 2 0 0 0 0 0 0 0 0 0 0 0 0 0 0 0 0 0 0 0 0 0 0 0 0
82 1 171 1 315 2 0 0 0 0 0 0 0 0 0 0 0 0 0 0 0 0 0 0 0 0 0 0 0 0
83 1 172 1 316 2 0 0 0 0 0 0 0 0 0 0 0 0 0 0 0 0 0 0 0 0 0 0 0 0
84 1 173 1 317 2 0 0 0 0 0 0 0 0 0 0 0 0 0 0 0 0 0 0 0 0 0 0 0 0
85 1 174 1 318 2 0 0 0 0 0 0 0 0 0 0 0 0 0 0 0 0 0 0 0 0 0 0 0 0
86 1 175 1 319 2 0 0 0 0 0 0 0 0 0 0 0 0 0 0 0 0 0 0 0 0 0 0 0 0
87 1 176 1 320 2 0 0 0 0 0 0 0 0 0 0 0 0 0 0 0 0 0 0 0 0 0 0 0 0
88 1 177 1 321 2 0 0 0 0 0 0 0 0 0 0 0 0 0 0 0 0 0 0 0 0 0 0 0 0
89 1 178 1 322 2 0 0 0 0 0 0 0 0 0 0 0 0 0 0 0 0 0 0 0 0 0 0 0 0
90 1 179 1 323 2 0 0 0 0 0 0 0 0 0 0 0 0 0 0 0 0 0 0 0 0 0 0 0 0
91 1 180 1 324 2 0 0 0 0 0 0 0 0 0 0 0 0 0 0 0 0 0 0 0 0 0 0 0 0
92 1 181 1 325 2 0 0 0 0 0 0 0 0 0 0 0 0 0 0 0 0 0 0 0 0 0 0 0 0
93 1 182 1 326 2 0 0 0 0 0 0 0 0 0 0 0 0 0 0 0 0 0 0 0 0 0 0 0 0
94 1 183 1 327 2 0 0 0 0 0 0 0 0 0 0 0 0 0 0 0 0 0 0 0 0 0 0 0 0
95 1 184 1 328 2 0 0 0 0 0 0 0 0 0 0 0 0 0 0 0 0 0 0 0 0 0 0 0 0
96 1 185 1 329 2 0 0 0 0 0 0 0 0 0 0 0 0 0 0 0 0 0 0 0 0 0 0 0 0
97 1 186 1 330 2 0 0 0 0 0 0 0 0 0 0 0 0 0 0 0 0 0 0 0 0 0 0 0 0
98 1 187 1 331 2 0 0 0 0 0 0 0 0 0 0 0 0 0 0 0 0 0 0 0 0 0 0 0 0
99 1 188 1 332 2 0 0 0 0 0 0 0 0 0 0 0 0 0 0 0 0 0 0 0 0 0 0 0 0
100 1 189 1 333 2 0 0 0 0 0 0 0 0 0 0 0 0 0 0 0 0 0 0 0 0 0 0 0 0
101 1 190 1 334 2 0 0 0 0 0 0 0 0 0 0 0 0 0 0 0 0 0 0 0 0 0 0 0 0
102 1 191 1 335 2 0 0 0 0 0 0 0 0 0 0 0 0 0 0 0 0 0 0 0 0 0 0 0 0
103 1 192 1 336 2 0 0 0 0 0 0 0 0 0 0 0 0 0 0 0 0 0 0 0 0 0 0 0 0
104 1 193 1 337 2 0 0 0 0 0 0 0 0 0 0 0 0 0 0 0 0 0 0 0 0 0 0 0 0
105 1 194 1 338 2 0 0 0 0 0 0 0 0 0 0 0 0 0 0 0 0 0 0 0 0 0 0 0 0
106 1 195 1 339 2 0 0 0 0 0 0 0 0 0 0 0 0 0 0 0 0 0 0 0 0 0 0 0 0
107 1 196 1 340 2 0 0 0 0 0 0 0 0 0 0 0 0 0 0 0 0 0 0 0 0 0 0 0 0
108 1 197 1 341 2 0 0 0 0 0 0 0 0 0 0 0 0 0 0 0 0 0 0 0 0 0 0 0 0
109 1 198 1 342 2 0 0 0 0 0 0 0 0 0 0 0 0 0 0 0 0 0 0 0 0 0 0 0 0
110 1 199 1 343 2 0 0 0 0 0 0 0 0 0 0 0 0 0 0 0 0 0 0 0 0 0 0 0 0
111 1 200 1 344 2 0 0 0 0 0 0 0 0 0 0 0 0 0 0 0 0 0 0 0 0 0 0 0 0
112 1 201 1 345 2 0 0 0 0 0 0 0 0 0 0 0 0 0 0 0 0 0 0 0 0 0 0 0 0
113 1 202 1 346 2 0 0 0 0 0 0 0 0 0 0 0 0 0 0 0 0 0 0 0 0 0 0 0 0
114 1 203 1 347 2 0 0 0 0 0 0 0 0 0 0 0 0 0 0 0 0 0 0 0 0 0 0 0 0
115 1 204 1 348 2 0 0 0 0 0 0 0 0 0 0 0 0 0 0 0 0 0 0 0 0 0 0 0 0
116 1 205 1 349 2 0 0 0 0 0 0 0 0 0 0 0 0 0 0 0 0 0 0 0 0 0 0 0 0
117 1 206 1 350 2 0 0 0 0 0 0 0 0 0 0 0 0 0 0 0 0 0 0 0 0 0 0 0 0
118 1 207 1 351 2 0 0 0 0 0 0 0 0 0 0 0 0 0 0 0 0 0 0 0 0 0 0 0 0
119 1 208 1 352 2 0 0 0 0 0 0 0 0 0 0 0 0 0 0 0 0 0 0 0 0 0 0 0 0
120 1 209 1 353 2 0 0 0 0 0 0 0 0 0 0 0 0 0 0 0 0 0 0 0 0 0 0 0 0
121 1 210 1 354 2 0 0 0 0 0 0 0 0 0 0 0 0 0 0 0 0 0 0 0 0 0 0 0 0
122 1 211 1 355 2 0 0 0 0 0 0 0 0 0 0 0 0 0 0 0 0 0 0 0 0 0 0 0 0
123 1 212 1 356 2 0 0 0 0 0 0 0 0 0 0 0 0 0 0 0 0 0 0 0 0 0 0 0 0
124 1 213 1 357 2 0 0 0 0 0 0 0 0 0 0 0 0 0 0 0 0 0 0 0 0 0 0 0 0
125 1 214 1 358 2 0 0 0 0 0 0 0 0 0 0 0 0 0 0 0 0 0 0 0 0 0 0 0 0
126 1 215 1 359 2 0 0 0 0 0 0 0 0 0 0 0 0 0 0 0 0 0 0 0 0 0 0 0 0
127 1 216 1 360 2 0 0 0 0 0 0 0 0 0 0 0 0 0 0 0 0 0 0 0 0 0 0 0 0
0 1 217 1 361 2 0 0 0 0 0 0 0 0 0 0 0 0 0 0 0 0 0 0 0 0 0 0 0 0
1 1 218 1 362 2 0 0 0 0 0 0 0 0 0 0 0 0 0 0 0 0 0 0 0 0 0 0 0 0
2 1 219 1 363 2 0 0 0 0 0 0 0 0 0 0 0 0 0 0 0 0 0 0 0 0 0 0 0 0
3 1 220 1 364 2 0 0 0 0 0 0 0 0 0 0 0 0 0 0 0 0 0 0 0 0 0 0 0 0
4 1 221 1 365 2 0 0 0 0 0 0 0 0 0 0 0 0 0 0 0 0 0 0 0 0 0 0 0 0
5 1 222 1 366 2 0 0 0 0 0 0 0 0 0 0 0 0 0 0 0 0 0 0 0 0 0 0 0 0
6 1 223 1 367 2 0 0 0 0 0 0 0 0 0 0 0 0 0 0 0 0 0 0 0 0 0 0 0 0
7 1 224 1 368 2 0 0 0 0 0 0 0 0 0 0 0 0 0 0 0 0 0 0 0 0 0 0 0 0
8 1 225 1 369 2 0 0 0 0 0 0 0 0 0 0 0 0 0 0 0 0 0 0 0 0 0 0 0 0
9 1 226 1 370 2 0 0 0 0 0 0 0 0 0 0 0 0 0 0 0 0 0 0 0 0 0 0 0 0
10 1 227 1 371 2 0 0 0 0 0 0 0 0 0 0 0 0 0 0 0 0 0 0 0 0 0 0 0 0
11 1 228 1 372 2 0 0 0 0 0 0 0 0 0 0 0 0 0 0 0 0 0 0 0 0 0 0 0 0
12 1 229 1 373 2 0 0 0 0 0 0 0 0 0 0 0 0 0 0 0 0 0 0 0 0 0 0 0 0
13 1 230 1 374 2 0 0 0 0 0 0 0 0 0 0 0 0 0 0 0 0 0 0 0 0 0 0 0 0
14 1 231 1 375 2 0 0 0 0 0 0 0 0 0 0 0 0 0 0 0 0 0 0 0 0 0 0 0 0
15 1 232 1 376 2 0 0 0 0 0 0 0 0 0 0 0 0 0 0 0 0 0 0 0 0 0 0 0 0
16 1 233 1 377 2 0 0 0 0 0 0 0 0 0 0 0 0 0 0 0 0 0 0 0 0 0 0 0 0
17 1 234 1 378 2 0 0 0 0 0 0 0 0 0 0 0 0 0 0 0 0 0 0 0 0 0 0 0 0
18 1 235 1 379 2 0 0 0 0 0 0 0 0 0 0 0 0 0 0 0 0 0 0 0 0 0 0 0 0
19 1 236 1 380 2 0 0 0 0 0 0 0 0 0 0 0 0 0 0 0 0 0 0 0 0 0 0 0 0
20 1 237 1 381 2 0 0 0 0 0 0 0 0 0 0 0 0 0 0 0 0 0 0 0 0 0 0 0 0
21 1 238 1 382 2 0 0 0 0 0 0 0 0 0 0 0 0 0 0 0 0 0 0 0 0 0 0 0 0
22 1 239 1 383 2 0 0 0 0 0 0 0 0 0 0 0 0 0 0 0 0 0 0 0 0 0 0 0 0
23 3 192 3 272 3 0 0 0 0 1 0 0 0 0 0 0 0 2 0 0 0 0 0 0 0 3 0 0 0
24 3 193 3 273 3 0 0 0 0 4 0 0 0 0 0 0 0 8 0 0 0 0 0 0 0 12 0 0 0
25 3 194 3 274 3 0 0 0 0 16 0 0 0 0 0 0 0 32 0 0 0 0 0 0 0 48 0 0 0
26 3 195 3 275 3 0 0 0 0 64 0 0 0 0 0 0 0 128 0 0 0 0 0 0 0 192 0 0 0
27 3 196 3 276 3 0 0 0 0 256 0 0 0 0 0 0 0 512 0 0 0 0 0 0 0 768 0 0 0
28 3 197 3 277 3 0 0 0 0 1024 0 0 0 0 0 0 0 2048 0 0 0 0 0 0 0 3072 0 0 0
29 3 198 3 278 3 0 0 0 0 4096 0 0 0 0 0 0 0 8192 0 0 0 0 0 0 0 12288 0 0 0
30 3 199 3 279 3 0 0 0 0 16384 0 0 0 0 0 0 0 32768 0 0 0 0 0 0 0 49152 0 0 0
31 3 200 3 280 3 0 0 0 0 65536 0 0 0 0 0 0 0 131072 0 0 0 0 0 0 0 196608 0 0 0
32 3 201 3 281 3 0 0 0 0 262144 0 0 0 0 0 0 0 524288 0 0 0 0 0 0 0 786432 0 0 0
33 3 202 3 282 3 0 0 0 0 1048576 0 0 0 0 0 0 0 2097152 0 0 0 0 0 0 0 3145728 0 0 0
34 3 203 3 283 3 0 0 0 0 4194304 0 0 0 0 0 0 0 8388608 0 0 0 0 0 0 0 12582912 0 0 0
35 3 204 3 284 3 0 0 0 0 16777216 0 0 0 0 0 0 0 33554432 0 0 0 0 0 0 0 50331648 0 0 0
36 3 205 3 285 3 0 0 0 0 67108864 0 0 0 0 0 0 0 134217728 0 0 0 0 0 0 0 201326592 0 0 0
37 3 206 3 286 3 0 0 0 0 268435456 0 0 0 0 0 0 0 536870912 0 0 0 0 0 0 0 805306368 0 0 0
38 3 207 3 287 3 0 0 0 0 1073741824 0 0 0 0 0 0 0 2147483648 0 0 0 0 0 0 0 3221225472 0 0 0
39 3 208 3 288 3 0 0 0 0 4294967296 0 0 0 0 0 0 0 8589934592 0 0 0 0 0 0 0 12884901888 0 0 0
40 3 209 3 289 3 0 0 0 0 17179869184 0 0 0 0 0 0 0 34359738368 0 0 0 0 0 0 0 51539607552 0 0 0
41 3 210 3 290 3 0 0 0 0 68719476736 0 0 0 0 0 0 0 137438953472 0 0 0 0 0 0 0 206158430208 0 0 0
42 3 211 3 291 3 0 0 0 0 274877906944 0 0 0 0 0 0 0 549755813888 0 0 0 0 0 0 0 824633720832 0 0 0
43 3 212 3 292 3 0 0 0 0 1099511627776 0 0 0 0 0 0 0 2199023255552 0 0 0 0 0 0 0 3298534883328 0 0 0
44 3 213 3 293 3 0 0 0 0 4398046511104 0 0 0 0 0 0 0 8796093022208 0 0 0 0 0 0 0 13194139533312 0 0 0
45 3 214 3 294 3 0 0 0 0 17592186044416 0 0 0 0 0 0 0 35184372088832 0 0 0 0 0 0 0 52776558133248 0 0 0
46 3 215 3 295 3 0 0 0 0 70368744177664 0 0 0 0 0 0 0 140737488355328 0 0 0 0 0 0 0 211106232532992 0 0 0
47 3 216 3 296 3 0 0 0 0 281474976710656 0 0 0 0 0 0 0 562949953421312 0 0 0 0 0 0 0 844424930131968 0 0 0
48 3 217 3 297 3 0 0 0 0 1125899906842624 0 0 0 0 0 0 0 2251799813685248 0 0 0 0 0 0 0 3377699720527872 0 0 0
49 3 218 3 298 3 0 0 0 0 4503599627370496 0 0 0 0 0 0 0 9007199254740992 0 0 0 0 0 0 0 13510798882111488 0 0 0
50 3 219 3 299 3 0 0 0 0 18014398509481984 0 0 0 0 0 0 0 36028797018963968 0 0 0 0 0 0 0 54043195528445952 0 0 0
51 3 220 3 300 3 0 0 0 0 72057594037927936 0 0 0 0 0 0 0 144115188075855872 0 0 0 0 0 0 0 216172782113783808 0 0 0
52 3 221 3 301 3 0 0 0 0 288230376151711744 0 0 0 0 0 0 0 576460752303423488 0 0 0 0 0 0 0 864691128455135232 0 0 0
53 3 222 3 302 3 0 0 0 0 1152921504606846976 0 0 0 0 0 0 0 2305843009213693952 0 0 0 0 0 0 0 3458764513820540928 0 0 0
54 3 223 3 303 3 0 0 0 0 4611686018427387904 0 0 0 0 0 0 0 9223372036854775808 0 0 0 0 0 0 0 13835058055282163712 0 0 0
55 3 224 3 304 3 0 0 0 0 0 1 0 0 0 0 0 0 0 2 0 0 0 0 0 0 0 3 0 0
56 3 225 3 305 3 0 0 0 0 0 4 0 0 0 0 0 0 0 8 0 0 0 0 0 0 0 12 0 0
57 3 226 3 306 3 0 0 0 0 0 16 0 0 0 0 0 0 0 32 0 0 0 0 0 0 0 48 0 0
58 3 227 3 307 3 0 0 0 0 0 64 0 0 0 0 0 0 0 128 0 0 0 0 0 0 0 192 0 0
59 3 228 3 308 3 0 0 0 0 0 256 0 0 0 0 0 0 0 512 0 0 0 0 0 0 0 768 0 0
60 3 229 3 309 3 0 0 0 0 0 1024 0 0 0 0 0 0 0 2048 0 0 0 0 0 0 0 3072 0 0
61 3 230 3 310 3 0 0 0 0 0 4096 0 0 0 0 0 0 0 8192 0 0 0 0 0 0 0 12288 0 0
62 3 231 3 311 3 0 0 0 0 0 16384 0 0 0 0 0 0 0 32768 0 0 0 0 0 0 0 49152 0 0
63 3 232 3 312 3 0 0 0 0 0 65536 0 0 0 0 0 0 0 131072 0 0 0 0 0 0 0 196608 0 0
64 3 233 3 313 3 0 0 0 0 0 262144 0 0 0 0 0 0 0 524288 0 0 0 0 0 0 0 786432 0 0
65 3 234 3 314 3 0 0 0 0 0 1048576 0 0 0 0 0 0 0 2097152 0 0 0 0 0 0 0 3145728 0 0
66 3 235 3 315 3 0 0 0 0 0 4194304 0 0 0 0 0 0 0 8388608 0 0 0 0 0 0 0 12582912 0 0
67 3 236 3 316 3 0 0 0 0 0 16777216 0 0 0 0 0 0 0 33554432 0 0 0 0 0 0 0 50331648 0 0
68 3 237 3 317 3 0 0 0 0 0 67108864 0 0 0 0 0 0 0 134217728 0 0 0 0 0 0 0 201326592 0 0
69 3 238 3 318 3 0 0 0 0 0 268435456 0 0 0 0 0 0 0 536870912 0 0 0 0 0 0 0 805306368 0 0
70 3 239 3 319 3 0 0 0 0 0 1073741824 0 0 0 0 0 0 0 2147483648 0 0 0 0 0 0 0 3221225472 0 0
71 3 240 3 320 3 0 0 0 0 0 4294967296 0 0 0 0 0 0 0 8589934592 0 0 0 0 0 0 0 12884901888 0 0
72 3 241 3 321 3 0 0 0 0 0 17179869184 0 0 0 0 0 0 0 34359738368 0 0 0 0 0 0 0 51539607552 0 0
73 3 242 3 322 3 0 0 0 0 0 68719476736 0 0 0 0 0 0 0 137438953472 0 0 0 0 0 0 0 206158430208 0 0
74 3 243 3 323 3 0 0 0 0 0 274877906944 0 0 0 0 0 0 0 549755813888 0 0 0 0 0 0 0 824633720832 0 0
75 3 244 3 324 3 0 0 0 0 0 1099511627776 0 0 0 0 0 0 0 2199023255552 0 0 0 0 0 0 0 3298534883328 0 0
76 3 245 3 325 3 0 0 0 0 0 4398046511104 0 0 0 0 0 0 0 8796093022208 0 0 0 0 0 0 0 13194139533312 0 0
77 3 246 3 326 3 0 0 0 0 0 17592186044416 0 0 0 0 0 0 0 35184372088832 0 0 0 0 0 0 0 52776558133248 0 0
78 3 247 3 327 3 0 0 0 0 0 70368744177664 0 0 0 0 0 0 0 140737488355328 0 0 0 0 0 0 0 211106232532992 0 0
79 3 248 3 328 3 0 0 0 0 0 281474976710656 0 0 0 0 0 0 0 562949953421312 0 0 0 0 0 0 0 844424930131968 0 0
80 3 249 3 329 3 0 0 0 0 0 1125899906842624 0 0 0 0 0 0 0 2251799813685248 0 0 0 0 0 0 0 3377699720527872 0 0
81 3 250 3 330 3 0 0 0 0 0 4503599627370496 0 0 0 0 0 0 0 9007199254740992 0 0 0 0 0 0 0 13510798882111488 0 0
82 3 251 3 331 3 0 0 0 0 0 18014398509481984 0 0 0 0 0 0 0 36028797018963968 0 0 0 0 0 0 0 54043195528445952 0 0
83 3 252 3 332 3 0 0 0 0 0 72057594037927936 0 0 0 0 0 0 0 144115188075855872 0 0 0 0 0 0 0 216172782113783808 0 0
84 3 253 3 333 3 0 0 0 0 0 288230376151711744 0 0 0 0 0 0 0 576460752303423488 0 0 0 0 0 0 0 864691128455135232 0 0
85 3 254 3 334 3 0 0 0 0 0 1152921504606846976 0 0 0 0 0 0 0 2305843009213693952 0 0 0 0 0 0 0 3458764513820540928 0 0
86 3 255 3 335 3 0 0 0 0 0 4611686018427387904 0 0 0 0 0 0 0 9223372036854775808 0 0 0 0 0 0 0 13835058055282163712 0 0
87 3 128 3 336 3 0 0 0 0 0 0 1 0 0 0 0 0 0 0 2 0 0 0 0 0 0 0 3 0
88 3 129 3 337 3 0 0 0 0 0 0 4 0 0 0 0 0 0 0 8 0 0 0 0 0 0 0 12 0
89 3 130 3 338 3 0 0 0 0 0 0 16 0 0 0 0 0 0 0 32 0 0 0 0 0 0 0 48 0
90 3 131 3 339 3 0 0 0 0 0 0 64 0 0 0 0 0 0 0 128 0 0 0 0 0 0 0 192 0
91 3 132 3 340 3 0 0 0 0 0 0 256 0 0 0 0 0 0 0 512 0 0 0 0 0 0 0 768 0
92 3 133 3 341 3 0 0 0 0 0 0 1024 0 0 0 0 0 0 0 2048 0 0 0 0 0 0 0 3072 0
93 3 134 3 342 3 0 0 0 0 0 0 4096 0 0 0 0 0 0 0 8192 0 0 0 0 0 0 0 12288 0
94 3 135 3 343 3 0 0 0 0 0 0 16384 0 0 0 0 0 0 0 32768 0 0 0 0 0 0 0 49152 0
95 3 136 3 344 3 0 0 0 0 0 0 65536 0 0 0 0 0 0 0 131072 0 0 0 0 0 0 0 196608 0
96 3 137 3 345 3 0 0 0 0 0 0 262144 0 0 0 0 0 0 0 524288 0 0 0 0 0 0 0 786432 0
97 3 138 3 346 3 0 0 0 0 0 0 1048576 0 0 0 0 0 0 0 2097152 0 0 0 0 0 0 0 3145728 0
98 3 139 3 347 3 0 0 0 0 0 0 4194304 0 0 0 0 0 0 0 8388608 0 0 0 0 0 0 0 12582912 0
99 3 140 3 348 3 0 0 0 0 0 0 16777216 0 0 0 0 0 0 0 33554432 0 0 0 0 0 0 0 50331648 0
100 3 141 3 349 3 0 0 0 0 0 0 67108864 0 0 0 0 0 0 0 134217728 0 0 0 0 0 0 0 201326592 0
101 3 142 3 350 3 0 0 0 0 0 0 268435456 0 0 0 0 0 0 0 536870912 0 0 0 0 0 0 0 805306368 0
102 3 143 3 351 3 0 0 0 0 0 0 1073741824 0 0 0 0 0 0 0 2147483648 0 0 0 0 0 0 0 3221225472 0
103 3 144 3 352 3 0 0 0 0 0 0 4294967296 0 0 0 0 0 0 0 8589934592 0 0 0 0 0 0 0 12884901888 0
104 3 145 3 353 3 0 0 0 0 0 0 17179869184 0 0 0 0 0 0 0 34359738368 0 0 0 0 0 0 0 51539607552 0
105 3 146 3 354 3 0 0 0 0 0 0 68719476736 0 0 0 0 0 0 0 137438953472 0 0 0 0 0 0 0 206158430208 0
106 3 147 3 355 3 0 0 0 0 0 0 274877906944 0 0 0 0 0 0 0 549755813888 0 0 0 0 0 0 0 824633720832 0
107 3 148 3 356 3 0 0 0 0 0 0 1099511627776 0 0 0 0 0 0 0 2199023255552 0 0 0 0 0 0 0 3298534883328 0
108 3 149 3 357 3 0 0 0 0 0 0 4398046511104 0 0 0 0 0 0 0 8796093022208 0 0 0 0 0 0 0 13194139533312 0
109 3 150 3 358 3 0 0 0 0 0 0 17592186044416 0 0 0 0 0 0 0 35184372088832 0 0 0 0 0 0 0 52776558133248 0
110 3 151 3 359 3 0 0 0 0 0 0 70368744177664 0 0 0 0 0 0 0 140737488355328 0 0 0 0 0 0 0 211106232532992 0
111 3 152 3 360 3 0 0 0 0 0 0 281474976710656 0 0 0 0 0 0 0 562949953421312 0 0 0 0 0 0 0 844424930131968 0
112 3 153 3 361 3 0 0 0 0 0 0 1125899906842624 0 0 0 0 0 0 0 2251799813685248 0 0 0 0 0 0 0 3377699720527872 0
113 3 154 3 362 3 0 0 0 0 0 0 4503599627370496 0 0 0 0 0 0 0 9007199254740992 0 0 0 0 0 0 0 13510798882111488 0
114 3 155 3 363 3 0 0 0 0 0 0 18014398509481984 0 0 0 0 0 0 0 36028797018963968 0 0 0 0 0 0 0 54043195528445952 0
115 3 156 3 364 3 0 0 0 0 0 0 72057594037927936 0 0 0 0 0 0 0 144115188075855872 0 0 0 0 0 0 0 216172782113783808 0
116 3 157 3 365 3 0 0 0 0 0 0 288230376151711744 0 0 0 0 0 0 0 576460752303423488 0 0 0 0 0 0 0 864691128455135232 0
117 3 158 3 366 3 0 0 0 0 0 0 1152921504606846976 0 0 0 0 0 0 0 2305843009213693952 0 0 0 0 0 0 0 3458764513820540928 0
118 3 159 3 367 3 0 0 0 0 0 0 4611686018427387904 0 0 0 0 0 0 0 9223372036854775808 0 0 0 0 0 0 0 13835058055282163712 0
119 3 160 3 368 3 0 0 0 0 0 0 0 1 0 0 0 0 0 0 0 2 0 0 0 0 0 0 0 3
120 3 161 3 369 3 0 0 0 0 0 0 0 4 0 0 0 0 0 0 0 8 0 0 0 0 0 0 0 12
121 3 162 3 370 3 0 0 0 0 0 0 0 16 0 0 0 0 0 0 0 32 0 0 0 0 0 0 0 48
122 3 163 3 371 3 0 0 0 0 0 0 0 64 0 0 0 0 0 0 0 128 0 0 0 0 0 0 0 192
123 3 164 3 372 3 0 0 0 0 0 0 0 256 0 0 0 0 0 0 0 512 0 0 0 0 0 0 0 768
124 3 165 3 373 3 0 0 0 0 0 0 0 1024 0 0 0 0 0 0 0 2048 0 0 0 0 0 0 0 3072
125 3 166 3 374 3 0 0 0 0 0 0 0 4096 0 0 0 0 0 0 0 8192 0 0 0 0 0 0 0 12288
126 3 167 3 375 3 0 0 0 0 0 0 0 16384 0 0 0 0 0 0 0 32768 0 0 0 0 0 0 0 49152
127 3 168 3 376 3 0 0 0 0 0 0 0 65536 0 0 0 0 0 0 0 131072 0 0 0 0 0 0 0 196608
0 3 169 3 377 3 0 0 0 0 0 0 0 262144 0 0 0 0 0 0 0 524288 0 0 0 0 0 0 0 786432
1 3 170 3 378 3 0 0 0 0 0 0 0 1048576 0 0 0 0 0 0 0 2097152 0 0 0 0 0 0 0 3145728
2 3 171 3 379 3 0 0 0 0 0 0 0 4194304 0 0 0 0 0 0 0 8388608 0 0 0 0 0 0 0 12582912
3 3 172 3 380 3 0 0 0 0 0 0 0 16777216 0 0 0 0 0 0 0 33554432 0 0 0 0 0 0 0 50331648
4 3 173 3 381 3 0 0 0 0 0 0 0 67108864 0 0 0 0 0 0 0 134217728 0 0 0 0 0 0 0 201326592
5 3 174 3 382 3 0 0 0 0 0 0 0 268435456 0 0 0 0 0 0 0 536870912 0 0 0 0 0 0 0 805306368
6 3 175 3 383 3 0 0 0 0 0 0 0 1073741824 0 0 0 0 0 0 0 2147483648 0 0 0 0 0 0 0 3221225472
7 3 176 3 256 3 0 0 0 0 0 0 0 4294967296 0 0 0 0 0 0 0 8589934592 0 0 0 0 0 0 0 12884901888
8 3 177 3 257 3 0 0 0 0 0 0 0 17179869184 0 0 0 0 0 0 0 34359738368 0 0 0 0 0 0 0 51539607552
9 3 178 3 258 3 0 0 0 0 0 0 0 68719476736 0 0 0 0 0 0 0 137438953472 0 0 0 0 0 0 0 206158430208
10 3 179 3 259 3 0 0 0 0 0 0 0 274877906944 0 0 0 0 0 0 0 549755813888 0 0 0 0 0 0 0 824633720832
11 3 180 3 260 3 0 0 0 0 0 0 0 1099511627776 0 0 0 0 0 0 0 2199023255552 0 0 0 0 0 0 0 3298534883328
12 3 181 3 261 3 0 0 0 0 0 0 0 4398046511104 0 0 0 0 0 0 0 8796093022208 0 0 0 0 0 0 0 13194139533312
13 3 182 3 262 3 0 0 0 0 0 0 0 17592186044416 0 0 0 0 0 0 0 35184372088832 0 0 0 0 0 0 0 52776558133248
14 3 183 3 263 3 0 0 0 0 0 0 0 70368744177664 0 0 0 0 0 0 0 140737488355328 0 0 0 0 0 0 0 211106232532992
15 3 184 3 264 3 0 0 0 0 0 0 0 281474976710656 0 0 0 0 0 0 0 562949953421312 0 0 0 0 0 0 0 844424930131968
16 3 185 3 265 3 0 0 0 0 0 0 0 1125899906842624 0 0 0 0 0 0 0 2251799813685248 0 0 0 0 0 0 0 3377699720527872
17 3 186 3 266 3 0 0 0 0 0 0 0 4503599627370496 0 0 0 0 0 0 0 9007199254740992 0 0 0 0 0 0 0 13510798882111488
18 3 187 3 267 3 0 0 0 0 0 0 0 18014398509481984 0 0 0 0 0 0 0 36028797018963968 0 0 0 0 0 0 0 54043195528445952
19 3 188 3 268 3 0 0 0 0 0 0 0 72057594037927936 0 0 0 0 0 0 0 144115188075855872 0 0 0 0 0 0 0 216172782113783808
20 3 189 3 269 3 0 0 0 0 0 0 0 288230376151711744 0 0 0 0 0 0 0 576460752303423488 0 0 0 0 0 0 0 864691128455135232
21 3 190 3 270 3 0 0 0 0 0 0 0 1152921504606846976 0 0 0 0 0 0 0 2305843009213693952 0 0 0 0 0 0 0 3458764513820540928
22 3 191 3 271 3 0 0 0 0 0 0 0 4611686018427387904 0 0 0 0 0 0 0 9223372036854775808 0 0 0 0 0 0 0 13835058055282163712
