1024 384 8 128
0 2 128 1 256 1 0 0 0 0 0 0 0 0 0 0 0 0 0 0 0 0 0 0 0 0 0 0 0 0
1 2 129 1 257 1 0 0 0 0 0 0 0 0 0 0 0 0 0 0 0 0 0 0 0 0 0 0 0 0
2 2 130 1 258 1 0 0 0 0 0 0 0 0 0 0 0 0 0 0 0 0 0 0 0 0 0 0 0 0
3 2 131 1 259 1 0 0 0 0 0 0 0 0 0 0 0 0 0 0 0 0 0 0 0 0 0 0 0 0
4 2 132 1 260 1 0 0 0 0 0 0 0 0 0 0 0 0 0 0 0 0 0 0 0 0 0 0 0 0
5 2 133 1 261 1 0 0 0 0 0 0 0 0 0 0 0 0 0 0 0 0 0 0 0 0 0 0 0 0
6 2 134 1 262 1 0 0 0 0 0 0 0 0 0 0 0 0 0 0 0 0 0 0 0 0 0 0 0 0
7 2 135 1 263 1 0 0 0 0 0 0 0 0 0 0 0 0 0 0 0 0 0 0 0 0 0 0 0 0
8 2 136 1 264 1 0 0 0 0 0 0 0 0 0 0 0 0 0 0 0 0 0 0 0 0 0 0 0 0
9 2 137 1 265 1 0 0 0 0 0 0 0 0 0 0 0 0 0 0 0 0 0 0 0 0 0 0 0 0
10 2 138 1 266 1 0 0 0 0 0 0 0 0 0 0 0 0 0 0 0 0 0 0 0 0 0 0 0 0
11 2 139 1 267 1 0 0 0 0 0 0 0 0 0 0 0 0 0 0 0 0 0 0 0 0 0 0 0 0
12 2 140 1 268 1 0 0 0 0 0 0 0 0 0 0 0 0 0 0 0 0 0 0 0 0 0 0 0 0
13 2 141 1 269 1 0 0 0 0 0 0 0 0 0 0 0 0 0 0 0 0 0 0 0 0 0 0 0 0
14 2 142 1 270 1 0 0 0 0 0 0 0 0 0 0 0 0 0 0 0 0 0 0 0 0 0 0 0 0
15 2 143 1 271 1 0 0 0 0 0 0 0 0 0 0 0 0 0 0 0 0 0 0 0 0 0 0 0 0
16 2 144 1 272 1 0 0 0 0 0 0 0 0 0 0 0 0 0 0 0 0 0 0 0 0 0 0 0 0
17 2 145 1 273 1 0 0 0 0 0 0 0 0 0 0 0 0 0 0 0 0 0 0 0 0 0 0 0 0
18 2 146 1 274 1 0 0 0 0 0 0 0 0 0 0 0 0 0 0 0 0 0 0 0 0 0 0 0 0
19 2 147 1 275 1 0 0 0 0 0 0 0 0 0 0 0 0 0 0 0 0 0 0 0 0 0 0 0 0
20 2 148 1 276 1 0 0 0 0 0 0 0 0 0 0 0 0 0 0 0 0 0 0 0 0 0 0 0 0
21 2 149 1 277 1 0 0 0 0 0 0 0 0 0 0 0 0 0 0 0 0 0 0 0 0 0 0 0 0
22 2 150 1 278 1 0 0 0 0 0 0 0 0 0 0 0 0 0 0 0 0 0 0 0 0 0 0 0 0
23 2 151 1 279 1 0 0 0 0 0 0 0 0 0 0 0 0 0 0 0 0 0 0 0 0 0 0 0 0
24 2 152 1 280 1 0 0 0 0 0 0 0 0 0 0 0 0 0 0 0 0 0 0 0 0 0 0 0 0
25 2 153 1 281 1 0 0 0 0 0 0 0 0 0 0 0 0 0 0 0 0 0 0 0 0 0 0 0 0
26 2 154 1 282 1 0 0 0 0 0 0 0 0 0 0 0 0 0 0 0 0 0 0 0 0 0 0 0 0
27 2 155 1 283 1 0 0 0 0 0 0 0 0 0 0 0 0 0 0 0 0 0 0 0 0 0 0 0 0
28 2 156 1 284 1 0 0 0 0 0 0 0 0 0 0 0 0 0 0 0 0 0 0 0 0 0 0 0 0
29 2 157 1 285 1 0 0 0 0 0 0 0 0 0 0 0 0 0 0 0 0 0 0 0 0 0 0 0 0
30 2 158 1 286 1 0 0 0 0 0 0 0 0 0 0 0 0 0 0 0 0 0 0 0 0 0 0 0 0
31 2 159 1 287 1 0 0 0 0 0 0 0 0 0 0 0 0 0 0 0 0 0 0 0 0 0 0 0 0
32 2 160 1 288 1 0 0 0 0 0 0 0 0 0 0 0 0 0 0 0 0 0 0 0 0 0 0 0 0
33 2 161 1 289 1 0 0 0 0 0 0 0 0 0 0 0 0 0 0 0 0 0 0 0 0 0 0 0 0
34 2 162 1 290 1 0 0 0 0 0 0 0 0 0 0 0 0 0 0 0 0 0 0 0 0 0 0 0 0
35 2 163 1 291 1 0 0 0 0 0 0 0 0 0 0 0 0 0 0 0 0 0 0 0 0 0 0 0 0
36 2 164 1 292 1 0 0 0 0 0 0 0 0 0 0 0 0 0 0 0 0 0 0 0 0 0 0 0 0
37 2 165 1 293 1 0 0 0 0 0 0 0 0 0 0 0 0 0 0 0 0 0 0 0 0 0 0 0 0
38 2 166 1 294 1 0 0 0 0 0 0 0 0 0 0 0 0 0 0 0 0 0 0 0 0 0 0 0 0
39 2 167 1 295 1 0 0 0 0 0 0 0 0 0 0 0 0 0 0 0 0 0 0 0 0 0 0 0 0
40 2 168 1 296 1 0 0 0 0 0 0 0 0 0 0 0 0 0 0 0 0 0 0 0 0 0 0 0 0
41 2 169 1 297 1 0 0 0 0 0 0 0 0 0 0 0 0 0 0 0 0 0 0 0 0 0 0 0 0
42 2 170 1 298 1 0 0 0 0 0 0 0 0 0 0 0 0 0 0 0 0 0 0 0 0 0 0 0 0
43 2 171 1 299 1 0 0 0 0 0 0 0 0 0 0 0 0 0 0 0 0 0 0 0 0 0 0 0 0
44 2 172 1 300 1 0 0 0 0 0 0 0 0 0 0 0 0 0 0 0 0 0 0 0 0 0 0 0 0
45 2 173 1 301 1 0 0 0 0 0 0 0 0 0 0 0 0 0 0 0 0 0 0 0 0 0 0 0 0
46 2 174 1 302 1 0 0 0 0 0 0 0 0 0 0 0 0 0 0 0 0 0 0 0 0 0 0 0 0
47 2 175 1 303 1 0 0 0 0 0 0 0 0 0 0 0 0 0 0 0 0 0 0 0 0 0 0 0 0
48 2 176 1 304 1 0 0 0 0 0 0 0 0 0 0 0 0 0 0 0 0 0 0 0 0 0 0 0 0
49 2 177 1 305 1 0 0 0 0 0 0 0 0 0 0 0 0 0 0 0 0 0 0 0 0 0 0 0 0
50 2 178 1 306 1 0 0 0 0 0 0 0 0 0 0 0 0 0 0 0 0 0 0 0 0 0 0 0 0
51 2 179 1 307 1 0 0 0 0 0 0 0 0 0 0 0 0 0 0 0 0 0 0 0 0 0 0 0 0
52 2 180 1 308 1 0 0 0 0 0 0 0 0 0 0 0 0 0 0 0 0 0 0 0 0 0 0 0 0
53 2 181 1 309 1 0 0 0 0 0 0 0 0 0 0 0 0 0 0 0 0 0 0 0 0 0 0 0 0
54 2 182 1 310 1 0 0 0 0 0 0 0 0 0 0 0 0 0 0 0 0 0 0 0 0 0 0 0 0
55 2 183 1 311 1 0 0 0 0 0 0 0 0 0 0 0 0 0 0 0 0 0 0 0 0 0 0 0 0
56 2 184 1 312 1 0 0 0 0 0 0 0 0 0 0 0 0 0 0 0 0 0 0 0 0 0 0 0 0
57 2 185 1 313 1 0 0 0 0 0 0 0 0 0 0 0 0 0 0 0 0 0 0 0 0 0 0 0 0
58 2 186 1 314 1 0 0 0 0 0 0 0 0 0 0 0 0 0 0 0 0 0 0 0 0 0 0 0 0
59 2 187 1 315 1 0 0 0 0 0 0 0 0 0 0 0 0 0 0 0 0 0 0 0 0 0 0 0 0
60 2 188 1 316 1 0 0 0 0 0 0 0 0 0 0 0 0 0 0 0 0 0 0 0 0 0 0 0 0
61 2 189 1 317 1 0 0 0 0 0 0 0 0 0 0 0 0 0 0 0 0 0 0 0 0 0 0 0 0
62 2 190 1 318 1 0 0 0 0 0 0 0 0 0 0 0 0 0 0 0 0 0 0 0 0 0 0 0 0
63 2 191 1 319 1 0 0 0 0 0 0 0 0 0 0 0 0 0 0 0 0 0 0 0 0 0 0 0 0
64 2 192 1 320 1 0 0 0 0 0 0 0 0 0 0 0 0 0 0 0 0 0 0 0 0 0 0 0 0
65 2 193 1 321 1 0 0 0 0 0 0 0 0 0 0 0 0 0 0 0 0 0 0 0 0 0 0 0 0
66 2 194 1 322 1 0 0 0 0 0 0 0 0 0 0 0 0 0 0 0 0 0 0 0 0 0 0 0 0
67 2 195 1 323 1 0 0 0 0 0 0 0 0 0 0 0 0 0 0 0 0 0 0 0 0 0 0 0 0
68 2 196 1 324 1 0 0 0 0 0 0 0 0 0 0 0 0 0 0 0 0 0 0 0 0 0 0 0 0
69 2 197 1 325 1 0 0 0 0 0 0 0 0 0 0 0 0 0 0 0 0 0 0 0 0 0 0 0 0
70 2 198 1 326 1 0 0 0 0 0 0 0 0 0 0 0 0 0 0 0 0 0 0 0 0 0 0 0 0
71 2 199 1 327 1 0 0 0 0 0 0 0 0 0 0 0 0 0 0 0 0 0 0 0 0 0 0 0 0
72 2 200 1 328 1 0 0 0 0 0 0 0 0 0 0 0 0 0 0 0 0 0 0 0 0 0 0 0 0
73 2 201 1 329 1 0 0 0 0 0 0 0 0 0 0 0 0 0 0 0 0 0 0 0 0 0 0 0 0
74 2 202 1 330 1 0 0 0 0 0 0 0 0 0 0 0 0 0 0 0 0 0 0 0 0 0 0 0 0
75 2 203 1 331 1 0 0 0 0 0 0 0 0 0 0 0 0 0 0 0 0 0 0 0 0 0 0 0 0
76 2 204 1 332 1 0 0 0 0 0 0 0 0 0 0 0 0 0 0 0 0 0 0 0 0 0 0 0 0
77 2 205 1 333 1 0 0 0 0 0 0 0 0 0 0 0 0 0 0 0 0 0 0 0 0 0 0 0 0
78 2 206 1 334 1 0 0 0 0 0 0 0 0 0 0 0 0 0 0 0 0 0 0 0 0 0 0 0 0
79 2 207 1 335 1 0 0 0 0 0 0 0 0 0 0 0 0 0 0 0 0 0 0 0 0 0 0 0 0
80 2 208 1 336 1 0 0 0 0 0 0 0 0 0 0 0 0 0 0 0 0 0 0 0 0 0 0 0 0
81 2 209 1 337 1 0 0 0 0 0 0 0 0 0 0 0 0 0 0 0 0 0 0 0 0 0 0 0 0
82 2 210 1 338 1 0 0 0 0 0 0 0 0 0 0 0 0 0 0 0 0 0 0 0 0 0 0 0 0
83 2 211 1 339 1 0 0 0 0 0 0 0 0 0 0 0 0 0 0 0 0 0 0 0 0 0 0 0 0
84 2 212 1 340 1 0 0 0 0 0 0 0 0 0 0 0 0 0 0 0 0 0 0 0 0 0 0 0 0
85 2 213 1 341 1 0 0 0 0 0 0 0 0 0 0 0 0 0 0 0 0 0 0 0 0 0 0 0 0
86 2 214 1 342 1 0 0 0 0 0 0 0 0 0 0 0 0 0 0 0 0 0 0 0 0 0 0 0 0
87 2 215 1 343 1 0 0 0 0 0 0 0 0 0 0 0 0 0 0 0 0 0 0 0 0 0 0 0 0
88 2 216 1 344 1 0 0 0 0 0 0 0 0 0 0 0 0 0 0 0 0 0 0 0 0 0 0 0 0
89 2 217 1 345 1 0 0 0 0 0 0 0 0 0 0 0 0 0 0 0 0 0 0 0 0 0 0 0 0
90 2 218 1 346 1 0 0 0 0 0 0 0 0 0 0 0 0 0 0 0 0 0 0 0 0 0 0 0 0
91 2 219 1 347 1 0 0 0 0 0 0 0 0 0 0 0 0 0 0 0 0 0 0 0 0 0 0 0 0
92 2 220 1 348 1 0 0 0 0 0 0 0 0 0 0 0 0 0 0 0 0 0 0 0 0 0 0 0 0
93 2 221 1 349 1 0 0 0 0 0 0 0 0 0 0 0 0 0 0 0 0 0 0 0 0 0 0 0 0
94 2 222 1 350 1 0 0 0 0 0 0 0 0 0 0 0 0 0 0 0 0 0 0 0 0 0 0 0 0
95 2 223 1 351 1 0 0 0 0 0 0 0 0 0 0 0 0 0 0 0 0 0 0 0 0 0 0 0 0
96 2 224 1 352 1 0 0 0 0 0 0 0 0 0 0 0 0 0 0 0 0 0 0 0 0 0 0 0 0
97 2 225 1 353 1 0 0 0 0 0 0 0 0 0 0 0 0 0 0 0 0 0 0 0 0 0 0 0 0
98 2 226 1 354 1 0 0 0 0 0 0 0 0 0 0 0 0 0 0 0 0 0 0 0 0 0 0 0 0
99 2 227 1 355 1 0 0 0 0 0 0 0 0 0 0 0 0 0 0 0 0 0 0 0 0 0 0 0 0
100 2 228 1 356 1 0 0 0 0 0 0 0 0 0 0 0 0 0 0 0 0 0 0 0 0 0 0 0 0
101 2 229 1 357 1 0 0 0 0 0 0 0 0 0 0 0 0 0 0 0 0 0 0 0 0 0 0 0 0
102 2 230 1 358 1 0 0 0 0 0 0 0 0 0 0 0 0 0 0 0 0 0 0 0 0 0 0 0 0
103 2 231 1 359 1 0 0 0 0 0 0 0 0 0 0 0 0 0 0 0 0 0 0 0 0 0 0 0 0
104 2 232 1 360 1 0 0 0 0 0 0 0 0 0 0 0 0 0 0 0 0 0 0 0 0 0 0 0 0
105 2 233 1 361 1 0 0 0 0 0 0 0 0 0 0 0 0 0 0 0 0 0 0 0 0 0 0 0 0
106 2 234 1 362 1 0 0 0 0 0 0 0 0 0 0 0 0 0 0 0 0 0 0 0 0 0 0 0 0
107 2 235 1 363 1 0 0 0 0 0 0 0 0 0 0 0 0 0 0 0 0 0 0 0 0 0 0 0 0
108 2 236 1 364 1 0 0 0 0 0 0 0 0 0 0 0 0 0 0 0 0 0 0 0 0 0 0 0 0
109 2 237 1 365 1 0 0 0 0 0 0 0 0 0 0 0 0 0 0 0 0 0 0 0 0 0 0 0 0
110 2 238 1 366 1 0 0 0 0 0 0 0 0 0 0 0 0 0 0 0 0 0 0 0 0 0 0 0 0
111 2 239 1 367 1 0 0 0 0 0 0 0 0 0 0 0 0 0 0 0 0 0 0 0 0 0 0 0 0
112 2 240 1 368 1 0 0 0 0 0 0 0 0 0 0 0 0 0 0 0 0 0 0 0 0 0 0 0 0
113 2 241 1 369 1 0 0 0 0 0 0 0 0 0 0 0 0 0 0 0 0 0 0 0 0 0 0 0 0
114 2 242 1 370 1 0 0 0 0 0 0 0 0 0 0 0 0 0 0 0 0 0 0 0 0 0 0 0 0
115 2 243 1 371 1 0 0 0 0 0 0 0 0 0 0 0 0 0 0 0 0 0 0 0 0 0 0 0 0
116 2 244 1 372 1 0 0 0 0 0 0 0 0 0 0 0 0 0 0 0 0 0 0 0 0 0 0 0 0
117 2 245 1 373 1 0 0 0 0 0 0 0 0 0 0 0 0 0 0 0 0 0 0 0 0 0 0 0 0
118 2 246 1 374 1 0 0 0 0 0 0 0 0 0 0 0 0 0 0 0 0 0 0 0 0 0 0 0 0
119 2 247 1 375 1 0 0 0 0 0 0 0 0 0 0 0 0 0 0 0 0 0 0 0 0 0 0 0 0
120 2 248 1 376 1 0 0 0 0 0 0 0 0 0 0 0 0 0 0 0 0 0 0 0 0 0 0 0 0
121 2 249 1 377 1 0 0 0 0 0 0 0 0 0 0 0 0 0 0 0 0 0 0 0 0 0 0 0 0
122 2 250 1 378 1 0 0 0 0 0 0 0 0 0 0 0 0 0 0 0 0 0 0 0 0 0 0 0 0
123 2 251 1 379 1 0 0 0 0 0 0 0 0 0 0 0 0 0 0 0 0 0 0 0 0 0 0 0 0
124 2 252 1 380 1 0 0 0 0 0 0 0 0 0 0 0 0 0 0 0 0 0 0 0 0 0 0 0 0
125 2 253 1 381 1 0 0 0 0 0 0 0 0 0 0 0 0 0 0 0 0 0 0 0 0 0 0 0 0
126 2 254 1 382 1 0 0 0 0 0 0 0 0 0 0 0 0 0 0 0 0 0 0 0 0 0 0 0 0
127 2 255 1 383 1 0 0 0 0 0 0 0 0 0 0 0 0 0 0 0 0 0 0 0 0 0 0 0 0
0 1 224 2 288 1 0 0 0 0 0 0 0 0 0 0 0 0 0 0 0 0 0 0 0 0 0 0 0 0
1 1 225 2 289 1 0 0 0 0 0 0 0 0 0 0 0 0 0 0 0 0 0 0 0 0 0 0 0 0
2 1 226 2 290 1 0 0 0 0 0 0 0 0 0 0 0 0 0 0 0 0 0 0 0 0 0 0 0 0
3 1 227 2 291 1 0 0 0 0 0 0 0 0 0 0 0 0 0 0 0 0 0 0 0 0 0 0 0 0
4 1 228 2 292 1 0 0 0 0 0 0 0 0 0 0 0 0 0 0 0 0 0 0 0 0 0 0 0 0
5 1 229 2 293 1 0 0 0 0 0 0 0 0 0 0 0 0 0 0 0 0 0 0 0 0 0 0 0 0
6 1 230 2 294 1 0 0 0 0 0 0 0 0 0 0 0 0 0 0 0 0 0 0 0 0 0 0 0 0
7 1 231 2 295 1 0 0 0 0 0 0 0 0 0 0 0 0 0 0 0 0 0 0 0 0 0 0 0 0
8 1 232 2 296 1 0 0 0 0 0 0 0 0 0 0 0 0 0 0 0 0 0 0 0 0 0 0 0 0
9 1 233 2 297 1 0 0 0 0 0 0 0 0 0 0 0 0 0 0 0 0 0 0 0 0 0 0 0 0
10 1 234 2 298 1 0 0 0 0 0 0 0 0 0 0 0 0 0 0 0 0 0 0 0 0 0 0 0 0
11 1 235 2 299 1 0 0 0 0 0 0 0 0 0 0 0 0 0 0 0 0 0 0 0 0 0 0 0 0
12 1 236 2 300 1 0 0 0 0 0 0 0 0 0 0 0 0 0 0 0 0 0 0 0 0 0 0 0 0
13 1 237 2 301 1 0 0 0 0 0 0 0 0 0 0 0 0 0 0 0 0 0 0 0 0 0 0 0 0
14 1 238 2 302 1 0 0 0 0 0 0 0 0 0 0 0 0 0 0 0 0 0 0 0 0 0 0 0 0
15 1 239 2 303 1 0 0 0 0 0 0 0 0 0 0 0 0 0 0 0 0 0 0 0 0 0 0 0 0
16 1 240 2 304 1 0 0 0 0 0 0 0 0 0 0 0 0 0 0 0 0 0 0 0 0 0 0 0 0
17 1 241 2 305 1 0 0 0 0 0 0 0 0 0 0 0 0 0 0 0 0 0 0 0 0 0 0 0 0
18 1 242 2 306 1 0 0 0 0 0 0 0 0 0 0 0 0 0 0 0 0 0 0 0 0 0 0 0 0
19 1 243 2 307 1 0 0 0 0 0 0 0 0 0 0 0 0 0 0 0 0 0 0 0 0 0 0 0 0
20 1 244 2 308 1 0 0 0 0 0 0 0 0 0 0 0 0 0 0 0 0 0 0 0 0 0 0 0 0
21 1 245 2 309 1 0 0 0 0 0 0 0 0 0 0 0 0 0 0 0 0 0 0 0 0 0 0 0 0
22 1 246 2 310 1 0 0 0 0 0 0 0 0 0 0 0 0 0 0 0 0 0 0 0 0 0 0 0 0
23 1 247 2 311 1 0 0 0 0 0 0 0 0 0 0 0 0 0 0 0 0 0 0 0 0 0 0 0 0
24 1 248 2 312 1 0 0 0 0 0 0 0 0 0 0 0 0 0 0 0 0 0 0 0 0 0 0 0 0
25 1 249 2 313 1 0 0 0 0 0 0 0 0 0 0 0 0 0 0 0 0 0 0 0 0 0 0 0 0
26 1 250 2 314 1 0 0 0 0 0 0 0 0 0 0 0 0 0 0 0 0 0 0 0 0 0 0 0 0
27 1 251 2 315 1 0 0 0 0 0 0 0 0 0 0 0 0 0 0 0 0 0 0 0 0 0 0 0 0
28 1 252 2 316 1 0 0 0 0 0 0 0 0 0 0 0 0 0 0 0 0 0 0 0 0 0 0 0 0
29 1 253 2 317 1 0 0 0 0 0 0 0 0 0 0 0 0 0 0 0 0 0 0 0 0 0 0 0 0
30 1 254 2 318 1 0 0 0 0 0 0 0 0 0 0 0 0 0 0 0 0 0 0 0 0 0 0 0 0
31 1 255 2 319 1 0 0 0 0 0 0 0 0 0 0 0 0 0 0 0 0 0 0 0 0 0 0 0 0
32 1 128 2 320 1 0 0 0 0 0 0 0 0 0 0 0 0 0 0 0 0 0 0 0 0 0 0 0 0
33 1 129 2 321 1 0 0 0 0 0 0 0 0 0 0 0 0 0 0 0 0 0 0 0 0 0 0 0 0
34 1 130 2 322 1 0 0 0 0 0 0 0 0 0 0 0 0 0 0 0 0 0 0 0 0 0 0 0 0
35 1 131 2 323 1 0 0 0 0 0 0 0 0 0 0 0 0 0 0 0 0 0 0 0 0 0 0 0 0
36 1 132 2 324 1 0 0 0 0 0 0 0 0 0 0 0 0 0 0 0 0 0 0 0 0 0 0 0 0
37 1 133 2 325 1 0 0 0 0 0 0 0 0 0 0 0 0 0 0 0 0 0 0 0 0 0 0 0 0
38 1 134 2 326 1 0 0 0 0 0 0 0 0 0 0 0 0 0 0 0 0 0 0 0 0 0 0 0 0
39 1 135 2 327 1 0 0 0 0 0 0 0 0 0 0 0 0 0 0 0 0 0 0 0 0 0 0 0 0
40 1 136 2 328 1 0 0 0 0 0 0 0 0 0 0 0 0 0 0 0 0 0 0 0 0 0 0 0 0
41 1 137 2 329 1 0 0 0 0 0 0 0 0 0 0 0 0 0 0 0 0 0 0 0 0 0 0 0 0
42 1 138 2 330 1 0 0 0 0 0 0 0 0 0 0 0 0 0 0 0 0 0 0 0 0 0 0 0 0
43 1 139 2 331 1 0 0 0 0 0 0 0 0 0 0 0 0 0 0 0 0 0 0 0 0 0 0 0 0
44 1 140 2 332 1 0 0 0 0 0 0 0 0 0 0 0 0 0 0 0 0 0 0 0 0 0 0 0 0
45 1 141 2 333 1 0 0 0 0 0 0 0 0 0 0 0 0 0 0 0 0 0 0 0 0 0 0 0 0
46 1 142 2 334 1 0 0 0 0 0 0 0 0 0 0 0 0 0 0 0 0 0 0 0 0 0 0 0 0
47 1 143 2 335 1 0 0 0 0 0 0 0 0 0 0 0 0 0 0 0 0 0 0 0 0 0 0 0 0
48 1 144 2 336 1 0 0 0 0 0 0 0 0 0 0 0 0 0 0 0 0 0 0 0 0 0 0 0 0
49 1 145 2 337 1 0 0 0 0 0 0 0 0 0 0 0 0 0 0 0 0 0 0 0 0 0 0 0 0
50 1 146 2 338 1 0 0 0 0 0 0 0 0 0 0 0 0 0 0 0 0 0 0 0 0 0 0 0 0
51 1 147 2 339 1 0 0 0 0 0 0 0 0 0 0 0 0 0 0 0 0 0 0 0 0 0 0 0 0
52 1 148 2 340 1 0 0 0 0 0 0 0 0 0 0 0 0 0 0 0 0 0 0 0 0 0 0 0 0
53 1 149 2 341 1 0 0 0 0 0 0 0 0 0 0 0 0 0 0 0 0 0 0 0 0 0 0 0 0
54 1 150 2 342 1 0 0 0 0 0 0 0 0 0 0 0 0 0 0 0 0 0 0 0 0 0 0 0 0
55 1 151 2 343 1 0 0 0 0 0 0 0 0 0 0 0 0 0 0 0 0 0 0 0 0 0 0 0 0
56 1 152 2 344 1 0 0 0 0 0 0 0 0 0 0 0 0 0 0 0 0 0 0 0 0 0 0 0 0
57 1 153 2 345 1 0 0 0 0 0 0 0 0 0 0 0 0 0 0 0 0 0 0 0 0 0 0 0 0
58 1 154 2 346 1 0 0 0 0 0 0 0 0 0 0 0 0 0 0 0 0 0 0 0 0 0 0 0 0
59 1 155 2 347 1 0 0 0 0 0 0 0 0 0 0 0 0 0 0 0 0 0 0 0 0 0 0 0 0
60 1 156 2 348 1 0 0 0 0 0 0 0 0 0 0 0 0 0 0 0 0 0 0 0 0 0 0 0 0
61 1 157 2 349 1 0 0 0 0 0 0 0 0 0 0 0 0 0 0 0 0 0 0 0 0 0 0 0 0
62 1 158 2 350 1 0 0 0 0 0 0 0 0 0 0 0 0 0 0 0 0 0 0 0 0 0 0 0 0
63 1 159 2 351 1 0 0 0 0 0 0 0 0 0 0 0 0 0 0 0 0 0 0 0 0 0 0 0 0
64 1 160 2 352 1 0 0 0 0 0 0 0 0 0 0 0 0 0 0 0 0 0 0 0 0 0 0 0 0
65 1 161 2 353 1 0 0 0 0 0 0 0 0 0 0 0 0 0 0 0 0 0 0 0 0 0 0 0 0
66 1 162 2 354 1 0 0 0 0 0 0 0 0 0 0 0 0 0 0 0 0 0 0 0 0 0 0 0 0
67 1 163 2 355 1 0 0 0 0 0 0 0 0 0 0 0 0 0 0 0 0 0 0 0 0 0 0 0 0
68 1 164 2 356 1 0 0 0 0 0 0 0 0 0 0 0 0 0 0 0 0 0 0 0 0 0 0 0 0
69 1 165 2 357 1 0 0 0 0 0 0 0 0 0 0 0 0 0 0 0 0 0 0 0 0 0 0 0 0
70 1 166 2 358 1 0 0 0 0 0 0 0 0 0 0 0 0 0 0 0 0 0 0 0 0 0 0 0 0
71 1 167 2 359 1 0 0 0 0 0 0 0 0 0 0 0 0 0 0 0 0 0 0 0 0 0 0 0 0
72 1 168 2 360 1 0 0 0 0 0 0 0 0 0 0 0 0 0 0 0 0 0 0 0 0 0 0 0 0
73 1 169 2 361 1 0 0 0 0 0 0 0 0 0 0 0 0 0 0 0 0 0 0 0 0 0 0 0 0
74 1 170 2 362 1 0 0 0 0 0 0 0 0 0 0 0 0 0 0 0 0 0 0 0 0 0 0 0 0
75 1 171 2 363 1 0 0 0 0 0 0 0 0 0 0 0 0 0 0 0 0 0 0 0 0 0 0 0 0
76 1 172 2 364 1 0 0 0 0 0 0 0 0 0 0 0 0 0 0 0 0 0 0 0 0 0 0 0 0
77 1 173 2 365 1 0 0 0 0 0 0 0 0 0 0 0 0 0 0 0 0 0 0 0 0 0 0 0 0
78 1 174 2 366 1 0 0 0 0 0 0 0 0 0 0 0 0 0 0 0 0 0 0 0 0 0 0 0 0
79 1 175 2 367 1 0 0 0 0 0 0 0 0 0 0 0 0 0 0 0 0 0 0 0 0 0 0 0 0
80 1 176 2 368 1 0 0 0 0 0 0 0 0 0 0 0 0 0 0 0 0 0 0 0 0 0 0 0 0
81 1 177 2 369 1 0 0 0 0 0 0 0 0 0 0 0 0 0 0 0 0 0 0 0 0 0 0 0 0
82 1 178 2 370 1 0 0 0 0 0 0 0 0 0 0 0 0 0 0 0 0 0 0 0 0 0 0 0 0
83 1 179 2 371 1 0 0 0 0 0 0 0 0 0 0 0 0 0 0 0 0 0 0 0 0 0 0 0 0
84 1 180 2 372 1 0 0 0 0 0 0 0 0 0 0 0 0 0 0 0 0 0 0 0 0 0 0 0 0
85 1 181 2 373 1 0 0 0 0 0 0 0 0 0 0 0 0 0 0 0 0 0 0 0 0 0 0 0 0
86 1 182 2 374 1 0 0 0 0 0 0 0 0 0 0 0 0 0 0 0 0 0 0 0 0 0 0 0 0
87 1 183 2 375 1 0 0 0 0 0 0 0 0 0 0 0 0 0 0 0 0 0 0 0 0 0 0 0 0
88 1 184 2 376 1 0 0 0 0 0 0 0 0 0 0 0 0 0 0 0 0 0 0 0 0 0 0 0 0
89 1 185 2 377 1 0 0 0 0 0 0 0 0 0 0 0 0 0 0 0 0 0 0 0 0 0 0 0 0
90 1 186 2 378 1 0 0 0 0 0 0 0 0 0 0 0 0 0 0 0 0 0 0 0 0 0 0 0 0
91 1 187 2 379 1 0 0 0 0 0 0 0 0 0 0 0 0 0 0 0 0 0 0 0 0 0 0 0 0
92 1 188 2 380 1 0 0 0 0 0 0 0 0 0 0 0 0 0 0 0 0 0 0 0 0 0 0 0 0
93 1 189 2 381 1 0 0 0 0 0 0 0 0 0 0 0 0 0 0 0 0 0 0 0 0 0 0 0 0
94 1 190 2 382 1 0 0 0 0 0 0 0 0 0 0 0 0 0 0 0 0 0 0 0 0 0 0 0 0
95 1 191 2 383 1 0 0 0 0 0 0 0 0 0 0 0 0 0 0 0 0 0 0 0 0 0 0 0 0
96 1 192 2 256 1 0 0 0 0 0 0 0 0 0 0 0 0 0 0 0 0 0 0 0 0 0 0 0 0
97 1 193 2 257 1 0 0 0 0 0 0 0 0 0 0 0 0 0 0 0 0 0 0 0 0 0 0 0 0
98 1 194 2 258 1 0 0 0 0 0 0 0 0 0 0 0 0 0 0 0 0 0 0 0 0 0 0 0 0
99 1 195 2 259 1 0 0 0 0 0 0 0 0 0 0 0 0 0 0 0 0 0 0 0 0 0 0 0 0
100 1 196 2 260 1 0 0 0 0 0 0 0 0 0 0 0 0 0 0 0 0 0 0 0 0 0 0 0 0
101 1 197 2 261 1 0 0 0 0 0 0 0 0 0 0 0 0 0 0 0 0 0 0 0 0 0 0 0 0
102 1 198 2 262 1 0 0 0 0 0 0 0 0 0 0 0 0 0 0 0 0 0 0 0 0 0 0 0 0
103 1 199 2 263 1 0 0 0 0 0 0 0 0 0 0 0 0 0 0 0 0 0 0 0 0 0 0 0 0
104 1 200 2 264 1 0 0 0 0 0 0 0 0 0 0 0 0 0 0 0 0 0 0 0 0 0 0 0 0
105 1 201 2 265 1 0 0 0 0 0 0 0 0 0 0 0 0 0 0 0 0 0 0 0 0 0 0 0 0
106 1 202 2 266 1 0 0 0 0 0 0 0 0 0 0 0 0 0 0 0 0 0 0 0 0 0 0 0 0
107 1 203 2 267 1 0 0 0 0 0 0 0 0 0 0 0 0 0 0 0 0 0 0 0 0 0 0 0 0
108 1 204 2 268 1 0 0 0 0 0 0 0 0 0 0 0 0 0 0 0 0 0 0 0 0 0 0 0 0
109 1 205 2 269 1 0 0 0 0 0 0 0 0 0 0 0 0 0 0 0 0 0 0 0 0 0 0 0 0
110 1 206 2 270 1 0 0 0 0 0 0 0 0 0 0 0 0 0 0 0 0 0 0 0 0 0 0 0 0
111 1 207 2 271 1 0 0 0 0 0 0 0 0 0 0 0 0 0 0 0 0 0 0 0 0 0 0 0 0
112 1 208 2 272 1 0 0 0 0 0 0 0 0 0 0 0 0 0 0 0 0 0 0 0 0 0 0 0 0
113 1 209 2 273 1 0 0 0 0 0 0 0 0 0 0 0 0 0 0 0 0 0 0 0 0 0 0 0 0
114 1 210 2 274 1 0 0 0 0 0 0 0 0 0 0 0 0 0 0 0 0 0 0 0 0 0 0 0 0
115 1 211 2 275 1 0 0 0 0 0 0 0 0 0 0 0 0 0 0 0 0 0 0 0 0 0 0 0 0
116 1 212 2 276 1 0 0 0 0 0 0 0 0 0 0 0 0 0 0 0 0 0 0 0 0 0 0 0 0
117 1 213 2 277 1 0 0 0 0 0 0 0 0 0 0 0 0 0 0 0 0 0 0 0 0 0 0 0 0
118 1 214 2 278 1 0 0 0 0 0 0 0 0 0 0 0 0 0 0 0 0 0 0 0 0 0 0 0 0
119 1 215 2 279 1 0 0 0 0 0 0 0 0 0 0 0 0 0 0 0 0 0 0 0 0 0 0 0 0
120 1 216 2 280 1 0 0 0 0 0 0 0 0 0 0 0 0 0 0 0 0 0 0 0 0 0 0 0 0
121 1 217 2 281 1 0 0 0 0 0 0 0 0 0 0 0 0 0 0 0 0 0 0 0 0 0 0 0 0
122 1 218 2 282 1 0 0 0 0 0 0 0 0 0 0 0 0 0 0 0 0 0 0 0 0 0 0 0 0
123 1 219 2 283 1 0 0 0 0 0 0 0 0 0 0 0 0 0 0 0 0 0 0 0 0 0 0 0 0
124 1 220 2 284 1 0 0 0 0 0 0 0 0 0 0 0 0 0 0 0 0 0 0 0 0 0 0 0 0
125 1 221 2 285 1 0 0 0 0 0 0 0 0 0 0 0 0 0 0 0 0 0 0 0 0 0 0 0 0
126 1 222 2 286 1 0 0 0 0 0 0 0 0 0 0 0 0 0 0 0 0 0 0 0 0 0 0 0 0
127 1 223 2 287 1 0 0 0 0 0 0 0 0 0 0 0 0 0 0 0 0 0 0 0 0 0 0 0 0
0 1 208 1 368 2 0 0 0 0 0 0 0 0 0 0 0 0 0 0 0 0 0 0 0 0 0 0 0 0
1 1 209 1 369 2 0 0 0 0 0 0 0 0 0 0 0 0 0 0 0 0 0 0 0 0 0 0 0 0
2 1 210 1 370 2 0 0 0 0 0 0 0 0 0 0 0 0 0 0 0 0 0 0 0 0 0 0 0 0
3 1 211 1 371 2 0 0 0 0 0 0 0 0 0 0 0 0 0 0 0 0 0 0 0 0 0 0 0 0
4 1 212 1 372 2 0 0 0 0 0 0 0 0 0 0 0 0 0 0 0 0 0 0 0 0 0 0 0 0
5 1 213 1 373 2 0 0 0 0 0 0 0 0 0 0 0 0 0 0 0 0 0 0 0 0 0 0 0 0
6 1 214 1 374 2 0 0 0 0 0 0 0 0 0 0 0 0 0 0 0 0 0 0 0 0 0 0 0 0
7 1 215 1 375 2 0 0 0 0 0 0 0 0 0 0 0 0 0 0 0 0 0 0 0 0 0 0 0 0
8 1 216 1 376 2 0 0 0 0 0 0 0 0 0 0 0 0 0 0 0 0 0 0 0 0 0 0 0 0
9 1 217 1 377 2 0 0 0 0 0 0 0 0 0 0 0 0 0 0 0 0 0 0 0 0 0 0 0 0
10 1 218 1 378 2 0 0 0 0 0 0 0 0 0 0 0 0 0 0 0 0 0 0 0 0 0 0 0 0
11 1 219 1 379 2 0 0 0 0 0 0 0 0 0 0 0 0 0 0 0 0 0 0 0 0 0 0 0 0
12 1 220 1 380 2 0 0 0 0 0 0 0 0 0 0 0 0 0 0 0 0 0 0 0 0 0 0 0 0
13 1 221 1 381 2 0 0 0 0 0 0 0 0 0 0 0 0 0 0 0 0 0 0 0 0 0 0 0 0
14 1 222 1 382 2 0 0 0 0 0 0 0 0 0 0 0 0 0 0 0 0 0 0 0 0 0 0 0 0
15 1 223 1 383 2 0 0 0 0 0 0 0 0 0 0 0 0 0 0 0 0 0 0 0 0 0 0 0 0
16 1 224 1 256 2 0 0 0 0 0 0 0 0 0 0 0 0 0 0 0 0 0 0 0 0 0 0 0 0
17 1 225 1 257 2 0 0 0 0 0 0 0 0 0 0 0 0 0 0 0 0 0 0 0 0 0 0 0 0
18 1 226 1 258 2 0 0 0 0 0 0 0 0 0 0 0 0 0 0 0 0 0 0 0 0 0 0 0 0
19 1 227 1 259 2 0 0 0 0 0 0 0 0 0 0 0 0 0 0 0 0 0 0 0 0 0 0 0 0
20 1 228 1 260 2 0 0 0 0 0 0 0 0 0 0 0 0 0 0 0 0 0 0 0 0 0 0 0 0
21 1 229 1 261 2 0 0 0 0 0 0 0 0 0 0 0 0 0 0 0 0 0 0 0 0 0 0 0 0
22 1 230 1 262 2 0 0 0 0 0 0 0 0 0 0 0 0 0 0 0 0 0 0 0 0 0 0 0 0
23 1 231 1 263 2 0 0 0 0 0 0 0 0 0 0 0 0 0 0 0 0 0 0 0 0 0 0 0 0
24 1 232 1 264 2 0 0 0 0 0 0 0 0 0 0 0 0 0 0 0 0 0 0 0 0 0 0 0 0
25 1 233 1 265 2 0 0 0 0 0 0 0 0 0 0 0 0 0 0 0 0 0 0 0 0 0 0 0 0
26 1 234 1 266 2 0 0 0 0 0 0 0 0 0 0 0 0 0 0 0 0 0 0 0 0 0 0 0 0
27 1 235 1 267 2 0 0 0 0 0 0 0 0 0 0 0 0 0 0 0 0 0 0 0 0 0 0 0 0
28 1 236 1 268 2 0 0 0 0 0 0 0 0 0 0 0 0 0 0 0 0 0 0 0 0 0 0 0 0
29 1 237 1 269 2 0 0 0 0 0 0 0 0 0 0 0 0 0 0 0 0 0 0 0 0 0 0 0 0
30 1 238 1 270 2 0 0 0 0 0 0 0 0 0 0 0 0 0 0 0 0 0 0 0 0 0 0 0 0
31 1 239 1 271 2 0 0 0 0 0 0 0 0 0 0 0 0 0 0 0 0 0 0 0 0 0 0 0 0
32 1 240 1 272 2 0 0 0 0 0 0 0 0 0 0 0 0 0 0 0 0 0 0 0 0 0 0 0 0
33 1 241 1 273 2 0 0 0 0 0 0 0 0 0 0 0 0 0 0 0 0 0 0 0 0 0 0 0 0
34 1 242 1 274 2 0 0 0 0 0 0 0 0 0 0 0 0 0 0 0 0 0 0 0 0 0 0 0 0
35 1 243 1 275 2 0 0 0 0 0 0 0 0 0 0 0 0 0 0 0 0 0 0 0 0 0 0 0 0
36 1 244 1 276 2 0 0 0 0 0 0 0 0 0 0 0 0 0 0 0 0 0 0 0 0 0 0 0 0
37 1 245 1 277 2 0 0 0 0 0 0 0 0 0 0 0 0 0 0 0 0 0 0 0 0 0 0 0 0
38 1 246 1 278 2 0 0 0 0 0 0 0 0 0 0 0 0 0 0 0 0 0 0 0 0 0 0 0 0
39 1 247 1 279 2 0 0 0 0 0 0 0 0 0 0 0 0 0 0 0 0 0 0 0 0 0 0 0 0
40 1 248 1 280 2 0 0 0 0 0 0 0 0 0 0 0 0 0 0 0 0 0 0 0 0 0 0 0 0
41 1 249 1 281 2 0 0 0 0 0 0 0 0 0 0 0 0 0 0 0 0 0 0 0 0 0 0 0 0
42 1 250 1 282 2 0 0 0 0 0 0 0 0 0 0 0 0 0 0 0 0 0 0 0 0 0 0 0 0
43 1 251 1 283 2 0 0 0 0 0 0 0 0 0 0 0 0 0 0 0 0 0 0 0 0 0 0 0 0
44 1 252 1 284 2 0 0 0 0 0 0 0 0 0 0 0 0 0 0 0 0 0 0 0 0 0 0 0 0
45 1 253 1 285 2 0 0 0 0 0 0 0 0 0 0 0 0 0 0 0 0 0 0 0 0 0 0 0 0
46 1 254 1 286 2 0 0 0 0 0 0 0 0 0 0 0 0 0 0 0 0 0 0 0 0 0 0 0 0
47 1 255 1 287 2 0 0 0 0 0 0 0 0 0 0 0 0 0 0 0 0 0 0 0 0 0 0 0 0
48 1 128 1 288 2 0 0 0 0 0 0 0 0 0 0 0 0 0 0 0 0 0 0 0 0 0 0 0 0
49 1 129 1 289 2 0 0 0 0 0 0 0 0 0 0 0 0 0 0 0 0 0 0 0 0 0 0 0 0
50 1 130 1 290 2 0 0 0 0 0 0 0 0 0 0 0 0 0 0 0 0 0 0 0 0 0 0 0 0
51 1 131 1 291 2 0 0 0 0 0 0 0 0 0 0 0 0 0 0 0 0 0 0 0 0 0 0 0 0
52 1 132 1 292 2 0 0 0 0 0 0 0 0 0 0 0 0 0 0 0 0 0 0 0 0 0 0 0 0
53 1 133 1 293 2 0 0 0 0 0 0 0 0 0 0 0 0 0 0 0 0 0 0 0 0 0 0 0 0
54 1 134 1 294 2 0 0 0 0 0 0 0 0 0 0 0 0 0 0 0 0 0 0 0 0 0 0 0 0
55 1 135 1 295 2 0 0 0 0 0 0 0 0 0 0 0 0 0 0 0 0 0 0 0 0 0 0 0 0
56 1 136 1 296 2 0 0 0 0 0 0 0 0 0 0 0 0 0 0 0 0 0 0 0 0 0 0 0 0
57 1 137 1 297 2 0 0 0 0 0 0 0 0 0 0 0 0 0 0 0 0 0 0 0 0 0 0 0 0
58 1 138 1 298 2 0 0 0 0 0 0 0 0 0 0 0 0 0 0 0 0 0 0 0 0 0 0 0 0
59 1 139 1 299 2 0 0 0 0 0 0 0 0 0 0 0 0 0 0 0 0 0 0 0 0 0 0 0 0
60 1 140 1 300 2 0 0 0 0 0 0 0 0 0 0 0 0 0 0 0 0 0 0 0 0 0 0 0 0
61 1 141 1 301 2 0 0 0 0 0 0 0 0 0 0 0 0 0 0 0 0 0 0 0 0 0 0 0 0
62 1 142 1 302 2 0 0 0 0 0 0 0 0 0 0 0 0 0 0 0 0 0 0 0 0 0 0 0 0
63 1 143 1 303 2 0 0 0 0 0 0 0 0 0 0 0 0 0 0 0 0 0 0 0 0 0 0 0 0
64 1 144 1 304 2 0 0 0 0 0 0 0 0 0 0 0 0 0 0 0 0 0 0 0 0 0 0 0 0
65 1 145 1 305 2 0 0 0 0 0 0 0 0 0 0 0 0 0 0 0 0 0 0 0 0 0 0 0 0
66 1 146 1 306 2 0 0 0 0 0 0 0 0 0 0 0 0 0 0 0 0 0 0 0 0 0 0 0 0
67 1 147 1 307 2 0 0 0 0 0 0 0 0 0 0 0 0 0 0 0 0 0 0 0 0 0 0 0 0
68 1 148 1 308 2 0 0 0 0 0 0 0 0 0 0 0 0 0 0 0 0 0 0 0 0 0 0 0 0
69 1 149 1 309 2 0 0 0 0 0 0 0 0 0 0 0 0 0 0 0 0 0 0 0 0 0 0 0 0
70 1 150 1 310 2 0 0 0 0 0 0 0 0 0 0 0 0 0 0 0 0 0 0 0 0 0 0 0 0
71 1 151 1 311 2 0 0 0 0 0 0 0 0 0 0 0 0 0 0 0 0 0 0 0 0 0 0 0 0
72 1 152 1 312 2 0 0 0 0 0 0 0 0 0 0 0 0 0 0 0 0 0 0 0 0 0 0 0 0
73 1 153 1 313 2 0 0 0 0 0 0 0 0 0 0 0 0 0 0 0 0 0 0 0 0 0 0 0 0
74 1 154 1 314 2 0 0 0 0 0 0 0 0 0 0 0 0 0 0 0 0 0 0 0 0 0 0 0 0
75 1 155 1 315 2 0 0 0 0 0 0 0 0 0 0 0 0 0 0 0 0 0 0 0 0 0 0 0 0
76 1 156 1 316 2 0 0 0 0 0 0 0 0 0 0 0 0 0 0 0 0 0 0 0 0 0 0 0 0
77 1 157 1 317 2 0 0 0 0 0 0 0 0 0 0 0 0 0 0 0 0 0 0 0 0 0 0 0 0
78 1 158 1 318 2 0 0 0 0 0 0 0 0 0 0 0 0 0 0 0 0 0 0 0 0 0 0 0 0
79 1 159 1 319 2 0 0 0 0 0 0 0 0 0 0 0 0 0 0 0 0 0 0 0 0 0 0 0 0
80 1 160 1 320 2 0 0 0 0 0 0 0 0 0 0 0 0 0 0 0 0 0 0 0 0 0 0 0 0
81 1 161 1 321 2 0 0 0 0 0 0 0 0 0 0 0 0 0 0 0 0 0 0 0 0 0 0 0 0
82 1 162 1 322 2 0 0 0 0 0 0 0 0 0 0 0 0 0 0 0 0 0 0 0 0 0 0 0 0
83 1 163 1 323 2 0 0 0 0 0 0 0 0 0 0 0 0 0 0 0 0 0 0 0 0 0 0 0 0
84 1 164 1 324 2 0 0 0 0 0 0 0 0 0 0 0 0 0 0 0 0 0 0 0 0 0 0 0 0
85 1 165 1 325 2 0 0 0 0 0 0 0 0 0 0 0 0 0 0 0 0 0 0 0 0 0 0 0 0
86 1 166 1 326 2 0 0 0 0 0 0 0 0 0 0 0 0 0 0 0 0 0 0 0 0 0 0 0 0
87 1 167 1 327 2 0 0 0 0 0 0 0 0 0 0 0 0 0 0 0 0 0 0 0 0 0 0 0 0
88 1 168 1 328 2 0 0 0 0 0 0 0 0 0 0 0 0 0 0 0 0 0 0 0 0 0 0 0 0
89 1 169 1 329 2 0 0 0 0 0 0 0 0 0 0 0 0 0 0 0 0 0 0 0 0 0 0 0 0
90 1 170 1 330 2 0 0 0 0 0 0 0 0 0 0 0 0 0 0 0 0 0 0 0 0 0 0 0 0
91 1 171 1 331 2 0 0 0 0 0 0 0 0 0 0 0 0 0 0 0 0 0 0 0 0 0 0 0 0
92 1 172 1 332 2 0 0 0 0 0 0 0 0 0 0 0 0 0 0 0 0 0 0 0 0 0 0 0 0
93 1 173 1 333 2 0 0 0 0 0 0 0 0 0 0 0 0 0 0 0 0 0 0 0 0 0 0 0 0
94 1 174 1 334 2 0 0 0 0 0 0 0 0 0 0 0 0 0 0 0 0 0 0 0 0 0 0 0 0
95 1 175 1 335 2 0 0 0 0 0 0 0 0 0 0 0 0 0 0 0 0 0 0 0 0 0 0 0 0
96 1 176 1 336 2 0 0 0 0 0 0 0 0 0 0 0 0 0 0 0 0 0 0 0 0 0 0 0 0
97 1 177 1 337 2 0 0 0 0 0 0 0 0 0 0 0 0 0 0 0 0 0 0 0 0 0 0 0 0
98 1 178 1 338 2 0 0 0 0 0 0 0 0 0 0 0 0 0 0 0 0 0 0 0 0 0 0 0 0
99 1 179 1 339 2 0 0 0 0 0 0 0 0 0 0 0 0 0 0 0 0 0 0 0 0 0 0 0 0
100 1 180 1 340 2 0 0 0 0 0 0 0 0 0 0 0 0 0 0 0 0 0 0 0 0 0 0 0 0
101 1 181 1 341 2 0 0 0 0 0 0 0 0 0 0 0 0 0 0 0 0 0 0 0 0 0 0 0 0
102 1 182 1 342 2 0 0 0 0 0 0 0 0 0 0 0 0 0 0 0 0 0 0 0 0 0 0 0 0
103 1 183 1 343 2 0 0 0 0 0 0 0 0 0 0 0 0 0 0 0 0 0 0 0 0 0 0 0 0
104 1 184 1 344 2 0 0 0 0 0 0 0 0 0 0 0 0 0 0 0 0 0 0 0 0 0 0 0 0
105 1 185 1 345 2 0 0 0 0 0 0 0 0 0 0 0 0 0 0 0 0 0 0 0 0 0 0 0 0
106 1 186 1 346 2 0 0 0 0 0 0 0 0 0 0 0 0 0 0 0 0 0 0 0 0 0 0 0 0
107 1 187 1 347 2 0 0 0 0 0 0 0 0 0 0 0 0 0 0 0 0 0 0 0 0 0 0 0 0
108 1 188 1 348 2 0 0 0 0 0 0 0 0 0 0 0 0 0 0 0 0 0 0 0 0 0 0 0 0
109 1 189 1 349 2 0 0 0 0 0 0 0 0 0 0 0 0 0 0 0 0 0 0 0 0 0 0 0 0
110 1 190 1 350 2 0 0 0 0 0 0 0 0 0 0 0 0 0 0 0 0 0 0 0 0 0 0 0 0
111 1 191 1 351 2 0 0 0 0 0 0 0 0 0 0 0 0 0 0 0 0 0 0 0 0 0 0 0 0
112 1 192 1 352 2 0 0 0 0 0 0 0 0 0 0 0 0 0 0 0 0 0 0 0 0 0 0 0 0
113 1 193 1 353 2 0 0 0 0 0 0 0 0 0 0 0 0 0 0 0 0 0 0 0 0 0 0 0 0
114 1 194 1 354 2 0 0 0 0 0 0 0 0 0 0 0 0 0 0 0 0 0 0 0 0 0 0 0 0
115 1 195 1 355 2 0 0 0 0 0 0 0 0 0 0 0 0 0 0 0 0 0 0 0 0 0 0 0 0
116 1 196 1 356 2 0 0 0 0 0 0 0 0 0 0 0 0 0 0 0 0 0 0 0 0 0 0 0 0
117 1 197 1 357 2 0 0 0 0 0 0 0 0 0 0 0 0 0 0 0 0 0 0 0 0 0 0 0 0
118 1 198 1 358 2 0 0 0 0 0 0 0 0 0 0 0 0 0 0 0 0 0 0 0 0 0 0 0 0
119 1 199 1 359 2 0 0 0 0 0 0 0 0 0 0 0 0 0 0 0 0 0 0 0 0 0 0 0 0
120 1 200 1 360 2 0 0 0 0 0 0 0 0 0 0 0 0 0 0 0 0 0 0 0 0 0 0 0 0
121 1 201 1 361 2 0 0 0 0 0 0 0 0 0 0 0 0 0 0 0 0 0 0 0 0 0 0 0 0
122 1 202 1 362 2 0 0 0 0 0 0 0 0 0 0 0 0 0 0 0 0 0 0 0 0 0 0 0 0
123 1 203 1 363 2 0 0 0 0 0 0 0 0 0 0 0 0 0 0 0 0 0 0 0 0 0 0 0 0
124 1 204 1 364 2 0 0 0 0 0 0 0 0 0 0 0 0 0 0 0 0 0 0 0 0 0 0 0 0
125 1 205 1 365 2 0 0 0 0 0 0 0 0 0 0 0 0 0 0 0 0 0 0 0 0 0 0 0 0
126 1 206 1 366 2 0 0 0 0 0 0 0 0 0 0 0 0 0 0 0 0 0 0 0 0 0 0 0 0
127 1 207 1 367 2 0 0 0 0 0 0 0 0 0 0 0 0 0 0 0 0 0 0 0 0 0 0 0 0
0 3 192 3 272 3 1 0 0 0 0 0 0 0 2 0 0 0 0 0 0 0 3 0 0 0 0 0 0 0
1 3 193 3 273 3 4 0 0 0 0 0 0 0 8 0 0 0 0 0 0 0 12 0 0 0 0 0 0 0
2 3 194 3 274 3 16 0 0 0 0 0 0 0 32 0 0 0 0 0 0 0 48 0 0 0 0 0 0 0
3 3 195 3 275 3 64 0 0 0 0 0 0 0 128 0 0 0 0 0 0 0 192 0 0 0 0 0 0 0
4 3 196 3 276 3 256 0 0 0 0 0 0 0 512 0 0 0 0 0 0 0 768 0 0 0 0 0 0 0
5 3 197 3 277 3 1024 0 0 0 0 0 0 0 2048 0 0 0 0 0 0 0 3072 0 0 0 0 0 0 0
6 3 198 3 278 3 4096 0 0 0 0 0 0 0 8192 0 0 0 0 0 0 0 12288 0 0 0 0 0 0 0
7 3 199 3 279 3 16384 0 0 0 0 0 0 0 32768 0 0 0 0 0 0 0 49152 0 0 0 0 0 0 0
8 3 200 3 280 3 65536 0 0 0 0 0 0 0 131072 0 0 0 0 0 0 0 196608 0 0 0 0 0 0 0
9 3 201 3 281 3 262144 0 0 0 0 0 0 0 524288 0 0 0 0 0 0 0 786432 0 0 0 0 0 0 0
10 3 202 3 282 3 1048576 0 0 0 0 0 0 0 2097152 0 0 0 0 0 0 0 3145728 0 0 0 0 0 0 0
11 3 203 3 283 3 4194304 0 0 0 0 0 0 0 8388608 0 0 0 0 0 0 0 12582912 0 0 0 0 0 0 0
12 3 204 3 284 3 16777216 0 0 0 0 0 0 0 33554432 0 0 0 0 0 0 0 50331648 0 0 0 0 0 0 0
13 3 205 3 285 3 67108864 0 0 0 0 0 0 0 134217728 0 0 0 0 0 0 0 201326592 0 0 0 0 0 0 0
14 3 206 3 286 3 268435456 0 0 0 0 0 0 0 536870912 0 0 0 0 0 0 0 805306368 0 0 0 0 0 0 0
15 3 207 3 287 3 1073741824 0 0 0 0 0 0 0 2147483648 0 0 0 0 0 0 0 3221225472 0 0 0 0 0 0 0
16 3 208 3 288 3 4294967296 0 0 0 0 0 0 0 8589934592 0 0 0 0 0 0 0 12884901888 0 0 0 0 0 0 0
17 3 209 3 289 3 17179869184 0 0 0 0 0 0 0 34359738368 0 0 0 0 0 0 0 51539607552 0 0 0 0 0 0 0
18 3 210 3 290 3 68719476736 0 0 0 0 0 0 0 137438953472 0 0 0 0 0 0 0 206158430208 0 0 0 0 0 0 0
19 3 211 3 291 3 274877906944 0 0 0 0 0 0 0 549755813888 0 0 0 0 0 0 0 824633720832 0 0 0 0 0 0 0
20 3 212 3 292 3 1099511627776 0 0 0 0 0 0 0 2199023255552 0 0 0 0 0 0 0 3298534883328 0 0 0 0 0 0 0
21 3 213 3 293 3 4398046511104 0 0 0 0 0 0 0 8796093022208 0 0 0 0 0 0 0 13194139533312 0 0 0 0 0 0 0
22 3 214 3 294 3 17592186044416 0 0 0 0 0 0 0 35184372088832 0 0 0 0 0 0 0 52776558133248 0 0 0 0 0 0 0
23 3 215 3 295 3 70368744177664 0 0 0 0 0 0 0 140737488355328 0 0 0 0 0 0 0 211106232532992 0 0 0 0 0 0 0
24 3 216 3 296 3 281474976710656 0 0 0 0 0 0 0 562949953421312 0 0 0 0 0 0 0 844424930131968 0 0 0 0 0 0 0
25 3 217 3 297 3 1125899906842624 0 0 0 0 0 0 0 2251799813685248 0 0 0 0 0 0 0 3377699720527872 0 0 0 0 0 0 0
26 3 218 3 298 3 4503599627370496 0 0 0 0 0 0 0 9007199254740992 0 0 0 0 0 0 0 13510798882111488 0 0 0 0 0 0 0
27 3 219 3 299 3 18014398509481984 0 0 0 0 0 0 0 36028797018963968 0 0 0 0 0 0 0 54043195528445952 0 0 0 0 0 0 0
28 3 220 3 300 3 72057594037927936 0 0 0 0 0 0 0 144115188075855872 0 0 0 0 0 0 0 216172782113783808 0 0 0 0 0 0 0
29 3 221 3 301 3 288230376151711744 0 0 0 0 0 0 0 576460752303423488 0 0 0 0 0 0 0 864691128455135232 0 0 0 0 0 0 0
30 3 222 3 302 3 1152921504606846976 0 0 0 0 0 0 0 2305843009213693952 0 0 0 0 0 0 0 3458764513820540928 0 0 0 0 0 0 0
31 3 223 3 303 3 4611686018427387904 0 0 0 0 0 0 0 9223372036854775808 0 0 0 0 0 0 0 13835058055282163712 0 0 0 0 0 0 0
32 3 224 3 304 3 0 1 0 0 0 0 0 0 0 2 0 0 0 0 0 0 0 3 0 0 0 0 0 0
33 3 225 3 305 3 0 4 0 0 0 0 0 0 0 8 0 0 0 0 0 0 0 12 0 0 0 0 0 0
34 3 226 3 306 3 0 16 0 0 0 0 0 0 0 32 0 0 0 0 0 0 0 48 0 0 0 0 0 0
35 3 227 3 307 3 0 64 0 0 0 0 0 0 0 128 0 0 0 0 0 0 0 192 0 0 0 0 0 0
36 3 228 3 308 3 0 256 0 0 0 0 0 0 0 512 0 0 0 0 0 0 0 768 0 0 0 0 0 0
37 3 229 3 309 3 0 1024 0 0 0 0 0 0 0 2048 0 0 0 0 0 0 0 3072 0 0 0 0 0 0
38 3 230 3 310 3 0 4096 0 0 0 0 0 0 0 8192 0 0 0 0 0 0 0 12288 0 0 0 0 0 0
39 3 231 3 311 3 0 16384 0 0 0 0 0 0 0 32768 0 0 0 0 0 0 0 49152 0 0 0 0 0 0
40 3 232 3 312 3 0 65536 0 0 0 0 0 0 0 131072 0 0 0 0 0 0 0 196608 0 0 0 0 0 0
41 3 233 3 313 3 0 262144 0 0 0 0 0 0 0 524288 0 0 0 0 0 0 0 786432 0 0 0 0 0 0
42 3 234 3 314 3 0 1048576 0 0 0 0 0 0 0 2097152 0 0 0 0 0 0 0 3145728 0 0 0 0 0 0
43 3 235 3 315 3 0 4194304 0 0 0 0 0 0 0 8388608 0 0 0 0 0 0 0 12582912 0 0 0 0 0 0
44 3 236 3 316 3 0 16777216 0 0 0 0 0 0 0 33554432 0 0 0 0 0 0 0 50331648 0 0 0 0 0 0
45 3 237 3 317 3 0 67108864 0 0 0 0 0 0 0 134217728 0 0 0 0 0 0 0 201326592 0 0 0 0 0 0
46 3 238 3 318 3 0 268435456 0 0 0 0 0 0 0 536870912 0 0 0 0 0 0 0 805306368 0 0 0 0 0 0
47 3 239 3 319 3 0 1073741824 0 0 0 0 0 0 0 2147483648 0 0 0 0 0 0 0 3221225472 0 0 0 0 0 0
48 3 240 3 320 3 0 4294967296 0 0 0 0 0 0 0 8589934592 0 0 0 0 0 0 0 12884901888 0 0 0 0 0 0
49 3 241 3 321 3 0 17179869184 0 0 0 0 0 0 0 34359738368 0 0 0 0 0 0 0 51539607552 0 0 0 0 0 0
50 3 242 3 322 3 0 68719476736 0 0 0 0 0 0 0 137438953472 0 0 0 0 0 0 0 206158430208 0 0 0 0 0 0
51 3 243 3 323 3 0 274877906944 0 0 0 0 0 0 0 549755813888 0 0 0 0 0 0 0 824633720832 0 0 0 0 0 0
52 3 244 3 324 3 0 1099511627776 0 0 0 0 0 0 0 2199023255552 0 0 0 0 0 0 0 3298534883328 0 0 0 0 0 0
53 3 245 3 325 3 0 4398046511104 0 0 0 0 0 0 0 8796093022208 0 0 0 0 0 0 0 13194139533312 0 0 0 0 0 0
54 3 246 3 326 3 0 17592186044416 0 0 0 0 0 0 0 35184372088832 0 0 0 0 0 0 0 52776558133248 0 0 0 0 0 0
55 3 247 3 327 3 0 70368744177664 0 0 0 0 0 0 0 140737488355328 0 0 0 0 0 0 0 211106232532992 0 0 0 0 0 0
56 3 248 3 328 3 0 281474976710656 0 0 0 0 0 0 0 562949953421312 0 0 0 0 0 0 0 844424930131968 0 0 0 0 0 0
57 3 249 3 329 3 0 1125899906842624 0 0 0 0 0 0 0 2251799813685248 0 0 0 0 0 0 0 3377699720527872 0 0 0 0 0 0
58 3 250 3 330 3 0 4503599627370496 0 0 0 0 0 0 0 9007199254740992 0 0 0 0 0 0 0 13510798882111488 0 0 0 0 0 0
59 3 251 3 331 3 0 18014398509481984 0 0 0 0 0 0 0 36028797018963968 0 0 0 0 0 0 0 54043195528445952 0 0 0 0 0 0
60 3 252 3 332 3 0 72057594037927936 0 0 0 0 0 0 0 144115188075855872 0 0 0 0 0 0 0 216172782113783808 0 0 0 0 0 0
61 3 253 3 333 3 0 288230376151711744 0 0 0 0 0 0 0 576460752303423488 0 0 0 0 0 0 0 864691128455135232 0 0 0 0 0 0
62 3 254 3 334 3 0 1152921504606846976 0 0 0 0 0 0 0 2305843009213693952 0 0 0 0 0 0 0 3458764513820540928 0 0 0 0 0 0
63 3 255 3 335 3 0 4611686018427387904 0 0 0 0 0 0 0 9223372036854775808 0 0 0 0 0 0 0 13835058055282163712 0 0 0 0 0 0
64 3 128 3 336 3 0 0 1 0 0 0 0 0 0 0 2 0 0 0 0 0 0 0 3 0 0 0 0 0
65 3 129 3 337 3 0 0 4 0 0 0 0 0 0 0 8 0 0 0 0 0 0 0 12 0 0 0 0 0
66 3 130 3 338 3 0 0 16 0 0 0 0 0 0 0 32 0 0 0 0 0 0 0 48 0 0 0 0 0
67 3 131 3 339 3 0 0 64 0 0 0 0 0 0 0 128 0 0 0 0 0 0 0 192 0 0 0 0 0
68 3 132 3 340 3 0 0 256 0 0 0 0 0 0 0 512 0 0 0 0 0 0 0 768 0 0 0 0 0
69 3 133 3 341 3 0 0 1024 0 0 0 0 0 0 0 2048 0 0 0 0 0 0 0 3072 0 0 0 0 0
70 3 134 3 342 3 0 0 4096 0 0 0 0 0 0 0 8192 0 0 0 0 0 0 0 12288 0 0 0 0 0
71 3 135 3 343 3 0 0 16384 0 0 0 0 0 0 0 32768 0 0 0 0 0 0 0 49152 0 0 0 0 0
72 3 136 3 344 3 0 0 65536 0 0 0 0 0 0 0 131072 0 0 0 0 0 0 0 196608 0 0 0 0 0
73 3 137 3 345 3 0 0 262144 0 0 0 0 0 0 0 524288 0 0 0 0 0 0 0 786432 0 0 0 0 0
74 3 138 3 346 3 0 0 1048576 0 0 0 0 0 0 0 2097152 0 0 0 0 0 0 0 3145728 0 0 0 0 0
75 3 139 3 347 3 0 0 4194304 0 0 0 0 0 0 0 8388608 0 0 0 0 0 0 0 12582912 0 0 0 0 0
76 3 140 3 348 3 0 0 16777216 0 0 0 0 0 0 0 33554432 0 0 0 0 0 0 0 50331648 0 0 0 0 0
77 3 141 3 349 3 0 0 67108864 0 0 0 0 0 0 0 134217728 0 0 0 0 0 0 0 201326592 0 0 0 0 0
78 3 142 3 350 3 0 0 268435456 0 0 0 0 0 0 0 536870912 0 0 0 0 0 0 0 805306368 0 0 0 0 0
79 3 143 3 351 3 0 0 1073741824 0 0 0 0 0 0 0 2147483648 0 0 0 0 0 0 0 3221225472 0 0 0 0 0
80 3 144 3 352 3 0 0 4294967296 0 0 0 0 0 0 0 8589934592 0 0 0 0 0 0 0 12884901888 0 0 0 0 0
81 3 145 3 353 3 0 0 17179869184 0 0 0 0 0 0 0 34359738368 0 0 0 0 0 0 0 51539607552 0 0 0 0 0
82 3 146 3 354 3 0 0 68719476736 0 0 0 0 0 0 0 137438953472 0 0 0 0 0 0 0 206158430208 0 0 0 0 0
83 3 147 3 355 3 0 0 274877906944 0 0 0 0 0 0 0 549755813888 0 0 0 0 0 0 0 824633720832 0 0 0 0 0
84 3 148 3 356 3 0 0 1099511627776 0 0 0 0 0 0 0 2199023255552 0 0 0 0 0 0 0 3298534883328 0 0 0 0 0
85 3 149 3 357 3 0 0 4398046511104 0 0 0 0 0 0 0 8796093022208 0 0 0 0 0 0 0 13194139533312 0 0 0 0 0
86 3 150 3 358 3 0 0 17592186044416 0 0 0 0 0 0 0 35184372088832 0 0 0 0 0 0 0 52776558133248 0 0 0 0 0
87 3 151 3 359 3 0 0 70368744177664 0 0 0 0 0 0 0 140737488355328 0 0 0 0 0 0 0 211106232532992 0 0 0 0 0
88 3 152 3 360 3 0 0 281474976710656 0 0 0 0 0 0 0 562949953421312 0 0 0 0 0 0 0 844424930131968 0 0 0 0 0
89 3 153 3 361 3 0 0 1125899906842624 0 0 0 0 0 0 0 2251799813685248 0 0 0 0 0 0 0 3377699720527872 0 0 0 0 0
90 3 154 3 362 3 0 0 4503599627370496 0 0 0 0 0 0 0 9007199254740992 0 0 0 0 0 0 0 13510798882111488 0 0 0 0 0
91 3 155 3 363 3 0 0 18014398509481984 0 0 0 0 0 0 0 36028797018963968 0 0 0 0 0 0 0 54043195528445952 0 0 0 0 0
92 3 156 3 364 3 0 0 72057594037927936 0 0 0 0 0 0 0 144115188075855872 0 0 0 0 0 0 0 216172782113783808 0 0 0 0 0
93 3 157 3 365 3 0 0 288230376151711744 0 0 0 0 0 0 0 576460752303423488 0 0 0 0 0 0 0 864691128455135232 0 0 0 0 0
94 3 158 3 366 3 0 0 1152921504606846976 0 0 0 0 0 0 0 2305843009213693952 0 0 0 0 0 0 0 3458764513820540928 0 0 0 0 0
95 3 159 3 367 3 0 0 4611686018427387904 0 0 0 0 0 0 0 9223372036854775808 0 0 0 0 0 0 0 13835058055282163712 0 0 0 0 0
96 3 160 3 368 3 0 0 0 1 0 0 0 0 0 0 0 2 0 0 0 0 0 0 0 3 0 0 0 0
97 3 161 3 369 3 0 0 0 4 0 0 0 0 0 0 0 8 0 0 0 0 0 0 0 12 0 0 0 0
98 3 162 3 370 3 0 0 0 16 0 0 0 0 0 0 0 32 0 0 0 0 0 0 0 48 0 0 0 0
99 3 163 3 371 3 0 0 0 64 0 0 0 0 0 0 0 128 0 0 0 0 0 0 0 192 0 0 0 0
100 3 164 3 372 3 0 0 0 256 0 0 0 0 0 0 0 512 0 0 0 0 0 0 0 768 0 0 0 0
101 3 165 3 373 3 0 0 0 1024 0 0 0 0 0 0 0 2048 0 0 0 0 0 0 0 3072 0 0 0 0
102 3 166 3 374 3 0 0 0 4096 0 0 0 0 0 0 0 8192 0 0 0 0 0 0 0 12288 0 0 0 0
103 3 167 3 375 3 0 0 0 16384 0 0 0 0 0 0 0 32768 0 0 0 0 0 0 0 49152 0 0 0 0
104 3 168 3 376 3 0 0 0 65536 0 0 0 0 0 0 0 131072 0 0 0 0 0 0 0 196608 0 0 0 0
105 3 169 3 377 3 0 0 0 262144 0 0 0 0 0 0 0 524288 0 0 0 0 0 0 0 786432 0 0 0 0
106 3 170 3 378 3 0 0 0 1048576 0 0 0 0 0 0 0 2097152 0 0 0 0 0 0 0 3145728 0 0 0 0
107 3 171 3 379 3 0 0 0 4194304 0 0 0 0 0 0 0 8388608 0 0 0 0 0 0 0 12582912 0 0 0 0
108 3 172 3 380 3 0 0 0 16777216 0 0 0 0 0 0 0 33554432 0 0 0 0 0 0 0 50331648 0 0 0 0
109 3 173 3 381 3 0 0 0 67108864 0 0 0 0 0 0 0 134217728 0 0 0 0 0 0 0 201326592 0 0 0 0
110 3 174 3 382 3 0 0 0 268435456 0 0 0 0 0 0 0 536870912 0 0 0 0 0 0 0 805306368 0 0 0 0
111 3 175 3 383 3 0 0 0 1073741824 0 0 0 0 0 0 0 2147483648 0 0 0 0 0 0 0 3221225472 0 0 0 0
112 3 176 3 256 3 0 0 0 4294967296 0 0 0 0 0 0 0 8589934592 0 0 0 0 0 0 0 12884901888 0 0 0 0
113 3 177 3 257 3 0 0 0 17179869184 0 0 0 0 0 0 0 34359738368 0 0 0 0 0 0 0 51539607552 0 0 0 0
114 3 178 3 258 3 0 0 0 68719476736 0 0 0 0 0 0 0 137438953472 0 0 0 0 0 0 0 206158430208 0 0 0 0
115 3 179 3 259 3 0 0 0 274877906944 0 0 0 0 0 0 0 549755813888 0 0 0 0 0 0 0 824633720832 0 0 0 0
116 3 180 3 260 3 0 0 0 1099511627776 0 0 0 0 0 0 0 2199023255552 0 0 0 0 0 0 0 3298534883328 0 0 0 0
117 3 181 3 261 3 0 0 0 4398046511104 0 0 0 0 0 0 0 8796093022208 0 0 0 0 0 0 0 13194139533312 0 0 0 0
118 3 182 3 262 3 0 0 0 17592186044416 0 0 0 0 0 0 0 35184372088832 0 0 0 0 0 0 0 52776558133248 0 0 0 0
119 3 183 3 263 3 0 0 0 70368744177664 0 0 0 0 0 0 0 140737488355328 0 0 0 0 0 0 0 211106232532992 0 0 0 0
120 3 184 3 264 3 0 0 0 281474976710656 0 0 0 0 0 0 0 562949953421312 0 0 0 0 0 0 0 844424930131968 0 0 0 0
121 3 185 3 265 3 0 0 0 1125899906842624 0 0 0 0 0 0 0 2251799813685248 0 0 0 0 0 0 0 3377699720527872 0 0 0 0
122 3 186 3 266 3 0 0 0 4503599627370496 0 0 0 0 0 0 0 9007199254740992 0 0 0 0 0 0 0 13510798882111488 0 0 0 0
123 3 187 3 267 3 0 0 0 18014398509481984 0 0 0 0 0 0 0 36028797018963968 0 0 0 0 0 0 0 54043195528445952 0 0 0 0
124 3 188 3 268 3 0 0 0 72057594037927936 0 0 0 0 0 0 0 144115188075855872 0 0 0 0 0 0 0 216172782113783808 0 0 0 0
125 3 189 3 269 3 0 0 0 288230376151711744 0 0 0 0 0 0 0 576460752303423488 0 0 0 0 0 0 0 864691128455135232 0 0 0 0
126 3 190 3 270 3 0 0 0 1152921504606846976 0 0 0 0 0 0 0 2305843009213693952 0 0 0 0 0 0 0 3458764513820540928 0 0 0 0
127 3 191 3 271 3 0 0 0 4611686018427387904 0 0 0 0 0 0 0 9223372036854775808 0 0 0 0 0 0 0 13835058055282163712 0 0 0 0
0 1 137 1 281 1 3377699720790016 1125899907366912 2251799813947392 2251799813947392 1125899907629056 2251799814471680 2251799814209536 3377699721052160 1125899907366912 2251799814471680 3377699721052160 3377699721052160 2251799813947392 3377699720790016 3377699721314304 1125899907629056 2251799814471680 3377699720790016 1125899907629056 1125899907629056 3377699721052160 1125899907366912 1125899907104768 2251799813947392
1 1 138 1 282 1 13510798883160064 4503599629467648 9007199255789568 9007199255789568 4503599630516224 9007199257886720 9007199256838144 13510798884208640 4503599629467648 9007199257886720 13510798884208640 13510798884208640 9007199255789568 13510798883160064 13510798885257216 4503599630516224 9007199257886720 13510798883160064 4503599630516224 4503599630516224 13510798884208640 4503599629467648 4503599628419072 9007199255789568
2 1 139 1 283 1 54043195532640256 18014398517870592 36028797023158272 36028797023158272 18014398522064896 36028797031546880 36028797027352576 54043195536834560 18014398517870592 36028797031546880 54043195536834560 54043195536834560 36028797023158272 54043195532640256 54043195541028864 18014398522064896 36028797031546880 54043195532640256 18014398522064896 18014398522064896 54043195536834560 18014398517870592 18014398513676288 36028797023158272
3 1 140 1 284 1 216172782130561024 72057594071482368 144115188092633088 144115188092633088 72057594088259584 144115188126187520 144115188109410304 216172782147338240 72057594071482368 144115188126187520 216172782147338240 216172782147338240 144115188092633088 216172782130561024 216172782164115456 72057594088259584 144115188126187520 216172782130561024 72057594088259584 72057594088259584 216172782147338240 72057594071482368 72057594054705152 144115188092633088
4 1 141 1 285 1 864691128522244096 288230376285929472 576460752370532352 576460752370532352 288230376353038336 576460752504750080 576460752437641216 864691128589352960 288230376285929472 576460752504750080 864691128589352960 864691128589352960 576460752370532352 864691128522244096 864691128656461824 288230376353038336 576460752504750080 864691128522244096 288230376353038336 288230376353038336 864691128589352960 288230376285929472 288230376218820608 576460752370532352
5 1 142 1 286 1 3458764514088976384 1152921505143717888 2305843009482129408 2305843009482129408 1152921505412153344 2305843010019000320 2305843009750564864 3458764514357411840 1152921505143717888 2305843010019000320 3458764514357411840 3458764514357411840 2305843009482129408 3458764514088976384 3458764514625847296 1152921505412153344 2305843010019000320 3458764514088976384 1152921505412153344 1152921505412153344 3458764514357411840 1152921505143717888 1152921504875282432 2305843009482129408
6 1 143 1 287 1 13835058056355905536 4611686020574871552 9223372037928517632 9223372037928517632 4611686021648613376 9223372040076001280 9223372039002259456 13835058057429647360 4611686020574871552 9223372040076001280 13835058057429647360 13835058057429647360 9223372037928517632 13835058056355905536 13835058058503389184 4611686021648613376 9223372040076001280 13835058056355905536 4611686021648613376 4611686021648613376 13835058057429647360 4611686020574871552 4611686019501129728 9223372037928517632
7 1 144 1 288 1 4294967298 8589934595 4294967297 4294967298 12884901891 12884901889 8589934594 8589934594 8589934595 12884901889 8589934594 8589934595 4294967297 4294967298 12884901891 12884901891 12884901889 4294967298 12884901891 12884901889 8589934594 8589934595 4294967297 4294967297
8 1 145 1 289 1 17179869192 34359738380 17179869188 17179869192 51539607564 51539607556 34359738376 34359738376 34359738380 51539607556 34359738376 34359738380 17179869188 17179869192 51539607564 51539607564 51539607556 17179869192 51539607564 51539607556 34359738376 34359738380 17179869188 17179869188
9 1 146 1 290 1 68719476768 137438953520 68719476752 68719476768 206158430256 206158430224 137438953504 137438953504 137438953520 206158430224 137438953504 137438953520 68719476752 68719476768 206158430256 206158430256 206158430224 68719476768 206158430256 206158430224 137438953504 137438953520 68719476752 68719476752
10 1 147 1 291 1 274877907072 549755814080 274877907008 274877907072 824633721024 824633720896 549755814016 549755814016 549755814080 824633720896 549755814016 549755814080 274877907008 274877907072 824633721024 824633721024 824633720896 274877907072 824633721024 824633720896 549755814016 549755814080 274877907008 274877907008
11 1 148 1 292 1 1099511628288 2199023256320 1099511628032 1099511628288 3298534884096 3298534883584 2199023256064 2199023256064 2199023256320 3298534883584 2199023256064 2199023256320 1099511628032 1099511628288 3298534884096 3298534884096 3298534883584 1099511628288 3298534884096 3298534883584 2199023256064 2199023256320 1099511628032 1099511628032
12 1 149 1 293 1 4398046513152 8796093025280 4398046512128 4398046513152 13194139536384 13194139534336 8796093024256 8796093024256 8796093025280 13194139534336 8796093024256 8796093025280 4398046512128 4398046513152 13194139536384 13194139536384 13194139534336 4398046513152 13194139536384 13194139534336 8796093024256 8796093025280 4398046512128 4398046512128
13 1 150 1 294 1 17592186052608 35184372101120 17592186048512 17592186052608 52776558145536 52776558137344 35184372097024 35184372097024 35184372101120 52776558137344 35184372097024 35184372101120 17592186048512 17592186052608 52776558145536 52776558145536 52776558137344 17592186052608 52776558145536 52776558137344 35184372097024 35184372101120 17592186048512 17592186048512
14 1 151 1 295 1 70368744210432 140737488404480 70368744194048 70368744210432 211106232582144 211106232549376 140737488388096 140737488388096 140737488404480 211106232549376 140737488388096 140737488404480 70368744194048 70368744210432 211106232582144 211106232582144 211106232549376 70368744210432 211106232582144 211106232549376 140737488388096 140737488404480 70368744194048 70368744194048
15 1 152 1 296 1 281474976841728 562949953617920 281474976776192 281474976841728 844424930328576 844424930197504 562949953552384 562949953552384 562949953617920 844424930197504 562949953552384 562949953617920 281474976776192 281474976841728 844424930328576 844424930328576 844424930197504 281474976841728 844424930328576 844424930197504 562949953552384 562949953617920 281474976776192 281474976776192
16 1 153 1 297 1 1125899907366912 2251799814471680 1125899907104768 1125899907366912 3377699721314304 3377699720790016 2251799814209536 2251799814209536 2251799814471680 3377699720790016 2251799814209536 2251799814471680 1125899907104768 1125899907366912 3377699721314304 3377699721314304 3377699720790016 1125899907366912 3377699721314304 3377699720790016 2251799814209536 2251799814471680 1125899907104768 1125899907104768
17 1 154 1 298 1 4503599629467648 9007199257886720 4503599628419072 4503599629467648 13510798885257216 13510798883160064 9007199256838144 9007199256838144 9007199257886720 13510798883160064 9007199256838144 9007199257886720 4503599628419072 4503599629467648 13510798885257216 13510798885257216 13510798883160064 4503599629467648 13510798885257216 13510798883160064 9007199256838144 9007199257886720 4503599628419072 4503599628419072
18 1 155 1 299 1 18014398517870592 36028797031546880 18014398513676288 18014398517870592 54043195541028864 54043195532640256 36028797027352576 36028797027352576 36028797031546880 54043195532640256 36028797027352576 36028797031546880 18014398513676288 18014398517870592 54043195541028864 54043195541028864 54043195532640256 18014398517870592 54043195541028864 54043195532640256 36028797027352576 36028797031546880 18014398513676288 18014398513676288
19 1 156 1 300 1 72057594071482368 144115188126187520 72057594054705152 72057594071482368 216172782164115456 216172782130561024 144115188109410304 144115188109410304 144115188126187520 216172782130561024 144115188109410304 144115188126187520 72057594054705152 72057594071482368 216172782164115456 216172782164115456 216172782130561024 72057594071482368 216172782164115456 216172782130561024 144115188109410304 144115188126187520 72057594054705152 72057594054705152
20 1 157 1 301 1 288230376285929472 576460752504750080 288230376218820608 288230376285929472 864691128656461824 864691128522244096 576460752437641216 576460752437641216 576460752504750080 864691128522244096 576460752437641216 576460752504750080 288230376218820608 288230376285929472 864691128656461824 864691128656461824 864691128522244096 288230376285929472 864691128656461824 864691128522244096 576460752437641216 576460752504750080 288230376218820608 288230376218820608
21 1 158 1 302 1 1152921505143717888 2305843010019000320 1152921504875282432 1152921505143717888 3458764514625847296 3458764514088976384 2305843009750564864 2305843009750564864 2305843010019000320 3458764514088976384 2305843009750564864 2305843010019000320 1152921504875282432 1152921505143717888 3458764514625847296 3458764514625847296 3458764514088976384 1152921505143717888 3458764514625847296 3458764514088976384 2305843009750564864 2305843010019000320 1152921504875282432 1152921504875282432
22 1 159 1 303 1 4611686020574871552 9223372040076001280 4611686019501129728 4611686020574871552 13835058058503389184 13835058056355905536 9223372039002259456 9223372039002259456 9223372040076001280 13835058056355905536 9223372039002259456 9223372040076001280 4611686019501129728 4611686020574871552 13835058058503389184 13835058058503389184 13835058056355905536 4611686020574871552 13835058058503389184 13835058056355905536 9223372039002259456 9223372040076001280 4611686019501129728 4611686019501129728
23 1 160 1 304 1 8589934593 12884901889 4294967298 8589934593 12884901890 4294967299 8589934595 8589934594 12884901890 4294967298 8589934595 12884901890 4294967299 8589934593 12884901889 12884901891 4294967299 8589934595 12884901889 4294967299 8589934593 12884901890 4294967298 4294967297
24 1 161 1 305 1 34359738372 51539607556 17179869192 34359738372 51539607560 17179869196 34359738380 34359738376 51539607560 17179869192 34359738380 51539607560 17179869196 34359738372 51539607556 51539607564 17179869196 34359738380 51539607556 17179869196 34359738372 51539607560 17179869192 17179869188
25 1 162 1 306 1 137438953488 206158430224 68719476768 137438953488 206158430240 68719476784 137438953520 137438953504 206158430240 68719476768 137438953520 206158430240 68719476784 137438953488 206158430224 206158430256 68719476784 137438953520 206158430224 68719476784 137438953488 206158430240 68719476768 68719476752
26 1 163 1 307 1 549755813952 824633720896 274877907072 549755813952 824633720960 274877907136 549755814080 549755814016 824633720960 274877907072 549755814080 824633720960 274877907136 549755813952 824633720896 824633721024 274877907136 549755814080 824633720896 274877907136 549755813952 824633720960 274877907072 274877907008
27 1 164 1 308 1 2199023255808 3298534883584 1099511628288 2199023255808 3298534883840 1099511628544 2199023256320 2199023256064 3298534883840 1099511628288 2199023256320 3298534883840 1099511628544 2199023255808 3298534883584 3298534884096 1099511628544 2199023256320 3298534883584 1099511628544 2199023255808 3298534883840 1099511628288 1099511628032
28 1 165 1 309 1 8796093023232 13194139534336 4398046513152 8796093023232 13194139535360 4398046514176 8796093025280 8796093024256 13194139535360 4398046513152 8796093025280 13194139535360 4398046514176 8796093023232 13194139534336 13194139536384 4398046514176 8796093025280 13194139534336 4398046514176 8796093023232 13194139535360 4398046513152 4398046512128
29 1 166 1 310 1 35184372092928 52776558137344 17592186052608 35184372092928 52776558141440 17592186056704 35184372101120 35184372097024 52776558141440 17592186052608 35184372101120 52776558141440 17592186056704 35184372092928 52776558137344 52776558145536 17592186056704 35184372101120 52776558137344 17592186056704 35184372092928 52776558141440 17592186052608 17592186048512
30 1 167 1 311 1 140737488371712 211106232549376 70368744210432 140737488371712 211106232565760 70368744226816 140737488404480 140737488388096 211106232565760 70368744210432 140737488404480 211106232565760 70368744226816 140737488371712 211106232549376 211106232582144 70368744226816 140737488404480 211106232549376 70368744226816 140737488371712 211106232565760 70368744210432 70368744194048
31 1 168 1 312 1 562949953486848 844424930197504 281474976841728 562949953486848 844424930263040 281474976907264 562949953617920 562949953552384 844424930263040 281474976841728 562949953617920 844424930263040 281474976907264 562949953486848 844424930197504 844424930328576 281474976907264 562949953617920 844424930197504 281474976907264 562949953486848 844424930263040 281474976841728 281474976776192
32 1 169 1 313 1 2251799813947392 3377699720790016 1125899907366912 2251799813947392 3377699721052160 1125899907629056 2251799814471680 2251799814209536 3377699721052160 1125899907366912 2251799814471680 3377699721052160 1125899907629056 2251799813947392 3377699720790016 3377699721314304 1125899907629056 2251799814471680 3377699720790016 1125899907629056 2251799813947392 3377699721052160 1125899907366912 1125899907104768
33 1 170 1 314 1 9007199255789568 13510798883160064 4503599629467648 9007199255789568 13510798884208640 4503599630516224 9007199257886720 9007199256838144 13510798884208640 4503599629467648 9007199257886720 13510798884208640 4503599630516224 9007199255789568 13510798883160064 13510798885257216 4503599630516224 9007199257886720 13510798883160064 4503599630516224 9007199255789568 13510798884208640 4503599629467648 4503599628419072
34 1 171 1 315 1 36028797023158272 54043195532640256 18014398517870592 36028797023158272 54043195536834560 18014398522064896 36028797031546880 36028797027352576 54043195536834560 18014398517870592 36028797031546880 54043195536834560 18014398522064896 36028797023158272 54043195532640256 54043195541028864 18014398522064896 36028797031546880 54043195532640256 18014398522064896 36028797023158272 54043195536834560 18014398517870592 18014398513676288
35 1 172 1 316 1 144115188092633088 216172782130561024 72057594071482368 144115188092633088 216172782147338240 72057594088259584 144115188126187520 144115188109410304 216172782147338240 72057594071482368 144115188126187520 216172782147338240 72057594088259584 144115188092633088 216172782130561024 216172782164115456 72057594088259584 144115188126187520 216172782130561024 72057594088259584 144115188092633088 216172782147338240 72057594071482368 72057594054705152
36 1 173 1 317 1 576460752370532352 864691128522244096 288230376285929472 576460752370532352 864691128589352960 288230376353038336 576460752504750080 576460752437641216 864691128589352960 288230376285929472 576460752504750080 864691128589352960 288230376353038336 576460752370532352 864691128522244096 864691128656461824 288230376353038336 576460752504750080 864691128522244096 288230376353038336 576460752370532352 864691128589352960 288230376285929472 288230376218820608
37 1 174 1 318 1 2305843009482129408 3458764514088976384 1152921505143717888 2305843009482129408 3458764514357411840 1152921505412153344 2305843010019000320 2305843009750564864 3458764514357411840 1152921505143717888 2305843010019000320 3458764514357411840 1152921505412153344 2305843009482129408 3458764514088976384 3458764514625847296 1152921505412153344 2305843010019000320 3458764514088976384 1152921505412153344 2305843009482129408 3458764514357411840 1152921505143717888 1152921504875282432
38 1 175 1 319 1 9223372037928517632 13835058056355905536 4611686020574871552 9223372037928517632 13835058057429647360 4611686021648613376 9223372040076001280 9223372039002259456 13835058057429647360 4611686020574871552 9223372040076001280 13835058057429647360 4611686021648613376 9223372037928517632 13835058056355905536 13835058058503389184 4611686021648613376 9223372040076001280 13835058056355905536 4611686021648613376 9223372037928517632 13835058057429647360 4611686020574871552 4611686019501129728
39 1 176 1 320 1 4294967298 4294967298 8589934595 4294967297 8589934594 12884901891 12884901889 8589934594 8589934595 8589934595 12884901889 8589934594 12884901891 4294967297 4294967298 12884901891 12884901889 12884901889 4294967298 12884901891 4294967297 8589934594 8589934595 4294967297
40 1 177 1 321 1 17179869192 17179869192 34359738380 17179869188 34359738376 51539607564 51539607556 34359738376 34359738380 34359738380 51539607556 34359738376 51539607564 17179869188 17179869192 51539607564 51539607556 51539607556 17179869192 51539607564 17179869188 34359738376 34359738380 17179869188
41 1 178 1 322 1 68719476768 68719476768 137438953520 68719476752 137438953504 206158430256 206158430224 137438953504 137438953520 137438953520 206158430224 137438953504 206158430256 68719476752 68719476768 206158430256 206158430224 206158430224 68719476768 206158430256 68719476752 137438953504 137438953520 68719476752
42 1 179 1 323 1 274877907072 274877907072 549755814080 274877907008 549755814016 824633721024 824633720896 549755814016 549755814080 549755814080 824633720896 549755814016 824633721024 274877907008 274877907072 824633721024 824633720896 824633720896 274877907072 824633721024 274877907008 549755814016 549755814080 274877907008
43 1 180 1 324 1 1099511628288 1099511628288 2199023256320 1099511628032 2199023256064 3298534884096 3298534883584 2199023256064 2199023256320 2199023256320 3298534883584 2199023256064 3298534884096 1099511628032 1099511628288 3298534884096 3298534883584 3298534883584 1099511628288 3298534884096 1099511628032 2199023256064 2199023256320 1099511628032
44 1 181 1 325 1 4398046513152 4398046513152 8796093025280 4398046512128 8796093024256 13194139536384 13194139534336 8796093024256 8796093025280 8796093025280 13194139534336 8796093024256 13194139536384 4398046512128 4398046513152 13194139536384 13194139534336 13194139534336 4398046513152 13194139536384 4398046512128 8796093024256 8796093025280 4398046512128
45 1 182 1 326 1 17592186052608 17592186052608 35184372101120 17592186048512 35184372097024 52776558145536 52776558137344 35184372097024 35184372101120 35184372101120 52776558137344 35184372097024 52776558145536 17592186048512 17592186052608 52776558145536 52776558137344 52776558137344 17592186052608 52776558145536 17592186048512 35184372097024 35184372101120 17592186048512
46 1 183 1 327 1 70368744210432 70368744210432 140737488404480 70368744194048 140737488388096 211106232582144 211106232549376 140737488388096 140737488404480 140737488404480 211106232549376 140737488388096 211106232582144 70368744194048 70368744210432 211106232582144 211106232549376 211106232549376 70368744210432 211106232582144 70368744194048 140737488388096 140737488404480 70368744194048
47 1 184 1 328 1 281474976841728 281474976841728 562949953617920 281474976776192 562949953552384 844424930328576 844424930197504 562949953552384 562949953617920 562949953617920 844424930197504 562949953552384 844424930328576 281474976776192 281474976841728 844424930328576 844424930197504 844424930197504 281474976841728 844424930328576 281474976776192 562949953552384 562949953617920 281474976776192
48 1 185 1 329 1 1125899907366912 1125899907366912 2251799814471680 1125899907104768 2251799814209536 3377699721314304 3377699720790016 2251799814209536 2251799814471680 2251799814471680 3377699720790016 2251799814209536 3377699721314304 1125899907104768 1125899907366912 3377699721314304 3377699720790016 3377699720790016 1125899907366912 3377699721314304 1125899907104768 2251799814209536 2251799814471680 1125899907104768
49 1 186 1 330 1 4503599629467648 4503599629467648 9007199257886720 4503599628419072 9007199256838144 13510798885257216 13510798883160064 9007199256838144 9007199257886720 9007199257886720 13510798883160064 9007199256838144 13510798885257216 4503599628419072 4503599629467648 13510798885257216 13510798883160064 13510798883160064 4503599629467648 13510798885257216 4503599628419072 9007199256838144 9007199257886720 4503599628419072
50 1 187 1 331 1 18014398517870592 18014398517870592 36028797031546880 18014398513676288 36028797027352576 54043195541028864 54043195532640256 36028797027352576 36028797031546880 36028797031546880 54043195532640256 36028797027352576 54043195541028864 18014398513676288 18014398517870592 54043195541028864 54043195532640256 54043195532640256 18014398517870592 54043195541028864 18014398513676288 36028797027352576 36028797031546880 18014398513676288
51 1 188 1 332 1 72057594071482368 72057594071482368 144115188126187520 72057594054705152 144115188109410304 216172782164115456 216172782130561024 144115188109410304 144115188126187520 144115188126187520 216172782130561024 144115188109410304 216172782164115456 72057594054705152 72057594071482368 216172782164115456 216172782130561024 216172782130561024 72057594071482368 216172782164115456 72057594054705152 144115188109410304 144115188126187520 72057594054705152
52 1 189 1 333 1 288230376285929472 288230376285929472 576460752504750080 288230376218820608 576460752437641216 864691128656461824 864691128522244096 576460752437641216 576460752504750080 576460752504750080 864691128522244096 576460752437641216 864691128656461824 288230376218820608 288230376285929472 864691128656461824 864691128522244096 864691128522244096 288230376285929472 864691128656461824 288230376218820608 576460752437641216 576460752504750080 288230376218820608
53 1 190 1 334 1 1152921505143717888 1152921505143717888 2305843010019000320 1152921504875282432 2305843009750564864 3458764514625847296 3458764514088976384 2305843009750564864 2305843010019000320 2305843010019000320 3458764514088976384 2305843009750564864 3458764514625847296 1152921504875282432 1152921505143717888 3458764514625847296 3458764514088976384 3458764514088976384 1152921505143717888 3458764514625847296 1152921504875282432 2305843009750564864 2305843010019000320 1152921504875282432
54 1 191 1 335 1 4611686020574871552 4611686020574871552 9223372040076001280 4611686019501129728 9223372039002259456 13835058058503389184 13835058056355905536 9223372039002259456 9223372040076001280 9223372040076001280 13835058056355905536 9223372039002259456 13835058058503389184 4611686019501129728 4611686020574871552 13835058058503389184 13835058056355905536 13835058056355905536 4611686020574871552 13835058058503389184 4611686019501129728 9223372039002259456 9223372040076001280 4611686019501129728
55 1 192 1 336 1 8589934593 8589934593 12884901889 4294967298 8589934594 12884901890 4294967299 8589934595 12884901890 12884901890 4294967298 8589934595 12884901891 4294967299 8589934593 12884901889 4294967299 4294967299 8589934595 12884901889 4294967297 8589934593 12884901890 4294967298
56 1 193 1 337 1 34359738372 34359738372 51539607556 17179869192 34359738376 51539607560 17179869196 34359738380 51539607560 51539607560 17179869192 34359738380 51539607564 17179869196 34359738372 51539607556 17179869196 17179869196 34359738380 51539607556 17179869188 34359738372 51539607560 17179869192
57 1 194 1 338 1 137438953488 137438953488 206158430224 68719476768 137438953504 206158430240 68719476784 137438953520 206158430240 206158430240 68719476768 137438953520 206158430256 68719476784 137438953488 206158430224 68719476784 68719476784 137438953520 206158430224 68719476752 137438953488 206158430240 68719476768
58 1 195 1 339 1 549755813952 549755813952 824633720896 274877907072 549755814016 824633720960 274877907136 549755814080 824633720960 824633720960 274877907072 549755814080 824633721024 274877907136 549755813952 824633720896 274877907136 274877907136 549755814080 824633720896 274877907008 549755813952 824633720960 274877907072
59 1 196 1 340 1 2199023255808 2199023255808 3298534883584 1099511628288 2199023256064 3298534883840 1099511628544 2199023256320 3298534883840 3298534883840 1099511628288 2199023256320 3298534884096 1099511628544 2199023255808 3298534883584 1099511628544 1099511628544 2199023256320 3298534883584 1099511628032 2199023255808 3298534883840 1099511628288
60 1 197 1 341 1 8796093023232 8796093023232 13194139534336 4398046513152 8796093024256 13194139535360 4398046514176 8796093025280 13194139535360 13194139535360 4398046513152 8796093025280 13194139536384 4398046514176 8796093023232 13194139534336 4398046514176 4398046514176 8796093025280 13194139534336 4398046512128 8796093023232 13194139535360 4398046513152
61 1 198 1 342 1 35184372092928 35184372092928 52776558137344 17592186052608 35184372097024 52776558141440 17592186056704 35184372101120 52776558141440 52776558141440 17592186052608 35184372101120 52776558145536 17592186056704 35184372092928 52776558137344 17592186056704 17592186056704 35184372101120 52776558137344 17592186048512 35184372092928 52776558141440 17592186052608
62 1 199 1 343 1 140737488371712 140737488371712 211106232549376 70368744210432 140737488388096 211106232565760 70368744226816 140737488404480 211106232565760 211106232565760 70368744210432 140737488404480 211106232582144 70368744226816 140737488371712 211106232549376 70368744226816 70368744226816 140737488404480 211106232549376 70368744194048 140737488371712 211106232565760 70368744210432
63 1 200 1 344 1 562949953486848 562949953486848 844424930197504 281474976841728 562949953552384 844424930263040 281474976907264 562949953617920 844424930263040 844424930263040 281474976841728 562949953617920 844424930328576 281474976907264 562949953486848 844424930197504 281474976907264 281474976907264 562949953617920 844424930197504 281474976776192 562949953486848 844424930263040 281474976841728
64 1 201 1 345 1 2251799813947392 2251799813947392 3377699720790016 1125899907366912 2251799814209536 3377699721052160 1125899907629056 2251799814471680 3377699721052160 3377699721052160 1125899907366912 2251799814471680 3377699721314304 1125899907629056 2251799813947392 3377699720790016 1125899907629056 1125899907629056 2251799814471680 3377699720790016 1125899907104768 2251799813947392 3377699721052160 1125899907366912
65 1 202 1 346 1 9007199255789568 9007199255789568 13510798883160064 4503599629467648 9007199256838144 13510798884208640 4503599630516224 9007199257886720 13510798884208640 13510798884208640 4503599629467648 9007199257886720 13510798885257216 4503599630516224 9007199255789568 13510798883160064 4503599630516224 4503599630516224 9007199257886720 13510798883160064 4503599628419072 9007199255789568 13510798884208640 4503599629467648
66 1 203 1 347 1 36028797023158272 36028797023158272 54043195532640256 18014398517870592 36028797027352576 54043195536834560 18014398522064896 36028797031546880 54043195536834560 54043195536834560 18014398517870592 36028797031546880 54043195541028864 18014398522064896 36028797023158272 54043195532640256 18014398522064896 18014398522064896 36028797031546880 54043195532640256 18014398513676288 36028797023158272 54043195536834560 18014398517870592
67 1 204 1 348 1 144115188092633088 144115188092633088 216172782130561024 72057594071482368 144115188109410304 216172782147338240 72057594088259584 144115188126187520 216172782147338240 216172782147338240 72057594071482368 144115188126187520 216172782164115456 72057594088259584 144115188092633088 216172782130561024 72057594088259584 72057594088259584 144115188126187520 216172782130561024 72057594054705152 144115188092633088 216172782147338240 72057594071482368
68 1 205 1 349 1 576460752370532352 576460752370532352 864691128522244096 288230376285929472 576460752437641216 864691128589352960 288230376353038336 576460752504750080 864691128589352960 864691128589352960 288230376285929472 576460752504750080 864691128656461824 288230376353038336 576460752370532352 864691128522244096 288230376353038336 288230376353038336 576460752504750080 864691128522244096 288230376218820608 576460752370532352 864691128589352960 288230376285929472
69 1 206 1 350 1 2305843009482129408 2305843009482129408 3458764514088976384 1152921505143717888 2305843009750564864 3458764514357411840 1152921505412153344 2305843010019000320 3458764514357411840 3458764514357411840 1152921505143717888 2305843010019000320 3458764514625847296 1152921505412153344 2305843009482129408 3458764514088976384 1152921505412153344 1152921505412153344 2305843010019000320 3458764514088976384 1152921504875282432 2305843009482129408 3458764514357411840 1152921505143717888
70 1 207 1 351 1 9223372037928517632 9223372037928517632 13835058056355905536 4611686020574871552 9223372039002259456 13835058057429647360 4611686021648613376 9223372040076001280 13835058057429647360 13835058057429647360 4611686020574871552 9223372040076001280 13835058058503389184 4611686021648613376 9223372037928517632 13835058056355905536 4611686021648613376 4611686021648613376 9223372040076001280 13835058056355905536 4611686019501129728 9223372037928517632 13835058057429647360 4611686020574871552
71 1 208 1 352 1 4294967297 4294967298 4294967298 8589934595 8589934594 8589934594 12884901891 12884901889 8589934594 8589934595 8589934595 12884901889 12884901891 12884901891 4294967297 4294967298 12884901891 12884901889 12884901889 4294967298 4294967297 4294967297 8589934594 8589934595
72 1 209 1 353 1 17179869188 17179869192 17179869192 34359738380 34359738376 34359738376 51539607564 51539607556 34359738376 34359738380 34359738380 51539607556 51539607564 51539607564 17179869188 17179869192 51539607564 51539607556 51539607556 17179869192 17179869188 17179869188 34359738376 34359738380
73 1 210 1 354 1 68719476752 68719476768 68719476768 137438953520 137438953504 137438953504 206158430256 206158430224 137438953504 137438953520 137438953520 206158430224 206158430256 206158430256 68719476752 68719476768 206158430256 206158430224 206158430224 68719476768 68719476752 68719476752 137438953504 137438953520
74 1 211 1 355 1 274877907008 274877907072 274877907072 549755814080 549755814016 549755814016 824633721024 824633720896 549755814016 549755814080 549755814080 824633720896 824633721024 824633721024 274877907008 274877907072 824633721024 824633720896 824633720896 274877907072 274877907008 274877907008 549755814016 549755814080
75 1 212 1 356 1 1099511628032 1099511628288 1099511628288 2199023256320 2199023256064 2199023256064 3298534884096 3298534883584 2199023256064 2199023256320 2199023256320 3298534883584 3298534884096 3298534884096 1099511628032 1099511628288 3298534884096 3298534883584 3298534883584 1099511628288 1099511628032 1099511628032 2199023256064 2199023256320
76 1 213 1 357 1 4398046512128 4398046513152 4398046513152 8796093025280 8796093024256 8796093024256 13194139536384 13194139534336 8796093024256 8796093025280 8796093025280 13194139534336 13194139536384 13194139536384 4398046512128 4398046513152 13194139536384 13194139534336 13194139534336 4398046513152 4398046512128 4398046512128 8796093024256 8796093025280
77 1 214 1 358 1 17592186048512 17592186052608 17592186052608 35184372101120 35184372097024 35184372097024 52776558145536 52776558137344 35184372097024 35184372101120 35184372101120 52776558137344 52776558145536 52776558145536 17592186048512 17592186052608 52776558145536 52776558137344 52776558137344 17592186052608 17592186048512 17592186048512 35184372097024 35184372101120
78 1 215 1 359 1 70368744194048 70368744210432 70368744210432 140737488404480 140737488388096 140737488388096 211106232582144 211106232549376 140737488388096 140737488404480 140737488404480 211106232549376 211106232582144 211106232582144 70368744194048 70368744210432 211106232582144 211106232549376 211106232549376 70368744210432 70368744194048 70368744194048 140737488388096 140737488404480
79 1 216 1 360 1 281474976776192 281474976841728 281474976841728 562949953617920 562949953552384 562949953552384 844424930328576 844424930197504 562949953552384 562949953617920 562949953617920 844424930197504 844424930328576 844424930328576 281474976776192 281474976841728 844424930328576 844424930197504 844424930197504 281474976841728 281474976776192 281474976776192 562949953552384 562949953617920
80 1 217 1 361 1 1125899907104768 1125899907366912 1125899907366912 2251799814471680 2251799814209536 2251799814209536 3377699721314304 3377699720790016 2251799814209536 2251799814471680 2251799814471680 3377699720790016 3377699721314304 3377699721314304 1125899907104768 1125899907366912 3377699721314304 3377699720790016 3377699720790016 1125899907366912 1125899907104768 1125899907104768 2251799814209536 2251799814471680
81 1 218 1 362 1 4503599628419072 4503599629467648 4503599629467648 9007199257886720 9007199256838144 9007199256838144 13510798885257216 13510798883160064 9007199256838144 9007199257886720 9007199257886720 13510798883160064 13510798885257216 13510798885257216 4503599628419072 4503599629467648 13510798885257216 13510798883160064 13510798883160064 4503599629467648 4503599628419072 4503599628419072 9007199256838144 9007199257886720
82 1 219 1 363 1 18014398513676288 18014398517870592 18014398517870592 36028797031546880 36028797027352576 36028797027352576 54043195541028864 54043195532640256 36028797027352576 36028797031546880 36028797031546880 54043195532640256 54043195541028864 54043195541028864 18014398513676288 18014398517870592 54043195541028864 54043195532640256 54043195532640256 18014398517870592 18014398513676288 18014398513676288 36028797027352576 36028797031546880
83 1 220 1 364 1 72057594054705152 72057594071482368 72057594071482368 144115188126187520 144115188109410304 144115188109410304 216172782164115456 216172782130561024 144115188109410304 144115188126187520 144115188126187520 216172782130561024 216172782164115456 216172782164115456 72057594054705152 72057594071482368 216172782164115456 216172782130561024 216172782130561024 72057594071482368 72057594054705152 72057594054705152 144115188109410304 144115188126187520
84 1 221 1 365 1 288230376218820608 288230376285929472 288230376285929472 576460752504750080 576460752437641216 576460752437641216 864691128656461824 864691128522244096 576460752437641216 576460752504750080 576460752504750080 864691128522244096 864691128656461824 864691128656461824 288230376218820608 288230376285929472 864691128656461824 864691128522244096 864691128522244096 288230376285929472 288230376218820608 288230376218820608 576460752437641216 576460752504750080
85 1 222 1 366 1 1152921504875282432 1152921505143717888 1152921505143717888 2305843010019000320 2305843009750564864 2305843009750564864 3458764514625847296 3458764514088976384 2305843009750564864 2305843010019000320 2305843010019000320 3458764514088976384 3458764514625847296 3458764514625847296 1152921504875282432 1152921505143717888 3458764514625847296 3458764514088976384 3458764514088976384 1152921505143717888 1152921504875282432 1152921504875282432 2305843009750564864 2305843010019000320
86 1 223 1 367 1 4611686019501129728 4611686020574871552 4611686020574871552 9223372040076001280 9223372039002259456 9223372039002259456 13835058058503389184 13835058056355905536 9223372039002259456 9223372040076001280 9223372040076001280 13835058056355905536 13835058058503389184 13835058058503389184 4611686019501129728 4611686020574871552 13835058058503389184 13835058056355905536 13835058056355905536 4611686020574871552 4611686019501129728 4611686019501129728 9223372039002259456 9223372040076001280
87 1 224 1 368 1 4294967298 8589934593 8589934593 12884901889 8589934595 8589934594 12884901890 4294967299 8589934595 12884901890 12884901890 4294967298 12884901889 12884901891 4294967299 8589934593 12884901889 4294967299 4294967299 8589934595 4294967298 4294967297 8589934593 12884901890
88 1 225 1 369 1 17179869192 34359738372 34359738372 51539607556 34359738380 34359738376 51539607560 17179869196 34359738380 51539607560 51539607560 17179869192 51539607556 51539607564 17179869196 34359738372 51539607556 17179869196 17179869196 34359738380 17179869192 17179869188 34359738372 51539607560
89 1 226 1 370 1 68719476768 137438953488 137438953488 206158430224 137438953520 137438953504 206158430240 68719476784 137438953520 206158430240 206158430240 68719476768 206158430224 206158430256 68719476784 137438953488 206158430224 68719476784 68719476784 137438953520 68719476768 68719476752 137438953488 206158430240
90 1 227 1 371 1 274877907072 549755813952 549755813952 824633720896 549755814080 549755814016 824633720960 274877907136 549755814080 824633720960 824633720960 274877907072 824633720896 824633721024 274877907136 549755813952 824633720896 274877907136 274877907136 549755814080 274877907072 274877907008 549755813952 824633720960
91 1 228 1 372 1 1099511628288 2199023255808 2199023255808 3298534883584 2199023256320 2199023256064 3298534883840 1099511628544 2199023256320 3298534883840 3298534883840 1099511628288 3298534883584 3298534884096 1099511628544 2199023255808 3298534883584 1099511628544 1099511628544 2199023256320 1099511628288 1099511628032 2199023255808 3298534883840
92 1 229 1 373 1 4398046513152 8796093023232 8796093023232 13194139534336 8796093025280 8796093024256 13194139535360 4398046514176 8796093025280 13194139535360 13194139535360 4398046513152 13194139534336 13194139536384 4398046514176 8796093023232 13194139534336 4398046514176 4398046514176 8796093025280 4398046513152 4398046512128 8796093023232 13194139535360
93 1 230 1 374 1 17592186052608 35184372092928 35184372092928 52776558137344 35184372101120 35184372097024 52776558141440 17592186056704 35184372101120 52776558141440 52776558141440 17592186052608 52776558137344 52776558145536 17592186056704 35184372092928 52776558137344 17592186056704 17592186056704 35184372101120 17592186052608 17592186048512 35184372092928 52776558141440
94 1 231 1 375 1 70368744210432 140737488371712 140737488371712 211106232549376 140737488404480 140737488388096 211106232565760 70368744226816 140737488404480 211106232565760 211106232565760 70368744210432 211106232549376 211106232582144 70368744226816 140737488371712 211106232549376 70368744226816 70368744226816 140737488404480 70368744210432 70368744194048 140737488371712 211106232565760
95 1 232 1 376 1 281474976841728 562949953486848 562949953486848 844424930197504 562949953617920 562949953552384 844424930263040 281474976907264 562949953617920 844424930263040 844424930263040 281474976841728 844424930197504 844424930328576 281474976907264 562949953486848 844424930197504 281474976907264 281474976907264 562949953617920 281474976841728 281474976776192 562949953486848 844424930263040
96 1 233 1 377 1 1125899907366912 2251799813947392 2251799813947392 3377699720790016 2251799814471680 2251799814209536 3377699721052160 1125899907629056 2251799814471680 3377699721052160 3377699721052160 1125899907366912 3377699720790016 3377699721314304 1125899907629056 2251799813947392 3377699720790016 1125899907629056 1125899907629056 2251799814471680 1125899907366912 1125899907104768 2251799813947392 3377699721052160
97 1 234 1 378 1 4503599629467648 9007199255789568 9007199255789568 13510798883160064 9007199257886720 9007199256838144 13510798884208640 4503599630516224 9007199257886720 13510798884208640 13510798884208640 4503599629467648 13510798883160064 13510798885257216 4503599630516224 9007199255789568 13510798883160064 4503599630516224 4503599630516224 9007199257886720 4503599629467648 4503599628419072 9007199255789568 13510798884208640
98 1 235 1 379 1 18014398517870592 36028797023158272 36028797023158272 54043195532640256 36028797031546880 36028797027352576 54043195536834560 18014398522064896 36028797031546880 54043195536834560 54043195536834560 18014398517870592 54043195532640256 54043195541028864 18014398522064896 36028797023158272 54043195532640256 18014398522064896 18014398522064896 36028797031546880 18014398517870592 18014398513676288 36028797023158272 54043195536834560
99 1 236 1 380 1 72057594071482368 144115188092633088 144115188092633088 216172782130561024 144115188126187520 144115188109410304 216172782147338240 72057594088259584 144115188126187520 216172782147338240 216172782147338240 72057594071482368 216172782130561024 216172782164115456 72057594088259584 144115188092633088 216172782130561024 72057594088259584 72057594088259584 144115188126187520 72057594071482368 72057594054705152 144115188092633088 216172782147338240
100 1 237 1 381 1 288230376285929472 576460752370532352 576460752370532352 864691128522244096 576460752504750080 576460752437641216 864691128589352960 288230376353038336 576460752504750080 864691128589352960 864691128589352960 288230376285929472 864691128522244096 864691128656461824 288230376353038336 576460752370532352 864691128522244096 288230376353038336 288230376353038336 576460752504750080 288230376285929472 288230376218820608 576460752370532352 864691128589352960
101 1 238 1 382 1 1152921505143717888 2305843009482129408 2305843009482129408 3458764514088976384 2305843010019000320 2305843009750564864 3458764514357411840 1152921505412153344 2305843010019000320 3458764514357411840 3458764514357411840 1152921505143717888 3458764514088976384 3458764514625847296 1152921505412153344 2305843009482129408 3458764514088976384 1152921505412153344 1152921505412153344 2305843010019000320 1152921505143717888 1152921504875282432 2305843009482129408 3458764514357411840
102 1 239 1 383 1 4611686020574871552 9223372037928517632 9223372037928517632 13835058056355905536 9223372040076001280 9223372039002259456 13835058057429647360 4611686021648613376 9223372040076001280 13835058057429647360 13835058057429647360 4611686020574871552 13835058056355905536 13835058058503389184 4611686021648613376 9223372037928517632 13835058056355905536 4611686021648613376 4611686021648613376 9223372040076001280 4611686020574871552 4611686019501129728 9223372037928517632 13835058057429647360
103 1 240 1 256 1 8589934595 4294967297 4294967298 4294967298 12884901889 8589934594 8589934594 12884901891 12884901889 8589934594 8589934595 8589934595 4294967298 12884901891 12884901891 4294967297 4294967298 12884901891 12884901889 12884901889 8589934595 4294967297 4294967297 8589934594
104 1 241 1 257 1 34359738380 17179869188 17179869192 17179869192 51539607556 34359738376 34359738376 51539607564 51539607556 34359738376 34359738380 34359738380 17179869192 51539607564 51539607564 17179869188 17179869192 51539607564 51539607556 51539607556 34359738380 17179869188 17179869188 34359738376
105 1 242 1 258 1 137438953520 68719476752 68719476768 68719476768 206158430224 137438953504 137438953504 206158430256 206158430224 137438953504 137438953520 137438953520 68719476768 206158430256 206158430256 68719476752 68719476768 206158430256 206158430224 206158430224 137438953520 68719476752 68719476752 137438953504
106 1 243 1 259 1 549755814080 274877907008 274877907072 274877907072 824633720896 549755814016 549755814016 824633721024 824633720896 549755814016 549755814080 549755814080 274877907072 824633721024 824633721024 274877907008 274877907072 824633721024 824633720896 824633720896 549755814080 274877907008 274877907008 549755814016
107 1 244 1 260 1 2199023256320 1099511628032 1099511628288 1099511628288 3298534883584 2199023256064 2199023256064 3298534884096 3298534883584 2199023256064 2199023256320 2199023256320 1099511628288 3298534884096 3298534884096 1099511628032 1099511628288 3298534884096 3298534883584 3298534883584 2199023256320 1099511628032 1099511628032 2199023256064
108 1 245 1 261 1 8796093025280 4398046512128 4398046513152 4398046513152 13194139534336 8796093024256 8796093024256 13194139536384 13194139534336 8796093024256 8796093025280 8796093025280 4398046513152 13194139536384 13194139536384 4398046512128 4398046513152 13194139536384 13194139534336 13194139534336 8796093025280 4398046512128 4398046512128 8796093024256
109 1 246 1 262 1 35184372101120 17592186048512 17592186052608 17592186052608 52776558137344 35184372097024 35184372097024 52776558145536 52776558137344 35184372097024 35184372101120 35184372101120 17592186052608 52776558145536 52776558145536 17592186048512 17592186052608 52776558145536 52776558137344 52776558137344 35184372101120 17592186048512 17592186048512 35184372097024
110 1 247 1 263 1 140737488404480 70368744194048 70368744210432 70368744210432 211106232549376 140737488388096 140737488388096 211106232582144 211106232549376 140737488388096 140737488404480 140737488404480 70368744210432 211106232582144 211106232582144 70368744194048 70368744210432 211106232582144 211106232549376 211106232549376 140737488404480 70368744194048 70368744194048 140737488388096
111 1 248 1 264 1 562949953617920 281474976776192 281474976841728 281474976841728 844424930197504 562949953552384 562949953552384 844424930328576 844424930197504 562949953552384 562949953617920 562949953617920 281474976841728 844424930328576 844424930328576 281474976776192 281474976841728 844424930328576 844424930197504 844424930197504 562949953617920 281474976776192 281474976776192 562949953552384
112 1 249 1 265 1 2251799814471680 1125899907104768 1125899907366912 1125899907366912 3377699720790016 2251799814209536 2251799814209536 3377699721314304 3377699720790016 2251799814209536 2251799814471680 2251799814471680 1125899907366912 3377699721314304 3377699721314304 1125899907104768 1125899907366912 3377699721314304 3377699720790016 3377699720790016 2251799814471680 1125899907104768 1125899907104768 2251799814209536
113 1 250 1 266 1 9007199257886720 4503599628419072 4503599629467648 4503599629467648 13510798883160064 9007199256838144 9007199256838144 13510798885257216 13510798883160064 9007199256838144 9007199257886720 9007199257886720 4503599629467648 13510798885257216 13510798885257216 4503599628419072 4503599629467648 13510798885257216 13510798883160064 13510798883160064 9007199257886720 4503599628419072 4503599628419072 9007199256838144
114 1 251 1 267 1 36028797031546880 18014398513676288 18014398517870592 18014398517870592 54043195532640256 36028797027352576 36028797027352576 54043195541028864 54043195532640256 36028797027352576 36028797031546880 36028797031546880 18014398517870592 54043195541028864 54043195541028864 18014398513676288 18014398517870592 54043195541028864 54043195532640256 54043195532640256 36028797031546880 18014398513676288 18014398513676288 36028797027352576
115 1 252 1 268 1 144115188126187520 72057594054705152 72057594071482368 72057594071482368 216172782130561024 144115188109410304 144115188109410304 216172782164115456 216172782130561024 144115188109410304 144115188126187520 144115188126187520 72057594071482368 216172782164115456 216172782164115456 72057594054705152 72057594071482368 216172782164115456 216172782130561024 216172782130561024 144115188126187520 72057594054705152 72057594054705152 144115188109410304
116 1 253 1 269 1 576460752504750080 288230376218820608 288230376285929472 288230376285929472 864691128522244096 576460752437641216 576460752437641216 864691128656461824 864691128522244096 576460752437641216 576460752504750080 576460752504750080 288230376285929472 864691128656461824 864691128656461824 288230376218820608 288230376285929472 864691128656461824 864691128522244096 864691128522244096 576460752504750080 288230376218820608 288230376218820608 576460752437641216
117 1 254 1 270 1 2305843010019000320 1152921504875282432 1152921505143717888 1152921505143717888 3458764514088976384 2305843009750564864 2305843009750564864 3458764514625847296 3458764514088976384 2305843009750564864 2305843010019000320 2305843010019000320 1152921505143717888 3458764514625847296 3458764514625847296 1152921504875282432 1152921505143717888 3458764514625847296 3458764514088976384 3458764514088976384 2305843010019000320 1152921504875282432 1152921504875282432 2305843009750564864
118 1 255 1 271 1 9223372040076001280 4611686019501129728 4611686020574871552 4611686020574871552 13835058056355905536 9223372039002259456 9223372039002259456 13835058058503389184 13835058056355905536 9223372039002259456 9223372040076001280 9223372040076001280 4611686020574871552 13835058058503389184 13835058058503389184 4611686019501129728 4611686020574871552 13835058058503389184 13835058056355905536 13835058056355905536 9223372040076001280 4611686019501129728 4611686019501129728 9223372039002259456
119 1 128 1 272 1 12884901889 4294967298 8589934593 8589934593 4294967299 8589934595 8589934594 12884901890 4294967298 8589934595 12884901890 12884901890 8589934593 12884901889 12884901891 4294967299 8589934595 12884901889 4294967299 4294967299 12884901890 4294967298 4294967297 8589934593
120 1 129 1 273 1 51539607556 17179869192 34359738372 34359738372 17179869196 34359738380 34359738376 51539607560 17179869192 34359738380 51539607560 51539607560 34359738372 51539607556 51539607564 17179869196 34359738380 51539607556 17179869196 17179869196 51539607560 17179869192 17179869188 34359738372
121 1 130 1 274 1 206158430224 68719476768 137438953488 137438953488 68719476784 137438953520 137438953504 206158430240 68719476768 137438953520 206158430240 206158430240 137438953488 206158430224 206158430256 68719476784 137438953520 206158430224 68719476784 68719476784 206158430240 68719476768 68719476752 137438953488
122 1 131 1 275 1 824633720896 274877907072 549755813952 549755813952 274877907136 549755814080 549755814016 824633720960 274877907072 549755814080 824633720960 824633720960 549755813952 824633720896 824633721024 274877907136 549755814080 824633720896 274877907136 274877907136 824633720960 274877907072 274877907008 549755813952
123 1 132 1 276 1 3298534883584 1099511628288 2199023255808 2199023255808 1099511628544 2199023256320 2199023256064 3298534883840 1099511628288 2199023256320 3298534883840 3298534883840 2199023255808 3298534883584 3298534884096 1099511628544 2199023256320 3298534883584 1099511628544 1099511628544 3298534883840 1099511628288 1099511628032 2199023255808
124 1 133 1 277 1 13194139534336 4398046513152 8796093023232 8796093023232 4398046514176 8796093025280 8796093024256 13194139535360 4398046513152 8796093025280 13194139535360 13194139535360 8796093023232 13194139534336 13194139536384 4398046514176 8796093025280 13194139534336 4398046514176 4398046514176 13194139535360 4398046513152 4398046512128 8796093023232
125 1 134 1 278 1 52776558137344 17592186052608 35184372092928 35184372092928 17592186056704 35184372101120 35184372097024 52776558141440 17592186052608 35184372101120 52776558141440 52776558141440 35184372092928 52776558137344 52776558145536 17592186056704 35184372101120 52776558137344 17592186056704 17592186056704 52776558141440 17592186052608 17592186048512 35184372092928
126 1 135 1 279 1 211106232549376 70368744210432 140737488371712 140737488371712 70368744226816 140737488404480 140737488388096 211106232565760 70368744210432 140737488404480 211106232565760 211106232565760 140737488371712 211106232549376 211106232582144 70368744226816 140737488404480 211106232549376 70368744226816 70368744226816 211106232565760 70368744210432 70368744194048 140737488371712
127 1 136 1 280 1 844424930197504 281474976841728 562949953486848 562949953486848 281474976907264 562949953617920 562949953552384 844424930263040 281474976841728 562949953617920 844424930263040 844424930263040 562949953486848 844424930197504 844424930328576 281474976907264 562949953617920 844424930197504 281474976907264 281474976907264 844424930263040 281474976841728 281474976776192 562949953486848
0 1 231 1 304 1 0 8589934592 4294967297 12884901888 4294967298 4294967299 4294967299 1 0 12884901888 8589934594 4294967296 8589934595 8589934593 8589934593 2 0 4294967296 12884901891 8589934592 12884901889 12884901890 12884901890 3
1 1 232 1 305 1 0 34359738368 17179869188 51539607552 17179869192 17179869196 17179869196 4 0 51539607552 34359738376 17179869184 34359738380 34359738372 34359738372 8 0 17179869184 51539607564 34359738368 51539607556 51539607560 51539607560 12
2 1 233 1 306 1 0 137438953472 68719476752 206158430208 68719476768 68719476784 68719476784 16 0 206158430208 137438953504 68719476736 137438953520 137438953488 137438953488 32 0 68719476736 206158430256 137438953472 206158430224 206158430240 206158430240 48
3 1 234 1 307 1 0 549755813888 274877907008 824633720832 274877907072 274877907136 274877907136 64 0 824633720832 549755814016 274877906944 549755814080 549755813952 549755813952 128 0 274877906944 824633721024 549755813888 824633720896 824633720960 824633720960 192
4 1 235 1 308 1 0 2199023255552 1099511628032 3298534883328 1099511628288 1099511628544 1099511628544 256 0 3298534883328 2199023256064 1099511627776 2199023256320 2199023255808 2199023255808 512 0 1099511627776 3298534884096 2199023255552 3298534883584 3298534883840 3298534883840 768
5 1 236 1 309 1 0 8796093022208 4398046512128 13194139533312 4398046513152 4398046514176 4398046514176 1024 0 13194139533312 8796093024256 4398046511104 8796093025280 8796093023232 8796093023232 2048 0 4398046511104 13194139536384 8796093022208 13194139534336 13194139535360 13194139535360 3072
6 1 237 1 310 1 0 35184372088832 17592186048512 52776558133248 17592186052608 17592186056704 17592186056704 4096 0 52776558133248 35184372097024 17592186044416 35184372101120 35184372092928 35184372092928 8192 0 17592186044416 52776558145536 35184372088832 52776558137344 52776558141440 52776558141440 12288
7 1 238 1 311 1 0 140737488355328 70368744194048 211106232532992 70368744210432 70368744226816 70368744226816 16384 0 211106232532992 140737488388096 70368744177664 140737488404480 140737488371712 140737488371712 32768 0 70368744177664 211106232582144 140737488355328 211106232549376 211106232565760 211106232565760 49152
8 1 239 1 312 1 0 562949953421312 281474976776192 844424930131968 281474976841728 281474976907264 281474976907264 65536 0 844424930131968 562949953552384 281474976710656 562949953617920 562949953486848 562949953486848 131072 0 281474976710656 844424930328576 562949953421312 844424930197504 844424930263040 844424930263040 196608
9 1 240 1 313 1 0 2251799813685248 1125899907104768 3377699720527872 1125899907366912 1125899907629056 1125899907629056 262144 0 3377699720527872 2251799814209536 1125899906842624 2251799814471680 2251799813947392 2251799813947392 524288 0 1125899906842624 3377699721314304 2251799813685248 3377699720790016 3377699721052160 3377699721052160 786432
10 1 241 1 314 1 0 9007199254740992 4503599628419072 13510798882111488 4503599629467648 4503599630516224 4503599630516224 1048576 0 13510798882111488 9007199256838144 4503599627370496 9007199257886720 9007199255789568 9007199255789568 2097152 0 4503599627370496 13510798885257216 9007199254740992 13510798883160064 13510798884208640 13510798884208640 3145728
11 1 242 1 315 1 0 36028797018963968 18014398513676288 54043195528445952 18014398517870592 18014398522064896 18014398522064896 4194304 0 54043195528445952 36028797027352576 18014398509481984 36028797031546880 36028797023158272 36028797023158272 8388608 0 18014398509481984 54043195541028864 36028797018963968 54043195532640256 54043195536834560 54043195536834560 12582912
12 1 243 1 316 1 0 144115188075855872 72057594054705152 216172782113783808 72057594071482368 72057594088259584 72057594088259584 16777216 0 216172782113783808 144115188109410304 72057594037927936 144115188126187520 144115188092633088 144115188092633088 33554432 0 72057594037927936 216172782164115456 144115188075855872 216172782130561024 216172782147338240 216172782147338240 50331648
13 1 244 1 317 1 0 576460752303423488 288230376218820608 864691128455135232 288230376285929472 288230376353038336 288230376353038336 67108864 0 864691128455135232 576460752437641216 288230376151711744 576460752504750080 576460752370532352 576460752370532352 134217728 0 288230376151711744 864691128656461824 576460752303423488 864691128522244096 864691128589352960 864691128589352960 201326592
14 1 245 1 318 1 0 2305843009213693952 1152921504875282432 3458764513820540928 1152921505143717888 1152921505412153344 1152921505412153344 268435456 0 3458764513820540928 2305843009750564864 1152921504606846976 2305843010019000320 2305843009482129408 2305843009482129408 536870912 0 1152921504606846976 3458764514625847296 2305843009213693952 3458764514088976384 3458764514357411840 3458764514357411840 805306368
15 1 246 1 319 1 0 9223372036854775808 4611686019501129728 13835058055282163712 4611686020574871552 4611686021648613376 4611686021648613376 1073741824 0 13835058055282163712 9223372039002259456 4611686018427387904 9223372040076001280 9223372037928517632 9223372037928517632 2147483648 0 4611686018427387904 13835058058503389184 9223372036854775808 13835058056355905536 13835058057429647360 13835058057429647360 3221225472
16 1 247 1 320 1 3 0 4294967298 1 8589934592 12884901889 12884901889 4294967297 1 0 8589934595 2 12884901888 4294967298 4294967298 8589934594 2 0 12884901889 3 4294967296 8589934595 8589934595 12884901891
17 1 248 1 321 1 12 0 17179869192 4 34359738368 51539607556 51539607556 17179869188 4 0 34359738380 8 51539607552 17179869192 17179869192 34359738376 8 0 51539607556 12 17179869184 34359738380 34359738380 51539607564
18 1 249 1 322 1 48 0 68719476768 16 137438953472 206158430224 206158430224 68719476752 16 0 137438953520 32 206158430208 68719476768 68719476768 137438953504 32 0 206158430224 48 68719476736 137438953520 137438953520 206158430256
19 1 250 1 323 1 192 0 274877907072 64 549755813888 824633720896 824633720896 274877907008 64 0 549755814080 128 824633720832 274877907072 274877907072 549755814016 128 0 824633720896 192 274877906944 549755814080 549755814080 824633721024
20 1 251 1 324 1 768 0 1099511628288 256 2199023255552 3298534883584 3298534883584 1099511628032 256 0 2199023256320 512 3298534883328 1099511628288 1099511628288 2199023256064 512 0 3298534883584 768 1099511627776 2199023256320 2199023256320 3298534884096
21 1 252 1 325 1 3072 0 4398046513152 1024 8796093022208 13194139534336 13194139534336 4398046512128 1024 0 8796093025280 2048 13194139533312 4398046513152 4398046513152 8796093024256 2048 0 13194139534336 3072 4398046511104 8796093025280 8796093025280 13194139536384
22 1 253 1 326 1 12288 0 17592186052608 4096 35184372088832 52776558137344 52776558137344 17592186048512 4096 0 35184372101120 8192 52776558133248 17592186052608 17592186052608 35184372097024 8192 0 52776558137344 12288 17592186044416 35184372101120 35184372101120 52776558145536
23 1 254 1 327 1 49152 0 70368744210432 16384 140737488355328 211106232549376 211106232549376 70368744194048 16384 0 140737488404480 32768 211106232532992 70368744210432 70368744210432 140737488388096 32768 0 211106232549376 49152 70368744177664 140737488404480 140737488404480 211106232582144
24 1 255 1 328 1 196608 0 281474976841728 65536 562949953421312 844424930197504 844424930197504 281474976776192 65536 0 562949953617920 131072 844424930131968 281474976841728 281474976841728 562949953552384 131072 0 844424930197504 196608 281474976710656 562949953617920 562949953617920 844424930328576
25 1 128 1 329 1 786432 0 1125899907366912 262144 2251799813685248 3377699720790016 3377699720790016 1125899907104768 262144 0 2251799814471680 524288 3377699720527872 1125899907366912 1125899907366912 2251799814209536 524288 0 3377699720790016 786432 1125899906842624 2251799814471680 2251799814471680 3377699721314304
26 1 129 1 330 1 3145728 0 4503599629467648 1048576 9007199254740992 13510798883160064 13510798883160064 4503599628419072 1048576 0 9007199257886720 2097152 13510798882111488 4503599629467648 4503599629467648 9007199256838144 2097152 0 13510798883160064 3145728 4503599627370496 9007199257886720 9007199257886720 13510798885257216
27 1 130 1 331 1 12582912 0 18014398517870592 4194304 36028797018963968 54043195532640256 54043195532640256 18014398513676288 4194304 0 36028797031546880 8388608 54043195528445952 18014398517870592 18014398517870592 36028797027352576 8388608 0 54043195532640256 12582912 18014398509481984 36028797031546880 36028797031546880 54043195541028864
28 1 131 1 332 1 50331648 0 72057594071482368 16777216 144115188075855872 216172782130561024 216172782130561024 72057594054705152 16777216 0 144115188126187520 33554432 216172782113783808 72057594071482368 72057594071482368 144115188109410304 33554432 0 216172782130561024 50331648 72057594037927936 144115188126187520 144115188126187520 216172782164115456
29 1 132 1 333 1 201326592 0 288230376285929472 67108864 576460752303423488 864691128522244096 864691128522244096 288230376218820608 67108864 0 576460752504750080 134217728 864691128455135232 288230376285929472 288230376285929472 576460752437641216 134217728 0 864691128522244096 201326592 288230376151711744 576460752504750080 576460752504750080 864691128656461824
30 1 133 1 334 1 805306368 0 1152921505143717888 268435456 2305843009213693952 3458764514088976384 3458764514088976384 1152921504875282432 268435456 0 2305843010019000320 536870912 3458764513820540928 1152921505143717888 1152921505143717888 2305843009750564864 536870912 0 3458764514088976384 805306368 1152921504606846976 2305843010019000320 2305843010019000320 3458764514625847296
31 1 134 1 335 1 3221225472 0 4611686020574871552 1073741824 9223372036854775808 13835058056355905536 13835058056355905536 4611686019501129728 1073741824 0 9223372040076001280 2147483648 13835058055282163712 4611686020574871552 4611686020574871552 9223372039002259456 2147483648 0 13835058056355905536 3221225472 4611686018427387904 9223372040076001280 9223372040076001280 13835058058503389184
32 1 135 1 336 1 12884901888 0 8589934592 4294967297 1 4294967298 4294967299 4294967299 4294967296 0 12884901888 8589934594 2 8589934595 8589934593 8589934593 8589934592 0 4294967296 12884901891 3 12884901889 12884901890 12884901890
33 1 136 1 337 1 51539607552 0 34359738368 17179869188 4 17179869192 17179869196 17179869196 17179869184 0 51539607552 34359738376 8 34359738380 34359738372 34359738372 34359738368 0 17179869184 51539607564 12 51539607556 51539607560 51539607560
34 1 137 1 338 1 206158430208 0 137438953472 68719476752 16 68719476768 68719476784 68719476784 68719476736 0 206158430208 137438953504 32 137438953520 137438953488 137438953488 137438953472 0 68719476736 206158430256 48 206158430224 206158430240 206158430240
35 1 138 1 339 1 824633720832 0 549755813888 274877907008 64 274877907072 274877907136 274877907136 274877906944 0 824633720832 549755814016 128 549755814080 549755813952 549755813952 549755813888 0 274877906944 824633721024 192 824633720896 824633720960 824633720960
36 1 139 1 340 1 3298534883328 0 2199023255552 1099511628032 256 1099511628288 1099511628544 1099511628544 1099511627776 0 3298534883328 2199023256064 512 2199023256320 2199023255808 2199023255808 2199023255552 0 1099511627776 3298534884096 768 3298534883584 3298534883840 3298534883840
37 1 140 1 341 1 13194139533312 0 8796093022208 4398046512128 1024 4398046513152 4398046514176 4398046514176 4398046511104 0 13194139533312 8796093024256 2048 8796093025280 8796093023232 8796093023232 8796093022208 0 4398046511104 13194139536384 3072 13194139534336 13194139535360 13194139535360
38 1 141 1 342 1 52776558133248 0 35184372088832 17592186048512 4096 17592186052608 17592186056704 17592186056704 17592186044416 0 52776558133248 35184372097024 8192 35184372101120 35184372092928 35184372092928 35184372088832 0 17592186044416 52776558145536 12288 52776558137344 52776558141440 52776558141440
39 1 142 1 343 1 211106232532992 0 140737488355328 70368744194048 16384 70368744210432 70368744226816 70368744226816 70368744177664 0 211106232532992 140737488388096 32768 140737488404480 140737488371712 140737488371712 140737488355328 0 70368744177664 211106232582144 49152 211106232549376 211106232565760 211106232565760
40 1 143 1 344 1 844424930131968 0 562949953421312 281474976776192 65536 281474976841728 281474976907264 281474976907264 281474976710656 0 844424930131968 562949953552384 131072 562949953617920 562949953486848 562949953486848 562949953421312 0 281474976710656 844424930328576 196608 844424930197504 844424930263040 844424930263040
41 1 144 1 345 1 3377699720527872 0 2251799813685248 1125899907104768 262144 1125899907366912 1125899907629056 1125899907629056 1125899906842624 0 3377699720527872 2251799814209536 524288 2251799814471680 2251799813947392 2251799813947392 2251799813685248 0 1125899906842624 3377699721314304 786432 3377699720790016 3377699721052160 3377699721052160
42 1 145 1 346 1 13510798882111488 0 9007199254740992 4503599628419072 1048576 4503599629467648 4503599630516224 4503599630516224 4503599627370496 0 13510798882111488 9007199256838144 2097152 9007199257886720 9007199255789568 9007199255789568 9007199254740992 0 4503599627370496 13510798885257216 3145728 13510798883160064 13510798884208640 13510798884208640
43 1 146 1 347 1 54043195528445952 0 36028797018963968 18014398513676288 4194304 18014398517870592 18014398522064896 18014398522064896 18014398509481984 0 54043195528445952 36028797027352576 8388608 36028797031546880 36028797023158272 36028797023158272 36028797018963968 0 18014398509481984 54043195541028864 12582912 54043195532640256 54043195536834560 54043195536834560
44 1 147 1 348 1 216172782113783808 0 144115188075855872 72057594054705152 16777216 72057594071482368 72057594088259584 72057594088259584 72057594037927936 0 216172782113783808 144115188109410304 33554432 144115188126187520 144115188092633088 144115188092633088 144115188075855872 0 72057594037927936 216172782164115456 50331648 216172782130561024 216172782147338240 216172782147338240
45 1 148 1 349 1 864691128455135232 0 576460752303423488 288230376218820608 67108864 288230376285929472 288230376353038336 288230376353038336 288230376151711744 0 864691128455135232 576460752437641216 134217728 576460752504750080 576460752370532352 576460752370532352 576460752303423488 0 288230376151711744 864691128656461824 201326592 864691128522244096 864691128589352960 864691128589352960
46 1 149 1 350 1 3458764513820540928 0 2305843009213693952 1152921504875282432 268435456 1152921505143717888 1152921505412153344 1152921505412153344 1152921504606846976 0 3458764513820540928 2305843009750564864 536870912 2305843010019000320 2305843009482129408 2305843009482129408 2305843009213693952 0 1152921504606846976 3458764514625847296 805306368 3458764514088976384 3458764514357411840 3458764514357411840
47 1 150 1 351 1 13835058055282163712 0 9223372036854775808 4611686019501129728 1073741824 4611686020574871552 4611686021648613376 4611686021648613376 4611686018427387904 0 13835058055282163712 9223372039002259456 2147483648 9223372040076001280 9223372037928517632 9223372037928517632 9223372036854775808 0 4611686018427387904 13835058058503389184 3221225472 13835058056355905536 13835058057429647360 13835058057429647360
48 1 151 1 352 1 1 3 0 4294967298 4294967297 8589934592 12884901889 12884901889 2 1 0 8589934595 8589934594 12884901888 4294967298 4294967298 3 2 0 12884901889 12884901891 4294967296 8589934595 8589934595
49 1 152 1 353 1 4 12 0 17179869192 17179869188 34359738368 51539607556 51539607556 8 4 0 34359738380 34359738376 51539607552 17179869192 17179869192 12 8 0 51539607556 51539607564 17179869184 34359738380 34359738380
50 1 153 1 354 1 16 48 0 68719476768 68719476752 137438953472 206158430224 206158430224 32 16 0 137438953520 137438953504 206158430208 68719476768 68719476768 48 32 0 206158430224 206158430256 68719476736 137438953520 137438953520
51 1 154 1 355 1 64 192 0 274877907072 274877907008 549755813888 824633720896 824633720896 128 64 0 549755814080 549755814016 824633720832 274877907072 274877907072 192 128 0 824633720896 824633721024 274877906944 549755814080 549755814080
52 1 155 1 356 1 256 768 0 1099511628288 1099511628032 2199023255552 3298534883584 3298534883584 512 256 0 2199023256320 2199023256064 3298534883328 1099511628288 1099511628288 768 512 0 3298534883584 3298534884096 1099511627776 2199023256320 2199023256320
53 1 156 1 357 1 1024 3072 0 4398046513152 4398046512128 8796093022208 13194139534336 13194139534336 2048 1024 0 8796093025280 8796093024256 13194139533312 4398046513152 4398046513152 3072 2048 0 13194139534336 13194139536384 4398046511104 8796093025280 8796093025280
54 1 157 1 358 1 4096 12288 0 17592186052608 17592186048512 35184372088832 52776558137344 52776558137344 8192 4096 0 35184372101120 35184372097024 52776558133248 17592186052608 17592186052608 12288 8192 0 52776558137344 52776558145536 17592186044416 35184372101120 35184372101120
55 1 158 1 359 1 16384 49152 0 70368744210432 70368744194048 140737488355328 211106232549376 211106232549376 32768 16384 0 140737488404480 140737488388096 211106232532992 70368744210432 70368744210432 49152 32768 0 211106232549376 211106232582144 70368744177664 140737488404480 140737488404480
56 1 159 1 360 1 65536 196608 0 281474976841728 281474976776192 562949953421312 844424930197504 844424930197504 131072 65536 0 562949953617920 562949953552384 844424930131968 281474976841728 281474976841728 196608 131072 0 844424930197504 844424930328576 281474976710656 562949953617920 562949953617920
57 1 160 1 361 1 262144 786432 0 1125899907366912 1125899907104768 2251799813685248 3377699720790016 3377699720790016 524288 262144 0 2251799814471680 2251799814209536 3377699720527872 1125899907366912 1125899907366912 786432 524288 0 3377699720790016 3377699721314304 1125899906842624 2251799814471680 2251799814471680
58 1 161 1 362 1 1048576 3145728 0 4503599629467648 4503599628419072 9007199254740992 13510798883160064 13510798883160064 2097152 1048576 0 9007199257886720 9007199256838144 13510798882111488 4503599629467648 4503599629467648 3145728 2097152 0 13510798883160064 13510798885257216 4503599627370496 9007199257886720 9007199257886720
59 1 162 1 363 1 4194304 12582912 0 18014398517870592 18014398513676288 36028797018963968 54043195532640256 54043195532640256 8388608 4194304 0 36028797031546880 36028797027352576 54043195528445952 18014398517870592 18014398517870592 12582912 8388608 0 54043195532640256 54043195541028864 18014398509481984 36028797031546880 36028797031546880
60 1 163 1 364 1 16777216 50331648 0 72057594071482368 72057594054705152 144115188075855872 216172782130561024 216172782130561024 33554432 16777216 0 144115188126187520 144115188109410304 216172782113783808 72057594071482368 72057594071482368 50331648 33554432 0 216172782130561024 216172782164115456 72057594037927936 144115188126187520 144115188126187520
61 1 164 1 365 1 67108864 201326592 0 288230376285929472 288230376218820608 576460752303423488 864691128522244096 864691128522244096 134217728 67108864 0 576460752504750080 576460752437641216 864691128455135232 288230376285929472 288230376285929472 201326592 134217728 0 864691128522244096 864691128656461824 288230376151711744 576460752504750080 576460752504750080
62 1 165 1 366 1 268435456 805306368 0 1152921505143717888 1152921504875282432 2305843009213693952 3458764514088976384 3458764514088976384 536870912 268435456 0 2305843010019000320 2305843009750564864 3458764513820540928 1152921505143717888 1152921505143717888 805306368 536870912 0 3458764514088976384 3458764514625847296 1152921504606846976 2305843010019000320 2305843010019000320
63 1 166 1 367 1 1073741824 3221225472 0 4611686020574871552 4611686019501129728 9223372036854775808 13835058056355905536 13835058056355905536 2147483648 1073741824 0 9223372040076001280 9223372039002259456 13835058055282163712 4611686020574871552 4611686020574871552 3221225472 2147483648 0 13835058056355905536 13835058058503389184 4611686018427387904 9223372040076001280 9223372040076001280
64 1 167 1 368 1 4294967297 12884901888 0 8589934592 4294967299 1 4294967298 4294967299 8589934594 4294967296 0 12884901888 8589934593 2 8589934595 8589934593 12884901891 8589934592 0 4294967296 12884901890 3 12884901889 12884901890
65 1 168 1 369 1 17179869188 51539607552 0 34359738368 17179869196 4 17179869192 17179869196 34359738376 17179869184 0 51539607552 34359738372 8 34359738380 34359738372 51539607564 34359738368 0 17179869184 51539607560 12 51539607556 51539607560
66 1 169 1 370 1 68719476752 206158430208 0 137438953472 68719476784 16 68719476768 68719476784 137438953504 68719476736 0 206158430208 137438953488 32 137438953520 137438953488 206158430256 137438953472 0 68719476736 206158430240 48 206158430224 206158430240
67 1 170 1 371 1 274877907008 824633720832 0 549755813888 274877907136 64 274877907072 274877907136 549755814016 274877906944 0 824633720832 549755813952 128 549755814080 549755813952 824633721024 549755813888 0 274877906944 824633720960 192 824633720896 824633720960
68 1 171 1 372 1 1099511628032 3298534883328 0 2199023255552 1099511628544 256 1099511628288 1099511628544 2199023256064 1099511627776 0 3298534883328 2199023255808 512 2199023256320 2199023255808 3298534884096 2199023255552 0 1099511627776 3298534883840 768 3298534883584 3298534883840
69 1 172 1 373 1 4398046512128 13194139533312 0 8796093022208 4398046514176 1024 4398046513152 4398046514176 8796093024256 4398046511104 0 13194139533312 8796093023232 2048 8796093025280 8796093023232 13194139536384 8796093022208 0 4398046511104 13194139535360 3072 13194139534336 13194139535360
70 1 173 1 374 1 17592186048512 52776558133248 0 35184372088832 17592186056704 4096 17592186052608 17592186056704 35184372097024 17592186044416 0 52776558133248 35184372092928 8192 35184372101120 35184372092928 52776558145536 35184372088832 0 17592186044416 52776558141440 12288 52776558137344 52776558141440
71 1 174 1 375 1 70368744194048 211106232532992 0 140737488355328 70368744226816 16384 70368744210432 70368744226816 140737488388096 70368744177664 0 211106232532992 140737488371712 32768 140737488404480 140737488371712 211106232582144 140737488355328 0 70368744177664 211106232565760 49152 211106232549376 211106232565760
72 1 175 1 376 1 281474976776192 844424930131968 0 562949953421312 281474976907264 65536 281474976841728 281474976907264 562949953552384 281474976710656 0 844424930131968 562949953486848 131072 562949953617920 562949953486848 844424930328576 562949953421312 0 281474976710656 844424930263040 196608 844424930197504 844424930263040
73 1 176 1 377 1 1125899907104768 3377699720527872 0 2251799813685248 1125899907629056 262144 1125899907366912 1125899907629056 2251799814209536 1125899906842624 0 3377699720527872 2251799813947392 524288 2251799814471680 2251799813947392 3377699721314304 2251799813685248 0 1125899906842624 3377699721052160 786432 3377699720790016 3377699721052160
74 1 177 1 378 1 4503599628419072 13510798882111488 0 9007199254740992 4503599630516224 1048576 4503599629467648 4503599630516224 9007199256838144 4503599627370496 0 13510798882111488 9007199255789568 2097152 9007199257886720 9007199255789568 13510798885257216 9007199254740992 0 4503599627370496 13510798884208640 3145728 13510798883160064 13510798884208640
75 1 178 1 379 1 18014398513676288 54043195528445952 0 36028797018963968 18014398522064896 4194304 18014398517870592 18014398522064896 36028797027352576 18014398509481984 0 54043195528445952 36028797023158272 8388608 36028797031546880 36028797023158272 54043195541028864 36028797018963968 0 18014398509481984 54043195536834560 12582912 54043195532640256 54043195536834560
76 1 179 1 380 1 72057594054705152 216172782113783808 0 144115188075855872 72057594088259584 16777216 72057594071482368 72057594088259584 144115188109410304 72057594037927936 0 216172782113783808 144115188092633088 33554432 144115188126187520 144115188092633088 216172782164115456 144115188075855872 0 72057594037927936 216172782147338240 50331648 216172782130561024 216172782147338240
77 1 180 1 381 1 288230376218820608 864691128455135232 0 576460752303423488 288230376353038336 67108864 288230376285929472 288230376353038336 576460752437641216 288230376151711744 0 864691128455135232 576460752370532352 134217728 576460752504750080 576460752370532352 864691128656461824 576460752303423488 0 288230376151711744 864691128589352960 201326592 864691128522244096 864691128589352960
78 1 181 1 382 1 1152921504875282432 3458764513820540928 0 2305843009213693952 1152921505412153344 268435456 1152921505143717888 1152921505412153344 2305843009750564864 1152921504606846976 0 3458764513820540928 2305843009482129408 536870912 2305843010019000320 2305843009482129408 3458764514625847296 2305843009213693952 0 1152921504606846976 3458764514357411840 805306368 3458764514088976384 3458764514357411840
79 1 182 1 383 1 4611686019501129728 13835058055282163712 0 9223372036854775808 4611686021648613376 1073741824 4611686020574871552 4611686021648613376 9223372039002259456 4611686018427387904 0 13835058055282163712 9223372037928517632 2147483648 9223372040076001280 9223372037928517632 13835058058503389184 9223372036854775808 0 4611686018427387904 13835058057429647360 3221225472 13835058056355905536 13835058057429647360
80 1 183 1 256 1 4294967298 1 3 0 12884901889 4294967297 8589934592 12884901889 8589934595 2 1 0 4294967298 8589934594 12884901888 4294967298 12884901889 3 2 0 8589934595 12884901891 4294967296 8589934595
81 1 184 1 257 1 17179869192 4 12 0 51539607556 17179869188 34359738368 51539607556 34359738380 8 4 0 17179869192 34359738376 51539607552 17179869192 51539607556 12 8 0 34359738380 51539607564 17179869184 34359738380
82 1 185 1 258 1 68719476768 16 48 0 206158430224 68719476752 137438953472 206158430224 137438953520 32 16 0 68719476768 137438953504 206158430208 68719476768 206158430224 48 32 0 137438953520 206158430256 68719476736 137438953520
83 1 186 1 259 1 274877907072 64 192 0 824633720896 274877907008 549755813888 824633720896 549755814080 128 64 0 274877907072 549755814016 824633720832 274877907072 824633720896 192 128 0 549755814080 824633721024 274877906944 549755814080
84 1 187 1 260 1 1099511628288 256 768 0 3298534883584 1099511628032 2199023255552 3298534883584 2199023256320 512 256 0 1099511628288 2199023256064 3298534883328 1099511628288 3298534883584 768 512 0 2199023256320 3298534884096 1099511627776 2199023256320
85 1 188 1 261 1 4398046513152 1024 3072 0 13194139534336 4398046512128 8796093022208 13194139534336 8796093025280 2048 1024 0 4398046513152 8796093024256 13194139533312 4398046513152 13194139534336 3072 2048 0 8796093025280 13194139536384 4398046511104 8796093025280
86 1 189 1 262 1 17592186052608 4096 12288 0 52776558137344 17592186048512 35184372088832 52776558137344 35184372101120 8192 4096 0 17592186052608 35184372097024 52776558133248 17592186052608 52776558137344 12288 8192 0 35184372101120 52776558145536 17592186044416 35184372101120
87 1 190 1 263 1 70368744210432 16384 49152 0 211106232549376 70368744194048 140737488355328 211106232549376 140737488404480 32768 16384 0 70368744210432 140737488388096 211106232532992 70368744210432 211106232549376 49152 32768 0 140737488404480 211106232582144 70368744177664 140737488404480
88 1 191 1 264 1 281474976841728 65536 196608 0 844424930197504 281474976776192 562949953421312 844424930197504 562949953617920 131072 65536 0 281474976841728 562949953552384 844424930131968 281474976841728 844424930197504 196608 131072 0 562949953617920 844424930328576 281474976710656 562949953617920
89 1 192 1 265 1 1125899907366912 262144 786432 0 3377699720790016 1125899907104768 2251799813685248 3377699720790016 2251799814471680 524288 262144 0 1125899907366912 2251799814209536 3377699720527872 1125899907366912 3377699720790016 786432 524288 0 2251799814471680 3377699721314304 1125899906842624 2251799814471680
90 1 193 1 266 1 4503599629467648 1048576 3145728 0 13510798883160064 4503599628419072 9007199254740992 13510798883160064 9007199257886720 2097152 1048576 0 4503599629467648 9007199256838144 13510798882111488 4503599629467648 13510798883160064 3145728 2097152 0 9007199257886720 13510798885257216 4503599627370496 9007199257886720
91 1 194 1 267 1 18014398517870592 4194304 12582912 0 54043195532640256 18014398513676288 36028797018963968 54043195532640256 36028797031546880 8388608 4194304 0 18014398517870592 36028797027352576 54043195528445952 18014398517870592 54043195532640256 12582912 8388608 0 36028797031546880 54043195541028864 18014398509481984 36028797031546880
92 1 195 1 268 1 72057594071482368 16777216 50331648 0 216172782130561024 72057594054705152 144115188075855872 216172782130561024 144115188126187520 33554432 16777216 0 72057594071482368 144115188109410304 216172782113783808 72057594071482368 216172782130561024 50331648 33554432 0 144115188126187520 216172782164115456 72057594037927936 144115188126187520
93 1 196 1 269 1 288230376285929472 67108864 201326592 0 864691128522244096 288230376218820608 576460752303423488 864691128522244096 576460752504750080 134217728 67108864 0 288230376285929472 576460752437641216 864691128455135232 288230376285929472 864691128522244096 201326592 134217728 0 576460752504750080 864691128656461824 288230376151711744 576460752504750080
94 1 197 1 270 1 1152921505143717888 268435456 805306368 0 3458764514088976384 1152921504875282432 2305843009213693952 3458764514088976384 2305843010019000320 536870912 268435456 0 1152921505143717888 2305843009750564864 3458764513820540928 1152921505143717888 3458764514088976384 805306368 536870912 0 2305843010019000320 3458764514625847296 1152921504606846976 2305843010019000320
95 1 198 1 271 1 4611686020574871552 1073741824 3221225472 0 13835058056355905536 4611686019501129728 9223372036854775808 13835058056355905536 9223372040076001280 2147483648 1073741824 0 4611686020574871552 9223372039002259456 13835058055282163712 4611686020574871552 13835058056355905536 3221225472 2147483648 0 9223372040076001280 13835058058503389184 4611686018427387904 9223372040076001280
96 1 199 1 272 1 8589934592 4294967297 12884901888 0 4294967299 4294967299 1 4294967298 12884901888 8589934594 4294967296 0 8589934593 8589934593 2 8589934595 4294967296 12884901891 8589934592 0 12884901890 12884901890 3 12884901889
97 1 200 1 273 1 34359738368 17179869188 51539607552 0 17179869196 17179869196 4 17179869192 51539607552 34359738376 17179869184 0 34359738372 34359738372 8 34359738380 17179869184 51539607564 34359738368 0 51539607560 51539607560 12 51539607556
98 1 201 1 274 1 137438953472 68719476752 206158430208 0 68719476784 68719476784 16 68719476768 206158430208 137438953504 68719476736 0 137438953488 137438953488 32 137438953520 68719476736 206158430256 137438953472 0 206158430240 206158430240 48 206158430224
99 1 202 1 275 1 549755813888 274877907008 824633720832 0 274877907136 274877907136 64 274877907072 824633720832 549755814016 274877906944 0 549755813952 549755813952 128 549755814080 274877906944 824633721024 549755813888 0 824633720960 824633720960 192 824633720896
100 1 203 1 276 1 2199023255552 1099511628032 3298534883328 0 1099511628544 1099511628544 256 1099511628288 3298534883328 2199023256064 1099511627776 0 2199023255808 2199023255808 512 2199023256320 1099511627776 3298534884096 2199023255552 0 3298534883840 3298534883840 768 3298534883584
101 1 204 1 277 1 8796093022208 4398046512128 13194139533312 0 4398046514176 4398046514176 1024 4398046513152 13194139533312 8796093024256 4398046511104 0 8796093023232 8796093023232 2048 8796093025280 4398046511104 13194139536384 8796093022208 0 13194139535360 13194139535360 3072 13194139534336
102 1 205 1 278 1 35184372088832 17592186048512 52776558133248 0 17592186056704 17592186056704 4096 17592186052608 52776558133248 35184372097024 17592186044416 0 35184372092928 35184372092928 8192 35184372101120 17592186044416 52776558145536 35184372088832 0 52776558141440 52776558141440 12288 52776558137344
103 1 206 1 279 1 140737488355328 70368744194048 211106232532992 0 70368744226816 70368744226816 16384 70368744210432 211106232532992 140737488388096 70368744177664 0 140737488371712 140737488371712 32768 140737488404480 70368744177664 211106232582144 140737488355328 0 211106232565760 211106232565760 49152 211106232549376
104 1 207 1 280 1 562949953421312 281474976776192 844424930131968 0 281474976907264 281474976907264 65536 281474976841728 844424930131968 562949953552384 281474976710656 0 562949953486848 562949953486848 131072 562949953617920 281474976710656 844424930328576 562949953421312 0 844424930263040 844424930263040 196608 844424930197504
105 1 208 1 281 1 2251799813685248 1125899907104768 3377699720527872 0 1125899907629056 1125899907629056 262144 1125899907366912 3377699720527872 2251799814209536 1125899906842624 0 2251799813947392 2251799813947392 524288 2251799814471680 1125899906842624 3377699721314304 2251799813685248 0 3377699721052160 3377699721052160 786432 3377699720790016
106 1 209 1 282 1 9007199254740992 4503599628419072 13510798882111488 0 4503599630516224 4503599630516224 1048576 4503599629467648 13510798882111488 9007199256838144 4503599627370496 0 9007199255789568 9007199255789568 2097152 9007199257886720 4503599627370496 13510798885257216 9007199254740992 0 13510798884208640 13510798884208640 3145728 13510798883160064
107 1 210 1 283 1 36028797018963968 18014398513676288 54043195528445952 0 18014398522064896 18014398522064896 4194304 18014398517870592 54043195528445952 36028797027352576 18014398509481984 0 36028797023158272 36028797023158272 8388608 36028797031546880 18014398509481984 54043195541028864 36028797018963968 0 54043195536834560 54043195536834560 12582912 54043195532640256
108 1 211 1 284 1 144115188075855872 72057594054705152 216172782113783808 0 72057594088259584 72057594088259584 16777216 72057594071482368 216172782113783808 144115188109410304 72057594037927936 0 144115188092633088 144115188092633088 33554432 144115188126187520 72057594037927936 216172782164115456 144115188075855872 0 216172782147338240 216172782147338240 50331648 216172782130561024
109 1 212 1 285 1 576460752303423488 288230376218820608 864691128455135232 0 288230376353038336 288230376353038336 67108864 288230376285929472 864691128455135232 576460752437641216 288230376151711744 0 576460752370532352 576460752370532352 134217728 576460752504750080 288230376151711744 864691128656461824 576460752303423488 0 864691128589352960 864691128589352960 201326592 864691128522244096
110 1 213 1 286 1 2305843009213693952 1152921504875282432 3458764513820540928 0 1152921505412153344 1152921505412153344 268435456 1152921505143717888 3458764513820540928 2305843009750564864 1152921504606846976 0 2305843009482129408 2305843009482129408 536870912 2305843010019000320 1152921504606846976 3458764514625847296 2305843009213693952 0 3458764514357411840 3458764514357411840 805306368 3458764514088976384
111 1 214 1 287 1 9223372036854775808 4611686019501129728 13835058055282163712 0 4611686021648613376 4611686021648613376 1073741824 4611686020574871552 13835058055282163712 9223372039002259456 4611686018427387904 0 9223372037928517632 9223372037928517632 2147483648 9223372040076001280 4611686018427387904 13835058058503389184 9223372036854775808 0 13835058057429647360 13835058057429647360 3221225472 13835058056355905536
112 1 215 1 288 1 0 4294967298 1 3 12884901889 12884901889 4294967297 8589934592 0 8589934595 2 1 4294967298 4294967298 8589934594 12884901888 0 12884901889 3 2 8589934595 8589934595 12884901891 4294967296
113 1 216 1 289 1 0 17179869192 4 12 51539607556 51539607556 17179869188 34359738368 0 34359738380 8 4 17179869192 17179869192 34359738376 51539607552 0 51539607556 12 8 34359738380 34359738380 51539607564 17179869184
114 1 217 1 290 1 0 68719476768 16 48 206158430224 206158430224 68719476752 137438953472 0 137438953520 32 16 68719476768 68719476768 137438953504 206158430208 0 206158430224 48 32 137438953520 137438953520 206158430256 68719476736
115 1 218 1 291 1 0 274877907072 64 192 824633720896 824633720896 274877907008 549755813888 0 549755814080 128 64 274877907072 274877907072 549755814016 824633720832 0 824633720896 192 128 549755814080 549755814080 824633721024 274877906944
116 1 219 1 292 1 0 1099511628288 256 768 3298534883584 3298534883584 1099511628032 2199023255552 0 2199023256320 512 256 1099511628288 1099511628288 2199023256064 3298534883328 0 3298534883584 768 512 2199023256320 2199023256320 3298534884096 1099511627776
117 1 220 1 293 1 0 4398046513152 1024 3072 13194139534336 13194139534336 4398046512128 8796093022208 0 8796093025280 2048 1024 4398046513152 4398046513152 8796093024256 13194139533312 0 13194139534336 3072 2048 8796093025280 8796093025280 13194139536384 4398046511104
118 1 221 1 294 1 0 17592186052608 4096 12288 52776558137344 52776558137344 17592186048512 35184372088832 0 35184372101120 8192 4096 17592186052608 17592186052608 35184372097024 52776558133248 0 52776558137344 12288 8192 35184372101120 35184372101120 52776558145536 17592186044416
119 1 222 1 295 1 0 70368744210432 16384 49152 211106232549376 211106232549376 70368744194048 140737488355328 0 140737488404480 32768 16384 70368744210432 70368744210432 140737488388096 211106232532992 0 211106232549376 49152 32768 140737488404480 140737488404480 211106232582144 70368744177664
120 1 223 1 296 1 0 281474976841728 65536 196608 844424930197504 844424930197504 281474976776192 562949953421312 0 562949953617920 131072 65536 281474976841728 281474976841728 562949953552384 844424930131968 0 844424930197504 196608 131072 562949953617920 562949953617920 844424930328576 281474976710656
121 1 224 1 297 1 0 1125899907366912 262144 786432 3377699720790016 3377699720790016 1125899907104768 2251799813685248 0 2251799814471680 524288 262144 1125899907366912 1125899907366912 2251799814209536 3377699720527872 0 3377699720790016 786432 524288 2251799814471680 2251799814471680 3377699721314304 1125899906842624
122 1 225 1 298 1 0 4503599629467648 1048576 3145728 13510798883160064 13510798883160064 4503599628419072 9007199254740992 0 9007199257886720 2097152 1048576 4503599629467648 4503599629467648 9007199256838144 13510798882111488 0 13510798883160064 3145728 2097152 9007199257886720 9007199257886720 13510798885257216 4503599627370496
123 1 226 1 299 1 0 18014398517870592 4194304 12582912 54043195532640256 54043195532640256 18014398513676288 36028797018963968 0 36028797031546880 8388608 4194304 18014398517870592 18014398517870592 36028797027352576 54043195528445952 0 54043195532640256 12582912 8388608 36028797031546880 36028797031546880 54043195541028864 18014398509481984
124 1 227 1 300 1 0 72057594071482368 16777216 50331648 216172782130561024 216172782130561024 72057594054705152 144115188075855872 0 144115188126187520 33554432 16777216 72057594071482368 72057594071482368 144115188109410304 216172782113783808 0 216172782130561024 50331648 33554432 144115188126187520 144115188126187520 216172782164115456 72057594037927936
125 1 228 1 301 1 0 288230376285929472 67108864 201326592 864691128522244096 864691128522244096 288230376218820608 576460752303423488 0 576460752504750080 134217728 67108864 288230376285929472 288230376285929472 576460752437641216 864691128455135232 0 864691128522244096 201326592 134217728 576460752504750080 576460752504750080 864691128656461824 288230376151711744
126 1 229 1 302 1 0 1152921505143717888 268435456 805306368 3458764514088976384 3458764514088976384 1152921504875282432 2305843009213693952 0 2305843010019000320 536870912 268435456 1152921505143717888 1152921505143717888 2305843009750564864 3458764513820540928 0 3458764514088976384 805306368 536870912 2305843010019000320 2305843010019000320 3458764514625847296 1152921504606846976
127 1 230 1 303 1 0 4611686020574871552 1073741824 3221225472 13835058056355905536 13835058056355905536 4611686019501129728 9223372036854775808 0 9223372040076001280 2147483648 1073741824 4611686020574871552 4611686020574871552 9223372039002259456 13835058055282163712 0 13835058056355905536 3221225472 2147483648 9223372040076001280 9223372040076001280 13835058058503389184 4611686018427387904
0 1 240 1 279 1 12884901891 12884901889 8589934595 8589934592 1 1 0 2 4294967297 4294967298 12884901889 12884901888 2 2 0 3 8589934594 8589934595 4294967298 4294967296 3 3 0 1
1 1 241 1 280 1 51539607564 51539607556 34359738380 34359738368 4 4 0 8 17179869188 17179869192 51539607556 51539607552 8 8 0 12 34359738376 34359738380 17179869192 17179869184 12 12 0 4
2 1 242 1 281 1 206158430256 206158430224 137438953520 137438953472 16 16 0 32 68719476752 68719476768 206158430224 206158430208 32 32 0 48 137438953504 137438953520 68719476768 68719476736 48 48 0 16
3 1 243 1 282 1 824633721024 824633720896 549755814080 549755813888 64 64 0 128 274877907008 274877907072 824633720896 824633720832 128 128 0 192 549755814016 549755814080 274877907072 274877906944 192 192 0 64
4 1 244 1 283 1 3298534884096 3298534883584 2199023256320 2199023255552 256 256 0 512 1099511628032 1099511628288 3298534883584 3298534883328 512 512 0 768 2199023256064 2199023256320 1099511628288 1099511627776 768 768 0 256
5 1 245 1 284 1 13194139536384 13194139534336 8796093025280 8796093022208 1024 1024 0 2048 4398046512128 4398046513152 13194139534336 13194139533312 2048 2048 0 3072 8796093024256 8796093025280 4398046513152 4398046511104 3072 3072 0 1024
6 1 246 1 285 1 52776558145536 52776558137344 35184372101120 35184372088832 4096 4096 0 8192 17592186048512 17592186052608 52776558137344 52776558133248 8192 8192 0 12288 35184372097024 35184372101120 17592186052608 17592186044416 12288 12288 0 4096
7 1 247 1 286 1 211106232582144 211106232549376 140737488404480 140737488355328 16384 16384 0 32768 70368744194048 70368744210432 211106232549376 211106232532992 32768 32768 0 49152 140737488388096 140737488404480 70368744210432 70368744177664 49152 49152 0 16384
8 1 248 1 287 1 844424930328576 844424930197504 562949953617920 562949953421312 65536 65536 0 131072 281474976776192 281474976841728 844424930197504 844424930131968 131072 131072 0 196608 562949953552384 562949953617920 281474976841728 281474976710656 196608 196608 0 65536
9 1 249 1 288 1 3377699721314304 3377699720790016 2251799814471680 2251799813685248 262144 262144 0 524288 1125899907104768 1125899907366912 3377699720790016 3377699720527872 524288 524288 0 786432 2251799814209536 2251799814471680 1125899907366912 1125899906842624 786432 786432 0 262144
10 1 250 1 289 1 13510798885257216 13510798883160064 9007199257886720 9007199254740992 1048576 1048576 0 2097152 4503599628419072 4503599629467648 13510798883160064 13510798882111488 2097152 2097152 0 3145728 9007199256838144 9007199257886720 4503599629467648 4503599627370496 3145728 3145728 0 1048576
11 1 251 1 290 1 54043195541028864 54043195532640256 36028797031546880 36028797018963968 4194304 4194304 0 8388608 18014398513676288 18014398517870592 54043195532640256 54043195528445952 8388608 8388608 0 12582912 36028797027352576 36028797031546880 18014398517870592 18014398509481984 12582912 12582912 0 4194304
12 1 252 1 291 1 216172782164115456 216172782130561024 144115188126187520 144115188075855872 16777216 16777216 0 33554432 72057594054705152 72057594071482368 216172782130561024 216172782113783808 33554432 33554432 0 50331648 144115188109410304 144115188126187520 72057594071482368 72057594037927936 50331648 50331648 0 16777216
13 1 253 1 292 1 864691128656461824 864691128522244096 576460752504750080 576460752303423488 67108864 67108864 0 134217728 288230376218820608 288230376285929472 864691128522244096 864691128455135232 134217728 134217728 0 201326592 576460752437641216 576460752504750080 288230376285929472 288230376151711744 201326592 201326592 0 67108864
14 1 254 1 293 1 3458764514625847296 3458764514088976384 2305843010019000320 2305843009213693952 268435456 268435456 0 536870912 1152921504875282432 1152921505143717888 3458764514088976384 3458764513820540928 536870912 536870912 0 805306368 2305843009750564864 2305843010019000320 1152921505143717888 1152921504606846976 805306368 805306368 0 268435456
15 1 255 1 294 1 13835058058503389184 13835058056355905536 9223372040076001280 9223372036854775808 1073741824 1073741824 0 2147483648 4611686019501129728 4611686020574871552 13835058056355905536 13835058055282163712 2147483648 2147483648 0 3221225472 9223372039002259456 9223372040076001280 4611686020574871552 4611686018427387904 3221225472 3221225472 0 1073741824
16 1 128 1 295 1 12884901890 4294967299 12884901891 2 4294967296 4294967296 0 8589934592 4294967299 8589934593 4294967297 3 8589934592 8589934592 0 12884901888 8589934593 12884901890 8589934594 1 12884901888 12884901888 0 4294967296
17 1 129 1 296 1 51539607560 17179869196 51539607564 8 17179869184 17179869184 0 34359738368 17179869196 34359738372 17179869188 12 34359738368 34359738368 0 51539607552 34359738372 51539607560 34359738376 4 51539607552 51539607552 0 17179869184
18 1 130 1 297 1 206158430240 68719476784 206158430256 32 68719476736 68719476736 0 137438953472 68719476784 137438953488 68719476752 48 137438953472 137438953472 0 206158430208 137438953488 206158430240 137438953504 16 206158430208 206158430208 0 68719476736
19 1 131 1 298 1 824633720960 274877907136 824633721024 128 274877906944 274877906944 0 549755813888 274877907136 549755813952 274877907008 192 549755813888 549755813888 0 824633720832 549755813952 824633720960 549755814016 64 824633720832 824633720832 0 274877906944
20 1 132 1 299 1 3298534883840 1099511628544 3298534884096 512 1099511627776 1099511627776 0 2199023255552 1099511628544 2199023255808 1099511628032 768 2199023255552 2199023255552 0 3298534883328 2199023255808 3298534883840 2199023256064 256 3298534883328 3298534883328 0 1099511627776
21 1 133 1 300 1 13194139535360 4398046514176 13194139536384 2048 4398046511104 4398046511104 0 8796093022208 4398046514176 8796093023232 4398046512128 3072 8796093022208 8796093022208 0 13194139533312 8796093023232 13194139535360 8796093024256 1024 13194139533312 13194139533312 0 4398046511104
22 1 134 1 301 1 52776558141440 17592186056704 52776558145536 8192 17592186044416 17592186044416 0 35184372088832 17592186056704 35184372092928 17592186048512 12288 35184372088832 35184372088832 0 52776558133248 35184372092928 52776558141440 35184372097024 4096 52776558133248 52776558133248 0 17592186044416
23 1 135 1 302 1 211106232565760 70368744226816 211106232582144 32768 70368744177664 70368744177664 0 140737488355328 70368744226816 140737488371712 70368744194048 49152 140737488355328 140737488355328 0 211106232532992 140737488371712 211106232565760 140737488388096 16384 211106232532992 211106232532992 0 70368744177664
24 1 136 1 303 1 844424930263040 281474976907264 844424930328576 131072 281474976710656 281474976710656 0 562949953421312 281474976907264 562949953486848 281474976776192 196608 562949953421312 562949953421312 0 844424930131968 562949953486848 844424930263040 562949953552384 65536 844424930131968 844424930131968 0 281474976710656
25 1 137 1 304 1 3377699721052160 1125899907629056 3377699721314304 524288 1125899906842624 1125899906842624 0 2251799813685248 1125899907629056 2251799813947392 1125899907104768 786432 2251799813685248 2251799813685248 0 3377699720527872 2251799813947392 3377699721052160 2251799814209536 262144 3377699720527872 3377699720527872 0 1125899906842624
26 1 138 1 305 1 13510798884208640 4503599630516224 13510798885257216 2097152 4503599627370496 4503599627370496 0 9007199254740992 4503599630516224 9007199255789568 4503599628419072 3145728 9007199254740992 9007199254740992 0 13510798882111488 9007199255789568 13510798884208640 9007199256838144 1048576 13510798882111488 13510798882111488 0 4503599627370496
27 1 139 1 306 1 54043195536834560 18014398522064896 54043195541028864 8388608 18014398509481984 18014398509481984 0 36028797018963968 18014398522064896 36028797023158272 18014398513676288 12582912 36028797018963968 36028797018963968 0 54043195528445952 36028797023158272 54043195536834560 36028797027352576 4194304 54043195528445952 54043195528445952 0 18014398509481984
28 1 140 1 307 1 216172782147338240 72057594088259584 216172782164115456 33554432 72057594037927936 72057594037927936 0 144115188075855872 72057594088259584 144115188092633088 72057594054705152 50331648 144115188075855872 144115188075855872 0 216172782113783808 144115188092633088 216172782147338240 144115188109410304 16777216 216172782113783808 216172782113783808 0 72057594037927936
29 1 141 1 308 1 864691128589352960 288230376353038336 864691128656461824 134217728 288230376151711744 288230376151711744 0 576460752303423488 288230376353038336 576460752370532352 288230376218820608 201326592 576460752303423488 576460752303423488 0 864691128455135232 576460752370532352 864691128589352960 576460752437641216 67108864 864691128455135232 864691128455135232 0 288230376151711744
30 1 142 1 309 1 3458764514357411840 1152921505412153344 3458764514625847296 536870912 1152921504606846976 1152921504606846976 0 2305843009213693952 1152921505412153344 2305843009482129408 1152921504875282432 805306368 2305843009213693952 2305843009213693952 0 3458764513820540928 2305843009482129408 3458764514357411840 2305843009750564864 268435456 3458764513820540928 3458764513820540928 0 1152921504606846976
31 1 143 1 310 1 13835058057429647360 4611686021648613376 13835058058503389184 2147483648 4611686018427387904 4611686018427387904 0 9223372036854775808 4611686021648613376 9223372037928517632 4611686019501129728 3221225472 9223372036854775808 9223372036854775808 0 13835058055282163712 9223372037928517632 13835058057429647360 9223372039002259456 1073741824 13835058055282163712 13835058055282163712 0 4611686018427387904
32 1 144 1 311 1 8589934592 12884901891 12884901889 8589934595 2 1 1 0 12884901888 4294967297 4294967298 12884901889 3 2 2 0 4294967296 8589934594 8589934595 4294967298 1 3 3 0
33 1 145 1 312 1 34359738368 51539607564 51539607556 34359738380 8 4 4 0 51539607552 17179869188 17179869192 51539607556 12 8 8 0 17179869184 34359738376 34359738380 17179869192 4 12 12 0
34 1 146 1 313 1 137438953472 206158430256 206158430224 137438953520 32 16 16 0 206158430208 68719476752 68719476768 206158430224 48 32 32 0 68719476736 137438953504 137438953520 68719476768 16 48 48 0
35 1 147 1 314 1 549755813888 824633721024 824633720896 549755814080 128 64 64 0 824633720832 274877907008 274877907072 824633720896 192 128 128 0 274877906944 549755814016 549755814080 274877907072 64 192 192 0
36 1 148 1 315 1 2199023255552 3298534884096 3298534883584 2199023256320 512 256 256 0 3298534883328 1099511628032 1099511628288 3298534883584 768 512 512 0 1099511627776 2199023256064 2199023256320 1099511628288 256 768 768 0
37 1 149 1 316 1 8796093022208 13194139536384 13194139534336 8796093025280 2048 1024 1024 0 13194139533312 4398046512128 4398046513152 13194139534336 3072 2048 2048 0 4398046511104 8796093024256 8796093025280 4398046513152 1024 3072 3072 0
38 1 150 1 317 1 35184372088832 52776558145536 52776558137344 35184372101120 8192 4096 4096 0 52776558133248 17592186048512 17592186052608 52776558137344 12288 8192 8192 0 17592186044416 35184372097024 35184372101120 17592186052608 4096 12288 12288 0
39 1 151 1 318 1 140737488355328 211106232582144 211106232549376 140737488404480 32768 16384 16384 0 211106232532992 70368744194048 70368744210432 211106232549376 49152 32768 32768 0 70368744177664 140737488388096 140737488404480 70368744210432 16384 49152 49152 0
40 1 152 1 319 1 562949953421312 844424930328576 844424930197504 562949953617920 131072 65536 65536 0 844424930131968 281474976776192 281474976841728 844424930197504 196608 131072 131072 0 281474976710656 562949953552384 562949953617920 281474976841728 65536 196608 196608 0
41 1 153 1 320 1 2251799813685248 3377699721314304 3377699720790016 2251799814471680 524288 262144 262144 0 3377699720527872 1125899907104768 1125899907366912 3377699720790016 786432 524288 524288 0 1125899906842624 2251799814209536 2251799814471680 1125899907366912 262144 786432 786432 0
42 1 154 1 321 1 9007199254740992 13510798885257216 13510798883160064 9007199257886720 2097152 1048576 1048576 0 13510798882111488 4503599628419072 4503599629467648 13510798883160064 3145728 2097152 2097152 0 4503599627370496 9007199256838144 9007199257886720 4503599629467648 1048576 3145728 3145728 0
43 1 155 1 322 1 36028797018963968 54043195541028864 54043195532640256 36028797031546880 8388608 4194304 4194304 0 54043195528445952 18014398513676288 18014398517870592 54043195532640256 12582912 8388608 8388608 0 18014398509481984 36028797027352576 36028797031546880 18014398517870592 4194304 12582912 12582912 0
44 1 156 1 323 1 144115188075855872 216172782164115456 216172782130561024 144115188126187520 33554432 16777216 16777216 0 216172782113783808 72057594054705152 72057594071482368 216172782130561024 50331648 33554432 33554432 0 72057594037927936 144115188109410304 144115188126187520 72057594071482368 16777216 50331648 50331648 0
45 1 157 1 324 1 576460752303423488 864691128656461824 864691128522244096 576460752504750080 134217728 67108864 67108864 0 864691128455135232 288230376218820608 288230376285929472 864691128522244096 201326592 134217728 134217728 0 288230376151711744 576460752437641216 576460752504750080 288230376285929472 67108864 201326592 201326592 0
46 1 158 1 325 1 2305843009213693952 3458764514625847296 3458764514088976384 2305843010019000320 536870912 268435456 268435456 0 3458764513820540928 1152921504875282432 1152921505143717888 3458764514088976384 805306368 536870912 536870912 0 1152921504606846976 2305843009750564864 2305843010019000320 1152921505143717888 268435456 805306368 805306368 0
47 1 159 1 326 1 9223372036854775808 13835058058503389184 13835058056355905536 9223372040076001280 2147483648 1073741824 1073741824 0 13835058055282163712 4611686019501129728 4611686020574871552 13835058056355905536 3221225472 2147483648 2147483648 0 4611686018427387904 9223372039002259456 9223372040076001280 4611686020574871552 1073741824 3221225472 3221225472 0
48 1 160 1 327 1 2 12884901890 4294967299 12884901891 8589934592 4294967296 4294967296 0 3 4294967299 8589934593 4294967297 12884901888 8589934592 8589934592 0 1 8589934593 12884901890 8589934594 4294967296 12884901888 12884901888 0
49 1 161 1 328 1 8 51539607560 17179869196 51539607564 34359738368 17179869184 17179869184 0 12 17179869196 34359738372 17179869188 51539607552 34359738368 34359738368 0 4 34359738372 51539607560 34359738376 17179869184 51539607552 51539607552 0
50 1 162 1 329 1 32 206158430240 68719476784 206158430256 137438953472 68719476736 68719476736 0 48 68719476784 137438953488 68719476752 206158430208 137438953472 137438953472 0 16 137438953488 206158430240 137438953504 68719476736 206158430208 206158430208 0
51 1 163 1 330 1 128 824633720960 274877907136 824633721024 549755813888 274877906944 274877906944 0 192 274877907136 549755813952 274877907008 824633720832 549755813888 549755813888 0 64 549755813952 824633720960 549755814016 274877906944 824633720832 824633720832 0
52 1 164 1 331 1 512 3298534883840 1099511628544 3298534884096 2199023255552 1099511627776 1099511627776 0 768 1099511628544 2199023255808 1099511628032 3298534883328 2199023255552 2199023255552 0 256 2199023255808 3298534883840 2199023256064 1099511627776 3298534883328 3298534883328 0
53 1 165 1 332 1 2048 13194139535360 4398046514176 13194139536384 8796093022208 4398046511104 4398046511104 0 3072 4398046514176 8796093023232 4398046512128 13194139533312 8796093022208 8796093022208 0 1024 8796093023232 13194139535360 8796093024256 4398046511104 13194139533312 13194139533312 0
54 1 166 1 333 1 8192 52776558141440 17592186056704 52776558145536 35184372088832 17592186044416 17592186044416 0 12288 17592186056704 35184372092928 17592186048512 52776558133248 35184372088832 35184372088832 0 4096 35184372092928 52776558141440 35184372097024 17592186044416 52776558133248 52776558133248 0
55 1 167 1 334 1 32768 211106232565760 70368744226816 211106232582144 140737488355328 70368744177664 70368744177664 0 49152 70368744226816 140737488371712 70368744194048 211106232532992 140737488355328 140737488355328 0 16384 140737488371712 211106232565760 140737488388096 70368744177664 211106232532992 211106232532992 0
56 1 168 1 335 1 131072 844424930263040 281474976907264 844424930328576 562949953421312 281474976710656 281474976710656 0 196608 281474976907264 562949953486848 281474976776192 844424930131968 562949953421312 562949953421312 0 65536 562949953486848 844424930263040 562949953552384 281474976710656 844424930131968 844424930131968 0
57 1 169 1 336 1 524288 3377699721052160 1125899907629056 3377699721314304 2251799813685248 1125899906842624 1125899906842624 0 786432 1125899907629056 2251799813947392 1125899907104768 3377699720527872 2251799813685248 2251799813685248 0 262144 2251799813947392 3377699721052160 2251799814209536 1125899906842624 3377699720527872 3377699720527872 0
58 1 170 1 337 1 2097152 13510798884208640 4503599630516224 13510798885257216 9007199254740992 4503599627370496 4503599627370496 0 3145728 4503599630516224 9007199255789568 4503599628419072 13510798882111488 9007199254740992 9007199254740992 0 1048576 9007199255789568 13510798884208640 9007199256838144 4503599627370496 13510798882111488 13510798882111488 0
59 1 171 1 338 1 8388608 54043195536834560 18014398522064896 54043195541028864 36028797018963968 18014398509481984 18014398509481984 0 12582912 18014398522064896 36028797023158272 18014398513676288 54043195528445952 36028797018963968 36028797018963968 0 4194304 36028797023158272 54043195536834560 36028797027352576 18014398509481984 54043195528445952 54043195528445952 0
60 1 172 1 339 1 33554432 216172782147338240 72057594088259584 216172782164115456 144115188075855872 72057594037927936 72057594037927936 0 50331648 72057594088259584 144115188092633088 72057594054705152 216172782113783808 144115188075855872 144115188075855872 0 16777216 144115188092633088 216172782147338240 144115188109410304 72057594037927936 216172782113783808 216172782113783808 0
61 1 173 1 340 1 134217728 864691128589352960 288230376353038336 864691128656461824 576460752303423488 288230376151711744 288230376151711744 0 201326592 288230376353038336 576460752370532352 288230376218820608 864691128455135232 576460752303423488 576460752303423488 0 67108864 576460752370532352 864691128589352960 576460752437641216 288230376151711744 864691128455135232 864691128455135232 0
62 1 174 1 341 1 536870912 3458764514357411840 1152921505412153344 3458764514625847296 2305843009213693952 1152921504606846976 1152921504606846976 0 805306368 1152921505412153344 2305843009482129408 1152921504875282432 3458764513820540928 2305843009213693952 2305843009213693952 0 268435456 2305843009482129408 3458764514357411840 2305843009750564864 1152921504606846976 3458764513820540928 3458764513820540928 0
63 1 175 1 342 1 2147483648 13835058057429647360 4611686021648613376 13835058058503389184 9223372036854775808 4611686018427387904 4611686018427387904 0 3221225472 4611686021648613376 9223372037928517632 4611686019501129728 13835058055282163712 9223372036854775808 9223372036854775808 0 1073741824 9223372037928517632 13835058057429647360 9223372039002259456 4611686018427387904 13835058055282163712 13835058055282163712 0
64 1 176 1 343 1 8589934595 8589934592 12884901891 12884901889 0 2 1 1 12884901889 12884901888 4294967297 4294967298 0 3 2 2 4294967298 4294967296 8589934594 8589934595 0 1 3 3
65 1 177 1 344 1 34359738380 34359738368 51539607564 51539607556 0 8 4 4 51539607556 51539607552 17179869188 17179869192 0 12 8 8 17179869192 17179869184 34359738376 34359738380 0 4 12 12
66 1 178 1 345 1 137438953520 137438953472 206158430256 206158430224 0 32 16 16 206158430224 206158430208 68719476752 68719476768 0 48 32 32 68719476768 68719476736 137438953504 137438953520 0 16 48 48
67 1 179 1 346 1 549755814080 549755813888 824633721024 824633720896 0 128 64 64 824633720896 824633720832 274877907008 274877907072 0 192 128 128 274877907072 274877906944 549755814016 549755814080 0 64 192 192
68 1 180 1 347 1 2199023256320 2199023255552 3298534884096 3298534883584 0 512 256 256 3298534883584 3298534883328 1099511628032 1099511628288 0 768 512 512 1099511628288 1099511627776 2199023256064 2199023256320 0 256 768 768
69 1 181 1 348 1 8796093025280 8796093022208 13194139536384 13194139534336 0 2048 1024 1024 13194139534336 13194139533312 4398046512128 4398046513152 0 3072 2048 2048 4398046513152 4398046511104 8796093024256 8796093025280 0 1024 3072 3072
70 1 182 1 349 1 35184372101120 35184372088832 52776558145536 52776558137344 0 8192 4096 4096 52776558137344 52776558133248 17592186048512 17592186052608 0 12288 8192 8192 17592186052608 17592186044416 35184372097024 35184372101120 0 4096 12288 12288
71 1 183 1 350 1 140737488404480 140737488355328 211106232582144 211106232549376 0 32768 16384 16384 211106232549376 211106232532992 70368744194048 70368744210432 0 49152 32768 32768 70368744210432 70368744177664 140737488388096 140737488404480 0 16384 49152 49152
72 1 184 1 351 1 562949953617920 562949953421312 844424930328576 844424930197504 0 131072 65536 65536 844424930197504 844424930131968 281474976776192 281474976841728 0 196608 131072 131072 281474976841728 281474976710656 562949953552384 562949953617920 0 65536 196608 196608
73 1 185 1 352 1 2251799814471680 2251799813685248 3377699721314304 3377699720790016 0 524288 262144 262144 3377699720790016 3377699720527872 1125899907104768 1125899907366912 0 786432 524288 524288 1125899907366912 1125899906842624 2251799814209536 2251799814471680 0 262144 786432 786432
74 1 186 1 353 1 9007199257886720 9007199254740992 13510798885257216 13510798883160064 0 2097152 1048576 1048576 13510798883160064 13510798882111488 4503599628419072 4503599629467648 0 3145728 2097152 2097152 4503599629467648 4503599627370496 9007199256838144 9007199257886720 0 1048576 3145728 3145728
75 1 187 1 354 1 36028797031546880 36028797018963968 54043195541028864 54043195532640256 0 8388608 4194304 4194304 54043195532640256 54043195528445952 18014398513676288 18014398517870592 0 12582912 8388608 8388608 18014398517870592 18014398509481984 36028797027352576 36028797031546880 0 4194304 12582912 12582912
76 1 188 1 355 1 144115188126187520 144115188075855872 216172782164115456 216172782130561024 0 33554432 16777216 16777216 216172782130561024 216172782113783808 72057594054705152 72057594071482368 0 50331648 33554432 33554432 72057594071482368 72057594037927936 144115188109410304 144115188126187520 0 16777216 50331648 50331648
77 1 189 1 356 1 576460752504750080 576460752303423488 864691128656461824 864691128522244096 0 134217728 67108864 67108864 864691128522244096 864691128455135232 288230376218820608 288230376285929472 0 201326592 134217728 134217728 288230376285929472 288230376151711744 576460752437641216 576460752504750080 0 67108864 201326592 201326592
78 1 190 1 357 1 2305843010019000320 2305843009213693952 3458764514625847296 3458764514088976384 0 536870912 268435456 268435456 3458764514088976384 3458764513820540928 1152921504875282432 1152921505143717888 0 805306368 536870912 536870912 1152921505143717888 1152921504606846976 2305843009750564864 2305843010019000320 0 268435456 805306368 805306368
79 1 191 1 358 1 9223372040076001280 9223372036854775808 13835058058503389184 13835058056355905536 0 2147483648 1073741824 1073741824 13835058056355905536 13835058055282163712 4611686019501129728 4611686020574871552 0 3221225472 2147483648 2147483648 4611686020574871552 4611686018427387904 9223372039002259456 9223372040076001280 0 1073741824 3221225472 3221225472
80 1 192 1 359 1 12884901891 2 12884901890 4294967299 0 8589934592 4294967296 4294967296 4294967297 3 4294967299 8589934593 0 12884901888 8589934592 8589934592 8589934594 1 8589934593 12884901890 0 4294967296 12884901888 12884901888
81 1 193 1 360 1 51539607564 8 51539607560 17179869196 0 34359738368 17179869184 17179869184 17179869188 12 17179869196 34359738372 0 51539607552 34359738368 34359738368 34359738376 4 34359738372 51539607560 0 17179869184 51539607552 51539607552
82 1 194 1 361 1 206158430256 32 206158430240 68719476784 0 137438953472 68719476736 68719476736 68719476752 48 68719476784 137438953488 0 206158430208 137438953472 137438953472 137438953504 16 137438953488 206158430240 0 68719476736 206158430208 206158430208
83 1 195 1 362 1 824633721024 128 824633720960 274877907136 0 549755813888 274877906944 274877906944 274877907008 192 274877907136 549755813952 0 824633720832 549755813888 549755813888 549755814016 64 549755813952 824633720960 0 274877906944 824633720832 824633720832
84 1 196 1 363 1 3298534884096 512 3298534883840 1099511628544 0 2199023255552 1099511627776 1099511627776 1099511628032 768 1099511628544 2199023255808 0 3298534883328 2199023255552 2199023255552 2199023256064 256 2199023255808 3298534883840 0 1099511627776 3298534883328 3298534883328
85 1 197 1 364 1 13194139536384 2048 13194139535360 4398046514176 0 8796093022208 4398046511104 4398046511104 4398046512128 3072 4398046514176 8796093023232 0 13194139533312 8796093022208 8796093022208 8796093024256 1024 8796093023232 13194139535360 0 4398046511104 13194139533312 13194139533312
86 1 198 1 365 1 52776558145536 8192 52776558141440 17592186056704 0 35184372088832 17592186044416 17592186044416 17592186048512 12288 17592186056704 35184372092928 0 52776558133248 35184372088832 35184372088832 35184372097024 4096 35184372092928 52776558141440 0 17592186044416 52776558133248 52776558133248
87 1 199 1 366 1 211106232582144 32768 211106232565760 70368744226816 0 140737488355328 70368744177664 70368744177664 70368744194048 49152 70368744226816 140737488371712 0 211106232532992 140737488355328 140737488355328 140737488388096 16384 140737488371712 211106232565760 0 70368744177664 211106232532992 211106232532992
88 1 200 1 367 1 844424930328576 131072 844424930263040 281474976907264 0 562949953421312 281474976710656 281474976710656 281474976776192 196608 281474976907264 562949953486848 0 844424930131968 562949953421312 562949953421312 562949953552384 65536 562949953486848 844424930263040 0 281474976710656 844424930131968 844424930131968
89 1 201 1 368 1 3377699721314304 524288 3377699721052160 1125899907629056 0 2251799813685248 1125899906842624 1125899906842624 1125899907104768 786432 1125899907629056 2251799813947392 0 3377699720527872 2251799813685248 2251799813685248 2251799814209536 262144 2251799813947392 3377699721052160 0 1125899906842624 3377699720527872 3377699720527872
90 1 202 1 369 1 13510798885257216 2097152 13510798884208640 4503599630516224 0 9007199254740992 4503599627370496 4503599627370496 4503599628419072 3145728 4503599630516224 9007199255789568 0 13510798882111488 9007199254740992 9007199254740992 9007199256838144 1048576 9007199255789568 13510798884208640 0 4503599627370496 13510798882111488 13510798882111488
91 1 203 1 370 1 54043195541028864 8388608 54043195536834560 18014398522064896 0 36028797018963968 18014398509481984 18014398509481984 18014398513676288 12582912 18014398522064896 36028797023158272 0 54043195528445952 36028797018963968 36028797018963968 36028797027352576 4194304 36028797023158272 54043195536834560 0 18014398509481984 54043195528445952 54043195528445952
92 1 204 1 371 1 216172782164115456 33554432 216172782147338240 72057594088259584 0 144115188075855872 72057594037927936 72057594037927936 72057594054705152 50331648 72057594088259584 144115188092633088 0 216172782113783808 144115188075855872 144115188075855872 144115188109410304 16777216 144115188092633088 216172782147338240 0 72057594037927936 216172782113783808 216172782113783808
93 1 205 1 372 1 864691128656461824 134217728 864691128589352960 288230376353038336 0 576460752303423488 288230376151711744 288230376151711744 288230376218820608 201326592 288230376353038336 576460752370532352 0 864691128455135232 576460752303423488 576460752303423488 576460752437641216 67108864 576460752370532352 864691128589352960 0 288230376151711744 864691128455135232 864691128455135232
94 1 206 1 373 1 3458764514625847296 536870912 3458764514357411840 1152921505412153344 0 2305843009213693952 1152921504606846976 1152921504606846976 1152921504875282432 805306368 1152921505412153344 2305843009482129408 0 3458764513820540928 2305843009213693952 2305843009213693952 2305843009750564864 268435456 2305843009482129408 3458764514357411840 0 1152921504606846976 3458764513820540928 3458764513820540928
95 1 207 1 374 1 13835058058503389184 2147483648 13835058057429647360 4611686021648613376 0 9223372036854775808 4611686018427387904 4611686018427387904 4611686019501129728 3221225472 4611686021648613376 9223372037928517632 0 13835058055282163712 9223372036854775808 9223372036854775808 9223372039002259456 1073741824 9223372037928517632 13835058057429647360 0 4611686018427387904 13835058055282163712 13835058055282163712
96 1 208 1 375 1 12884901889 8589934595 8589934592 12884901891 1 0 2 1 4294967298 12884901889 12884901888 4294967297 2 0 3 2 8589934595 4294967298 4294967296 8589934594 3 0 1 3
97 1 209 1 376 1 51539607556 34359738380 34359738368 51539607564 4 0 8 4 17179869192 51539607556 51539607552 17179869188 8 0 12 8 34359738380 17179869192 17179869184 34359738376 12 0 4 12
98 1 210 1 377 1 206158430224 137438953520 137438953472 206158430256 16 0 32 16 68719476768 206158430224 206158430208 68719476752 32 0 48 32 137438953520 68719476768 68719476736 137438953504 48 0 16 48
99 1 211 1 378 1 824633720896 549755814080 549755813888 824633721024 64 0 128 64 274877907072 824633720896 824633720832 274877907008 128 0 192 128 549755814080 274877907072 274877906944 549755814016 192 0 64 192
100 1 212 1 379 1 3298534883584 2199023256320 2199023255552 3298534884096 256 0 512 256 1099511628288 3298534883584 3298534883328 1099511628032 512 0 768 512 2199023256320 1099511628288 1099511627776 2199023256064 768 0 256 768
101 1 213 1 380 1 13194139534336 8796093025280 8796093022208 13194139536384 1024 0 2048 1024 4398046513152 13194139534336 13194139533312 4398046512128 2048 0 3072 2048 8796093025280 4398046513152 4398046511104 8796093024256 3072 0 1024 3072
102 1 214 1 381 1 52776558137344 35184372101120 35184372088832 52776558145536 4096 0 8192 4096 17592186052608 52776558137344 52776558133248 17592186048512 8192 0 12288 8192 35184372101120 17592186052608 17592186044416 35184372097024 12288 0 4096 12288
103 1 215 1 382 1 211106232549376 140737488404480 140737488355328 211106232582144 16384 0 32768 16384 70368744210432 211106232549376 211106232532992 70368744194048 32768 0 49152 32768 140737488404480 70368744210432 70368744177664 140737488388096 49152 0 16384 49152
104 1 216 1 383 1 844424930197504 562949953617920 562949953421312 844424930328576 65536 0 131072 65536 281474976841728 844424930197504 844424930131968 281474976776192 131072 0 196608 131072 562949953617920 281474976841728 281474976710656 562949953552384 196608 0 65536 196608
105 1 217 1 256 1 3377699720790016 2251799814471680 2251799813685248 3377699721314304 262144 0 524288 262144 1125899907366912 3377699720790016 3377699720527872 1125899907104768 524288 0 786432 524288 2251799814471680 1125899907366912 1125899906842624 2251799814209536 786432 0 262144 786432
106 1 218 1 257 1 13510798883160064 9007199257886720 9007199254740992 13510798885257216 1048576 0 2097152 1048576 4503599629467648 13510798883160064 13510798882111488 4503599628419072 2097152 0 3145728 2097152 9007199257886720 4503599629467648 4503599627370496 9007199256838144 3145728 0 1048576 3145728
107 1 219 1 258 1 54043195532640256 36028797031546880 36028797018963968 54043195541028864 4194304 0 8388608 4194304 18014398517870592 54043195532640256 54043195528445952 18014398513676288 8388608 0 12582912 8388608 36028797031546880 18014398517870592 18014398509481984 36028797027352576 12582912 0 4194304 12582912
108 1 220 1 259 1 216172782130561024 144115188126187520 144115188075855872 216172782164115456 16777216 0 33554432 16777216 72057594071482368 216172782130561024 216172782113783808 72057594054705152 33554432 0 50331648 33554432 144115188126187520 72057594071482368 72057594037927936 144115188109410304 50331648 0 16777216 50331648
109 1 221 1 260 1 864691128522244096 576460752504750080 576460752303423488 864691128656461824 67108864 0 134217728 67108864 288230376285929472 864691128522244096 864691128455135232 288230376218820608 134217728 0 201326592 134217728 576460752504750080 288230376285929472 288230376151711744 576460752437641216 201326592 0 67108864 201326592
110 1 222 1 261 1 3458764514088976384 2305843010019000320 2305843009213693952 3458764514625847296 268435456 0 536870912 268435456 1152921505143717888 3458764514088976384 3458764513820540928 1152921504875282432 536870912 0 805306368 536870912 2305843010019000320 1152921505143717888 1152921504606846976 2305843009750564864 805306368 0 268435456 805306368
111 1 223 1 262 1 13835058056355905536 9223372040076001280 9223372036854775808 13835058058503389184 1073741824 0 2147483648 1073741824 4611686020574871552 13835058056355905536 13835058055282163712 4611686019501129728 2147483648 0 3221225472 2147483648 9223372040076001280 4611686020574871552 4611686018427387904 9223372039002259456 3221225472 0 1073741824 3221225472
112 1 224 1 263 1 4294967299 12884901891 2 12884901890 4294967296 0 8589934592 4294967296 8589934593 4294967297 3 4294967299 8589934592 0 12884901888 8589934592 12884901890 8589934594 1 8589934593 12884901888 0 4294967296 12884901888
113 1 225 1 264 1 17179869196 51539607564 8 51539607560 17179869184 0 34359738368 17179869184 34359738372 17179869188 12 17179869196 34359738368 0 51539607552 34359738368 51539607560 34359738376 4 34359738372 51539607552 0 17179869184 51539607552
114 1 226 1 265 1 68719476784 206158430256 32 206158430240 68719476736 0 137438953472 68719476736 137438953488 68719476752 48 68719476784 137438953472 0 206158430208 137438953472 206158430240 137438953504 16 137438953488 206158430208 0 68719476736 206158430208
115 1 227 1 266 1 274877907136 824633721024 128 824633720960 274877906944 0 549755813888 274877906944 549755813952 274877907008 192 274877907136 549755813888 0 824633720832 549755813888 824633720960 549755814016 64 549755813952 824633720832 0 274877906944 824633720832
116 1 228 1 267 1 1099511628544 3298534884096 512 3298534883840 1099511627776 0 2199023255552 1099511627776 2199023255808 1099511628032 768 1099511628544 2199023255552 0 3298534883328 2199023255552 3298534883840 2199023256064 256 2199023255808 3298534883328 0 1099511627776 3298534883328
117 1 229 1 268 1 4398046514176 13194139536384 2048 13194139535360 4398046511104 0 8796093022208 4398046511104 8796093023232 4398046512128 3072 4398046514176 8796093022208 0 13194139533312 8796093022208 13194139535360 8796093024256 1024 8796093023232 13194139533312 0 4398046511104 13194139533312
118 1 230 1 269 1 17592186056704 52776558145536 8192 52776558141440 17592186044416 0 35184372088832 17592186044416 35184372092928 17592186048512 12288 17592186056704 35184372088832 0 52776558133248 35184372088832 52776558141440 35184372097024 4096 35184372092928 52776558133248 0 17592186044416 52776558133248
119 1 231 1 270 1 70368744226816 211106232582144 32768 211106232565760 70368744177664 0 140737488355328 70368744177664 140737488371712 70368744194048 49152 70368744226816 140737488355328 0 211106232532992 140737488355328 211106232565760 140737488388096 16384 140737488371712 211106232532992 0 70368744177664 211106232532992
120 1 232 1 271 1 281474976907264 844424930328576 131072 844424930263040 281474976710656 0 562949953421312 281474976710656 562949953486848 281474976776192 196608 281474976907264 562949953421312 0 844424930131968 562949953421312 844424930263040 562949953552384 65536 562949953486848 844424930131968 0 281474976710656 844424930131968
121 1 233 1 272 1 1125899907629056 3377699721314304 524288 3377699721052160 1125899906842624 0 2251799813685248 1125899906842624 2251799813947392 1125899907104768 786432 1125899907629056 2251799813685248 0 3377699720527872 2251799813685248 3377699721052160 2251799814209536 262144 2251799813947392 3377699720527872 0 1125899906842624 3377699720527872
122 1 234 1 273 1 4503599630516224 13510798885257216 2097152 13510798884208640 4503599627370496 0 9007199254740992 4503599627370496 9007199255789568 4503599628419072 3145728 4503599630516224 9007199254740992 0 13510798882111488 9007199254740992 13510798884208640 9007199256838144 1048576 9007199255789568 13510798882111488 0 4503599627370496 13510798882111488
123 1 235 1 274 1 18014398522064896 54043195541028864 8388608 54043195536834560 18014398509481984 0 36028797018963968 18014398509481984 36028797023158272 18014398513676288 12582912 18014398522064896 36028797018963968 0 54043195528445952 36028797018963968 54043195536834560 36028797027352576 4194304 36028797023158272 54043195528445952 0 18014398509481984 54043195528445952
124 1 236 1 275 1 72057594088259584 216172782164115456 33554432 216172782147338240 72057594037927936 0 144115188075855872 72057594037927936 144115188092633088 72057594054705152 50331648 72057594088259584 144115188075855872 0 216172782113783808 144115188075855872 216172782147338240 144115188109410304 16777216 144115188092633088 216172782113783808 0 72057594037927936 216172782113783808
125 1 237 1 276 1 288230376353038336 864691128656461824 134217728 864691128589352960 288230376151711744 0 576460752303423488 288230376151711744 576460752370532352 288230376218820608 201326592 288230376353038336 576460752303423488 0 864691128455135232 576460752303423488 864691128589352960 576460752437641216 67108864 576460752370532352 864691128455135232 0 288230376151711744 864691128455135232
126 1 238 1 277 1 1152921505412153344 3458764514625847296 536870912 3458764514357411840 1152921504606846976 0 2305843009213693952 1152921504606846976 2305843009482129408 1152921504875282432 805306368 1152921505412153344 2305843009213693952 0 3458764513820540928 2305843009213693952 3458764514357411840 2305843009750564864 268435456 2305843009482129408 3458764513820540928 0 1152921504606846976 3458764513820540928
127 1 239 1 278 1 4611686021648613376 13835058058503389184 2147483648 13835058057429647360 4611686018427387904 0 9223372036854775808 4611686018427387904 9223372037928517632 4611686019501129728 3221225472 4611686021648613376 9223372036854775808 0 13835058055282163712 9223372036854775808 13835058057429647360 9223372039002259456 1073741824 9223372037928517632 13835058055282163712 0 4611686018427387904 13835058055282163712
0 2 144 2 320 2 0 0 0 0 1 0 0 0 0 0 0 0 2 0 0 0 0 0 0 0 3 0 0 0
1 2 145 2 321 2 0 0 0 0 4 0 0 0 0 0 0 0 8 0 0 0 0 0 0 0 12 0 0 0
2 2 146 2 322 2 0 0 0 0 16 0 0 0 0 0 0 0 32 0 0 0 0 0 0 0 48 0 0 0
3 2 147 2 323 2 0 0 0 0 64 0 0 0 0 0 0 0 128 0 0 0 0 0 0 0 192 0 0 0
4 2 148 2 324 2 0 0 0 0 256 0 0 0 0 0 0 0 512 0 0 0 0 0 0 0 768 0 0 0
5 2 149 2 325 2 0 0 0 0 1024 0 0 0 0 0 0 0 2048 0 0 0 0 0 0 0 3072 0 0 0
6 2 150 2 326 2 0 0 0 0 4096 0 0 0 0 0 0 0 8192 0 0 0 0 0 0 0 12288 0 0 0
7 2 151 2 327 2 0 0 0 0 16384 0 0 0 0 0 0 0 32768 0 0 0 0 0 0 0 49152 0 0 0
8 2 152 2 328 2 0 0 0 0 65536 0 0 0 0 0 0 0 131072 0 0 0 0 0 0 0 196608 0 0 0
9 2 153 2 329 2 0 0 0 0 262144 0 0 0 0 0 0 0 524288 0 0 0 0 0 0 0 786432 0 0 0
10 2 154 2 330 2 0 0 0 0 1048576 0 0 0 0 0 0 0 2097152 0 0 0 0 0 0 0 3145728 0 0 0
11 2 155 2 331 2 0 0 0 0 4194304 0 0 0 0 0 0 0 8388608 0 0 0 0 0 0 0 12582912 0 0 0
12 2 156 2 332 2 0 0 0 0 16777216 0 0 0 0 0 0 0 33554432 0 0 0 0 0 0 0 50331648 0 0 0
13 2 157 2 333 2 0 0 0 0 67108864 0 0 0 0 0 0 0 134217728 0 0 0 0 0 0 0 201326592 0 0 0
14 2 158 2 334 2 0 0 0 0 268435456 0 0 0 0 0 0 0 536870912 0 0 0 0 0 0 0 805306368 0 0 0
15 2 159 2 335 2 0 0 0 0 1073741824 0 0 0 0 0 0 0 2147483648 0 0 0 0 0 0 0 3221225472 0 0 0
16 2 160 2 336 2 0 0 0 0 4294967296 0 0 0 0 0 0 0 8589934592 0 0 0 0 0 0 0 12884901888 0 0 0
17 2 161 2 337 2 0 0 0 0 17179869184 0 0 0 0 0 0 0 34359738368 0 0 0 0 0 0 0 51539607552 0 0 0
18 2 162 2 338 2 0 0 0 0 68719476736 0 0 0 0 0 0 0 137438953472 0 0 0 0 0 0 0 206158430208 0 0 0
19 2 163 2 339 2 0 0 0 0 274877906944 0 0 0 0 0 0 0 549755813888 0 0 0 0 0 0 0 824633720832 0 0 0
20 2 164 2 340 2 0 0 0 0 1099511627776 0 0 0 0 0 0 0 2199023255552 0 0 0 0 0 0 0 3298534883328 0 0 0
21 2 165 2 341 2 0 0 0 0 4398046511104 0 0 0 0 0 0 0 8796093022208 0 0 0 0 0 0 0 13194139533312 0 0 0
22 2 166 2 342 2 0 0 0 0 17592186044416 0 0 0 0 0 0 0 35184372088832 0 0 0 0 0 0 0 52776558133248 0 0 0
23 2 167 2 343 2 0 0 0 0 70368744177664 0 0 0 0 0 0 0 140737488355328 0 0 0 0 0 0 0 211106232532992 0 0 0
24 2 168 2 344 2 0 0 0 0 281474976710656 0 0 0 0 0 0 0 562949953421312 0 0 0 0 0 0 0 844424930131968 0 0 0
25 2 169 2 345 2 0 0 0 0 1125899906842624 0 0 0 0 0 0 0 2251799813685248 0 0 0 0 0 0 0 3377699720527872 0 0 0
26 2 170 2 346 2 0 0 0 0 4503599627370496 0 0 0 0 0 0 0 9007199254740992 0 0 0 0 0 0 0 13510798882111488 0 0 0
27 2 171 2 347 2 0 0 0 0 18014398509481984 0 0 0 0 0 0 0 36028797018963968 0 0 0 0 0 0 0 54043195528445952 0 0 0
28 2 172 2 348 2 0 0 0 0 72057594037927936 0 0 0 0 0 0 0 144115188075855872 0 0 0 0 0 0 0 216172782113783808 0 0 0
29 2 173 2 349 2 0 0 0 0 288230376151711744 0 0 0 0 0 0 0 576460752303423488 0 0 0 0 0 0 0 864691128455135232 0 0 0
30 2 174 2 350 2 0 0 0 0 1152921504606846976 0 0 0 0 0 0 0 2305843009213693952 0 0 0 0 0 0 0 3458764513820540928 0 0 0
31 2 175 2 351 2 0 0 0 0 4611686018427387904 0 0 0 0 0 0 0 9223372036854775808 0 0 0 0 0 0 0 13835058055282163712 0 0 0
32 2 176 2 352 2 0 0 0 0 0 1 0 0 0 0 0 0 0 2 0 0 0 0 0 0 0 3 0 0
33 2 177 2 353 2 0 0 0 0 0 4 0 0 0 0 0 0 0 8 0 0 0 0 0 0 0 12 0 0
34 2 178 2 354 2 0 0 0 0 0 16 0 0 0 0 0 0 0 32 0 0 0 0 0 0 0 48 0 0
35 2 179 2 355 2 0 0 0 0 0 64 0 0 0 0 0 0 0 128 0 0 0 0 0 0 0 192 0 0
36 2 180 2 356 2 0 0 0 0 0 256 0 0 0 0 0 0 0 512 0 0 0 0 0 0 0 768 0 0
37 2 181 2 357 2 0 0 0 0 0 1024 0 0 0 0 0 0 0 2048 0 0 0 0 0 0 0 3072 0 0
38 2 182 2 358 2 0 0 0 0 0 4096 0 0 0 0 0 0 0 8192 0 0 0 0 0 0 0 12288 0 0
39 2 183 2 359 2 0 0 0 0 0 16384 0 0 0 0 0 0 0 32768 0 0 0 0 0 0 0 49152 0 0
40 2 184 2 360 2 0 0 0 0 0 65536 0 0 0 0 0 0 0 131072 0 0 0 0 0 0 0 196608 0 0
41 2 185 2 361 2 0 0 0 0 0 262144 0 0 0 0 0 0 0 524288 0 0 0 0 0 0 0 786432 0 0
42 2 186 2 362 2 0 0 0 0 0 1048576 0 0 0 0 0 0 0 2097152 0 0 0 0 0 0 0 3145728 0 0
43 2 187 2 363 2 0 0 0 0 0 4194304 0 0 0 0 0 0 0 8388608 0 0 0 0 0 0 0 12582912 0 0
44 2 188 2 364 2 0 0 0 0 0 16777216 0 0 0 0 0 0 0 33554432 0 0 0 0 0 0 0 50331648 0 0
45 2 189 2 365 2 0 0 0 0 0 67108864 0 0 0 0 0 0 0 134217728 0 0 0 0 0 0 0 201326592 0 0
46 2 190 2 366 2 0 0 0 0 0 268435456 0 0 0 0 0 0 0 536870912 0 0 0 0 0 0 0 805306368 0 0
47 2 191 2 367 2 0 0 0 0 0 1073741824 0 0 0 0 0 0 0 2147483648 0 0 0 0 0 0 0 3221225472 0 0
48 2 192 2 368 2 0 0 0 0 0 4294967296 0 0 0 0 0 0 0 8589934592 0 0 0 0 0 0 0 12884901888 0 0
49 2 193 2 369 2 0 0 0 0 0 17179869184 0 0 0 0 0 0 0 34359738368 0 0 0 0 0 0 0 51539607552 0 0
50 2 194 2 370 2 0 0 0 0 0 68719476736 0 0 0 0 0 0 0 137438953472 0 0 0 0 0 0 0 206158430208 0 0
51 2 195 2 371 2 0 0 0 0 0 274877906944 0 0 0 0 0 0 0 549755813888 0 0 0 0 0 0 0 824633720832 0 0
52 2 196 2 372 2 0 0 0 0 0 1099511627776 0 0 0 0 0 0 0 2199023255552 0 0 0 0 0 0 0 3298534883328 0 0
53 2 197 2 373 2 0 0 0 0 0 4398046511104 0 0 0 0 0 0 0 8796093022208 0 0 0 0 0 0 0 13194139533312 0 0
54 2 198 2 374 2 0 0 0 0 0 17592186044416 0 0 0 0 0 0 0 35184372088832 0 0 0 0 0 0 0 52776558133248 0 0
55 2 199 2 375 2 0 0 0 0 0 70368744177664 0 0 0 0 0 0 0 140737488355328 0 0 0 0 0 0 0 211106232532992 0 0
56 2 200 2 376 2 0 0 0 0 0 281474976710656 0 0 0 0 0 0 0 562949953421312 0 0 0 0 0 0 0 844424930131968 0 0
57 2 201 2 377 2 0 0 0 0 0 1125899906842624 0 0 0 0 0 0 0 2251799813685248 0 0 0 0 0 0 0 3377699720527872 0 0
58 2 202 2 378 2 0 0 0 0 0 4503599627370496 0 0 0 0 0 0 0 9007199254740992 0 0 0 0 0 0 0 13510798882111488 0 0
59 2 203 2 379 2 0 0 0 0 0 18014398509481984 0 0 0 0 0 0 0 36028797018963968 0 0 0 0 0 0 0 54043195528445952 0 0
60 2 204 2 380 2 0 0 0 0 0 72057594037927936 0 0 0 0 0 0 0 144115188075855872 0 0 0 0 0 0 0 216172782113783808 0 0
61 2 205 2 381 2 0 0 0 0 0 288230376151711744 0 0 0 0 0 0 0 576460752303423488 0 0 0 0 0 0 0 864691128455135232 0 0
62 2 206 2 382 2 0 0 0 0 0 1152921504606846976 0 0 0 0 0 0 0 2305843009213693952 0 0 0 0 0 0 0 3458764513820540928 0 0
63 2 207 2 383 2 0 0 0 0 0 4611686018427387904 0 0 0 0 0 0 0 9223372036854775808 0 0 0 0 0 0 0 13835058055282163712 0 0
64 2 208 2 256 2 0 0 0 0 0 0 1 0 0 0 0 0 0 0 2 0 0 0 0 0 0 0 3 0
65 2 209 2 257 2 0 0 0 0 0 0 4 0 0 0 0 0 0 0 8 0 0 0 0 0 0 0 12 0
66 2 210 2 258 2 0 0 0 0 0 0 16 0 0 0 0 0 0 0 32 0 0 0 0 0 0 0 48 0
67 2 211 2 259 2 0 0 0 0 0 0 64 0 0 0 0 0 0 0 128 0 0 0 0 0 0 0 192 0
68 2 212 2 260 2 0 0 0 0 0 0 256 0 0 0 0 0 0 0 512 0 0 0 0 0 0 0 768 0
69 2 213 2 261 2 0 0 0 0 0 0 1024 0 0 0 0 0 0 0 2048 0 0 0 0 0 0 0 3072 0
70 2 214 2 262 2 0 0 0 0 0 0 4096 0 0 0 0 0 0 0 8192 0 0 0 0 0 0 0 12288 0
71 2 215 2 263 2 0 0 0 0 0 0 16384 0 0 0 0 0 0 0 32768 0 0 0 0 0 0 0 49152 0
72 2 216 2 264 2 0 0 0 0 0 0 65536 0 0 0 0 0 0 0 131072 0 0 0 0 0 0 0 196608 0
73 2 217 2 265 2 0 0 0 0 0 0 262144 0 0 0 0 0 0 0 524288 0 0 0 0 0 0 0 786432 0
74 2 218 2 266 2 0 0 0 0 0 0 1048576 0 0 0 0 0 0 0 2097152 0 0 0 0 0 0 0 3145728 0
75 2 219 2 267 2 0 0 0 0 0 0 4194304 0 0 0 0 0 0 0 8388608 0 0 0 0 0 0 0 12582912 0
76 2 220 2 268 2 0 0 0 0 0 0 16777216 0 0 0 0 0 0 0 33554432 0 0 0 0 0 0 0 50331648 0
77 2 221 2 269 2 0 0 0 0 0 0 67108864 0 0 0 0 0 0 0 134217728 0 0 0 0 0 0 0 201326592 0
78 2 222 2 270 2 0 0 0 0 0 0 268435456 0 0 0 0 0 0 0 536870912 0 0 0 0 0 0 0 805306368 0
79 2 223 2 271 2 0 0 0 0 0 0 1073741824 0 0 0 0 0 0 0 2147483648 0 0 0 0 0 0 0 3221225472 0
80 2 224 2 272 2 0 0 0 0 0 0 4294967296 0 0 0 0 0 0 0 8589934592 0 0 0 0 0 0 0 12884901888 0
81 2 225 2 273 2 0 0 0 0 0 0 17179869184 0 0 0 0 0 0 0 34359738368 0 0 0 0 0 0 0 51539607552 0
82 2 226 2 274 2 0 0 0 0 0 0 68719476736 0 0 0 0 0 0 0 137438953472 0 0 0 0 0 0 0 206158430208 0
83 2 227 2 275 2 0 0 0 0 0 0 274877906944 0 0 0 0 0 0 0 549755813888 0 0 0 0 0 0 0 824633720832 0
84 2 228 2 276 2 0 0 0 0 0 0 1099511627776 0 0 0 0 0 0 0 2199023255552 0 0 0 0 0 0 0 3298534883328 0
85 2 229 2 277 2 0 0 0 0 0 0 4398046511104 0 0 0 0 0 0 0 8796093022208 0 0 0 0 0 0 0 13194139533312 0
86 2 230 2 278 2 0 0 0 0 0 0 17592186044416 0 0 0 0 0 0 0 35184372088832 0 0 0 0 0 0 0 52776558133248 0
87 2 231 2 279 2 0 0 0 0 0 0 70368744177664 0 0 0 0 0 0 0 140737488355328 0 0 0 0 0 0 0 211106232532992 0
88 2 232 2 280 2 0 0 0 0 0 0 281474976710656 0 0 0 0 0 0 0 562949953421312 0 0 0 0 0 0 0 844424930131968 0
89 2 233 2 281 2 0 0 0 0 0 0 1125899906842624 0 0 0 0 0 0 0 2251799813685248 0 0 0 0 0 0 0 3377699720527872 0
90 2 234 2 282 2 0 0 0 0 0 0 4503599627370496 0 0 0 0 0 0 0 9007199254740992 0 0 0 0 0 0 0 13510798882111488 0
91 2 235 2 283 2 0 0 0 0 0 0 18014398509481984 0 0 0 0 0 0 0 36028797018963968 0 0 0 0 0 0 0 54043195528445952 0
92 2 236 2 284 2 0 0 0 0 0 0 72057594037927936 0 0 0 0 0 0 0 144115188075855872 0 0 0 0 0 0 0 216172782113783808 0
93 2 237 2 285 2 0 0 0 0 0 0 288230376151711744 0 0 0 0 0 0 0 576460752303423488 0 0 0 0 0 0 0 864691128455135232 0
94 2 238 2 286 2 0 0 0 0 0 0 1152921504606846976 0 0 0 0 0 0 0 2305843009213693952 0 0 0 0 0 0 0 3458764513820540928 0
95 2 239 2 287 2 0 0 0 0 0 0 4611686018427387904 0 0 0 0 0 0 0 9223372036854775808 0 0 0 0 0 0 0 13835058055282163712 0
96 2 240 2 288 2 0 0 0 0 0 0 0 1 0 0 0 0 0 0 0 2 0 0 0 0 0 0 0 3
97 2 241 2 289 2 0 0 0 0 0 0 0 4 0 0 0 0 0 0 0 8 0 0 0 0 0 0 0 12
98 2 242 2 290 2 0 0 0 0 0 0 0 16 0 0 0 0 0 0 0 32 0 0 0 0 0 0 0 48
99 2 243 2 291 2 0 0 0 0 0 0 0 64 0 0 0 0 0 0 0 128 0 0 0 0 0 0 0 192
100 2 244 2 292 2 0 0 0 0 0 0 0 256 0 0 0 0 0 0 0 512 0 0 0 0 0 0 0 768
101 2 245 2 293 2 0 0 0 0 0 0 0 1024 0 0 0 0 0 0 0 2048 0 0 0 0 0 0 0 3072
102 2 246 2 294 2 0 0 0 0 0 0 0 4096 0 0 0 0 0 0 0 8192 0 0 0 0 0 0 0 12288
103 2 247 2 295 2 0 0 0 0 0 0 0 16384 0 0 0 0 0 0 0 32768 0 0 0 0 0 0 0 49152
104 2 248 2 296 2 0 0 0 0 0 0 0 65536 0 0 0 0 0 0 0 131072 0 0 0 0 0 0 0 196608
105 2 249 2 297 2 0 0 0 0 0 0 0 262144 0 0 0 0 0 0 0 524288 0 0 0 0 0 0 0 786432
106 2 250 2 298 2 0 0 0 0 0 0 0 1048576 0 0 0 0 0 0 0 2097152 0 0 0 0 0 0 0 3145728
107 2 251 2 299 2 0 0 0 0 0 0 0 4194304 0 0 0 0 0 0 0 8388608 0 0 0 0 0 0 0 12582912
108 2 252 2 300 2 0 0 0 0 0 0 0 16777216 0 0 0 0 0 0 0 33554432 0 0 0 0 0 0 0 50331648
109 2 253 2 301 2 0 0 0 0 0 0 0 67108864 0 0 0 0 0 0 0 134217728 0 0 0 0 0 0 0 201326592
110 2 254 2 302 2 0 0 0 0 0 0 0 268435456 0 0 0 0 0 0 0 536870912 0 0 0 0 0 0 0 805306368
111 2 255 2 303 2 0 0 0 0 0 0 0 1073741824 0 0 0 0 0 0 0 2147483648 0 0 0 0 0 0 0 3221225472
112 2 128 2 304 2 0 0 0 0 0 0 0 4294967296 0 0 0 0 0 0 0 8589934592 0 0 0 0 0 0 0 12884901888
113 2 129 2 305 2 0 0 0 0 0 0 0 17179869184 0 0 0 0 0 0 0 34359738368 0 0 0 0 0 0 0 51539607552
114 2 130 2 306 2 0 0 0 0 0 0 0 68719476736 0 0 0 0 0 0 0 137438953472 0 0 0 0 0 0 0 206158430208
115 2 131 2 307 2 0 0 0 0 0 0 0 274877906944 0 0 0 0 0 0 0 549755813888 0 0 0 0 0 0 0 824633720832
116 2 132 2 308 2 0 0 0 0 0 0 0 1099511627776 0 0 0 0 0 0 0 2199023255552 0 0 0 0 0 0 0 3298534883328
117 2 133 2 309 2 0 0 0 0 0 0 0 4398046511104 0 0 0 0 0 0 0 8796093022208 0 0 0 0 0 0 0 13194139533312
118 2 134 2 310 2 0 0 0 0 0 0 0 17592186044416 0 0 0 0 0 0 0 35184372088832 0 0 0 0 0 0 0 52776558133248
119 2 135 2 311 2 0 0 0 0 0 0 0 70368744177664 0 0 0 0 0 0 0 140737488355328 0 0 0 0 0 0 0 211106232532992
120 2 136 2 312 2 0 0 0 0 0 0 0 281474976710656 0 0 0 0 0 0 0 562949953421312 0 0 0 0 0 0 0 844424930131968
121 2 137 2 313 2 0 0 0 0 0 0 0 1125899906842624 0 0 0 0 0 0 0 2251799813685248 0 0 0 0 0 0 0 3377699720527872
122 2 138 2 314 2 0 0 0 0 0 0 0 4503599627370496 0 0 0 0 0 0 0 9007199254740992 0 0 0 0 0 0 0 13510798882111488
123 2 139 2 315 2 0 0 0 0 0 0 0 18014398509481984 0 0 0 0 0 0 0 36028797018963968 0 0 0 0 0 0 0 54043195528445952
124 2 140 2 316 2 0 0 0 0 0 0 0 72057594037927936 0 0 0 0 0 0 0 144115188075855872 0 0 0 0 0 0 0 216172782113783808
125 2 141 2 317 2 0 0 0 0 0 0 0 288230376151711744 0 0 0 0 0 0 0 576460752303423488 0 0 0 0 0 0 0 864691128455135232
126 2 142 2 318 2 0 0 0 0 0 0 0 1152921504606846976 0 0 0 0 0 0 0 2305843009213693952 0 0 0 0 0 0 0 3458764513820540928
127 2 143 2 319 2 0 0 0 0 0 0 0 4611686018427387904 0 0 0 0 0 0 0 9223372036854775808 0 0 0 0 0 0 0 13835058055282163712
