1024 384 8 128
0 1 128 2 256 3 16896 0 0 1224979098644788224 786432 1048576 65536 1224979098644807680 33536 0 0 2449958197289555968 262144 2097152 131072 2449958197289598976 49408 0 0 3674937295934336000 524288 3145728 196608 3674937295934341120
1 1 129 2 257 3 67584 0 0 4899916394579152896 3145728 4194304 262144 4899916394579230720 134144 0 0 9799832789158223872 1048576 8388608 524288 9799832789158395904 197632 0 0 14699749183737344000 2097152 12582912 786432 14699749183737364480
2 1 130 2 258 3 270337 0 0 1152921504607059968 12582913 16777216 1048576 1152921504607371264 536578 0 0 2305843009213792256 4194306 33554432 2097152 2305843009214480384 790531 0 0 3458764513820721152 8388611 50331648 3145728 3458764513820803072
3 1 131 2 259 3 1081348 0 0 4611686018428239872 50331652 67108864 4194304 4611686018429485056 2146312 0 0 9223372036855169024 16777224 134217728 8388608 9223372036857921536 3162124 0 0 13835058055282884608 33554444 201326592 12582912 13835058055283212288
4 1 132 2 260 3 4325393 0 0 3407872 201326609 268435456 16777216 8388608 8585250 0 0 1572864 67108898 536870912 33554432 12582912 12648499 0 0 2883584 134217779 805306368 50331648 4194304
5 1 133 2 261 3 17301572 0 0 13631488 805306436 1073741824 67108864 33554432 34341000 0 0 6291456 268435592 2147483648 134217728 50331648 50593996 0 0 11534336 536871116 3221225472 201326592 16777216
6 1 134 2 262 3 69206288 0 0 54525952 3221225744 4294967296 268435456 134217728 137364000 0 0 25165824 1073742368 8589934592 536870912 201326592 202375984 0 0 46137344 2147484464 12884901888 805306368 67108864
7 1 135 2 263 3 276825152 0 0 218103808 12884902976 17179869184 1073741824 536870912 549456000 0 0 100663296 4294969472 34359738368 2147483648 805306368 809503936 0 0 184549376 8589937856 51539607552 3221225472 268435456
8 1 136 2 264 3 1107300608 0 0 872415232 51539611904 68719476736 4294967296 2147483648 2197824000 0 0 402653184 17179877888 137438953472 8589934592 3221225472 3238015744 0 0 738197504 34359751424 206158430208 12884901888 1073741824
9 1 137 2 265 3 4429202432 0 0 3489660928 206158447616 274877906944 17179869184 8589934592 8791296000 0 0 1610612736 68719511552 549755813888 34359738368 12884901888 12952062976 0 0 2952790016 137439005696 824633720832 51539607552 4294967296
10 1 138 2 266 3 17716809728 0 0 13958643712 824633790464 1099511627776 68719476736 34359738368 35165184000 0 0 6442450944 274878046208 2199023255552 137438953472 51539607552 51808251904 0 0 11811160064 549756022784 3298534883328 206158430208 17179869184
11 1 139 2 267 3 70867238912 0 0 55834574848 3298535161856 4398046511104 274877906944 137438953472 140660736000 0 0 25769803776 1099512184832 8796093022208 549755813888 206158430208 207233007616 0 0 47244640256 2199024091136 13194139533312 824633720832 68719476736
12 1 140 2 268 3 283468955648 0 0 223338299392 13194140647424 17592186044416 1099511627776 549755813888 562642944000 0 0 103079215104 4398048739328 35184372088832 2199023255552 824633720832 828932030464 0 0 188978561024 8796096364544 52776558133248 3298534883328 274877906944
13 1 141 2 269 3 1133875822592 0 0 893353197568 52776562589696 70368744177664 4398046511104 2199023255552 2250571776000 0 0 412316860416 17592194957312 140737488355328 8796093022208 3298534883328 3315728121856 0 0 755914244096 35184385458176 211106232532992 13194139533312 1099511627776
14 1 142 2 270 3 4535503290368 0 0 3573412790272 211106250358784 281474976710656 17592186044416 8796093022208 9002287104000 0 0 1649267441664 70368779829248 562949953421312 35184372088832 13194139533312 13262912487424 0 0 3023656976384 140737541832704 844424930131968 52776558133248 4398046511104
15 1 143 2 271 3 18142013161472 0 0 14293651161088 844425001435136 1125899906842624 70368744177664 35184372088832 36009148416000 0 0 6597069766656 281475119316992 2251799813685248 140737488355328 52776558133248 53051649949696 0 0 12094627905536 562950167330816 3377699720527872 211106232532992 17592186044416
16 1 144 2 272 3 72568052645888 0 0 57174604644352 3377700005740544 4503599627370496 281474976710656 140737488355328 144036593664000 0 0 26388279066624 1125900477267968 9007199254740992 562949953421312 211106232532992 212206599798784 0 0 48378511622144 2251800669323264 13510798882111488 844424930131968 70368744177664
17 1 145 2 273 3 290272210583552 0 0 228698418577408 13510800022962176 18014398509481984 1125899906842624 562949953421312 576146374656000 0 0 105553116266496 4503601909071872 36028797018963968 2251799813685248 844424930131968 848826399195136 0 0 193514046488576 9007202677293056 54043195528445952 3377699720527872 281474976710656
18 1 146 2 274 3 1161088842334208 0 0 914793674309632 54043200091848704 72057594037927936 4503599627370496 2251799813685248 2304585498624000 0 0 422212465065984 18014407636287488 144115188075855872 9007199254740992 3377699720527872 3395305596780544 0 0 774056185954304 36028810709172224 216172782113783808 13510798882111488 1125899906842624
19 1 147 2 275 3 4644355369336832 0 0 3659174697238528 216172800367394816 288230376151711744 18014398509481984 9007199254740992 9218341994496000 0 0 1688849860263936 72057630545149952 576460752303423488 36028797018963968 13510798882111488 13581222387122176 0 0 3096224743817216 144115242836688896 864691128455135232 54043195528445952 4503599627370496
20 1 148 2 276 3 18577421477347328 0 0 14636698788954112 864691201469579264 1152921504606846976 72057594037927936 36028797018963968 36873367977984000 0 0 6755399441055744 288230522180599808 2305843009213693952 144115188075855872 54043195528445952 54324889548488704 0 0 12384898975268864 576460971346755584 3458764513820540928 216172782113783808 18014398509481984
21 1 149 2 277 3 74309685909389312 0 0 58546795155816448 3458764805878317056 4611686018427387904 288230376151711744 144115188075855872 147493471911936000 0 0 27021597764222976 1152922088722399232 9223372036854775808 576460752303423488 216172782113783808 217299558193954816 0 0 49539595901075456 2305843885387022336 13835058055282163712 864691128455135232 72057594037927936
22 1 150 2 278 3 297238743637557248 0 0 234187180623265792 13835059223513268224 0 1152921504606846977 576460752303423488 589973887647744000 0 0 108086391056891904 4611688354889596928 0 2305843009213693954 864691128455135232 869198232775819264 0 0 198158383604301824 9223375541548089344 0 3458764513820540931 288230376151711744
23 1 151 2 279 3 1188954974550228992 0 0 936748722493063168 4672924418048 3 4611686018427387908 2305843009213693952 2359895550590976000 0 0 432345564227567616 9345848836096 1 9223372036854775816 3458764513820540928 3476792931103277056 0 0 792633534417207296 14018773254144 2 13835058055282163724 1152921504606846976
24 1 152 2 280 3 4755819898200915968 0 0 3746994889972252672 18691697672192 12 16 9223372036854775809 9439582202363904000 0 0 1729382256910270464 37383395344384 4 32 13835058055282163714 13907171724413108224 0 0 3170534137668829184 56075093016576 8 48 4611686018427387907
25 1 153 2 281 3 576535519094112256 1 0 14987979559889010688 74766790688770 48 64 4 864840662036512768 2 0 6917529027641081856 149533581377539 16 128 8 288454676523778048 3 0 12682136550675316736 224300372066305 32 192 12
26 1 154 2 282 3 2306142076376449027 4 0 4611686018427387904 299067162755080 192 256 16 3459362648146051073 8 0 9223372036854775808 598134325510156 64 512 32 1153818706095112194 12 0 13835058055282163712 897201488265220 128 768 48
27 1 155 2 283 3 9224568305505796109 16 0 0 1196268651020320 768 1024 64 13837450592584204294 32 0 0 2392537302040624 256 2048 128 4615274824380448779 48 0 0 3588805953060880 512 3072 192
28 1 156 2 284 3 4785074604081204 66 0 0 4785074604081280 3072 4096 256 9570149208162328 131 0 0 9570149208162496 1024 8192 512 14355223812243500 193 0 0 14355223812243520 2048 12288 768
29 1 157 2 285 3 19140298416324816 264 0 0 19140298416325120 12288 16384 1024 38280596832649312 524 0 0 38280596832649984 4096 32768 2048 57420895248974000 772 0 0 57420895248974080 8192 49152 3072
30 1 158 2 286 3 76561193665299264 1056 0 0 76561193665300480 49152 65536 4096 153122387330597248 2096 0 0 153122387330599936 16384 131072 8192 229683580995896000 3088 0 0 229683580995896320 32768 196608 12288
31 1 159 2 287 3 306244774661197056 4224 0 0 306244774661201920 196608 262144 16384 612489549322388992 8384 0 0 612489549322399744 65536 524288 32768 918734323983584000 12352 0 0 918734323983585280 131072 786432 49152
32 1 160 2 288 3 1224979098644788224 16896 0 0 1224979098644807680 786432 1048576 65536 2449958197289555968 33536 0 0 2449958197289598976 262144 2097152 131072 3674937295934336000 49408 0 0 3674937295934341120 524288 3145728 196608
33 1 161 2 289 3 4899916394579152896 67584 0 0 4899916394579230720 3145728 4194304 262144 9799832789158223872 134144 0 0 9799832789158395904 1048576 8388608 524288 14699749183737344000 197632 0 0 14699749183737364480 2097152 12582912 786432
34 1 162 2 290 3 1152921504607059968 270337 0 0 1152921504607371264 12582913 16777216 1048576 2305843009213792256 536578 0 0 2305843009214480384 4194306 33554432 2097152 3458764513820721152 790531 0 0 3458764513820803072 8388611 50331648 3145728
35 1 163 2 291 3 4611686018428239872 1081348 0 0 4611686018429485056 50331652 67108864 4194304 9223372036855169024 2146312 0 0 9223372036857921536 16777224 134217728 8388608 13835058055282884608 3162124 0 0 13835058055283212288 33554444 201326592 12582912
36 1 164 2 292 3 3407872 4325393 0 0 8388608 201326609 268435456 16777216 1572864 8585250 0 0 12582912 67108898 536870912 33554432 2883584 12648499 0 0 4194304 134217779 805306368 50331648
37 1 165 2 293 3 13631488 17301572 0 0 33554432 805306436 1073741824 67108864 6291456 34341000 0 0 50331648 268435592 2147483648 134217728 11534336 50593996 0 0 16777216 536871116 3221225472 201326592
38 1 166 2 294 3 54525952 69206288 0 0 134217728 3221225744 4294967296 268435456 25165824 137364000 0 0 201326592 1073742368 8589934592 536870912 46137344 202375984 0 0 67108864 2147484464 12884901888 805306368
39 1 167 2 295 3 218103808 276825152 0 0 536870912 12884902976 17179869184 1073741824 100663296 549456000 0 0 805306368 4294969472 34359738368 2147483648 184549376 809503936 0 0 268435456 8589937856 51539607552 3221225472
40 1 168 2 296 3 872415232 1107300608 0 0 2147483648 51539611904 68719476736 4294967296 402653184 2197824000 0 0 3221225472 17179877888 137438953472 8589934592 738197504 3238015744 0 0 1073741824 34359751424 206158430208 12884901888
41 1 169 2 297 3 3489660928 4429202432 0 0 8589934592 206158447616 274877906944 17179869184 1610612736 8791296000 0 0 12884901888 68719511552 549755813888 34359738368 2952790016 12952062976 0 0 4294967296 137439005696 824633720832 51539607552
42 1 170 2 298 3 13958643712 17716809728 0 0 34359738368 824633790464 1099511627776 68719476736 6442450944 35165184000 0 0 51539607552 274878046208 2199023255552 137438953472 11811160064 51808251904 0 0 17179869184 549756022784 3298534883328 206158430208
43 1 171 2 299 3 55834574848 70867238912 0 0 137438953472 3298535161856 4398046511104 274877906944 25769803776 140660736000 0 0 206158430208 1099512184832 8796093022208 549755813888 47244640256 207233007616 0 0 68719476736 2199024091136 13194139533312 824633720832
44 1 172 2 300 3 223338299392 283468955648 0 0 549755813888 13194140647424 17592186044416 1099511627776 103079215104 562642944000 0 0 824633720832 4398048739328 35184372088832 2199023255552 188978561024 828932030464 0 0 274877906944 8796096364544 52776558133248 3298534883328
45 1 173 2 301 3 893353197568 1133875822592 0 0 2199023255552 52776562589696 70368744177664 4398046511104 412316860416 2250571776000 0 0 3298534883328 17592194957312 140737488355328 8796093022208 755914244096 3315728121856 0 0 1099511627776 35184385458176 211106232532992 13194139533312
46 1 174 2 302 3 3573412790272 4535503290368 0 0 8796093022208 211106250358784 281474976710656 17592186044416 1649267441664 9002287104000 0 0 13194139533312 70368779829248 562949953421312 35184372088832 3023656976384 13262912487424 0 0 4398046511104 140737541832704 844424930131968 52776558133248
47 1 175 2 303 3 14293651161088 18142013161472 0 0 35184372088832 844425001435136 1125899906842624 70368744177664 6597069766656 36009148416000 0 0 52776558133248 281475119316992 2251799813685248 140737488355328 12094627905536 53051649949696 0 0 17592186044416 562950167330816 3377699720527872 211106232532992
48 1 176 2 304 3 57174604644352 72568052645888 0 0 140737488355328 3377700005740544 4503599627370496 281474976710656 26388279066624 144036593664000 0 0 211106232532992 1125900477267968 9007199254740992 562949953421312 48378511622144 212206599798784 0 0 70368744177664 2251800669323264 13510798882111488 844424930131968
49 1 177 2 305 3 228698418577408 290272210583552 0 0 562949953421312 13510800022962176 18014398509481984 1125899906842624 105553116266496 576146374656000 0 0 844424930131968 4503601909071872 36028797018963968 2251799813685248 193514046488576 848826399195136 0 0 281474976710656 9007202677293056 54043195528445952 3377699720527872
50 1 178 2 306 3 914793674309632 1161088842334208 0 0 2251799813685248 54043200091848704 72057594037927936 4503599627370496 422212465065984 2304585498624000 0 0 3377699720527872 18014407636287488 144115188075855872 9007199254740992 774056185954304 3395305596780544 0 0 1125899906842624 36028810709172224 216172782113783808 13510798882111488
51 1 179 2 307 3 3659174697238528 4644355369336832 0 0 9007199254740992 216172800367394816 288230376151711744 18014398509481984 1688849860263936 9218341994496000 0 0 13510798882111488 72057630545149952 576460752303423488 36028797018963968 3096224743817216 13581222387122176 0 0 4503599627370496 144115242836688896 864691128455135232 54043195528445952
52 1 180 2 308 3 14636698788954112 18577421477347328 0 0 36028797018963968 864691201469579264 1152921504606846976 72057594037927936 6755399441055744 36873367977984000 0 0 54043195528445952 288230522180599808 2305843009213693952 144115188075855872 12384898975268864 54324889548488704 0 0 18014398509481984 576460971346755584 3458764513820540928 216172782113783808
53 1 181 2 309 3 58546795155816448 74309685909389312 0 0 144115188075855872 3458764805878317056 4611686018427387904 288230376151711744 27021597764222976 147493471911936000 0 0 216172782113783808 1152922088722399232 9223372036854775808 576460752303423488 49539595901075456 217299558193954816 0 0 72057594037927936 2305843885387022336 13835058055282163712 864691128455135232
54 1 182 2 310 3 234187180623265792 297238743637557248 0 0 576460752303423488 13835059223513268224 0 1152921504606846977 108086391056891904 589973887647744000 0 0 864691128455135232 4611688354889596928 0 2305843009213693954 198158383604301824 869198232775819264 0 0 288230376151711744 9223375541548089344 0 3458764513820540931
55 1 183 2 311 3 936748722493063168 1188954974550228992 0 0 2305843009213693952 4672924418048 3 4611686018427387908 432345564227567616 2359895550590976000 0 0 3458764513820540928 9345848836096 1 9223372036854775816 792633534417207296 3476792931103277056 0 0 1152921504606846976 14018773254144 2 13835058055282163724
56 1 184 2 312 3 3746994889972252672 4755819898200915968 0 0 9223372036854775809 18691697672192 12 16 1729382256910270464 9439582202363904000 0 0 13835058055282163714 37383395344384 4 32 3170534137668829184 13907171724413108224 0 0 4611686018427387907 56075093016576 8 48
57 1 185 2 313 3 14987979559889010688 576535519094112256 1 0 4 74766790688770 48 64 6917529027641081856 864840662036512768 2 0 8 149533581377539 16 128 12682136550675316736 288454676523778048 3 0 12 224300372066305 32 192
58 1 186 2 314 3 4611686018427387904 2306142076376449027 4 0 16 299067162755080 192 256 9223372036854775808 3459362648146051073 8 0 32 598134325510156 64 512 13835058055282163712 1153818706095112194 12 0 48 897201488265220 128 768
59 1 187 2 315 3 0 9224568305505796109 16 0 64 1196268651020320 768 1024 0 13837450592584204294 32 0 128 2392537302040624 256 2048 0 4615274824380448779 48 0 192 3588805953060880 512 3072
60 1 188 2 316 3 0 4785074604081204 66 0 256 4785074604081280 3072 4096 0 9570149208162328 131 0 512 9570149208162496 1024 8192 0 14355223812243500 193 0 768 14355223812243520 2048 12288
61 1 189 2 317 3 0 19140298416324816 264 0 1024 19140298416325120 12288 16384 0 38280596832649312 524 0 2048 38280596832649984 4096 32768 0 57420895248974000 772 0 3072 57420895248974080 8192 49152
62 1 190 2 318 3 0 76561193665299264 1056 0 4096 76561193665300480 49152 65536 0 153122387330597248 2096 0 8192 153122387330599936 16384 131072 0 229683580995896000 3088 0 12288 229683580995896320 32768 196608
63 1 191 2 319 3 0 306244774661197056 4224 0 16384 306244774661201920 196608 262144 0 612489549322388992 8384 0 32768 612489549322399744 65536 524288 0 918734323983584000 12352 0 49152 918734323983585280 131072 786432
64 1 192 2 320 3 0 1224979098644788224 16896 0 65536 1224979098644807680 786432 1048576 0 2449958197289555968 33536 0 131072 2449958197289598976 262144 2097152 0 3674937295934336000 49408 0 196608 3674937295934341120 524288 3145728
65 1 193 2 321 3 0 4899916394579152896 67584 0 262144 4899916394579230720 3145728 4194304 0 9799832789158223872 134144 0 524288 9799832789158395904 1048576 8388608 0 14699749183737344000 197632 0 786432 14699749183737364480 2097152 12582912
66 1 194 2 322 3 0 1152921504607059968 270337 0 1048576 1152921504607371264 12582913 16777216 0 2305843009213792256 536578 0 2097152 2305843009214480384 4194306 33554432 0 3458764513820721152 790531 0 3145728 3458764513820803072 8388611 50331648
67 1 195 2 323 3 0 4611686018428239872 1081348 0 4194304 4611686018429485056 50331652 67108864 0 9223372036855169024 2146312 0 8388608 9223372036857921536 16777224 134217728 0 13835058055282884608 3162124 0 12582912 13835058055283212288 33554444 201326592
68 1 196 2 324 3 0 3407872 4325393 0 16777216 8388608 201326609 268435456 0 1572864 8585250 0 33554432 12582912 67108898 536870912 0 2883584 12648499 0 50331648 4194304 134217779 805306368
69 1 197 2 325 3 0 13631488 17301572 0 67108864 33554432 805306436 1073741824 0 6291456 34341000 0 134217728 50331648 268435592 2147483648 0 11534336 50593996 0 201326592 16777216 536871116 3221225472
70 1 198 2 326 3 0 54525952 69206288 0 268435456 134217728 3221225744 4294967296 0 25165824 137364000 0 536870912 201326592 1073742368 8589934592 0 46137344 202375984 0 805306368 67108864 2147484464 12884901888
71 1 199 2 327 3 0 218103808 276825152 0 1073741824 536870912 12884902976 17179869184 0 100663296 549456000 0 2147483648 805306368 4294969472 34359738368 0 184549376 809503936 0 3221225472 268435456 8589937856 51539607552
72 1 200 2 328 3 0 872415232 1107300608 0 4294967296 2147483648 51539611904 68719476736 0 402653184 2197824000 0 8589934592 3221225472 17179877888 137438953472 0 738197504 3238015744 0 12884901888 1073741824 34359751424 206158430208
73 1 201 2 329 3 0 3489660928 4429202432 0 17179869184 8589934592 206158447616 274877906944 0 1610612736 8791296000 0 34359738368 12884901888 68719511552 549755813888 0 2952790016 12952062976 0 51539607552 4294967296 137439005696 824633720832
74 1 202 2 330 3 0 13958643712 17716809728 0 68719476736 34359738368 824633790464 1099511627776 0 6442450944 35165184000 0 137438953472 51539607552 274878046208 2199023255552 0 11811160064 51808251904 0 206158430208 17179869184 549756022784 3298534883328
75 1 203 2 331 3 0 55834574848 70867238912 0 274877906944 137438953472 3298535161856 4398046511104 0 25769803776 140660736000 0 549755813888 206158430208 1099512184832 8796093022208 0 47244640256 207233007616 0 824633720832 68719476736 2199024091136 13194139533312
76 1 204 2 332 3 0 223338299392 283468955648 0 1099511627776 549755813888 13194140647424 17592186044416 0 103079215104 562642944000 0 2199023255552 824633720832 4398048739328 35184372088832 0 188978561024 828932030464 0 3298534883328 274877906944 8796096364544 52776558133248
77 1 205 2 333 3 0 893353197568 1133875822592 0 4398046511104 2199023255552 52776562589696 70368744177664 0 412316860416 2250571776000 0 8796093022208 3298534883328 17592194957312 140737488355328 0 755914244096 3315728121856 0 13194139533312 1099511627776 35184385458176 211106232532992
78 1 206 2 334 3 0 3573412790272 4535503290368 0 17592186044416 8796093022208 211106250358784 281474976710656 0 1649267441664 9002287104000 0 35184372088832 13194139533312 70368779829248 562949953421312 0 3023656976384 13262912487424 0 52776558133248 4398046511104 140737541832704 844424930131968
79 1 207 2 335 3 0 14293651161088 18142013161472 0 70368744177664 35184372088832 844425001435136 1125899906842624 0 6597069766656 36009148416000 0 140737488355328 52776558133248 281475119316992 2251799813685248 0 12094627905536 53051649949696 0 211106232532992 17592186044416 562950167330816 3377699720527872
80 1 208 2 336 3 0 57174604644352 72568052645888 0 281474976710656 140737488355328 3377700005740544 4503599627370496 0 26388279066624 144036593664000 0 562949953421312 211106232532992 1125900477267968 9007199254740992 0 48378511622144 212206599798784 0 844424930131968 70368744177664 2251800669323264 13510798882111488
81 1 209 2 337 3 0 228698418577408 290272210583552 0 1125899906842624 562949953421312 13510800022962176 18014398509481984 0 105553116266496 576146374656000 0 2251799813685248 844424930131968 4503601909071872 36028797018963968 0 193514046488576 848826399195136 0 3377699720527872 281474976710656 9007202677293056 54043195528445952
82 1 210 2 338 3 0 914793674309632 1161088842334208 0 4503599627370496 2251799813685248 54043200091848704 72057594037927936 0 422212465065984 2304585498624000 0 9007199254740992 3377699720527872 18014407636287488 144115188075855872 0 774056185954304 3395305596780544 0 13510798882111488 1125899906842624 36028810709172224 216172782113783808
83 1 211 2 339 3 0 3659174697238528 4644355369336832 0 18014398509481984 9007199254740992 216172800367394816 288230376151711744 0 1688849860263936 9218341994496000 0 36028797018963968 13510798882111488 72057630545149952 576460752303423488 0 3096224743817216 13581222387122176 0 54043195528445952 4503599627370496 144115242836688896 864691128455135232
84 1 212 2 340 3 0 14636698788954112 18577421477347328 0 72057594037927936 36028797018963968 864691201469579264 1152921504606846976 0 6755399441055744 36873367977984000 0 144115188075855872 54043195528445952 288230522180599808 2305843009213693952 0 12384898975268864 54324889548488704 0 216172782113783808 18014398509481984 576460971346755584 3458764513820540928
85 1 213 2 341 3 0 58546795155816448 74309685909389312 0 288230376151711744 144115188075855872 3458764805878317056 4611686018427387904 0 27021597764222976 147493471911936000 0 576460752303423488 216172782113783808 1152922088722399232 9223372036854775808 0 49539595901075456 217299558193954816 0 864691128455135232 72057594037927936 2305843885387022336 13835058055282163712
86 1 214 2 342 3 0 234187180623265792 297238743637557248 0 1152921504606846977 576460752303423488 13835059223513268224 0 0 108086391056891904 589973887647744000 0 2305843009213693954 864691128455135232 4611688354889596928 0 0 198158383604301824 869198232775819264 0 3458764513820540931 288230376151711744 9223375541548089344 0
87 1 215 2 343 3 0 936748722493063168 1188954974550228992 0 4611686018427387908 2305843009213693952 4672924418048 3 0 432345564227567616 2359895550590976000 0 9223372036854775816 3458764513820540928 9345848836096 1 0 792633534417207296 3476792931103277056 0 13835058055282163724 1152921504606846976 14018773254144 2
88 1 216 2 344 3 0 3746994889972252672 4755819898200915968 0 16 9223372036854775809 18691697672192 12 0 1729382256910270464 9439582202363904000 0 32 13835058055282163714 37383395344384 4 0 3170534137668829184 13907171724413108224 0 48 4611686018427387907 56075093016576 8
89 1 217 2 345 3 0 14987979559889010688 576535519094112256 1 64 4 74766790688770 48 0 6917529027641081856 864840662036512768 2 128 8 149533581377539 16 0 12682136550675316736 288454676523778048 3 192 12 224300372066305 32
90 1 218 2 346 3 0 4611686018427387904 2306142076376449027 4 256 16 299067162755080 192 0 9223372036854775808 3459362648146051073 8 512 32 598134325510156 64 0 13835058055282163712 1153818706095112194 12 768 48 897201488265220 128
91 1 219 2 347 3 0 0 9224568305505796109 16 1024 64 1196268651020320 768 0 0 13837450592584204294 32 2048 128 2392537302040624 256 0 0 4615274824380448779 48 3072 192 3588805953060880 512
92 1 220 2 348 3 0 0 4785074604081204 66 4096 256 4785074604081280 3072 0 0 9570149208162328 131 8192 512 9570149208162496 1024 0 0 14355223812243500 193 12288 768 14355223812243520 2048
93 1 221 2 349 3 0 0 19140298416324816 264 16384 1024 19140298416325120 12288 0 0 38280596832649312 524 32768 2048 38280596832649984 4096 0 0 57420895248974000 772 49152 3072 57420895248974080 8192
94 1 222 2 350 3 0 0 76561193665299264 1056 65536 4096 76561193665300480 49152 0 0 153122387330597248 2096 131072 8192 153122387330599936 16384 0 0 229683580995896000 3088 196608 12288 229683580995896320 32768
95 1 223 2 351 3 0 0 306244774661197056 4224 262144 16384 306244774661201920 196608 0 0 612489549322388992 8384 524288 32768 612489549322399744 65536 0 0 918734323983584000 12352 786432 49152 918734323983585280 131072
96 1 224 2 352 3 0 0 1224979098644788224 16896 1048576 65536 1224979098644807680 786432 0 0 2449958197289555968 33536 2097152 131072 2449958197289598976 262144 0 0 3674937295934336000 49408 3145728 196608 3674937295934341120 524288
97 1 225 2 353 3 0 0 4899916394579152896 67584 4194304 262144 4899916394579230720 3145728 0 0 9799832789158223872 134144 8388608 524288 9799832789158395904 1048576 0 0 14699749183737344000 197632 12582912 786432 14699749183737364480 2097152
98 1 226 2 354 3 0 0 1152921504607059968 270337 16777216 1048576 1152921504607371264 12582913 0 0 2305843009213792256 536578 33554432 2097152 2305843009214480384 4194306 0 0 3458764513820721152 790531 50331648 3145728 3458764513820803072 8388611
99 1 227 2 355 3 0 0 4611686018428239872 1081348 67108864 4194304 4611686018429485056 50331652 0 0 9223372036855169024 2146312 134217728 8388608 9223372036857921536 16777224 0 0 13835058055282884608 3162124 201326592 12582912 13835058055283212288 33554444
100 1 228 2 356 3 0 0 3407872 4325393 268435456 16777216 8388608 201326609 0 0 1572864 8585250 536870912 33554432 12582912 67108898 0 0 2883584 12648499 805306368 50331648 4194304 134217779
101 1 229 2 357 3 0 0 13631488 17301572 1073741824 67108864 33554432 805306436 0 0 6291456 34341000 2147483648 134217728 50331648 268435592 0 0 11534336 50593996 3221225472 201326592 16777216 536871116
102 1 230 2 358 3 0 0 54525952 69206288 4294967296 268435456 134217728 3221225744 0 0 25165824 137364000 8589934592 536870912 201326592 1073742368 0 0 46137344 202375984 12884901888 805306368 67108864 2147484464
103 1 231 2 359 3 0 0 218103808 276825152 17179869184 1073741824 536870912 12884902976 0 0 100663296 549456000 34359738368 2147483648 805306368 4294969472 0 0 184549376 809503936 51539607552 3221225472 268435456 8589937856
104 1 232 2 360 3 0 0 872415232 1107300608 68719476736 4294967296 2147483648 51539611904 0 0 402653184 2197824000 137438953472 8589934592 3221225472 17179877888 0 0 738197504 3238015744 206158430208 12884901888 1073741824 34359751424
105 1 233 2 361 3 0 0 3489660928 4429202432 274877906944 17179869184 8589934592 206158447616 0 0 1610612736 8791296000 549755813888 34359738368 12884901888 68719511552 0 0 2952790016 12952062976 824633720832 51539607552 4294967296 137439005696
106 1 234 2 362 3 0 0 13958643712 17716809728 1099511627776 68719476736 34359738368 824633790464 0 0 6442450944 35165184000 2199023255552 137438953472 51539607552 274878046208 0 0 11811160064 51808251904 3298534883328 206158430208 17179869184 549756022784
107 1 235 2 363 3 0 0 55834574848 70867238912 4398046511104 274877906944 137438953472 3298535161856 0 0 25769803776 140660736000 8796093022208 549755813888 206158430208 1099512184832 0 0 47244640256 207233007616 13194139533312 824633720832 68719476736 2199024091136
108 1 236 2 364 3 0 0 223338299392 283468955648 17592186044416 1099511627776 549755813888 13194140647424 0 0 103079215104 562642944000 35184372088832 2199023255552 824633720832 4398048739328 0 0 188978561024 828932030464 52776558133248 3298534883328 274877906944 8796096364544
109 1 237 2 365 3 0 0 893353197568 1133875822592 70368744177664 4398046511104 2199023255552 52776562589696 0 0 412316860416 2250571776000 140737488355328 8796093022208 3298534883328 17592194957312 0 0 755914244096 3315728121856 211106232532992 13194139533312 1099511627776 35184385458176
110 1 238 2 366 3 0 0 3573412790272 4535503290368 281474976710656 17592186044416 8796093022208 211106250358784 0 0 1649267441664 9002287104000 562949953421312 35184372088832 13194139533312 70368779829248 0 0 3023656976384 13262912487424 844424930131968 52776558133248 4398046511104 140737541832704
111 1 239 2 367 3 0 0 14293651161088 18142013161472 1125899906842624 70368744177664 35184372088832 844425001435136 0 0 6597069766656 36009148416000 2251799813685248 140737488355328 52776558133248 281475119316992 0 0 12094627905536 53051649949696 3377699720527872 211106232532992 17592186044416 562950167330816
112 1 240 2 368 3 0 0 57174604644352 72568052645888 4503599627370496 281474976710656 140737488355328 3377700005740544 0 0 26388279066624 144036593664000 9007199254740992 562949953421312 211106232532992 1125900477267968 0 0 48378511622144 212206599798784 13510798882111488 844424930131968 70368744177664 2251800669323264
113 1 241 2 369 3 0 0 228698418577408 290272210583552 18014398509481984 1125899906842624 562949953421312 13510800022962176 0 0 105553116266496 576146374656000 36028797018963968 2251799813685248 844424930131968 4503601909071872 0 0 193514046488576 848826399195136 54043195528445952 3377699720527872 281474976710656 9007202677293056
114 1 242 2 370 3 0 0 914793674309632 1161088842334208 72057594037927936 4503599627370496 2251799813685248 54043200091848704 0 0 422212465065984 2304585498624000 144115188075855872 9007199254740992 3377699720527872 18014407636287488 0 0 774056185954304 3395305596780544 216172782113783808 13510798882111488 1125899906842624 36028810709172224
115 1 243 2 371 3 0 0 3659174697238528 4644355369336832 288230376151711744 18014398509481984 9007199254740992 216172800367394816 0 0 1688849860263936 9218341994496000 576460752303423488 36028797018963968 13510798882111488 72057630545149952 0 0 3096224743817216 13581222387122176 864691128455135232 54043195528445952 4503599627370496 144115242836688896
116 1 244 2 372 3 0 0 14636698788954112 18577421477347328 1152921504606846976 72057594037927936 36028797018963968 864691201469579264 0 0 6755399441055744 36873367977984000 2305843009213693952 144115188075855872 54043195528445952 288230522180599808 0 0 12384898975268864 54324889548488704 3458764513820540928 216172782113783808 18014398509481984 576460971346755584
117 1 245 2 373 3 0 0 58546795155816448 74309685909389312 4611686018427387904 288230376151711744 144115188075855872 3458764805878317056 0 0 27021597764222976 147493471911936000 9223372036854775808 576460752303423488 216172782113783808 1152922088722399232 0 0 49539595901075456 217299558193954816 13835058055282163712 864691128455135232 72057594037927936 2305843885387022336
118 1 246 2 374 3 0 0 234187180623265792 297238743637557248 0 1152921504606846977 576460752303423488 13835059223513268224 0 0 108086391056891904 589973887647744000 0 2305843009213693954 864691128455135232 4611688354889596928 0 0 198158383604301824 869198232775819264 0 3458764513820540931 288230376151711744 9223375541548089344
119 1 247 2 375 3 0 0 936748722493063168 1188954974550228992 3 4611686018427387908 2305843009213693952 4672924418048 0 0 432345564227567616 2359895550590976000 1 9223372036854775816 3458764513820540928 9345848836096 0 0 792633534417207296 3476792931103277056 2 13835058055282163724 1152921504606846976 14018773254144
120 1 248 2 376 3 0 0 3746994889972252672 4755819898200915968 12 16 9223372036854775809 18691697672192 0 0 1729382256910270464 9439582202363904000 4 32 13835058055282163714 37383395344384 0 0 3170534137668829184 13907171724413108224 8 48 4611686018427387907 56075093016576
121 1 249 2 377 3 1 0 14987979559889010688 576535519094112256 48 64 4 74766790688770 2 0 6917529027641081856 864840662036512768 16 128 8 149533581377539 3 0 12682136550675316736 288454676523778048 32 192 12 224300372066305
122 1 250 2 378 3 4 0 4611686018427387904 2306142076376449027 192 256 16 299067162755080 8 0 9223372036854775808 3459362648146051073 64 512 32 598134325510156 12 0 13835058055282163712 1153818706095112194 128 768 48 897201488265220
123 1 251 2 379 3 16 0 0 9224568305505796109 768 1024 64 1196268651020320 32 0 0 13837450592584204294 256 2048 128 2392537302040624 48 0 0 4615274824380448779 512 3072 192 3588805953060880
124 1 252 2 380 3 66 0 0 4785074604081204 3072 4096 256 4785074604081280 131 0 0 9570149208162328 1024 8192 512 9570149208162496 193 0 0 14355223812243500 2048 12288 768 14355223812243520
125 1 253 2 381 3 264 0 0 19140298416324816 12288 16384 1024 19140298416325120 524 0 0 38280596832649312 4096 32768 2048 38280596832649984 772 0 0 57420895248974000 8192 49152 3072 57420895248974080
126 1 254 2 382 3 1056 0 0 76561193665299264 49152 65536 4096 76561193665300480 2096 0 0 153122387330597248 16384 131072 8192 153122387330599936 3088 0 0 229683580995896000 32768 196608 12288 229683580995896320
127 1 255 2 383 3 4224 0 0 306244774661197056 196608 262144 16384 306244774661201920 8384 0 0 612489549322388992 65536 524288 32768 612489549322399744 12352 0 0 918734323983584000 131072 786432 49152 918734323983585280
84 3 233 1 288 1 2048 0 54043195528445952 144115188075867200 524288 131072 54043195528646656 144115188075855872 3072 0 18014398509481984 216172782113797248 786432 196608 18014398509555712 216172782113783808 1024 0 36028797018963968 72057594037934272 262144 65536 36028797019107328 72057594037927936
85 3 234 1 289 1 8192 0 216172782113783808 576460752303468800 2097152 524288 216172782114586624 576460752303423488 12288 0 72057594037927936 864691128455188992 3145728 786432 72057594038222848 864691128455135232 4096 0 144115188075855872 288230376151737088 1048576 262144 144115188076429312 288230376151711744
86 3 235 1 290 1 32768 0 864691128455135232 2305843009213875200 8388608 2097152 864691128458346496 2305843009213693952 49152 0 288230376151711744 3458764513820755968 12582912 3145728 288230376152891392 3458764513820540928 16384 0 576460752303423488 1152921504606948352 4194304 1048576 576460752305717248 1152921504606846976
87 3 236 1 291 1 131072 0 3458764513820540928 9223372036855500800 33554432 8388608 3458764513833385984 9223372036854775808 196608 0 1152921504606846976 13835058055283023872 50331648 12582912 1152921504611565568 13835058055282163712 65536 0 2305843009213693952 4611686018427793408 16777216 4194304 2305843009222868992 4611686018427387904
88 3 237 1 292 1 524290 0 13835058055282163712 2899968 134217730 33554432 13835058055333543936 0 786435 0 4611686018427387904 3440640 201326595 50331648 4611686018446262272 0 262145 0 9223372036854775808 1622016 67108865 16777216 9223372036891475968 0
89 3 238 1 293 1 2097160 0 0 11599875 536870920 134217728 205520896 3 3145740 0 0 13762561 805306380 201326592 75497472 1 1048580 0 0 6488066 268435460 67108864 146800640 2
90 3 239 1 294 1 8388640 0 0 46399500 2147483680 536870912 822083584 12 12582960 0 0 55050244 3221225520 805306368 301989888 4 4194320 0 0 25952264 1073741840 268435456 587202560 8
91 3 240 1 295 1 33554560 0 0 185598000 8589934720 2147483648 3288334336 48 50331840 0 0 220200976 12884902080 3221225472 1207959552 16 16777280 0 0 103809056 4294967360 1073741824 2348810240 32
92 3 241 1 296 1 134218240 0 0 742392000 34359738880 8589934592 13153337344 192 201327360 0 0 880803904 51539608320 12884901888 4831838208 64 67109120 0 0 415236224 17179869440 4294967296 9395240960 128
93 3 242 1 297 1 536872960 0 0 2969568000 137438955520 34359738368 52613349376 768 805309440 0 0 3523215616 206158433280 51539607552 19327352832 256 268436480 0 0 1660944896 68719477760 17179869184 37580963840 512
94 3 243 1 298 1 2147491840 0 0 11878272000 549755822080 137438953472 210453397504 3072 3221237760 0 0 14092862464 824633733120 206158430208 77309411328 1024 1073745920 0 0 6643779584 274877911040 68719476736 150323855360 2048
95 3 244 1 299 1 8589967360 0 0 47513088000 2199023288320 549755813888 841813590016 12288 12884951040 0 0 56371449856 3298534932480 824633720832 309237645312 4096 4294983680 0 0 26575118336 1099511644160 274877906944 601295421440 8192
96 3 245 1 300 1 34359869440 0 0 190052352000 8796093153280 2199023255552 3367254360064 49152 51539804160 0 0 225485799424 13194139729920 3298534883328 1236950581248 16384 17179934720 0 0 106300473344 4398046576640 1099511627776 2405181685760 32768
97 3 246 1 301 1 137439477760 0 0 760209408000 35184372613120 8796093022208 13469017440256 196608 206159216640 0 0 901943197696 52776558919680 13194139533312 4947802324992 65536 68719738880 0 0 425201893376 17592186306560 4398046511104 9620726743040 131072
98 3 247 1 302 1 549757911040 0 0 3040837632000 140737490452480 35184372088832 53876069761024 786432 824636866560 0 0 3607772790784 211106235678720 52776558133248 19791209299968 262144 274878955520 0 0 1700807573504 70368745226240 17592186044416 38482906972160 524288
99 3 248 1 303 1 2199031644160 0 0 12163350528000 562949961809920 140737488355328 215504279044096 3145728 3298547466240 0 0 14431091163136 844424942714880 211106232532992 79164837199872 1048576 1099515822080 0 0 6803230294016 281474980904960 70368744177664 153931627888640 2097152
100 3 249 1 304 1 8796126576640 0 0 48653402112000 2251799847239680 562949953421312 862017116176384 12582912 13194189864960 0 0 57724364652544 3377699770859520 844424930131968 316659348799488 4194304 4398063288320 0 0 27212921176064 1125899923619840 281474976710656 615726511554560 8388608
101 3 250 1 305 1 35184506306560 0 0 194613608448000 9007199388958720 2251799813685248 3448068464705536 50331648 52776759459840 0 0 230897458610176 13510799083438080 3377699720527872 1266637395197952 16777216 17592253153280 0 0 108851684704256 4503599694479360 1125899906842624 2462906046218240 33554432
102 3 251 1 306 1 140738025226240 0 0 778454433792000 36028797555834880 9007199254740992 13792273858822144 201326592 211107037839360 0 0 923589834440704 54043196333752320 13510798882111488 5066549580791808 67108864 70369012613120 0 0 435406738817024 18014398777917440 4503599627370496 9851624184872960 134217728
103 3 252 1 307 1 562952100904960 0 0 3113817735168000 144115190223339520 36028797018963968 55169095435288576 805306368 844428151357440 0 0 3694359337762816 216172785335009280 54043195528445952 20266198323167232 268435456 281476050452480 0 0 1741626955268096 72057595111669760 18014398509481984 39406496739491840 536870912
104 3 253 1 308 1 2251808403619840 0 0 12455270940672000 576460760893358080 144115188075855872 220676381741154304 3221225472 3377712605429760 0 0 14777437351051264 864691141340037120 216172782113783808 81064793292668928 1073741824 1125904201809920 0 0 6966507821072384 288230380446679040 72057594037927936 157625986957967360 2147483648
105 3 254 1 309 1 9007233614479360 0 0 49821083762688000 2305843043573432320 576460752303423488 882705526964617216 12884901888 13510850421719040 0 0 59109749404205056 3458764565360148480 864691128455135232 324259173170675712 4294967296 4503616807239680 0 0 27866031284289536 1152921521786716160 288230376151711744 630503947831869440 8589934592
106 3 255 1 310 1 36028934457917440 0 0 199284335050752000 9223372174293729280 2305843009213693952 3530822107858468864 51539607552 54043401686876160 0 0 236438997616820224 13835058261440593920 3458764513820540928 1297036692682702848 17179869184 18014467228958720 0 0 111464125137158144 4611686087146864640 1152921504606846976 2522015791327477760 34359738368
107 3 128 1 311 1 144115737831669760 0 0 797137340203008000 549755813888 9223372036854775810 14123288431433875456 206158430208 216173606747504640 0 0 945755990467280896 824633720832 13835058055282163715 5188146770730811392 68719476736 72057868915834880 0 0 445856500548632576 274877906944 4611686018427387905 10088063165309911040 137438953472
108 3 129 1 312 1 576462951326679040 0 0 3188549360812032000 2199023255552 8 1152921504606846978 824633720835 864694426990018560 0 0 3783023961869123584 3298534883328 12 2305843009213693955 274877906945 288231475663339520 0 0 1783426002194530304 1099511627776 4 3458764513820540929 549755813890
109 3 130 1 313 1 2305851805306716160 0 0 12754197443248128000 8796093022208 32 4611686018427387912 3298534883340 3458777707960074240 0 0 15132095847476494336 13194139533312 48 9223372036854775820 1099511627780 1152925902653358080 0 0 7133704008778121216 4398046511104 16 13835058055282163716 2199023255560
110 3 131 1 314 1 9223407221226864642 0 0 14123301625573408768 35184372088832 128 32 13194139533361 13835110831840296963 0 0 5188151168777322496 52776558133248 192 48 4398046511122 4611703610613432321 0 0 10088071961402933248 17592186044416 64 16 8796093022243
111 3 132 1 315 1 140737488355339 2 0 1152974281164980224 140737488355328 512 128 52776558133444 211106232533005 3 0 2305860601399738368 211106232532992 768 192 17592186044488 70368744177670 1 0 3458799698192629760 70368744177664 256 64 35184372088972
112 3 133 1 316 1 562949953421356 8 0 4611897124659920896 562949953421312 2048 512 211106232533776 844424930132020 12 0 9223442405598953472 844424930131968 3072 768 70368744177952 281474976710680 4 0 13835198792770519040 281474976710656 1024 256 140737488355888
113 3 134 1 317 1 2251799813685425 32 0 844424930131968 2251799813685248 8192 2048 844424930135104 3377699720528082 48 0 281474976710656 3377699720527872 12288 3072 281474976711808 1125899906842723 16 0 562949953421312 1125899906842624 4096 1024 562949953423552
114 3 135 1 318 1 9007199254741700 128 0 3377699720527872 9007199254740992 32768 8192 3377699720540416 13510798882112328 192 0 1125899906842624 13510798882111488 49152 12288 1125899906847232 4503599627370892 64 0 2251799813685248 4503599627370496 16384 4096 2251799813694208
115 3 136 1 319 1 36028797018966800 512 0 13510798882111488 36028797018963968 131072 32768 13510798882161664 54043195528449312 768 0 4503599627370496 54043195528445952 196608 49152 4503599627388928 18014398509483568 256 0 9007199254740992 18014398509481984 65536 16384 9007199254776832
116 3 137 1 320 1 144115188075867200 2048 0 54043195528445952 144115188075855872 524288 131072 54043195528646656 216172782113797248 3072 0 18014398509481984 216172782113783808 786432 196608 18014398509555712 72057594037934272 1024 0 36028797018963968 72057594037927936 262144 65536 36028797019107328
117 3 138 1 321 1 576460752303468800 8192 0 216172782113783808 576460752303423488 2097152 524288 216172782114586624 864691128455188992 12288 0 72057594037927936 864691128455135232 3145728 786432 72057594038222848 288230376151737088 4096 0 144115188075855872 288230376151711744 1048576 262144 144115188076429312
118 3 139 1 322 1 2305843009213875200 32768 0 864691128455135232 2305843009213693952 8388608 2097152 864691128458346496 3458764513820755968 49152 0 288230376151711744 3458764513820540928 12582912 3145728 288230376152891392 1152921504606948352 16384 0 576460752303423488 1152921504606846976 4194304 1048576 576460752305717248
119 3 140 1 323 1 9223372036855500800 131072 0 3458764513820540928 9223372036854775808 33554432 8388608 3458764513833385984 13835058055283023872 196608 0 1152921504606846976 13835058055282163712 50331648 12582912 1152921504611565568 4611686018427793408 65536 0 2305843009213693952 4611686018427387904 16777216 4194304 2305843009222868992
120 3 141 1 324 1 2899968 524290 0 13835058055282163712 0 134217730 33554432 13835058055333543936 3440640 786435 0 4611686018427387904 0 201326595 50331648 4611686018446262272 1622016 262145 0 9223372036854775808 0 67108865 16777216 9223372036891475968
121 3 142 1 325 1 11599875 2097160 0 0 3 536870920 134217728 205520896 13762561 3145740 0 0 1 805306380 201326592 75497472 6488066 1048580 0 0 2 268435460 67108864 146800640
122 3 143 1 326 1 46399500 8388640 0 0 12 2147483680 536870912 822083584 55050244 12582960 0 0 4 3221225520 805306368 301989888 25952264 4194320 0 0 8 1073741840 268435456 587202560
123 3 144 1 327 1 185598000 33554560 0 0 48 8589934720 2147483648 3288334336 220200976 50331840 0 0 16 12884902080 3221225472 1207959552 103809056 16777280 0 0 32 4294967360 1073741824 2348810240
124 3 145 1 328 1 742392000 134218240 0 0 192 34359738880 8589934592 13153337344 880803904 201327360 0 0 64 51539608320 12884901888 4831838208 415236224 67109120 0 0 128 17179869440 4294967296 9395240960
125 3 146 1 329 1 2969568000 536872960 0 0 768 137438955520 34359738368 52613349376 3523215616 805309440 0 0 256 206158433280 51539607552 19327352832 1660944896 268436480 0 0 512 68719477760 17179869184 37580963840
126 3 147 1 330 1 11878272000 2147491840 0 0 3072 549755822080 137438953472 210453397504 14092862464 3221237760 0 0 1024 824633733120 206158430208 77309411328 6643779584 1073745920 0 0 2048 274877911040 68719476736 150323855360
127 3 148 1 331 1 47513088000 8589967360 0 0 12288 2199023288320 549755813888 841813590016 56371449856 12884951040 0 0 4096 3298534932480 824633720832 309237645312 26575118336 4294983680 0 0 8192 1099511644160 274877906944 601295421440
0 3 149 1 332 1 190052352000 34359869440 0 0 49152 8796093153280 2199023255552 3367254360064 225485799424 51539804160 0 0 16384 13194139729920 3298534883328 1236950581248 106300473344 17179934720 0 0 32768 4398046576640 1099511627776 2405181685760
1 3 150 1 333 1 760209408000 137439477760 0 0 196608 35184372613120 8796093022208 13469017440256 901943197696 206159216640 0 0 65536 52776558919680 13194139533312 4947802324992 425201893376 68719738880 0 0 131072 17592186306560 4398046511104 9620726743040
2 3 151 1 334 1 3040837632000 549757911040 0 0 786432 140737490452480 35184372088832 53876069761024 3607772790784 824636866560 0 0 262144 211106235678720 52776558133248 19791209299968 1700807573504 274878955520 0 0 524288 70368745226240 17592186044416 38482906972160
3 3 152 1 335 1 12163350528000 2199031644160 0 0 3145728 562949961809920 140737488355328 215504279044096 14431091163136 3298547466240 0 0 1048576 844424942714880 211106232532992 79164837199872 6803230294016 1099515822080 0 0 2097152 281474980904960 70368744177664 153931627888640
4 3 153 1 336 1 48653402112000 8796126576640 0 0 12582912 2251799847239680 562949953421312 862017116176384 57724364652544 13194189864960 0 0 4194304 3377699770859520 844424930131968 316659348799488 27212921176064 4398063288320 0 0 8388608 1125899923619840 281474976710656 615726511554560
5 3 154 1 337 1 194613608448000 35184506306560 0 0 50331648 9007199388958720 2251799813685248 3448068464705536 230897458610176 52776759459840 0 0 16777216 13510799083438080 3377699720527872 1266637395197952 108851684704256 17592253153280 0 0 33554432 4503599694479360 1125899906842624 2462906046218240
6 3 155 1 338 1 778454433792000 140738025226240 0 0 201326592 36028797555834880 9007199254740992 13792273858822144 923589834440704 211107037839360 0 0 67108864 54043196333752320 13510798882111488 5066549580791808 435406738817024 70369012613120 0 0 134217728 18014398777917440 4503599627370496 9851624184872960
7 3 156 1 339 1 3113817735168000 562952100904960 0 0 805306368 144115190223339520 36028797018963968 55169095435288576 3694359337762816 844428151357440 0 0 268435456 216172785335009280 54043195528445952 20266198323167232 1741626955268096 281476050452480 0 0 536870912 72057595111669760 18014398509481984 39406496739491840
8 3 157 1 340 1 12455270940672000 2251808403619840 0 0 3221225472 576460760893358080 144115188075855872 220676381741154304 14777437351051264 3377712605429760 0 0 1073741824 864691141340037120 216172782113783808 81064793292668928 6966507821072384 1125904201809920 0 0 2147483648 288230380446679040 72057594037927936 157625986957967360
9 3 158 1 341 1 49821083762688000 9007233614479360 0 0 12884901888 2305843043573432320 576460752303423488 882705526964617216 59109749404205056 13510850421719040 0 0 4294967296 3458764565360148480 864691128455135232 324259173170675712 27866031284289536 4503616807239680 0 0 8589934592 1152921521786716160 288230376151711744 630503947831869440
10 3 159 1 342 1 199284335050752000 36028934457917440 0 0 51539607552 9223372174293729280 2305843009213693952 3530822107858468864 236438997616820224 54043401686876160 0 0 17179869184 13835058261440593920 3458764513820540928 1297036692682702848 111464125137158144 18014467228958720 0 0 34359738368 4611686087146864640 1152921504606846976 2522015791327477760
11 3 160 1 343 1 797137340203008000 144115737831669760 0 0 206158430208 549755813888 9223372036854775810 14123288431433875456 945755990467280896 216173606747504640 0 0 68719476736 824633720832 13835058055282163715 5188146770730811392 445856500548632576 72057868915834880 0 0 137438953472 274877906944 4611686018427387905 10088063165309911040
12 3 161 1 344 1 3188549360812032000 576462951326679040 0 0 824633720835 2199023255552 8 1152921504606846978 3783023961869123584 864694426990018560 0 0 274877906945 3298534883328 12 2305843009213693955 1783426002194530304 288231475663339520 0 0 549755813890 1099511627776 4 3458764513820540929
13 3 162 1 345 1 12754197443248128000 2305851805306716160 0 0 3298534883340 8796093022208 32 4611686018427387912 15132095847476494336 3458777707960074240 0 0 1099511627780 13194139533312 48 9223372036854775820 7133704008778121216 1152925902653358080 0 0 2199023255560 4398046511104 16 13835058055282163716
14 3 163 1 346 1 14123301625573408768 9223407221226864642 0 0 13194139533361 35184372088832 128 32 5188151168777322496 13835110831840296963 0 0 4398046511122 52776558133248 192 48 10088071961402933248 4611703610613432321 0 0 8796093022243 17592186044416 64 16
15 3 164 1 347 1 1152974281164980224 140737488355339 2 0 52776558133444 140737488355328 512 128 2305860601399738368 211106232533005 3 0 17592186044488 211106232532992 768 192 3458799698192629760 70368744177670 1 0 35184372088972 70368744177664 256 64
16 3 165 1 348 1 4611897124659920896 562949953421356 8 0 211106232533776 562949953421312 2048 512 9223442405598953472 844424930132020 12 0 70368744177952 844424930131968 3072 768 13835198792770519040 281474976710680 4 0 140737488355888 281474976710656 1024 256
17 3 166 1 349 1 844424930131968 2251799813685425 32 0 844424930135104 2251799813685248 8192 2048 281474976710656 3377699720528082 48 0 281474976711808 3377699720527872 12288 3072 562949953421312 1125899906842723 16 0 562949953423552 1125899906842624 4096 1024
18 3 167 1 350 1 3377699720527872 9007199254741700 128 0 3377699720540416 9007199254740992 32768 8192 1125899906842624 13510798882112328 192 0 1125899906847232 13510798882111488 49152 12288 2251799813685248 4503599627370892 64 0 2251799813694208 4503599627370496 16384 4096
19 3 168 1 351 1 13510798882111488 36028797018966800 512 0 13510798882161664 36028797018963968 131072 32768 4503599627370496 54043195528449312 768 0 4503599627388928 54043195528445952 196608 49152 9007199254740992 18014398509483568 256 0 9007199254776832 18014398509481984 65536 16384
20 3 169 1 352 1 54043195528445952 144115188075867200 2048 0 54043195528646656 144115188075855872 524288 131072 18014398509481984 216172782113797248 3072 0 18014398509555712 216172782113783808 786432 196608 36028797018963968 72057594037934272 1024 0 36028797019107328 72057594037927936 262144 65536
21 3 170 1 353 1 216172782113783808 576460752303468800 8192 0 216172782114586624 576460752303423488 2097152 524288 72057594037927936 864691128455188992 12288 0 72057594038222848 864691128455135232 3145728 786432 144115188075855872 288230376151737088 4096 0 144115188076429312 288230376151711744 1048576 262144
22 3 171 1 354 1 864691128455135232 2305843009213875200 32768 0 864691128458346496 2305843009213693952 8388608 2097152 288230376151711744 3458764513820755968 49152 0 288230376152891392 3458764513820540928 12582912 3145728 576460752303423488 1152921504606948352 16384 0 576460752305717248 1152921504606846976 4194304 1048576
23 3 172 1 355 1 3458764513820540928 9223372036855500800 131072 0 3458764513833385984 9223372036854775808 33554432 8388608 1152921504606846976 13835058055283023872 196608 0 1152921504611565568 13835058055282163712 50331648 12582912 2305843009213693952 4611686018427793408 65536 0 2305843009222868992 4611686018427387904 16777216 4194304
24 3 173 1 356 1 13835058055282163712 2899968 524290 0 13835058055333543936 0 134217730 33554432 4611686018427387904 3440640 786435 0 4611686018446262272 0 201326595 50331648 9223372036854775808 1622016 262145 0 9223372036891475968 0 67108865 16777216
25 3 174 1 357 1 0 11599875 2097160 0 205520896 3 536870920 134217728 0 13762561 3145740 0 75497472 1 805306380 201326592 0 6488066 1048580 0 146800640 2 268435460 67108864
26 3 175 1 358 1 0 46399500 8388640 0 822083584 12 2147483680 536870912 0 55050244 12582960 0 301989888 4 3221225520 805306368 0 25952264 4194320 0 587202560 8 1073741840 268435456
27 3 176 1 359 1 0 185598000 33554560 0 3288334336 48 8589934720 2147483648 0 220200976 50331840 0 1207959552 16 12884902080 3221225472 0 103809056 16777280 0 2348810240 32 4294967360 1073741824
28 3 177 1 360 1 0 742392000 134218240 0 13153337344 192 34359738880 8589934592 0 880803904 201327360 0 4831838208 64 51539608320 12884901888 0 415236224 67109120 0 9395240960 128 17179869440 4294967296
29 3 178 1 361 1 0 2969568000 536872960 0 52613349376 768 137438955520 34359738368 0 3523215616 805309440 0 19327352832 256 206158433280 51539607552 0 1660944896 268436480 0 37580963840 512 68719477760 17179869184
30 3 179 1 362 1 0 11878272000 2147491840 0 210453397504 3072 549755822080 137438953472 0 14092862464 3221237760 0 77309411328 1024 824633733120 206158430208 0 6643779584 1073745920 0 150323855360 2048 274877911040 68719476736
31 3 180 1 363 1 0 47513088000 8589967360 0 841813590016 12288 2199023288320 549755813888 0 56371449856 12884951040 0 309237645312 4096 3298534932480 824633720832 0 26575118336 4294983680 0 601295421440 8192 1099511644160 274877906944
32 3 181 1 364 1 0 190052352000 34359869440 0 3367254360064 49152 8796093153280 2199023255552 0 225485799424 51539804160 0 1236950581248 16384 13194139729920 3298534883328 0 106300473344 17179934720 0 2405181685760 32768 4398046576640 1099511627776
33 3 182 1 365 1 0 760209408000 137439477760 0 13469017440256 196608 35184372613120 8796093022208 0 901943197696 206159216640 0 4947802324992 65536 52776558919680 13194139533312 0 425201893376 68719738880 0 9620726743040 131072 17592186306560 4398046511104
34 3 183 1 366 1 0 3040837632000 549757911040 0 53876069761024 786432 140737490452480 35184372088832 0 3607772790784 824636866560 0 19791209299968 262144 211106235678720 52776558133248 0 1700807573504 274878955520 0 38482906972160 524288 70368745226240 17592186044416
35 3 184 1 367 1 0 12163350528000 2199031644160 0 215504279044096 3145728 562949961809920 140737488355328 0 14431091163136 3298547466240 0 79164837199872 1048576 844424942714880 211106232532992 0 6803230294016 1099515822080 0 153931627888640 2097152 281474980904960 70368744177664
36 3 185 1 368 1 0 48653402112000 8796126576640 0 862017116176384 12582912 2251799847239680 562949953421312 0 57724364652544 13194189864960 0 316659348799488 4194304 3377699770859520 844424930131968 0 27212921176064 4398063288320 0 615726511554560 8388608 1125899923619840 281474976710656
37 3 186 1 369 1 0 194613608448000 35184506306560 0 3448068464705536 50331648 9007199388958720 2251799813685248 0 230897458610176 52776759459840 0 1266637395197952 16777216 13510799083438080 3377699720527872 0 108851684704256 17592253153280 0 2462906046218240 33554432 4503599694479360 1125899906842624
38 3 187 1 370 1 0 778454433792000 140738025226240 0 13792273858822144 201326592 36028797555834880 9007199254740992 0 923589834440704 211107037839360 0 5066549580791808 67108864 54043196333752320 13510798882111488 0 435406738817024 70369012613120 0 9851624184872960 134217728 18014398777917440 4503599627370496
39 3 188 1 371 1 0 3113817735168000 562952100904960 0 55169095435288576 805306368 144115190223339520 36028797018963968 0 3694359337762816 844428151357440 0 20266198323167232 268435456 216172785335009280 54043195528445952 0 1741626955268096 281476050452480 0 39406496739491840 536870912 72057595111669760 18014398509481984
40 3 189 1 372 1 0 12455270940672000 2251808403619840 0 220676381741154304 3221225472 576460760893358080 144115188075855872 0 14777437351051264 3377712605429760 0 81064793292668928 1073741824 864691141340037120 216172782113783808 0 6966507821072384 1125904201809920 0 157625986957967360 2147483648 288230380446679040 72057594037927936
41 3 190 1 373 1 0 49821083762688000 9007233614479360 0 882705526964617216 12884901888 2305843043573432320 576460752303423488 0 59109749404205056 13510850421719040 0 324259173170675712 4294967296 3458764565360148480 864691128455135232 0 27866031284289536 4503616807239680 0 630503947831869440 8589934592 1152921521786716160 288230376151711744
42 3 191 1 374 1 0 199284335050752000 36028934457917440 0 3530822107858468864 51539607552 9223372174293729280 2305843009213693952 0 236438997616820224 54043401686876160 0 1297036692682702848 17179869184 13835058261440593920 3458764513820540928 0 111464125137158144 18014467228958720 0 2522015791327477760 34359738368 4611686087146864640 1152921504606846976
43 3 192 1 375 1 0 797137340203008000 144115737831669760 0 14123288431433875456 206158430208 549755813888 9223372036854775810 0 945755990467280896 216173606747504640 0 5188146770730811392 68719476736 824633720832 13835058055282163715 0 445856500548632576 72057868915834880 0 10088063165309911040 137438953472 274877906944 4611686018427387905
44 3 193 1 376 1 0 3188549360812032000 576462951326679040 0 1152921504606846978 824633720835 2199023255552 8 0 3783023961869123584 864694426990018560 0 2305843009213693955 274877906945 3298534883328 12 0 1783426002194530304 288231475663339520 0 3458764513820540929 549755813890 1099511627776 4
45 3 194 1 377 1 0 12754197443248128000 2305851805306716160 0 4611686018427387912 3298534883340 8796093022208 32 0 15132095847476494336 3458777707960074240 0 9223372036854775820 1099511627780 13194139533312 48 0 7133704008778121216 1152925902653358080 0 13835058055282163716 2199023255560 4398046511104 16
46 3 195 1 378 1 0 14123301625573408768 9223407221226864642 0 32 13194139533361 35184372088832 128 0 5188151168777322496 13835110831840296963 0 48 4398046511122 52776558133248 192 0 10088071961402933248 4611703610613432321 0 16 8796093022243 17592186044416 64
47 3 196 1 379 1 0 1152974281164980224 140737488355339 2 128 52776558133444 140737488355328 512 0 2305860601399738368 211106232533005 3 192 17592186044488 211106232532992 768 0 3458799698192629760 70368744177670 1 64 35184372088972 70368744177664 256
48 3 197 1 380 1 0 4611897124659920896 562949953421356 8 512 211106232533776 562949953421312 2048 0 9223442405598953472 844424930132020 12 768 70368744177952 844424930131968 3072 0 13835198792770519040 281474976710680 4 256 140737488355888 281474976710656 1024
49 3 198 1 381 1 0 844424930131968 2251799813685425 32 2048 844424930135104 2251799813685248 8192 0 281474976710656 3377699720528082 48 3072 281474976711808 3377699720527872 12288 0 562949953421312 1125899906842723 16 1024 562949953423552 1125899906842624 4096
50 3 199 1 382 1 0 3377699720527872 9007199254741700 128 8192 3377699720540416 9007199254740992 32768 0 1125899906842624 13510798882112328 192 12288 1125899906847232 13510798882111488 49152 0 2251799813685248 4503599627370892 64 4096 2251799813694208 4503599627370496 16384
51 3 200 1 383 1 0 13510798882111488 36028797018966800 512 32768 13510798882161664 36028797018963968 131072 0 4503599627370496 54043195528449312 768 49152 4503599627388928 54043195528445952 196608 0 9007199254740992 18014398509483568 256 16384 9007199254776832 18014398509481984 65536
52 3 201 1 256 1 0 54043195528445952 144115188075867200 2048 131072 54043195528646656 144115188075855872 524288 0 18014398509481984 216172782113797248 3072 196608 18014398509555712 216172782113783808 786432 0 36028797018963968 72057594037934272 1024 65536 36028797019107328 72057594037927936 262144
53 3 202 1 257 1 0 216172782113783808 576460752303468800 8192 524288 216172782114586624 576460752303423488 2097152 0 72057594037927936 864691128455188992 12288 786432 72057594038222848 864691128455135232 3145728 0 144115188075855872 288230376151737088 4096 262144 144115188076429312 288230376151711744 1048576
54 3 203 1 258 1 0 864691128455135232 2305843009213875200 32768 2097152 864691128458346496 2305843009213693952 8388608 0 288230376151711744 3458764513820755968 49152 3145728 288230376152891392 3458764513820540928 12582912 0 576460752303423488 1152921504606948352 16384 1048576 576460752305717248 1152921504606846976 4194304
55 3 204 1 259 1 0 3458764513820540928 9223372036855500800 131072 8388608 3458764513833385984 9223372036854775808 33554432 0 1152921504606846976 13835058055283023872 196608 12582912 1152921504611565568 13835058055282163712 50331648 0 2305843009213693952 4611686018427793408 65536 4194304 2305843009222868992 4611686018427387904 16777216
56 3 205 1 260 1 0 13835058055282163712 2899968 524290 33554432 13835058055333543936 0 134217730 0 4611686018427387904 3440640 786435 50331648 4611686018446262272 0 201326595 0 9223372036854775808 1622016 262145 16777216 9223372036891475968 0 67108865
57 3 206 1 261 1 0 0 11599875 2097160 134217728 205520896 3 536870920 0 0 13762561 3145740 201326592 75497472 1 805306380 0 0 6488066 1048580 67108864 146800640 2 268435460
58 3 207 1 262 1 0 0 46399500 8388640 536870912 822083584 12 2147483680 0 0 55050244 12582960 805306368 301989888 4 3221225520 0 0 25952264 4194320 268435456 587202560 8 1073741840
59 3 208 1 263 1 0 0 185598000 33554560 2147483648 3288334336 48 8589934720 0 0 220200976 50331840 3221225472 1207959552 16 12884902080 0 0 103809056 16777280 1073741824 2348810240 32 4294967360
60 3 209 1 264 1 0 0 742392000 134218240 8589934592 13153337344 192 34359738880 0 0 880803904 201327360 12884901888 4831838208 64 51539608320 0 0 415236224 67109120 4294967296 9395240960 128 17179869440
61 3 210 1 265 1 0 0 2969568000 536872960 34359738368 52613349376 768 137438955520 0 0 3523215616 805309440 51539607552 19327352832 256 206158433280 0 0 1660944896 268436480 17179869184 37580963840 512 68719477760
62 3 211 1 266 1 0 0 11878272000 2147491840 137438953472 210453397504 3072 549755822080 0 0 14092862464 3221237760 206158430208 77309411328 1024 824633733120 0 0 6643779584 1073745920 68719476736 150323855360 2048 274877911040
63 3 212 1 267 1 0 0 47513088000 8589967360 549755813888 841813590016 12288 2199023288320 0 0 56371449856 12884951040 824633720832 309237645312 4096 3298534932480 0 0 26575118336 4294983680 274877906944 601295421440 8192 1099511644160
64 3 213 1 268 1 0 0 190052352000 34359869440 2199023255552 3367254360064 49152 8796093153280 0 0 225485799424 51539804160 3298534883328 1236950581248 16384 13194139729920 0 0 106300473344 17179934720 1099511627776 2405181685760 32768 4398046576640
65 3 214 1 269 1 0 0 760209408000 137439477760 8796093022208 13469017440256 196608 35184372613120 0 0 901943197696 206159216640 13194139533312 4947802324992 65536 52776558919680 0 0 425201893376 68719738880 4398046511104 9620726743040 131072 17592186306560
66 3 215 1 270 1 0 0 3040837632000 549757911040 35184372088832 53876069761024 786432 140737490452480 0 0 3607772790784 824636866560 52776558133248 19791209299968 262144 211106235678720 0 0 1700807573504 274878955520 17592186044416 38482906972160 524288 70368745226240
67 3 216 1 271 1 0 0 12163350528000 2199031644160 140737488355328 215504279044096 3145728 562949961809920 0 0 14431091163136 3298547466240 211106232532992 79164837199872 1048576 844424942714880 0 0 6803230294016 1099515822080 70368744177664 153931627888640 2097152 281474980904960
68 3 217 1 272 1 0 0 48653402112000 8796126576640 562949953421312 862017116176384 12582912 2251799847239680 0 0 57724364652544 13194189864960 844424930131968 316659348799488 4194304 3377699770859520 0 0 27212921176064 4398063288320 281474976710656 615726511554560 8388608 1125899923619840
69 3 218 1 273 1 0 0 194613608448000 35184506306560 2251799813685248 3448068464705536 50331648 9007199388958720 0 0 230897458610176 52776759459840 3377699720527872 1266637395197952 16777216 13510799083438080 0 0 108851684704256 17592253153280 1125899906842624 2462906046218240 33554432 4503599694479360
70 3 219 1 274 1 0 0 778454433792000 140738025226240 9007199254740992 13792273858822144 201326592 36028797555834880 0 0 923589834440704 211107037839360 13510798882111488 5066549580791808 67108864 54043196333752320 0 0 435406738817024 70369012613120 4503599627370496 9851624184872960 134217728 18014398777917440
71 3 220 1 275 1 0 0 3113817735168000 562952100904960 36028797018963968 55169095435288576 805306368 144115190223339520 0 0 3694359337762816 844428151357440 54043195528445952 20266198323167232 268435456 216172785335009280 0 0 1741626955268096 281476050452480 18014398509481984 39406496739491840 536870912 72057595111669760
72 3 221 1 276 1 0 0 12455270940672000 2251808403619840 144115188075855872 220676381741154304 3221225472 576460760893358080 0 0 14777437351051264 3377712605429760 216172782113783808 81064793292668928 1073741824 864691141340037120 0 0 6966507821072384 1125904201809920 72057594037927936 157625986957967360 2147483648 288230380446679040
73 3 222 1 277 1 0 0 49821083762688000 9007233614479360 576460752303423488 882705526964617216 12884901888 2305843043573432320 0 0 59109749404205056 13510850421719040 864691128455135232 324259173170675712 4294967296 3458764565360148480 0 0 27866031284289536 4503616807239680 288230376151711744 630503947831869440 8589934592 1152921521786716160
74 3 223 1 278 1 0 0 199284335050752000 36028934457917440 2305843009213693952 3530822107858468864 51539607552 9223372174293729280 0 0 236438997616820224 54043401686876160 3458764513820540928 1297036692682702848 17179869184 13835058261440593920 0 0 111464125137158144 18014467228958720 1152921504606846976 2522015791327477760 34359738368 4611686087146864640
75 3 224 1 279 1 0 0 797137340203008000 144115737831669760 9223372036854775810 14123288431433875456 206158430208 549755813888 0 0 945755990467280896 216173606747504640 13835058055282163715 5188146770730811392 68719476736 824633720832 0 0 445856500548632576 72057868915834880 4611686018427387905 10088063165309911040 137438953472 274877906944
76 3 225 1 280 1 0 0 3188549360812032000 576462951326679040 8 1152921504606846978 824633720835 2199023255552 0 0 3783023961869123584 864694426990018560 12 2305843009213693955 274877906945 3298534883328 0 0 1783426002194530304 288231475663339520 4 3458764513820540929 549755813890 1099511627776
77 3 226 1 281 1 0 0 12754197443248128000 2305851805306716160 32 4611686018427387912 3298534883340 8796093022208 0 0 15132095847476494336 3458777707960074240 48 9223372036854775820 1099511627780 13194139533312 0 0 7133704008778121216 1152925902653358080 16 13835058055282163716 2199023255560 4398046511104
78 3 227 1 282 1 0 0 14123301625573408768 9223407221226864642 128 32 13194139533361 35184372088832 0 0 5188151168777322496 13835110831840296963 192 48 4398046511122 52776558133248 0 0 10088071961402933248 4611703610613432321 64 16 8796093022243 17592186044416
79 3 228 1 283 1 2 0 1152974281164980224 140737488355339 512 128 52776558133444 140737488355328 3 0 2305860601399738368 211106232533005 768 192 17592186044488 211106232532992 1 0 3458799698192629760 70368744177670 256 64 35184372088972 70368744177664
80 3 229 1 284 1 8 0 4611897124659920896 562949953421356 2048 512 211106232533776 562949953421312 12 0 9223442405598953472 844424930132020 3072 768 70368744177952 844424930131968 4 0 13835198792770519040 281474976710680 1024 256 140737488355888 281474976710656
81 3 230 1 285 1 32 0 844424930131968 2251799813685425 8192 2048 844424930135104 2251799813685248 48 0 281474976710656 3377699720528082 12288 3072 281474976711808 3377699720527872 16 0 562949953421312 1125899906842723 4096 1024 562949953423552 1125899906842624
82 3 231 1 286 1 128 0 3377699720527872 9007199254741700 32768 8192 3377699720540416 9007199254740992 192 0 1125899906842624 13510798882112328 49152 12288 1125899906847232 13510798882111488 64 0 2251799813685248 4503599627370892 16384 4096 2251799813694208 4503599627370496
83 3 232 1 287 1 512 0 13510798882111488 36028797018966800 131072 32768 13510798882161664 36028797018963968 768 0 4503599627370496 54043195528449312 196608 49152 4503599627388928 54043195528445952 256 0 9007199254740992 18014398509483568 65536 16384 9007199254776832 18014398509481984
54 2 220 1 267 1 36028797018998528 0 0 216172782113784000 36028797018963968 2162688 12288 216172782113832960 54043195528497408 0 0 72057594037928000 54043195528445952 3276800 4096 72057594037944320 18014398509501952 0 0 144115188075856000 18014398509481984 1245184 8192 144115188075888640
55 2 221 1 268 1 144115188075994112 0 0 864691128455136000 144115188075855872 8650752 49152 864691128455331840 216172782113989632 0 0 288230376151712000 216172782113783808 13107200 16384 288230376151777280 72057594038007808 0 0 576460752303424000 72057594037927936 4980736 32768 576460752303554560
56 2 222 1 269 1 576460752303976448 0 0 3458764513820544000 576460752303423488 34603008 196608 3458764513821327360 864691128455958528 0 0 1152921504606848000 864691128455135232 52428800 65536 1152921504607109120 288230376152031232 0 0 2305843009213696000 288230376151711744 19922944 131072 2305843009214218240
57 2 223 1 270 1 2305843009215905792 0 0 13835058055282176000 2305843009213693952 138412032 786432 13835058055285309440 3458764513823834112 0 0 4611686018427392000 3458764513820540928 209715200 262144 4611686018428436480 1152921504608124928 0 0 9223372036854784000 1152921504606846976 79691776 524288 9223372036856872960
58 2 224 1 271 1 9223372036863623171 0 0 49152 9223372036854775811 553648128 3145728 12582912 13835058055295336449 0 0 16384 13835058055282163713 838860800 1048576 4194304 4611686018432499714 0 0 32768 4611686018427387906 318767104 2097152 8388608
59 2 225 1 272 1 35389452 2 0 196608 12 2214592514 12582912 50331648 52690948 3 0 65536 4 3355443203 4194304 16777216 20447240 1 0 131072 8 1275068417 8388608 33554432
60 2 226 1 273 1 141557808 8 0 786432 48 8858370056 50331648 201326592 210763792 12 0 262144 16 13421772812 16777216 67108864 81788960 4 0 524288 32 5100273668 33554432 134217728
61 2 227 1 274 1 566231232 32 0 3145728 192 35433480224 201326592 805306368 843055168 48 0 1048576 64 53687091248 67108864 268435456 327155840 16 0 2097152 128 20401094672 134217728 536870912
62 2 228 1 275 1 2264924928 128 0 12582912 768 141733920896 805306368 3221225472 3372220672 192 0 4194304 256 214748364992 268435456 1073741824 1308623360 64 0 8388608 512 81604378688 536870912 2147483648
63 2 229 1 276 1 9059699712 512 0 50331648 3072 566935683584 3221225472 12884901888 13488882688 768 0 16777216 1024 858993459968 1073741824 4294967296 5234493440 256 0 33554432 2048 326417514752 2147483648 8589934592
64 2 230 1 277 1 36238798848 2048 0 201326592 12288 2267742734336 12884901888 51539607552 53955530752 3072 0 67108864 4096 3435973839872 4294967296 17179869184 20937973760 1024 0 134217728 8192 1305670059008 8589934592 34359738368
65 2 231 1 278 1 144955195392 8192 0 805306368 49152 9070970937344 51539607552 206158430208 215822123008 12288 0 268435456 16384 13743895359488 17179869184 68719476736 83751895040 4096 0 536870912 32768 5222680236032 34359738368 137438953472
66 2 232 1 279 1 579820781568 32768 0 3221225472 196608 36283883749376 206158430208 824633720832 863288492032 49152 0 1073741824 65536 54975581437952 68719476736 274877906944 335007580160 16384 0 2147483648 131072 20890720944128 137438953472 549755813888
67 2 233 1 280 1 2319283126272 131072 0 12884901888 786432 145135534997504 824633720832 3298534883328 3453153968128 196608 0 4294967296 262144 219902325751808 274877906944 1099511627776 1340030320640 65536 0 8589934592 524288 83562883776512 549755813888 2199023255552
68 2 234 1 281 1 9277132505088 524288 0 51539607552 3145728 580542139990016 3298534883328 13194139533312 13812615872512 786432 0 17179869184 1048576 879609303007232 1099511627776 4398046511104 5360121282560 262144 0 34359738368 2097152 334251535106048 2199023255552 8796093022208
69 2 235 1 282 1 37108530020352 2097152 0 206158430208 12582912 2322168559960064 13194139533312 52776558133248 55250463490048 3145728 0 68719476736 4194304 3518437212028928 4398046511104 17592186044416 21440485130240 1048576 0 137438953472 8388608 1337006140424192 8796093022208 35184372088832
70 2 236 1 283 1 148434120081408 8388608 0 824633720832 50331648 9288674239840256 52776558133248 211106232532992 221001853960192 12582912 0 274877906944 16777216 14073748848115712 17592186044416 70368744177664 85761940520960 4194304 0 549755813888 33554432 5348024561696768 35184372088832 140737488355328
71 2 237 1 284 1 593736480325632 33554432 0 3298534883328 201326592 37154696959361024 211106232532992 844424930131968 884007415840768 50331648 0 1099511627776 67108864 56294995392462848 70368744177664 281474976710656 343047762083840 16777216 0 2199023255552 134217728 21392098246787072 140737488355328 562949953421312
72 2 238 1 285 1 2374945921302528 134217728 0 13194139533312 805306368 148618787837444096 844424930131968 3377699720527872 3536029663363072 201326592 0 4398046511104 268435456 225179981569851392 281474976710656 1125899906842624 1372191048335360 67108864 0 8796093022208 536870912 85568392987148288 562949953421312 2251799813685248
73 2 239 1 286 1 9499783685210112 536870912 0 52776558133248 3221225472 594475151349776384 3377699720527872 13510798882111488 14144118653452288 805306368 0 17592186044416 1073741824 900719926279405568 1125899906842624 4503599627370496 5488764193341440 268435456 0 35184372088832 2147483648 342273571948593152 2251799813685248 9007199254740992
74 2 240 1 287 1 37999134740840448 2147483648 0 211106232532992 12884901888 2377900605399105536 13510798882111488 54043195528445952 56576474613809152 3221225472 0 70368744177664 4294967296 3602879705117622272 4503599627370496 18014398509481984 21955056773365760 1073741824 0 140737488355328 8589934592 1369094287794372608 9007199254740992 36028797018963968
75 2 241 1 288 1 151996538963361792 8589934592 0 844424930131968 51539607552 9511602421596422144 54043195528445952 216172782113783808 226305898455236608 12884901888 0 281474976710656 17179869184 14411518820470489088 18014398509481984 72057594037927936 87820227093463040 4294967296 0 562949953421312 34359738368 5476377151177490432 36028797018963968 144115188075855872
76 2 242 1 289 1 607986155853447168 34359738368 0 3377699720527872 206158430208 1152921538966585344 216172782113783810 864691128455135232 905223593820946432 51539607552 0 1125899906842624 68719476736 2305843060753301504 72057594037927939 288230376151711744 351280908373852160 17179869184 0 2251799813685248 137438953472 3458764531000410112 144115188075855873 576460752303423488
77 2 243 1 290 1 2431944623413788672 137438953472 0 13510798882111488 824633720832 4611686155866341376 864691128455135240 3458764513820540928 3620894375283785728 206158430208 0 4503599627370496 274877906944 9223372243013206016 288230376151711756 1152921504606846976 1405123633495408640 68719476736 0 9007199254740992 549755813888 13835058124001640448 576460752303423492 2305843009213693952
78 2 244 1 291 1 9727778493655154688 549755813888 0 54043195528445952 3298534883328 549755813888 3458764513820540961 13835058055282163712 14483577501135142912 824633720832 0 18014398509481984 1099511627776 824633720832 1152921504606847026 4611686018427387904 5620494533981634560 274877906944 0 36028797018963968 2199023255552 274877906944 2305843009213693971 9223372036854775808
79 2 245 1 292 1 2017625827201515520 2199023255554 0 216172782113783808 13194139533315 2199023255552 13835058055282163844 0 2594077783411916800 3298534883331 0 72057594037927936 4398046511105 3298534883328 4611686018427388104 0 4035234062216986624 1099511627777 0 144115188075855872 8796093022210 1099511627776 9223372036854775884 0
80 2 246 1 293 1 8070503308806062080 8796093022216 0 864691128455135232 52776558133260 8796093022208 528 3 10376311133647667200 13194139533324 0 288230376151711744 17592186044420 13194139533312 800 1 16140936248867946496 4398046511108 0 576460752303423488 35184372088840 4398046511104 304 2
81 2 247 1 294 1 13835269161514696704 35184372088865 0 3458764513820540928 211106232533040 35184372088832 2112 12 4611756387171565568 52776558133298 0 1152921504606846976 70368744177680 52776558133248 3200 4 9223512774343131136 17592186044435 0 2305843009213693952 140737488355360 17592186044416 1216 8
82 2 248 1 295 1 844424930131968 140737488355463 0 13835058055282163712 844424930132160 140737488355328 8448 48 281474976710656 211106232533193 0 4611686018427387904 281474976710720 211106232532992 12800 16 562949953421312 70368744177742 0 9223372036854775808 562949953421440 70368744177664 4864 32
83 2 249 1 296 1 3377699720527875 562949953421852 0 0 3377699720528640 562949953421312 33792 192 1125899906842625 844424930132772 0 0 1125899906842880 844424930131968 51200 64 2251799813685250 281474976710968 0 0 2251799813685760 281474976710656 19456 128
84 2 250 1 297 1 13510798882111500 2251799813687408 0 0 13510798882114560 2251799813685248 135168 768 4503599627370500 3377699720531088 0 0 4503599627371520 3377699720527872 204800 256 9007199254741000 1125899906843872 0 0 9007199254743040 1125899906842624 77824 512
85 2 251 1 298 1 54043195528446000 9007199254749632 0 0 54043195528458240 9007199254740992 540672 3072 18014398509482000 13510798882124352 0 0 18014398509486080 13510798882111488 819200 1024 36028797018964000 4503599627375488 0 0 36028797018972160 4503599627370496 311296 2048
86 2 252 1 299 1 216172782113784000 36028797018998528 0 0 216172782113832960 36028797018963968 2162688 12288 72057594037928000 54043195528497408 0 0 72057594037944320 54043195528445952 3276800 4096 144115188075856000 18014398509501952 0 0 144115188075888640 18014398509481984 1245184 8192
87 2 253 1 300 1 864691128455136000 144115188075994112 0 0 864691128455331840 144115188075855872 8650752 49152 288230376151712000 216172782113989632 0 0 288230376151777280 216172782113783808 13107200 16384 576460752303424000 72057594038007808 0 0 576460752303554560 72057594037927936 4980736 32768
88 2 254 1 301 1 3458764513820544000 576460752303976448 0 0 3458764513821327360 576460752303423488 34603008 196608 1152921504606848000 864691128455958528 0 0 1152921504607109120 864691128455135232 52428800 65536 2305843009213696000 288230376152031232 0 0 2305843009214218240 288230376151711744 19922944 131072
89 2 255 1 302 1 13835058055282176000 2305843009215905792 0 0 13835058055285309440 2305843009213693952 138412032 786432 4611686018427392000 3458764513823834112 0 0 4611686018428436480 3458764513820540928 209715200 262144 9223372036854784000 1152921504608124928 0 0 9223372036856872960 1152921504606846976 79691776 524288
90 2 128 1 303 1 49152 9223372036863623171 0 0 12582912 9223372036854775811 553648128 3145728 16384 13835058055295336449 0 0 4194304 13835058055282163713 838860800 1048576 32768 4611686018432499714 0 0 8388608 4611686018427387906 318767104 2097152
91 2 129 1 304 1 196608 35389452 2 0 50331648 12 2214592514 12582912 65536 52690948 3 0 16777216 4 3355443203 4194304 131072 20447240 1 0 33554432 8 1275068417 8388608
92 2 130 1 305 1 786432 141557808 8 0 201326592 48 8858370056 50331648 262144 210763792 12 0 67108864 16 13421772812 16777216 524288 81788960 4 0 134217728 32 5100273668 33554432
93 2 131 1 306 1 3145728 566231232 32 0 805306368 192 35433480224 201326592 1048576 843055168 48 0 268435456 64 53687091248 67108864 2097152 327155840 16 0 536870912 128 20401094672 134217728
94 2 132 1 307 1 12582912 2264924928 128 0 3221225472 768 141733920896 805306368 4194304 3372220672 192 0 1073741824 256 214748364992 268435456 8388608 1308623360 64 0 2147483648 512 81604378688 536870912
95 2 133 1 308 1 50331648 9059699712 512 0 12884901888 3072 566935683584 3221225472 16777216 13488882688 768 0 4294967296 1024 858993459968 1073741824 33554432 5234493440 256 0 8589934592 2048 326417514752 2147483648
96 2 134 1 309 1 201326592 36238798848 2048 0 51539607552 12288 2267742734336 12884901888 67108864 53955530752 3072 0 17179869184 4096 3435973839872 4294967296 134217728 20937973760 1024 0 34359738368 8192 1305670059008 8589934592
97 2 135 1 310 1 805306368 144955195392 8192 0 206158430208 49152 9070970937344 51539607552 268435456 215822123008 12288 0 68719476736 16384 13743895359488 17179869184 536870912 83751895040 4096 0 137438953472 32768 5222680236032 34359738368
98 2 136 1 311 1 3221225472 579820781568 32768 0 824633720832 196608 36283883749376 206158430208 1073741824 863288492032 49152 0 274877906944 65536 54975581437952 68719476736 2147483648 335007580160 16384 0 549755813888 131072 20890720944128 137438953472
99 2 137 1 312 1 12884901888 2319283126272 131072 0 3298534883328 786432 145135534997504 824633720832 4294967296 3453153968128 196608 0 1099511627776 262144 219902325751808 274877906944 8589934592 1340030320640 65536 0 2199023255552 524288 83562883776512 549755813888
100 2 138 1 313 1 51539607552 9277132505088 524288 0 13194139533312 3145728 580542139990016 3298534883328 17179869184 13812615872512 786432 0 4398046511104 1048576 879609303007232 1099511627776 34359738368 5360121282560 262144 0 8796093022208 2097152 334251535106048 2199023255552
101 2 139 1 314 1 206158430208 37108530020352 2097152 0 52776558133248 12582912 2322168559960064 13194139533312 68719476736 55250463490048 3145728 0 17592186044416 4194304 3518437212028928 4398046511104 137438953472 21440485130240 1048576 0 35184372088832 8388608 1337006140424192 8796093022208
102 2 140 1 315 1 824633720832 148434120081408 8388608 0 211106232532992 50331648 9288674239840256 52776558133248 274877906944 221001853960192 12582912 0 70368744177664 16777216 14073748848115712 17592186044416 549755813888 85761940520960 4194304 0 140737488355328 33554432 5348024561696768 35184372088832
103 2 141 1 316 1 3298534883328 593736480325632 33554432 0 844424930131968 201326592 37154696959361024 211106232532992 1099511627776 884007415840768 50331648 0 281474976710656 67108864 56294995392462848 70368744177664 2199023255552 343047762083840 16777216 0 562949953421312 134217728 21392098246787072 140737488355328
104 2 142 1 317 1 13194139533312 2374945921302528 134217728 0 3377699720527872 805306368 148618787837444096 844424930131968 4398046511104 3536029663363072 201326592 0 1125899906842624 268435456 225179981569851392 281474976710656 8796093022208 1372191048335360 67108864 0 2251799813685248 536870912 85568392987148288 562949953421312
105 2 143 1 318 1 52776558133248 9499783685210112 536870912 0 13510798882111488 3221225472 594475151349776384 3377699720527872 17592186044416 14144118653452288 805306368 0 4503599627370496 1073741824 900719926279405568 1125899906842624 35184372088832 5488764193341440 268435456 0 9007199254740992 2147483648 342273571948593152 2251799813685248
106 2 144 1 319 1 211106232532992 37999134740840448 2147483648 0 54043195528445952 12884901888 2377900605399105536 13510798882111488 70368744177664 56576474613809152 3221225472 0 18014398509481984 4294967296 3602879705117622272 4503599627370496 140737488355328 21955056773365760 1073741824 0 36028797018963968 8589934592 1369094287794372608 9007199254740992
107 2 145 1 320 1 844424930131968 151996538963361792 8589934592 0 216172782113783808 51539607552 9511602421596422144 54043195528445952 281474976710656 226305898455236608 12884901888 0 72057594037927936 17179869184 14411518820470489088 18014398509481984 562949953421312 87820227093463040 4294967296 0 144115188075855872 34359738368 5476377151177490432 36028797018963968
108 2 146 1 321 1 3377699720527872 607986155853447168 34359738368 0 864691128455135232 206158430208 1152921538966585344 216172782113783810 1125899906842624 905223593820946432 51539607552 0 288230376151711744 68719476736 2305843060753301504 72057594037927939 2251799813685248 351280908373852160 17179869184 0 576460752303423488 137438953472 3458764531000410112 144115188075855873
109 2 147 1 322 1 13510798882111488 2431944623413788672 137438953472 0 3458764513820540928 824633720832 4611686155866341376 864691128455135240 4503599627370496 3620894375283785728 206158430208 0 1152921504606846976 274877906944 9223372243013206016 288230376151711756 9007199254740992 1405123633495408640 68719476736 0 2305843009213693952 549755813888 13835058124001640448 576460752303423492
110 2 148 1 323 1 54043195528445952 9727778493655154688 549755813888 0 13835058055282163712 3298534883328 549755813888 3458764513820540961 18014398509481984 14483577501135142912 824633720832 0 4611686018427387904 1099511627776 824633720832 1152921504606847026 36028797018963968 5620494533981634560 274877906944 0 9223372036854775808 2199023255552 274877906944 2305843009213693971
111 2 149 1 324 1 216172782113783808 2017625827201515520 2199023255554 0 0 13194139533315 2199023255552 13835058055282163844 72057594037927936 2594077783411916800 3298534883331 0 0 4398046511105 3298534883328 4611686018427388104 144115188075855872 4035234062216986624 1099511627777 0 0 8796093022210 1099511627776 9223372036854775884
112 2 150 1 325 1 864691128455135232 8070503308806062080 8796093022216 0 3 52776558133260 8796093022208 528 288230376151711744 10376311133647667200 13194139533324 0 1 17592186044420 13194139533312 800 576460752303423488 16140936248867946496 4398046511108 0 2 35184372088840 4398046511104 304
113 2 151 1 326 1 3458764513820540928 13835269161514696704 35184372088865 0 12 211106232533040 35184372088832 2112 1152921504606846976 4611756387171565568 52776558133298 0 4 70368744177680 52776558133248 3200 2305843009213693952 9223512774343131136 17592186044435 0 8 140737488355360 17592186044416 1216
114 2 152 1 327 1 13835058055282163712 844424930131968 140737488355463 0 48 844424930132160 140737488355328 8448 4611686018427387904 281474976710656 211106232533193 0 16 281474976710720 211106232532992 12800 9223372036854775808 562949953421312 70368744177742 0 32 562949953421440 70368744177664 4864
115 2 153 1 328 1 0 3377699720527875 562949953421852 0 192 3377699720528640 562949953421312 33792 0 1125899906842625 844424930132772 0 64 1125899906842880 844424930131968 51200 0 2251799813685250 281474976710968 0 128 2251799813685760 281474976710656 19456
116 2 154 1 329 1 0 13510798882111500 2251799813687408 0 768 13510798882114560 2251799813685248 135168 0 4503599627370500 3377699720531088 0 256 4503599627371520 3377699720527872 204800 0 9007199254741000 1125899906843872 0 512 9007199254743040 1125899906842624 77824
117 2 155 1 330 1 0 54043195528446000 9007199254749632 0 3072 54043195528458240 9007199254740992 540672 0 18014398509482000 13510798882124352 0 1024 18014398509486080 13510798882111488 819200 0 36028797018964000 4503599627375488 0 2048 36028797018972160 4503599627370496 311296
118 2 156 1 331 1 0 216172782113784000 36028797018998528 0 12288 216172782113832960 36028797018963968 2162688 0 72057594037928000 54043195528497408 0 4096 72057594037944320 54043195528445952 3276800 0 144115188075856000 18014398509501952 0 8192 144115188075888640 18014398509481984 1245184
119 2 157 1 332 1 0 864691128455136000 144115188075994112 0 49152 864691128455331840 144115188075855872 8650752 0 288230376151712000 216172782113989632 0 16384 288230376151777280 216172782113783808 13107200 0 576460752303424000 72057594038007808 0 32768 576460752303554560 72057594037927936 4980736
120 2 158 1 333 1 0 3458764513820544000 576460752303976448 0 196608 3458764513821327360 576460752303423488 34603008 0 1152921504606848000 864691128455958528 0 65536 1152921504607109120 864691128455135232 52428800 0 2305843009213696000 288230376152031232 0 131072 2305843009214218240 288230376151711744 19922944
121 2 159 1 334 1 0 13835058055282176000 2305843009215905792 0 786432 13835058055285309440 2305843009213693952 138412032 0 4611686018427392000 3458764513823834112 0 262144 4611686018428436480 3458764513820540928 209715200 0 9223372036854784000 1152921504608124928 0 524288 9223372036856872960 1152921504606846976 79691776
122 2 160 1 335 1 0 49152 9223372036863623171 0 3145728 12582912 9223372036854775811 553648128 0 16384 13835058055295336449 0 1048576 4194304 13835058055282163713 838860800 0 32768 4611686018432499714 0 2097152 8388608 4611686018427387906 318767104
123 2 161 1 336 1 0 196608 35389452 2 12582912 50331648 12 2214592514 0 65536 52690948 3 4194304 16777216 4 3355443203 0 131072 20447240 1 8388608 33554432 8 1275068417
124 2 162 1 337 1 0 786432 141557808 8 50331648 201326592 48 8858370056 0 262144 210763792 12 16777216 67108864 16 13421772812 0 524288 81788960 4 33554432 134217728 32 5100273668
125 2 163 1 338 1 0 3145728 566231232 32 201326592 805306368 192 35433480224 0 1048576 843055168 48 67108864 268435456 64 53687091248 0 2097152 327155840 16 134217728 536870912 128 20401094672
126 2 164 1 339 1 0 12582912 2264924928 128 805306368 3221225472 768 141733920896 0 4194304 3372220672 192 268435456 1073741824 256 214748364992 0 8388608 1308623360 64 536870912 2147483648 512 81604378688
127 2 165 1 340 1 0 50331648 9059699712 512 3221225472 12884901888 3072 566935683584 0 16777216 13488882688 768 1073741824 4294967296 1024 858993459968 0 33554432 5234493440 256 2147483648 8589934592 2048 326417514752
0 2 166 1 341 1 0 201326592 36238798848 2048 12884901888 51539607552 12288 2267742734336 0 67108864 53955530752 3072 4294967296 17179869184 4096 3435973839872 0 134217728 20937973760 1024 8589934592 34359738368 8192 1305670059008
1 2 167 1 342 1 0 805306368 144955195392 8192 51539607552 206158430208 49152 9070970937344 0 268435456 215822123008 12288 17179869184 68719476736 16384 13743895359488 0 536870912 83751895040 4096 34359738368 137438953472 32768 5222680236032
2 2 168 1 343 1 0 3221225472 579820781568 32768 206158430208 824633720832 196608 36283883749376 0 1073741824 863288492032 49152 68719476736 274877906944 65536 54975581437952 0 2147483648 335007580160 16384 137438953472 549755813888 131072 20890720944128
3 2 169 1 344 1 0 12884901888 2319283126272 131072 824633720832 3298534883328 786432 145135534997504 0 4294967296 3453153968128 196608 274877906944 1099511627776 262144 219902325751808 0 8589934592 1340030320640 65536 549755813888 2199023255552 524288 83562883776512
4 2 170 1 345 1 0 51539607552 9277132505088 524288 3298534883328 13194139533312 3145728 580542139990016 0 17179869184 13812615872512 786432 1099511627776 4398046511104 1048576 879609303007232 0 34359738368 5360121282560 262144 2199023255552 8796093022208 2097152 334251535106048
5 2 171 1 346 1 0 206158430208 37108530020352 2097152 13194139533312 52776558133248 12582912 2322168559960064 0 68719476736 55250463490048 3145728 4398046511104 17592186044416 4194304 3518437212028928 0 137438953472 21440485130240 1048576 8796093022208 35184372088832 8388608 1337006140424192
6 2 172 1 347 1 0 824633720832 148434120081408 8388608 52776558133248 211106232532992 50331648 9288674239840256 0 274877906944 221001853960192 12582912 17592186044416 70368744177664 16777216 14073748848115712 0 549755813888 85761940520960 4194304 35184372088832 140737488355328 33554432 5348024561696768
7 2 173 1 348 1 0 3298534883328 593736480325632 33554432 211106232532992 844424930131968 201326592 37154696959361024 0 1099511627776 884007415840768 50331648 70368744177664 281474976710656 67108864 56294995392462848 0 2199023255552 343047762083840 16777216 140737488355328 562949953421312 134217728 21392098246787072
8 2 174 1 349 1 0 13194139533312 2374945921302528 134217728 844424930131968 3377699720527872 805306368 148618787837444096 0 4398046511104 3536029663363072 201326592 281474976710656 1125899906842624 268435456 225179981569851392 0 8796093022208 1372191048335360 67108864 562949953421312 2251799813685248 536870912 85568392987148288
9 2 175 1 350 1 0 52776558133248 9499783685210112 536870912 3377699720527872 13510798882111488 3221225472 594475151349776384 0 17592186044416 14144118653452288 805306368 1125899906842624 4503599627370496 1073741824 900719926279405568 0 35184372088832 5488764193341440 268435456 2251799813685248 9007199254740992 2147483648 342273571948593152
10 2 176 1 351 1 0 211106232532992 37999134740840448 2147483648 13510798882111488 54043195528445952 12884901888 2377900605399105536 0 70368744177664 56576474613809152 3221225472 4503599627370496 18014398509481984 4294967296 3602879705117622272 0 140737488355328 21955056773365760 1073741824 9007199254740992 36028797018963968 8589934592 1369094287794372608
11 2 177 1 352 1 0 844424930131968 151996538963361792 8589934592 54043195528445952 216172782113783808 51539607552 9511602421596422144 0 281474976710656 226305898455236608 12884901888 18014398509481984 72057594037927936 17179869184 14411518820470489088 0 562949953421312 87820227093463040 4294967296 36028797018963968 144115188075855872 34359738368 5476377151177490432
12 2 178 1 353 1 0 3377699720527872 607986155853447168 34359738368 216172782113783810 864691128455135232 206158430208 1152921538966585344 0 1125899906842624 905223593820946432 51539607552 72057594037927939 288230376151711744 68719476736 2305843060753301504 0 2251799813685248 351280908373852160 17179869184 144115188075855873 576460752303423488 137438953472 3458764531000410112
13 2 179 1 354 1 0 13510798882111488 2431944623413788672 137438953472 864691128455135240 3458764513820540928 824633720832 4611686155866341376 0 4503599627370496 3620894375283785728 206158430208 288230376151711756 1152921504606846976 274877906944 9223372243013206016 0 9007199254740992 1405123633495408640 68719476736 576460752303423492 2305843009213693952 549755813888 13835058124001640448
14 2 180 1 355 1 0 54043195528445952 9727778493655154688 549755813888 3458764513820540961 13835058055282163712 3298534883328 549755813888 0 18014398509481984 14483577501135142912 824633720832 1152921504606847026 4611686018427387904 1099511627776 824633720832 0 36028797018963968 5620494533981634560 274877906944 2305843009213693971 9223372036854775808 2199023255552 274877906944
15 2 181 1 356 1 0 216172782113783808 2017625827201515520 2199023255554 13835058055282163844 0 13194139533315 2199023255552 0 72057594037927936 2594077783411916800 3298534883331 4611686018427388104 0 4398046511105 3298534883328 0 144115188075855872 4035234062216986624 1099511627777 9223372036854775884 0 8796093022210 1099511627776
16 2 182 1 357 1 0 864691128455135232 8070503308806062080 8796093022216 528 3 52776558133260 8796093022208 0 288230376151711744 10376311133647667200 13194139533324 800 1 17592186044420 13194139533312 0 576460752303423488 16140936248867946496 4398046511108 304 2 35184372088840 4398046511104
17 2 183 1 358 1 0 3458764513820540928 13835269161514696704 35184372088865 2112 12 211106232533040 35184372088832 0 1152921504606846976 4611756387171565568 52776558133298 3200 4 70368744177680 52776558133248 0 2305843009213693952 9223512774343131136 17592186044435 1216 8 140737488355360 17592186044416
18 2 184 1 359 1 0 13835058055282163712 844424930131968 140737488355463 8448 48 844424930132160 140737488355328 0 4611686018427387904 281474976710656 211106232533193 12800 16 281474976710720 211106232532992 0 9223372036854775808 562949953421312 70368744177742 4864 32 562949953421440 70368744177664
19 2 185 1 360 1 0 0 3377699720527875 562949953421852 33792 192 3377699720528640 562949953421312 0 0 1125899906842625 844424930132772 51200 64 1125899906842880 844424930131968 0 0 2251799813685250 281474976710968 19456 128 2251799813685760 281474976710656
20 2 186 1 361 1 0 0 13510798882111500 2251799813687408 135168 768 13510798882114560 2251799813685248 0 0 4503599627370500 3377699720531088 204800 256 4503599627371520 3377699720527872 0 0 9007199254741000 1125899906843872 77824 512 9007199254743040 1125899906842624
21 2 187 1 362 1 0 0 54043195528446000 9007199254749632 540672 3072 54043195528458240 9007199254740992 0 0 18014398509482000 13510798882124352 819200 1024 18014398509486080 13510798882111488 0 0 36028797018964000 4503599627375488 311296 2048 36028797018972160 4503599627370496
22 2 188 1 363 1 0 0 216172782113784000 36028797018998528 2162688 12288 216172782113832960 36028797018963968 0 0 72057594037928000 54043195528497408 3276800 4096 72057594037944320 54043195528445952 0 0 144115188075856000 18014398509501952 1245184 8192 144115188075888640 18014398509481984
23 2 189 1 364 1 0 0 864691128455136000 144115188075994112 8650752 49152 864691128455331840 144115188075855872 0 0 288230376151712000 216172782113989632 13107200 16384 288230376151777280 216172782113783808 0 0 576460752303424000 72057594038007808 4980736 32768 576460752303554560 72057594037927936
24 2 190 1 365 1 0 0 3458764513820544000 576460752303976448 34603008 196608 3458764513821327360 576460752303423488 0 0 1152921504606848000 864691128455958528 52428800 65536 1152921504607109120 864691128455135232 0 0 2305843009213696000 288230376152031232 19922944 131072 2305843009214218240 288230376151711744
25 2 191 1 366 1 0 0 13835058055282176000 2305843009215905792 138412032 786432 13835058055285309440 2305843009213693952 0 0 4611686018427392000 3458764513823834112 209715200 262144 4611686018428436480 3458764513820540928 0 0 9223372036854784000 1152921504608124928 79691776 524288 9223372036856872960 1152921504606846976
26 2 192 1 367 1 0 0 49152 9223372036863623171 553648128 3145728 12582912 9223372036854775811 0 0 16384 13835058055295336449 838860800 1048576 4194304 13835058055282163713 0 0 32768 4611686018432499714 318767104 2097152 8388608 4611686018427387906
27 2 193 1 368 1 2 0 196608 35389452 2214592514 12582912 50331648 12 3 0 65536 52690948 3355443203 4194304 16777216 4 1 0 131072 20447240 1275068417 8388608 33554432 8
28 2 194 1 369 1 8 0 786432 141557808 8858370056 50331648 201326592 48 12 0 262144 210763792 13421772812 16777216 67108864 16 4 0 524288 81788960 5100273668 33554432 134217728 32
29 2 195 1 370 1 32 0 3145728 566231232 35433480224 201326592 805306368 192 48 0 1048576 843055168 53687091248 67108864 268435456 64 16 0 2097152 327155840 20401094672 134217728 536870912 128
30 2 196 1 371 1 128 0 12582912 2264924928 141733920896 805306368 3221225472 768 192 0 4194304 3372220672 214748364992 268435456 1073741824 256 64 0 8388608 1308623360 81604378688 536870912 2147483648 512
31 2 197 1 372 1 512 0 50331648 9059699712 566935683584 3221225472 12884901888 3072 768 0 16777216 13488882688 858993459968 1073741824 4294967296 1024 256 0 33554432 5234493440 326417514752 2147483648 8589934592 2048
32 2 198 1 373 1 2048 0 201326592 36238798848 2267742734336 12884901888 51539607552 12288 3072 0 67108864 53955530752 3435973839872 4294967296 17179869184 4096 1024 0 134217728 20937973760 1305670059008 8589934592 34359738368 8192
33 2 199 1 374 1 8192 0 805306368 144955195392 9070970937344 51539607552 206158430208 49152 12288 0 268435456 215822123008 13743895359488 17179869184 68719476736 16384 4096 0 536870912 83751895040 5222680236032 34359738368 137438953472 32768
34 2 200 1 375 1 32768 0 3221225472 579820781568 36283883749376 206158430208 824633720832 196608 49152 0 1073741824 863288492032 54975581437952 68719476736 274877906944 65536 16384 0 2147483648 335007580160 20890720944128 137438953472 549755813888 131072
35 2 201 1 376 1 131072 0 12884901888 2319283126272 145135534997504 824633720832 3298534883328 786432 196608 0 4294967296 3453153968128 219902325751808 274877906944 1099511627776 262144 65536 0 8589934592 1340030320640 83562883776512 549755813888 2199023255552 524288
36 2 202 1 377 1 524288 0 51539607552 9277132505088 580542139990016 3298534883328 13194139533312 3145728 786432 0 17179869184 13812615872512 879609303007232 1099511627776 4398046511104 1048576 262144 0 34359738368 5360121282560 334251535106048 2199023255552 8796093022208 2097152
37 2 203 1 378 1 2097152 0 206158430208 37108530020352 2322168559960064 13194139533312 52776558133248 12582912 3145728 0 68719476736 55250463490048 3518437212028928 4398046511104 17592186044416 4194304 1048576 0 137438953472 21440485130240 1337006140424192 8796093022208 35184372088832 8388608
38 2 204 1 379 1 8388608 0 824633720832 148434120081408 9288674239840256 52776558133248 211106232532992 50331648 12582912 0 274877906944 221001853960192 14073748848115712 17592186044416 70368744177664 16777216 4194304 0 549755813888 85761940520960 5348024561696768 35184372088832 140737488355328 33554432
39 2 205 1 380 1 33554432 0 3298534883328 593736480325632 37154696959361024 211106232532992 844424930131968 201326592 50331648 0 1099511627776 884007415840768 56294995392462848 70368744177664 281474976710656 67108864 16777216 0 2199023255552 343047762083840 21392098246787072 140737488355328 562949953421312 134217728
40 2 206 1 381 1 134217728 0 13194139533312 2374945921302528 148618787837444096 844424930131968 3377699720527872 805306368 201326592 0 4398046511104 3536029663363072 225179981569851392 281474976710656 1125899906842624 268435456 67108864 0 8796093022208 1372191048335360 85568392987148288 562949953421312 2251799813685248 536870912
41 2 207 1 382 1 536870912 0 52776558133248 9499783685210112 594475151349776384 3377699720527872 13510798882111488 3221225472 805306368 0 17592186044416 14144118653452288 900719926279405568 1125899906842624 4503599627370496 1073741824 268435456 0 35184372088832 5488764193341440 342273571948593152 2251799813685248 9007199254740992 2147483648
42 2 208 1 383 1 2147483648 0 211106232532992 37999134740840448 2377900605399105536 13510798882111488 54043195528445952 12884901888 3221225472 0 70368744177664 56576474613809152 3602879705117622272 4503599627370496 18014398509481984 4294967296 1073741824 0 140737488355328 21955056773365760 1369094287794372608 9007199254740992 36028797018963968 8589934592
43 2 209 1 256 1 8589934592 0 844424930131968 151996538963361792 9511602421596422144 54043195528445952 216172782113783808 51539607552 12884901888 0 281474976710656 226305898455236608 14411518820470489088 18014398509481984 72057594037927936 17179869184 4294967296 0 562949953421312 87820227093463040 5476377151177490432 36028797018963968 144115188075855872 34359738368
44 2 210 1 257 1 34359738368 0 3377699720527872 607986155853447168 1152921538966585344 216172782113783810 864691128455135232 206158430208 51539607552 0 1125899906842624 905223593820946432 2305843060753301504 72057594037927939 288230376151711744 68719476736 17179869184 0 2251799813685248 351280908373852160 3458764531000410112 144115188075855873 576460752303423488 137438953472
45 2 211 1 258 1 137438953472 0 13510798882111488 2431944623413788672 4611686155866341376 864691128455135240 3458764513820540928 824633720832 206158430208 0 4503599627370496 3620894375283785728 9223372243013206016 288230376151711756 1152921504606846976 274877906944 68719476736 0 9007199254740992 1405123633495408640 13835058124001640448 576460752303423492 2305843009213693952 549755813888
46 2 212 1 259 1 549755813888 0 54043195528445952 9727778493655154688 549755813888 3458764513820540961 13835058055282163712 3298534883328 824633720832 0 18014398509481984 14483577501135142912 824633720832 1152921504606847026 4611686018427387904 1099511627776 274877906944 0 36028797018963968 5620494533981634560 274877906944 2305843009213693971 9223372036854775808 2199023255552
47 2 213 1 260 1 2199023255554 0 216172782113783808 2017625827201515520 2199023255552 13835058055282163844 0 13194139533315 3298534883331 0 72057594037927936 2594077783411916800 3298534883328 4611686018427388104 0 4398046511105 1099511627777 0 144115188075855872 4035234062216986624 1099511627776 9223372036854775884 0 8796093022210
48 2 214 1 261 1 8796093022216 0 864691128455135232 8070503308806062080 8796093022208 528 3 52776558133260 13194139533324 0 288230376151711744 10376311133647667200 13194139533312 800 1 17592186044420 4398046511108 0 576460752303423488 16140936248867946496 4398046511104 304 2 35184372088840
49 2 215 1 262 1 35184372088865 0 3458764513820540928 13835269161514696704 35184372088832 2112 12 211106232533040 52776558133298 0 1152921504606846976 4611756387171565568 52776558133248 3200 4 70368744177680 17592186044435 0 2305843009213693952 9223512774343131136 17592186044416 1216 8 140737488355360
50 2 216 1 263 1 140737488355463 0 13835058055282163712 844424930131968 140737488355328 8448 48 844424930132160 211106232533193 0 4611686018427387904 281474976710656 211106232532992 12800 16 281474976710720 70368744177742 0 9223372036854775808 562949953421312 70368744177664 4864 32 562949953421440
51 2 217 1 264 1 562949953421852 0 0 3377699720527875 562949953421312 33792 192 3377699720528640 844424930132772 0 0 1125899906842625 844424930131968 51200 64 1125899906842880 281474976710968 0 0 2251799813685250 281474976710656 19456 128 2251799813685760
52 2 218 1 265 1 2251799813687408 0 0 13510798882111500 2251799813685248 135168 768 13510798882114560 3377699720531088 0 0 4503599627370500 3377699720527872 204800 256 4503599627371520 1125899906843872 0 0 9007199254741000 1125899906842624 77824 512 9007199254743040
53 2 219 1 266 1 9007199254749632 0 0 54043195528446000 9007199254740992 540672 3072 54043195528458240 13510798882124352 0 0 18014398509482000 13510798882111488 819200 1024 18014398509486080 4503599627375488 0 0 36028797018964000 4503599627370496 311296 2048 36028797018972160
10 1 191 3 323 2 18014398509481984 0 18014398509481984 1152921504606846976 0 0 0 0 36028797018963968 0 36028797018963968 2305843009213693952 0 0 0 0 54043195528445952 0 54043195528445952 3458764513820540928 0 0 0 0
11 1 192 3 324 2 72057594037927936 0 72057594037927936 4611686018427387904 0 0 0 0 144115188075855872 0 144115188075855872 9223372036854775808 0 0 0 0 216172782113783808 0 216172782113783808 13835058055282163712 0 0 0 0
12 1 193 3 325 2 288230376151711745 0 288230376151711744 0 0 0 0 0 576460752303423490 0 576460752303423488 0 0 0 0 0 864691128455135235 0 864691128455135232 0 0 0 0 0
13 1 194 3 326 2 1152921504606846980 0 1152921504606846976 0 0 0 0 0 2305843009213693960 0 2305843009213693952 0 0 0 0 0 3458764513820540940 0 3458764513820540928 0 0 0 0 0
14 1 195 3 327 2 4611686018427387920 0 4611686018427387904 0 0 0 0 0 9223372036854775840 0 9223372036854775808 0 0 0 0 0 13835058055282163760 0 13835058055282163712 0 0 0 0 0
15 1 196 3 328 2 64 1 0 1 0 0 0 0 128 2 0 2 0 0 0 0 192 3 0 3 0 0 0 0
16 1 197 3 329 2 256 4 0 4 0 0 0 0 512 8 0 8 0 0 0 0 768 12 0 12 0 0 0 0
17 1 198 3 330 2 1024 16 0 16 0 0 0 0 2048 32 0 32 0 0 0 0 3072 48 0 48 0 0 0 0
18 1 199 3 331 2 4096 64 0 64 0 0 0 0 8192 128 0 128 0 0 0 0 12288 192 0 192 0 0 0 0
19 1 200 3 332 2 16384 256 0 256 0 0 0 0 32768 512 0 512 0 0 0 0 49152 768 0 768 0 0 0 0
20 1 201 3 333 2 65536 1024 0 1024 0 0 0 0 131072 2048 0 2048 0 0 0 0 196608 3072 0 3072 0 0 0 0
21 1 202 3 334 2 262144 4096 0 4096 0 0 0 0 524288 8192 0 8192 0 0 0 0 786432 12288 0 12288 0 0 0 0
22 1 203 3 335 2 1048576 16384 0 16384 0 0 0 0 2097152 32768 0 32768 0 0 0 0 3145728 49152 0 49152 0 0 0 0
23 1 204 3 336 2 4194304 65536 0 65536 0 0 0 0 8388608 131072 0 131072 0 0 0 0 12582912 196608 0 196608 0 0 0 0
24 1 205 3 337 2 16777216 262144 0 262144 0 0 0 0 33554432 524288 0 524288 0 0 0 0 50331648 786432 0 786432 0 0 0 0
25 1 206 3 338 2 67108864 1048576 0 1048576 0 0 0 0 134217728 2097152 0 2097152 0 0 0 0 201326592 3145728 0 3145728 0 0 0 0
26 1 207 3 339 2 268435456 4194304 0 4194304 0 0 0 0 536870912 8388608 0 8388608 0 0 0 0 805306368 12582912 0 12582912 0 0 0 0
27 1 208 3 340 2 1073741824 16777216 0 16777216 0 0 0 0 2147483648 33554432 0 33554432 0 0 0 0 3221225472 50331648 0 50331648 0 0 0 0
28 1 209 3 341 2 4294967296 67108864 0 67108864 0 0 0 0 8589934592 134217728 0 134217728 0 0 0 0 12884901888 201326592 0 201326592 0 0 0 0
29 1 210 3 342 2 17179869184 268435456 0 268435456 0 0 0 0 34359738368 536870912 0 536870912 0 0 0 0 51539607552 805306368 0 805306368 0 0 0 0
30 1 211 3 343 2 68719476736 1073741824 0 1073741824 0 0 0 0 137438953472 2147483648 0 2147483648 0 0 0 0 206158430208 3221225472 0 3221225472 0 0 0 0
31 1 212 3 344 2 274877906944 4294967296 0 4294967296 0 0 0 0 549755813888 8589934592 0 8589934592 0 0 0 0 824633720832 12884901888 0 12884901888 0 0 0 0
32 1 213 3 345 2 1099511627776 17179869184 0 17179869184 0 0 0 0 2199023255552 34359738368 0 34359738368 0 0 0 0 3298534883328 51539607552 0 51539607552 0 0 0 0
33 1 214 3 346 2 4398046511104 68719476736 0 68719476736 0 0 0 0 8796093022208 137438953472 0 137438953472 0 0 0 0 13194139533312 206158430208 0 206158430208 0 0 0 0
34 1 215 3 347 2 17592186044416 274877906944 0 274877906944 0 0 0 0 35184372088832 549755813888 0 549755813888 0 0 0 0 52776558133248 824633720832 0 824633720832 0 0 0 0
35 1 216 3 348 2 70368744177664 1099511627776 0 1099511627776 0 0 0 0 140737488355328 2199023255552 0 2199023255552 0 0 0 0 211106232532992 3298534883328 0 3298534883328 0 0 0 0
36 1 217 3 349 2 281474976710656 4398046511104 0 4398046511104 0 0 0 0 562949953421312 8796093022208 0 8796093022208 0 0 0 0 844424930131968 13194139533312 0 13194139533312 0 0 0 0
37 1 218 3 350 2 1125899906842624 17592186044416 0 17592186044416 0 0 0 0 2251799813685248 35184372088832 0 35184372088832 0 0 0 0 3377699720527872 52776558133248 0 52776558133248 0 0 0 0
38 1 219 3 351 2 4503599627370496 70368744177664 0 70368744177664 0 0 0 0 9007199254740992 140737488355328 0 140737488355328 0 0 0 0 13510798882111488 211106232532992 0 211106232532992 0 0 0 0
39 1 220 3 352 2 18014398509481984 281474976710656 0 281474976710656 0 0 0 0 36028797018963968 562949953421312 0 562949953421312 0 0 0 0 54043195528445952 844424930131968 0 844424930131968 0 0 0 0
40 1 221 3 353 2 72057594037927936 1125899906842624 0 1125899906842624 0 0 0 0 144115188075855872 2251799813685248 0 2251799813685248 0 0 0 0 216172782113783808 3377699720527872 0 3377699720527872 0 0 0 0
41 1 222 3 354 2 288230376151711744 4503599627370496 0 4503599627370496 0 0 0 0 576460752303423488 9007199254740992 0 9007199254740992 0 0 0 0 864691128455135232 13510798882111488 0 13510798882111488 0 0 0 0
42 1 223 3 355 2 1152921504606846976 18014398509481984 0 18014398509481984 0 0 0 0 2305843009213693952 36028797018963968 0 36028797018963968 0 0 0 0 3458764513820540928 54043195528445952 0 54043195528445952 0 0 0 0
43 1 224 3 356 2 4611686018427387904 72057594037927936 0 72057594037927936 0 0 0 0 9223372036854775808 144115188075855872 0 144115188075855872 0 0 0 0 13835058055282163712 216172782113783808 0 216172782113783808 0 0 0 0
44 1 225 3 357 2 0 288230376151711745 0 288230376151711744 0 0 0 0 0 576460752303423490 0 576460752303423488 0 0 0 0 0 864691128455135235 0 864691128455135232 0 0 0 0
45 1 226 3 358 2 0 1152921504606846980 0 1152921504606846976 0 0 0 0 0 2305843009213693960 0 2305843009213693952 0 0 0 0 0 3458764513820540940 0 3458764513820540928 0 0 0 0
46 1 227 3 359 2 0 4611686018427387920 0 4611686018427387904 0 0 0 0 0 9223372036854775840 0 9223372036854775808 0 0 0 0 0 13835058055282163760 0 13835058055282163712 0 0 0 0
47 1 228 3 360 2 1 64 1 0 0 0 0 0 2 128 2 0 0 0 0 0 3 192 3 0 0 0 0 0
48 1 229 3 361 2 4 256 4 0 0 0 0 0 8 512 8 0 0 0 0 0 12 768 12 0 0 0 0 0
49 1 230 3 362 2 16 1024 16 0 0 0 0 0 32 2048 32 0 0 0 0 0 48 3072 48 0 0 0 0 0
50 1 231 3 363 2 64 4096 64 0 0 0 0 0 128 8192 128 0 0 0 0 0 192 12288 192 0 0 0 0 0
51 1 232 3 364 2 256 16384 256 0 0 0 0 0 512 32768 512 0 0 0 0 0 768 49152 768 0 0 0 0 0
52 1 233 3 365 2 1024 65536 1024 0 0 0 0 0 2048 131072 2048 0 0 0 0 0 3072 196608 3072 0 0 0 0 0
53 1 234 3 366 2 4096 262144 4096 0 0 0 0 0 8192 524288 8192 0 0 0 0 0 12288 786432 12288 0 0 0 0 0
54 1 235 3 367 2 16384 1048576 16384 0 0 0 0 0 32768 2097152 32768 0 0 0 0 0 49152 3145728 49152 0 0 0 0 0
55 1 236 3 368 2 65536 4194304 65536 0 0 0 0 0 131072 8388608 131072 0 0 0 0 0 196608 12582912 196608 0 0 0 0 0
56 1 237 3 369 2 262144 16777216 262144 0 0 0 0 0 524288 33554432 524288 0 0 0 0 0 786432 50331648 786432 0 0 0 0 0
57 1 238 3 370 2 1048576 67108864 1048576 0 0 0 0 0 2097152 134217728 2097152 0 0 0 0 0 3145728 201326592 3145728 0 0 0 0 0
58 1 239 3 371 2 4194304 268435456 4194304 0 0 0 0 0 8388608 536870912 8388608 0 0 0 0 0 12582912 805306368 12582912 0 0 0 0 0
59 1 240 3 372 2 16777216 1073741824 16777216 0 0 0 0 0 33554432 2147483648 33554432 0 0 0 0 0 50331648 3221225472 50331648 0 0 0 0 0
60 1 241 3 373 2 67108864 4294967296 67108864 0 0 0 0 0 134217728 8589934592 134217728 0 0 0 0 0 201326592 12884901888 201326592 0 0 0 0 0
61 1 242 3 374 2 268435456 17179869184 268435456 0 0 0 0 0 536870912 34359738368 536870912 0 0 0 0 0 805306368 51539607552 805306368 0 0 0 0 0
62 1 243 3 375 2 1073741824 68719476736 1073741824 0 0 0 0 0 2147483648 137438953472 2147483648 0 0 0 0 0 3221225472 206158430208 3221225472 0 0 0 0 0
63 1 244 3 376 2 4294967296 274877906944 4294967296 0 0 0 0 0 8589934592 549755813888 8589934592 0 0 0 0 0 12884901888 824633720832 12884901888 0 0 0 0 0
64 1 245 3 377 2 17179869184 1099511627776 17179869184 0 0 0 0 0 34359738368 2199023255552 34359738368 0 0 0 0 0 51539607552 3298534883328 51539607552 0 0 0 0 0
65 1 246 3 378 2 68719476736 4398046511104 68719476736 0 0 0 0 0 137438953472 8796093022208 137438953472 0 0 0 0 0 206158430208 13194139533312 206158430208 0 0 0 0 0
66 1 247 3 379 2 274877906944 17592186044416 274877906944 0 0 0 0 0 549755813888 35184372088832 549755813888 0 0 0 0 0 824633720832 52776558133248 824633720832 0 0 0 0 0
67 1 248 3 380 2 1099511627776 70368744177664 1099511627776 0 0 0 0 0 2199023255552 140737488355328 2199023255552 0 0 0 0 0 3298534883328 211106232532992 3298534883328 0 0 0 0 0
68 1 249 3 381 2 4398046511104 281474976710656 4398046511104 0 0 0 0 0 8796093022208 562949953421312 8796093022208 0 0 0 0 0 13194139533312 844424930131968 13194139533312 0 0 0 0 0
69 1 250 3 382 2 17592186044416 1125899906842624 17592186044416 0 0 0 0 0 35184372088832 2251799813685248 35184372088832 0 0 0 0 0 52776558133248 3377699720527872 52776558133248 0 0 0 0 0
70 1 251 3 383 2 70368744177664 4503599627370496 70368744177664 0 0 0 0 0 140737488355328 9007199254740992 140737488355328 0 0 0 0 0 211106232532992 13510798882111488 211106232532992 0 0 0 0 0
71 1 252 3 256 2 281474976710656 18014398509481984 281474976710656 0 0 0 0 0 562949953421312 36028797018963968 562949953421312 0 0 0 0 0 844424930131968 54043195528445952 844424930131968 0 0 0 0 0
72 1 253 3 257 2 1125899906842624 72057594037927936 1125899906842624 0 0 0 0 0 2251799813685248 144115188075855872 2251799813685248 0 0 0 0 0 3377699720527872 216172782113783808 3377699720527872 0 0 0 0 0
73 1 254 3 258 2 4503599627370496 288230376151711744 4503599627370496 0 0 0 0 0 9007199254740992 576460752303423488 9007199254740992 0 0 0 0 0 13510798882111488 864691128455135232 13510798882111488 0 0 0 0 0
74 1 255 3 259 2 18014398509481984 1152921504606846976 18014398509481984 0 0 0 0 0 36028797018963968 2305843009213693952 36028797018963968 0 0 0 0 0 54043195528445952 3458764513820540928 54043195528445952 0 0 0 0 0
75 1 128 3 260 2 72057594037927936 4611686018427387904 72057594037927936 0 0 0 0 0 144115188075855872 9223372036854775808 144115188075855872 0 0 0 0 0 216172782113783808 13835058055282163712 216172782113783808 0 0 0 0 0
76 1 129 3 261 2 288230376151711744 0 288230376151711745 0 0 0 0 0 576460752303423488 0 576460752303423490 0 0 0 0 0 864691128455135232 0 864691128455135235 0 0 0 0 0
77 1 130 3 262 2 1152921504606846976 0 1152921504606846980 0 0 0 0 0 2305843009213693952 0 2305843009213693960 0 0 0 0 0 3458764513820540928 0 3458764513820540940 0 0 0 0 0
78 1 131 3 263 2 4611686018427387904 0 4611686018427387920 0 0 0 0 0 9223372036854775808 0 9223372036854775840 0 0 0 0 0 13835058055282163712 0 13835058055282163760 0 0 0 0 0
79 1 132 3 264 2 0 1 64 1 0 0 0 0 0 2 128 2 0 0 0 0 0 3 192 3 0 0 0 0
80 1 133 3 265 2 0 4 256 4 0 0 0 0 0 8 512 8 0 0 0 0 0 12 768 12 0 0 0 0
81 1 134 3 266 2 0 16 1024 16 0 0 0 0 0 32 2048 32 0 0 0 0 0 48 3072 48 0 0 0 0
82 1 135 3 267 2 0 64 4096 64 0 0 0 0 0 128 8192 128 0 0 0 0 0 192 12288 192 0 0 0 0
83 1 136 3 268 2 0 256 16384 256 0 0 0 0 0 512 32768 512 0 0 0 0 0 768 49152 768 0 0 0 0
84 1 137 3 269 2 0 1024 65536 1024 0 0 0 0 0 2048 131072 2048 0 0 0 0 0 3072 196608 3072 0 0 0 0
85 1 138 3 270 2 0 4096 262144 4096 0 0 0 0 0 8192 524288 8192 0 0 0 0 0 12288 786432 12288 0 0 0 0
86 1 139 3 271 2 0 16384 1048576 16384 0 0 0 0 0 32768 2097152 32768 0 0 0 0 0 49152 3145728 49152 0 0 0 0
87 1 140 3 272 2 0 65536 4194304 65536 0 0 0 0 0 131072 8388608 131072 0 0 0 0 0 196608 12582912 196608 0 0 0 0
88 1 141 3 273 2 0 262144 16777216 262144 0 0 0 0 0 524288 33554432 524288 0 0 0 0 0 786432 50331648 786432 0 0 0 0
89 1 142 3 274 2 0 1048576 67108864 1048576 0 0 0 0 0 2097152 134217728 2097152 0 0 0 0 0 3145728 201326592 3145728 0 0 0 0
90 1 143 3 275 2 0 4194304 268435456 4194304 0 0 0 0 0 8388608 536870912 8388608 0 0 0 0 0 12582912 805306368 12582912 0 0 0 0
91 1 144 3 276 2 0 16777216 1073741824 16777216 0 0 0 0 0 33554432 2147483648 33554432 0 0 0 0 0 50331648 3221225472 50331648 0 0 0 0
92 1 145 3 277 2 0 67108864 4294967296 67108864 0 0 0 0 0 134217728 8589934592 134217728 0 0 0 0 0 201326592 12884901888 201326592 0 0 0 0
93 1 146 3 278 2 0 268435456 17179869184 268435456 0 0 0 0 0 536870912 34359738368 536870912 0 0 0 0 0 805306368 51539607552 805306368 0 0 0 0
94 1 147 3 279 2 0 1073741824 68719476736 1073741824 0 0 0 0 0 2147483648 137438953472 2147483648 0 0 0 0 0 3221225472 206158430208 3221225472 0 0 0 0
95 1 148 3 280 2 0 4294967296 274877906944 4294967296 0 0 0 0 0 8589934592 549755813888 8589934592 0 0 0 0 0 12884901888 824633720832 12884901888 0 0 0 0
96 1 149 3 281 2 0 17179869184 1099511627776 17179869184 0 0 0 0 0 34359738368 2199023255552 34359738368 0 0 0 0 0 51539607552 3298534883328 51539607552 0 0 0 0
97 1 150 3 282 2 0 68719476736 4398046511104 68719476736 0 0 0 0 0 137438953472 8796093022208 137438953472 0 0 0 0 0 206158430208 13194139533312 206158430208 0 0 0 0
98 1 151 3 283 2 0 274877906944 17592186044416 274877906944 0 0 0 0 0 549755813888 35184372088832 549755813888 0 0 0 0 0 824633720832 52776558133248 824633720832 0 0 0 0
99 1 152 3 284 2 0 1099511627776 70368744177664 1099511627776 0 0 0 0 0 2199023255552 140737488355328 2199023255552 0 0 0 0 0 3298534883328 211106232532992 3298534883328 0 0 0 0
100 1 153 3 285 2 0 4398046511104 281474976710656 4398046511104 0 0 0 0 0 8796093022208 562949953421312 8796093022208 0 0 0 0 0 13194139533312 844424930131968 13194139533312 0 0 0 0
101 1 154 3 286 2 0 17592186044416 1125899906842624 17592186044416 0 0 0 0 0 35184372088832 2251799813685248 35184372088832 0 0 0 0 0 52776558133248 3377699720527872 52776558133248 0 0 0 0
102 1 155 3 287 2 0 70368744177664 4503599627370496 70368744177664 0 0 0 0 0 140737488355328 9007199254740992 140737488355328 0 0 0 0 0 211106232532992 13510798882111488 211106232532992 0 0 0 0
103 1 156 3 288 2 0 281474976710656 18014398509481984 281474976710656 0 0 0 0 0 562949953421312 36028797018963968 562949953421312 0 0 0 0 0 844424930131968 54043195528445952 844424930131968 0 0 0 0
104 1 157 3 289 2 0 1125899906842624 72057594037927936 1125899906842624 0 0 0 0 0 2251799813685248 144115188075855872 2251799813685248 0 0 0 0 0 3377699720527872 216172782113783808 3377699720527872 0 0 0 0
105 1 158 3 290 2 0 4503599627370496 288230376151711744 4503599627370496 0 0 0 0 0 9007199254740992 576460752303423488 9007199254740992 0 0 0 0 0 13510798882111488 864691128455135232 13510798882111488 0 0 0 0
106 1 159 3 291 2 0 18014398509481984 1152921504606846976 18014398509481984 0 0 0 0 0 36028797018963968 2305843009213693952 36028797018963968 0 0 0 0 0 54043195528445952 3458764513820540928 54043195528445952 0 0 0 0
107 1 160 3 292 2 0 72057594037927936 4611686018427387904 72057594037927936 0 0 0 0 0 144115188075855872 9223372036854775808 144115188075855872 0 0 0 0 0 216172782113783808 13835058055282163712 216172782113783808 0 0 0 0
108 1 161 3 293 2 0 288230376151711744 0 288230376151711745 0 0 0 0 0 576460752303423488 0 576460752303423490 0 0 0 0 0 864691128455135232 0 864691128455135235 0 0 0 0
109 1 162 3 294 2 0 1152921504606846976 0 1152921504606846980 0 0 0 0 0 2305843009213693952 0 2305843009213693960 0 0 0 0 0 3458764513820540928 0 3458764513820540940 0 0 0 0
110 1 163 3 295 2 0 4611686018427387904 0 4611686018427387920 0 0 0 0 0 9223372036854775808 0 9223372036854775840 0 0 0 0 0 13835058055282163712 0 13835058055282163760 0 0 0 0
111 1 164 3 296 2 1 0 1 64 0 0 0 0 2 0 2 128 0 0 0 0 3 0 3 192 0 0 0 0
112 1 165 3 297 2 4 0 4 256 0 0 0 0 8 0 8 512 0 0 0 0 12 0 12 768 0 0 0 0
113 1 166 3 298 2 16 0 16 1024 0 0 0 0 32 0 32 2048 0 0 0 0 48 0 48 3072 0 0 0 0
114 1 167 3 299 2 64 0 64 4096 0 0 0 0 128 0 128 8192 0 0 0 0 192 0 192 12288 0 0 0 0
115 1 168 3 300 2 256 0 256 16384 0 0 0 0 512 0 512 32768 0 0 0 0 768 0 768 49152 0 0 0 0
116 1 169 3 301 2 1024 0 1024 65536 0 0 0 0 2048 0 2048 131072 0 0 0 0 3072 0 3072 196608 0 0 0 0
117 1 170 3 302 2 4096 0 4096 262144 0 0 0 0 8192 0 8192 524288 0 0 0 0 12288 0 12288 786432 0 0 0 0
118 1 171 3 303 2 16384 0 16384 1048576 0 0 0 0 32768 0 32768 2097152 0 0 0 0 49152 0 49152 3145728 0 0 0 0
119 1 172 3 304 2 65536 0 65536 4194304 0 0 0 0 131072 0 131072 8388608 0 0 0 0 196608 0 196608 12582912 0 0 0 0
120 1 173 3 305 2 262144 0 262144 16777216 0 0 0 0 524288 0 524288 33554432 0 0 0 0 786432 0 786432 50331648 0 0 0 0
121 1 174 3 306 2 1048576 0 1048576 67108864 0 0 0 0 2097152 0 2097152 134217728 0 0 0 0 3145728 0 3145728 201326592 0 0 0 0
122 1 175 3 307 2 4194304 0 4194304 268435456 0 0 0 0 8388608 0 8388608 536870912 0 0 0 0 12582912 0 12582912 805306368 0 0 0 0
123 1 176 3 308 2 16777216 0 16777216 1073741824 0 0 0 0 33554432 0 33554432 2147483648 0 0 0 0 50331648 0 50331648 3221225472 0 0 0 0
124 1 177 3 309 2 67108864 0 67108864 4294967296 0 0 0 0 134217728 0 134217728 8589934592 0 0 0 0 201326592 0 201326592 12884901888 0 0 0 0
125 1 178 3 310 2 268435456 0 268435456 17179869184 0 0 0 0 536870912 0 536870912 34359738368 0 0 0 0 805306368 0 805306368 51539607552 0 0 0 0
126 1 179 3 311 2 1073741824 0 1073741824 68719476736 0 0 0 0 2147483648 0 2147483648 137438953472 0 0 0 0 3221225472 0 3221225472 206158430208 0 0 0 0
127 1 180 3 312 2 4294967296 0 4294967296 274877906944 0 0 0 0 8589934592 0 8589934592 549755813888 0 0 0 0 12884901888 0 12884901888 824633720832 0 0 0 0
0 1 181 3 313 2 17179869184 0 17179869184 1099511627776 0 0 0 0 34359738368 0 34359738368 2199023255552 0 0 0 0 51539607552 0 51539607552 3298534883328 0 0 0 0
1 1 182 3 314 2 68719476736 0 68719476736 4398046511104 0 0 0 0 137438953472 0 137438953472 8796093022208 0 0 0 0 206158430208 0 206158430208 13194139533312 0 0 0 0
2 1 183 3 315 2 274877906944 0 274877906944 17592186044416 0 0 0 0 549755813888 0 549755813888 35184372088832 0 0 0 0 824633720832 0 824633720832 52776558133248 0 0 0 0
3 1 184 3 316 2 1099511627776 0 1099511627776 70368744177664 0 0 0 0 2199023255552 0 2199023255552 140737488355328 0 0 0 0 3298534883328 0 3298534883328 211106232532992 0 0 0 0
4 1 185 3 317 2 4398046511104 0 4398046511104 281474976710656 0 0 0 0 8796093022208 0 8796093022208 562949953421312 0 0 0 0 13194139533312 0 13194139533312 844424930131968 0 0 0 0
5 1 186 3 318 2 17592186044416 0 17592186044416 1125899906842624 0 0 0 0 35184372088832 0 35184372088832 2251799813685248 0 0 0 0 52776558133248 0 52776558133248 3377699720527872 0 0 0 0
6 1 187 3 319 2 70368744177664 0 70368744177664 4503599627370496 0 0 0 0 140737488355328 0 140737488355328 9007199254740992 0 0 0 0 211106232532992 0 211106232532992 13510798882111488 0 0 0 0
7 1 188 3 320 2 281474976710656 0 281474976710656 18014398509481984 0 0 0 0 562949953421312 0 562949953421312 36028797018963968 0 0 0 0 844424930131968 0 844424930131968 54043195528445952 0 0 0 0
8 1 189 3 321 2 1125899906842624 0 1125899906842624 72057594037927936 0 0 0 0 2251799813685248 0 2251799813685248 144115188075855872 0 0 0 0 3377699720527872 0 3377699720527872 216172782113783808 0 0 0 0
9 1 190 3 322 2 4503599627370496 0 4503599627370496 288230376151711744 0 0 0 0 9007199254740992 0 9007199254740992 576460752303423488 0 0 0 0 13510798882111488 0 13510798882111488 864691128455135232 0 0 0 0
54 3 128 1 323 1 0 0 0 0 0 0 0 0 0 0 0 0 0 0 0 0 0 0 0 0 0 0 0 0
55 3 129 1 324 1 0 0 0 0 0 0 0 0 0 0 0 0 0 0 0 0 0 0 0 0 0 0 0 0
56 3 130 1 325 1 0 0 0 0 0 0 0 0 0 0 0 0 0 0 0 0 0 0 0 0 0 0 0 0
57 3 131 1 326 1 0 0 0 0 0 0 0 0 0 0 0 0 0 0 0 0 0 0 0 0 0 0 0 0
58 3 132 1 327 1 0 0 0 0 0 0 0 0 0 0 0 0 0 0 0 0 0 0 0 0 0 0 0 0
59 3 133 1 328 1 0 0 0 0 0 0 0 0 0 0 0 0 0 0 0 0 0 0 0 0 0 0 0 0
60 3 134 1 329 1 0 0 0 0 0 0 0 0 0 0 0 0 0 0 0 0 0 0 0 0 0 0 0 0
61 3 135 1 330 1 0 0 0 0 0 0 0 0 0 0 0 0 0 0 0 0 0 0 0 0 0 0 0 0
62 3 136 1 331 1 0 0 0 0 0 0 0 0 0 0 0 0 0 0 0 0 0 0 0 0 0 0 0 0
63 3 137 1 332 1 0 0 0 0 0 0 0 0 0 0 0 0 0 0 0 0 0 0 0 0 0 0 0 0
64 3 138 1 333 1 0 0 0 0 0 0 0 0 0 0 0 0 0 0 0 0 0 0 0 0 0 0 0 0
65 3 139 1 334 1 0 0 0 0 0 0 0 0 0 0 0 0 0 0 0 0 0 0 0 0 0 0 0 0
66 3 140 1 335 1 0 0 0 0 0 0 0 0 0 0 0 0 0 0 0 0 0 0 0 0 0 0 0 0
67 3 141 1 336 1 0 0 0 0 0 0 0 0 0 0 0 0 0 0 0 0 0 0 0 0 0 0 0 0
68 3 142 1 337 1 0 0 0 0 0 0 0 0 0 0 0 0 0 0 0 0 0 0 0 0 0 0 0 0
69 3 143 1 338 1 0 0 0 0 0 0 0 0 0 0 0 0 0 0 0 0 0 0 0 0 0 0 0 0
70 3 144 1 339 1 0 0 0 0 0 0 0 0 0 0 0 0 0 0 0 0 0 0 0 0 0 0 0 0
71 3 145 1 340 1 0 0 0 0 0 0 0 0 0 0 0 0 0 0 0 0 0 0 0 0 0 0 0 0
72 3 146 1 341 1 0 0 0 0 0 0 0 0 0 0 0 0 0 0 0 0 0 0 0 0 0 0 0 0
73 3 147 1 342 1 0 0 0 0 0 0 0 0 0 0 0 0 0 0 0 0 0 0 0 0 0 0 0 0
74 3 148 1 343 1 0 0 0 0 0 0 0 0 0 0 0 0 0 0 0 0 0 0 0 0 0 0 0 0
75 3 149 1 344 1 0 0 0 0 0 0 0 0 0 0 0 0 0 0 0 0 0 0 0 0 0 0 0 0
76 3 150 1 345 1 0 0 0 0 0 0 0 0 0 0 0 0 0 0 0 0 0 0 0 0 0 0 0 0
77 3 151 1 346 1 0 0 0 0 0 0 0 0 0 0 0 0 0 0 0 0 0 0 0 0 0 0 0 0
78 3 152 1 347 1 0 0 0 0 0 0 0 0 0 0 0 0 0 0 0 0 0 0 0 0 0 0 0 0
79 3 153 1 348 1 0 0 0 0 0 0 0 0 0 0 0 0 0 0 0 0 0 0 0 0 0 0 0 0
80 3 154 1 349 1 0 0 0 0 0 0 0 0 0 0 0 0 0 0 0 0 0 0 0 0 0 0 0 0
81 3 155 1 350 1 0 0 0 0 0 0 0 0 0 0 0 0 0 0 0 0 0 0 0 0 0 0 0 0
82 3 156 1 351 1 0 0 0 0 0 0 0 0 0 0 0 0 0 0 0 0 0 0 0 0 0 0 0 0
83 3 157 1 352 1 0 0 0 0 0 0 0 0 0 0 0 0 0 0 0 0 0 0 0 0 0 0 0 0
84 3 158 1 353 1 0 0 0 0 0 0 0 0 0 0 0 0 0 0 0 0 0 0 0 0 0 0 0 0
85 3 159 1 354 1 0 0 0 0 0 0 0 0 0 0 0 0 0 0 0 0 0 0 0 0 0 0 0 0
86 3 160 1 355 1 0 0 0 0 0 0 0 0 0 0 0 0 0 0 0 0 0 0 0 0 0 0 0 0
87 3 161 1 356 1 0 0 0 0 0 0 0 0 0 0 0 0 0 0 0 0 0 0 0 0 0 0 0 0
88 3 162 1 357 1 0 0 0 0 0 0 0 0 0 0 0 0 0 0 0 0 0 0 0 0 0 0 0 0
89 3 163 1 358 1 0 0 0 0 0 0 0 0 0 0 0 0 0 0 0 0 0 0 0 0 0 0 0 0
90 3 164 1 359 1 0 0 0 0 0 0 0 0 0 0 0 0 0 0 0 0 0 0 0 0 0 0 0 0
91 3 165 1 360 1 0 0 0 0 0 0 0 0 0 0 0 0 0 0 0 0 0 0 0 0 0 0 0 0
92 3 166 1 361 1 0 0 0 0 0 0 0 0 0 0 0 0 0 0 0 0 0 0 0 0 0 0 0 0
93 3 167 1 362 1 0 0 0 0 0 0 0 0 0 0 0 0 0 0 0 0 0 0 0 0 0 0 0 0
94 3 168 1 363 1 0 0 0 0 0 0 0 0 0 0 0 0 0 0 0 0 0 0 0 0 0 0 0 0
95 3 169 1 364 1 0 0 0 0 0 0 0 0 0 0 0 0 0 0 0 0 0 0 0 0 0 0 0 0
96 3 170 1 365 1 0 0 0 0 0 0 0 0 0 0 0 0 0 0 0 0 0 0 0 0 0 0 0 0
97 3 171 1 366 1 0 0 0 0 0 0 0 0 0 0 0 0 0 0 0 0 0 0 0 0 0 0 0 0
98 3 172 1 367 1 0 0 0 0 0 0 0 0 0 0 0 0 0 0 0 0 0 0 0 0 0 0 0 0
99 3 173 1 368 1 0 0 0 0 0 0 0 0 0 0 0 0 0 0 0 0 0 0 0 0 0 0 0 0
100 3 174 1 369 1 0 0 0 0 0 0 0 0 0 0 0 0 0 0 0 0 0 0 0 0 0 0 0 0
101 3 175 1 370 1 0 0 0 0 0 0 0 0 0 0 0 0 0 0 0 0 0 0 0 0 0 0 0 0
102 3 176 1 371 1 0 0 0 0 0 0 0 0 0 0 0 0 0 0 0 0 0 0 0 0 0 0 0 0
103 3 177 1 372 1 0 0 0 0 0 0 0 0 0 0 0 0 0 0 0 0 0 0 0 0 0 0 0 0
104 3 178 1 373 1 0 0 0 0 0 0 0 0 0 0 0 0 0 0 0 0 0 0 0 0 0 0 0 0
105 3 179 1 374 1 0 0 0 0 0 0 0 0 0 0 0 0 0 0 0 0 0 0 0 0 0 0 0 0
106 3 180 1 375 1 0 0 0 0 0 0 0 0 0 0 0 0 0 0 0 0 0 0 0 0 0 0 0 0
107 3 181 1 376 1 0 0 0 0 0 0 0 0 0 0 0 0 0 0 0 0 0 0 0 0 0 0 0 0
108 3 182 1 377 1 0 0 0 0 0 0 0 0 0 0 0 0 0 0 0 0 0 0 0 0 0 0 0 0
109 3 183 1 378 1 0 0 0 0 0 0 0 0 0 0 0 0 0 0 0 0 0 0 0 0 0 0 0 0
110 3 184 1 379 1 0 0 0 0 0 0 0 0 0 0 0 0 0 0 0 0 0 0 0 0 0 0 0 0
111 3 185 1 380 1 0 0 0 0 0 0 0 0 0 0 0 0 0 0 0 0 0 0 0 0 0 0 0 0
112 3 186 1 381 1 0 0 0 0 0 0 0 0 0 0 0 0 0 0 0 0 0 0 0 0 0 0 0 0
113 3 187 1 382 1 0 0 0 0 0 0 0 0 0 0 0 0 0 0 0 0 0 0 0 0 0 0 0 0
114 3 188 1 383 1 0 0 0 0 0 0 0 0 0 0 0 0 0 0 0 0 0 0 0 0 0 0 0 0
115 3 189 1 256 1 0 0 0 0 0 0 0 0 0 0 0 0 0 0 0 0 0 0 0 0 0 0 0 0
116 3 190 1 257 1 0 0 0 0 0 0 0 0 0 0 0 0 0 0 0 0 0 0 0 0 0 0 0 0
117 3 191 1 258 1 0 0 0 0 0 0 0 0 0 0 0 0 0 0 0 0 0 0 0 0 0 0 0 0
118 3 192 1 259 1 0 0 0 0 0 0 0 0 0 0 0 0 0 0 0 0 0 0 0 0 0 0 0 0
119 3 193 1 260 1 0 0 0 0 0 0 0 0 0 0 0 0 0 0 0 0 0 0 0 0 0 0 0 0
120 3 194 1 261 1 0 0 0 0 0 0 0 0 0 0 0 0 0 0 0 0 0 0 0 0 0 0 0 0
121 3 195 1 262 1 0 0 0 0 0 0 0 0 0 0 0 0 0 0 0 0 0 0 0 0 0 0 0 0
122 3 196 1 263 1 0 0 0 0 0 0 0 0 0 0 0 0 0 0 0 0 0 0 0 0 0 0 0 0
123 3 197 1 264 1 0 0 0 0 0 0 0 0 0 0 0 0 0 0 0 0 0 0 0 0 0 0 0 0
124 3 198 1 265 1 0 0 0 0 0 0 0 0 0 0 0 0 0 0 0 0 0 0 0 0 0 0 0 0
125 3 199 1 266 1 0 0 0 0 0 0 0 0 0 0 0 0 0 0 0 0 0 0 0 0 0 0 0 0
126 3 200 1 267 1 0 0 0 0 0 0 0 0 0 0 0 0 0 0 0 0 0 0 0 0 0 0 0 0
127 3 201 1 268 1 0 0 0 0 0 0 0 0 0 0 0 0 0 0 0 0 0 0 0 0 0 0 0 0
0 3 202 1 269 1 0 0 0 0 0 0 0 0 0 0 0 0 0 0 0 0 0 0 0 0 0 0 0 0
1 3 203 1 270 1 0 0 0 0 0 0 0 0 0 0 0 0 0 0 0 0 0 0 0 0 0 0 0 0
2 3 204 1 271 1 0 0 0 0 0 0 0 0 0 0 0 0 0 0 0 0 0 0 0 0 0 0 0 0
3 3 205 1 272 1 0 0 0 0 0 0 0 0 0 0 0 0 0 0 0 0 0 0 0 0 0 0 0 0
4 3 206 1 273 1 0 0 0 0 0 0 0 0 0 0 0 0 0 0 0 0 0 0 0 0 0 0 0 0
5 3 207 1 274 1 0 0 0 0 0 0 0 0 0 0 0 0 0 0 0 0 0 0 0 0 0 0 0 0
6 3 208 1 275 1 0 0 0 0 0 0 0 0 0 0 0 0 0 0 0 0 0 0 0 0 0 0 0 0
7 3 209 1 276 1 0 0 0 0 0 0 0 0 0 0 0 0 0 0 0 0 0 0 0 0 0 0 0 0
8 3 210 1 277 1 0 0 0 0 0 0 0 0 0 0 0 0 0 0 0 0 0 0 0 0 0 0 0 0
9 3 211 1 278 1 0 0 0 0 0 0 0 0 0 0 0 0 0 0 0 0 0 0 0 0 0 0 0 0
10 3 212 1 279 1 0 0 0 0 0 0 0 0 0 0 0 0 0 0 0 0 0 0 0 0 0 0 0 0
11 3 213 1 280 1 0 0 0 0 0 0 0 0 0 0 0 0 0 0 0 0 0 0 0 0 0 0 0 0
12 3 214 1 281 1 0 0 0 0 0 0 0 0 0 0 0 0 0 0 0 0 0 0 0 0 0 0 0 0
13 3 215 1 282 1 0 0 0 0 0 0 0 0 0 0 0 0 0 0 0 0 0 0 0 0 0 0 0 0
14 3 216 1 283 1 0 0 0 0 0 0 0 0 0 0 0 0 0 0 0 0 0 0 0 0 0 0 0 0
15 3 217 1 284 1 0 0 0 0 0 0 0 0 0 0 0 0 0 0 0 0 0 0 0 0 0 0 0 0
16 3 218 1 285 1 0 0 0 0 0 0 0 0 0 0 0 0 0 0 0 0 0 0 0 0 0 0 0 0
17 3 219 1 286 1 0 0 0 0 0 0 0 0 0 0 0 0 0 0 0 0 0 0 0 0 0 0 0 0
18 3 220 1 287 1 0 0 0 0 0 0 0 0 0 0 0 0 0 0 0 0 0 0 0 0 0 0 0 0
19 3 221 1 288 1 0 0 0 0 0 0 0 0 0 0 0 0 0 0 0 0 0 0 0 0 0 0 0 0
20 3 222 1 289 1 0 0 0 0 0 0 0 0 0 0 0 0 0 0 0 0 0 0 0 0 0 0 0 0
21 3 223 1 290 1 0 0 0 0 0 0 0 0 0 0 0 0 0 0 0 0 0 0 0 0 0 0 0 0
22 3 224 1 291 1 0 0 0 0 0 0 0 0 0 0 0 0 0 0 0 0 0 0 0 0 0 0 0 0
23 3 225 1 292 1 0 0 0 0 0 0 0 0 0 0 0 0 0 0 0 0 0 0 0 0 0 0 0 0
24 3 226 1 293 1 0 0 0 0 0 0 0 0 0 0 0 0 0 0 0 0 0 0 0 0 0 0 0 0
25 3 227 1 294 1 0 0 0 0 0 0 0 0 0 0 0 0 0 0 0 0 0 0 0 0 0 0 0 0
26 3 228 1 295 1 0 0 0 0 0 0 0 0 0 0 0 0 0 0 0 0 0 0 0 0 0 0 0 0
27 3 229 1 296 1 0 0 0 0 0 0 0 0 0 0 0 0 0 0 0 0 0 0 0 0 0 0 0 0
28 3 230 1 297 1 0 0 0 0 0 0 0 0 0 0 0 0 0 0 0 0 0 0 0 0 0 0 0 0
29 3 231 1 298 1 0 0 0 0 0 0 0 0 0 0 0 0 0 0 0 0 0 0 0 0 0 0 0 0
30 3 232 1 299 1 0 0 0 0 0 0 0 0 0 0 0 0 0 0 0 0 0 0 0 0 0 0 0 0
31 3 233 1 300 1 0 0 0 0 0 0 0 0 0 0 0 0 0 0 0 0 0 0 0 0 0 0 0 0
32 3 234 1 301 1 0 0 0 0 0 0 0 0 0 0 0 0 0 0 0 0 0 0 0 0 0 0 0 0
33 3 235 1 302 1 0 0 0 0 0 0 0 0 0 0 0 0 0 0 0 0 0 0 0 0 0 0 0 0
34 3 236 1 303 1 0 0 0 0 0 0 0 0 0 0 0 0 0 0 0 0 0 0 0 0 0 0 0 0
35 3 237 1 304 1 0 0 0 0 0 0 0 0 0 0 0 0 0 0 0 0 0 0 0 0 0 0 0 0
36 3 238 1 305 1 0 0 0 0 0 0 0 0 0 0 0 0 0 0 0 0 0 0 0 0 0 0 0 0
37 3 239 1 306 1 0 0 0 0 0 0 0 0 0 0 0 0 0 0 0 0 0 0 0 0 0 0 0 0
38 3 240 1 307 1 0 0 0 0 0 0 0 0 0 0 0 0 0 0 0 0 0 0 0 0 0 0 0 0
39 3 241 1 308 1 0 0 0 0 0 0 0 0 0 0 0 0 0 0 0 0 0 0 0 0 0 0 0 0
40 3 242 1 309 1 0 0 0 0 0 0 0 0 0 0 0 0 0 0 0 0 0 0 0 0 0 0 0 0
41 3 243 1 310 1 0 0 0 0 0 0 0 0 0 0 0 0 0 0 0 0 0 0 0 0 0 0 0 0
42 3 244 1 311 1 0 0 0 0 0 0 0 0 0 0 0 0 0 0 0 0 0 0 0 0 0 0 0 0
43 3 245 1 312 1 0 0 0 0 0 0 0 0 0 0 0 0 0 0 0 0 0 0 0 0 0 0 0 0
44 3 246 1 313 1 0 0 0 0 0 0 0 0 0 0 0 0 0 0 0 0 0 0 0 0 0 0 0 0
45 3 247 1 314 1 0 0 0 0 0 0 0 0 0 0 0 0 0 0 0 0 0 0 0 0 0 0 0 0
46 3 248 1 315 1 0 0 0 0 0 0 0 0 0 0 0 0 0 0 0 0 0 0 0 0 0 0 0 0
47 3 249 1 316 1 0 0 0 0 0 0 0 0 0 0 0 0 0 0 0 0 0 0 0 0 0 0 0 0
48 3 250 1 317 1 0 0 0 0 0 0 0 0 0 0 0 0 0 0 0 0 0 0 0 0 0 0 0 0
49 3 251 1 318 1 0 0 0 0 0 0 0 0 0 0 0 0 0 0 0 0 0 0 0 0 0 0 0 0
50 3 252 1 319 1 0 0 0 0 0 0 0 0 0 0 0 0 0 0 0 0 0 0 0 0 0 0 0 0
51 3 253 1 320 1 0 0 0 0 0 0 0 0 0 0 0 0 0 0 0 0 0 0 0 0 0 0 0 0
52 3 254 1 321 1 0 0 0 0 0 0 0 0 0 0 0 0 0 0 0 0 0 0 0 0 0 0 0 0
53 3 255 1 322 1 0 0 0 0 0 0 0 0 0 0 0 0 0 0 0 0 0 0 0 0 0 0 0 0
0 1 233 2 267 3 0 0 0 0 0 0 0 0 0 0 0 0 0 0 0 0 0 0 0 0 0 0 0 0
1 1 234 2 268 3 0 0 0 0 0 0 0 0 0 0 0 0 0 0 0 0 0 0 0 0 0 0 0 0
2 1 235 2 269 3 0 0 0 0 0 0 0 0 0 0 0 0 0 0 0 0 0 0 0 0 0 0 0 0
3 1 236 2 270 3 0 0 0 0 0 0 0 0 0 0 0 0 0 0 0 0 0 0 0 0 0 0 0 0
4 1 237 2 271 3 0 0 0 0 0 0 0 0 0 0 0 0 0 0 0 0 0 0 0 0 0 0 0 0
5 1 238 2 272 3 0 0 0 0 0 0 0 0 0 0 0 0 0 0 0 0 0 0 0 0 0 0 0 0
6 1 239 2 273 3 0 0 0 0 0 0 0 0 0 0 0 0 0 0 0 0 0 0 0 0 0 0 0 0
7 1 240 2 274 3 0 0 0 0 0 0 0 0 0 0 0 0 0 0 0 0 0 0 0 0 0 0 0 0
8 1 241 2 275 3 0 0 0 0 0 0 0 0 0 0 0 0 0 0 0 0 0 0 0 0 0 0 0 0
9 1 242 2 276 3 0 0 0 0 0 0 0 0 0 0 0 0 0 0 0 0 0 0 0 0 0 0 0 0
10 1 243 2 277 3 0 0 0 0 0 0 0 0 0 0 0 0 0 0 0 0 0 0 0 0 0 0 0 0
11 1 244 2 278 3 0 0 0 0 0 0 0 0 0 0 0 0 0 0 0 0 0 0 0 0 0 0 0 0
12 1 245 2 279 3 0 0 0 0 0 0 0 0 0 0 0 0 0 0 0 0 0 0 0 0 0 0 0 0
13 1 246 2 280 3 0 0 0 0 0 0 0 0 0 0 0 0 0 0 0 0 0 0 0 0 0 0 0 0
14 1 247 2 281 3 0 0 0 0 0 0 0 0 0 0 0 0 0 0 0 0 0 0 0 0 0 0 0 0
15 1 248 2 282 3 0 0 0 0 0 0 0 0 0 0 0 0 0 0 0 0 0 0 0 0 0 0 0 0
16 1 249 2 283 3 0 0 0 0 0 0 0 0 0 0 0 0 0 0 0 0 0 0 0 0 0 0 0 0
17 1 250 2 284 3 0 0 0 0 0 0 0 0 0 0 0 0 0 0 0 0 0 0 0 0 0 0 0 0
18 1 251 2 285 3 0 0 0 0 0 0 0 0 0 0 0 0 0 0 0 0 0 0 0 0 0 0 0 0
19 1 252 2 286 3 0 0 0 0 0 0 0 0 0 0 0 0 0 0 0 0 0 0 0 0 0 0 0 0
20 1 253 2 287 3 0 0 0 0 0 0 0 0 0 0 0 0 0 0 0 0 0 0 0 0 0 0 0 0
21 1 254 2 288 3 0 0 0 0 0 0 0 0 0 0 0 0 0 0 0 0 0 0 0 0 0 0 0 0
22 1 255 2 289 3 0 0 0 0 0 0 0 0 0 0 0 0 0 0 0 0 0 0 0 0 0 0 0 0
23 1 128 2 290 3 0 0 0 0 0 0 0 0 0 0 0 0 0 0 0 0 0 0 0 0 0 0 0 0
24 1 129 2 291 3 0 0 0 0 0 0 0 0 0 0 0 0 0 0 0 0 0 0 0 0 0 0 0 0
25 1 130 2 292 3 0 0 0 0 0 0 0 0 0 0 0 0 0 0 0 0 0 0 0 0 0 0 0 0
26 1 131 2 293 3 0 0 0 0 0 0 0 0 0 0 0 0 0 0 0 0 0 0 0 0 0 0 0 0
27 1 132 2 294 3 0 0 0 0 0 0 0 0 0 0 0 0 0 0 0 0 0 0 0 0 0 0 0 0
28 1 133 2 295 3 0 0 0 0 0 0 0 0 0 0 0 0 0 0 0 0 0 0 0 0 0 0 0 0
29 1 134 2 296 3 0 0 0 0 0 0 0 0 0 0 0 0 0 0 0 0 0 0 0 0 0 0 0 0
30 1 135 2 297 3 0 0 0 0 0 0 0 0 0 0 0 0 0 0 0 0 0 0 0 0 0 0 0 0
31 1 136 2 298 3 0 0 0 0 0 0 0 0 0 0 0 0 0 0 0 0 0 0 0 0 0 0 0 0
32 1 137 2 299 3 0 0 0 0 0 0 0 0 0 0 0 0 0 0 0 0 0 0 0 0 0 0 0 0
33 1 138 2 300 3 0 0 0 0 0 0 0 0 0 0 0 0 0 0 0 0 0 0 0 0 0 0 0 0
34 1 139 2 301 3 0 0 0 0 0 0 0 0 0 0 0 0 0 0 0 0 0 0 0 0 0 0 0 0
35 1 140 2 302 3 0 0 0 0 0 0 0 0 0 0 0 0 0 0 0 0 0 0 0 0 0 0 0 0
36 1 141 2 303 3 0 0 0 0 0 0 0 0 0 0 0 0 0 0 0 0 0 0 0 0 0 0 0 0
37 1 142 2 304 3 0 0 0 0 0 0 0 0 0 0 0 0 0 0 0 0 0 0 0 0 0 0 0 0
38 1 143 2 305 3 0 0 0 0 0 0 0 0 0 0 0 0 0 0 0 0 0 0 0 0 0 0 0 0
39 1 144 2 306 3 0 0 0 0 0 0 0 0 0 0 0 0 0 0 0 0 0 0 0 0 0 0 0 0
40 1 145 2 307 3 0 0 0 0 0 0 0 0 0 0 0 0 0 0 0 0 0 0 0 0 0 0 0 0
41 1 146 2 308 3 0 0 0 0 0 0 0 0 0 0 0 0 0 0 0 0 0 0 0 0 0 0 0 0
42 1 147 2 309 3 0 0 0 0 0 0 0 0 0 0 0 0 0 0 0 0 0 0 0 0 0 0 0 0
43 1 148 2 310 3 0 0 0 0 0 0 0 0 0 0 0 0 0 0 0 0 0 0 0 0 0 0 0 0
44 1 149 2 311 3 0 0 0 0 0 0 0 0 0 0 0 0 0 0 0 0 0 0 0 0 0 0 0 0
45 1 150 2 312 3 0 0 0 0 0 0 0 0 0 0 0 0 0 0 0 0 0 0 0 0 0 0 0 0
46 1 151 2 313 3 0 0 0 0 0 0 0 0 0 0 0 0 0 0 0 0 0 0 0 0 0 0 0 0
47 1 152 2 314 3 0 0 0 0 0 0 0 0 0 0 0 0 0 0 0 0 0 0 0 0 0 0 0 0
48 1 153 2 315 3 0 0 0 0 0 0 0 0 0 0 0 0 0 0 0 0 0 0 0 0 0 0 0 0
49 1 154 2 316 3 0 0 0 0 0 0 0 0 0 0 0 0 0 0 0 0 0 0 0 0 0 0 0 0
50 1 155 2 317 3 0 0 0 0 0 0 0 0 0 0 0 0 0 0 0 0 0 0 0 0 0 0 0 0
51 1 156 2 318 3 0 0 0 0 0 0 0 0 0 0 0 0 0 0 0 0 0 0 0 0 0 0 0 0
52 1 157 2 319 3 0 0 0 0 0 0 0 0 0 0 0 0 0 0 0 0 0 0 0 0 0 0 0 0
53 1 158 2 320 3 0 0 0 0 0 0 0 0 0 0 0 0 0 0 0 0 0 0 0 0 0 0 0 0
54 1 159 2 321 3 0 0 0 0 0 0 0 0 0 0 0 0 0 0 0 0 0 0 0 0 0 0 0 0
55 1 160 2 322 3 0 0 0 0 0 0 0 0 0 0 0 0 0 0 0 0 0 0 0 0 0 0 0 0
56 1 161 2 323 3 0 0 0 0 0 0 0 0 0 0 0 0 0 0 0 0 0 0 0 0 0 0 0 0
57 1 162 2 324 3 0 0 0 0 0 0 0 0 0 0 0 0 0 0 0 0 0 0 0 0 0 0 0 0
58 1 163 2 325 3 0 0 0 0 0 0 0 0 0 0 0 0 0 0 0 0 0 0 0 0 0 0 0 0
59 1 164 2 326 3 0 0 0 0 0 0 0 0 0 0 0 0 0 0 0 0 0 0 0 0 0 0 0 0
60 1 165 2 327 3 0 0 0 0 0 0 0 0 0 0 0 0 0 0 0 0 0 0 0 0 0 0 0 0
61 1 166 2 328 3 0 0 0 0 0 0 0 0 0 0 0 0 0 0 0 0 0 0 0 0 0 0 0 0
62 1 167 2 329 3 0 0 0 0 0 0 0 0 0 0 0 0 0 0 0 0 0 0 0 0 0 0 0 0
63 1 168 2 330 3 0 0 0 0 0 0 0 0 0 0 0 0 0 0 0 0 0 0 0 0 0 0 0 0
64 1 169 2 331 3 0 0 0 0 0 0 0 0 0 0 0 0 0 0 0 0 0 0 0 0 0 0 0 0
65 1 170 2 332 3 0 0 0 0 0 0 0 0 0 0 0 0 0 0 0 0 0 0 0 0 0 0 0 0
66 1 171 2 333 3 0 0 0 0 0 0 0 0 0 0 0 0 0 0 0 0 0 0 0 0 0 0 0 0
67 1 172 2 334 3 0 0 0 0 0 0 0 0 0 0 0 0 0 0 0 0 0 0 0 0 0 0 0 0
68 1 173 2 335 3 0 0 0 0 0 0 0 0 0 0 0 0 0 0 0 0 0 0 0 0 0 0 0 0
69 1 174 2 336 3 0 0 0 0 0 0 0 0 0 0 0 0 0 0 0 0 0 0 0 0 0 0 0 0
70 1 175 2 337 3 0 0 0 0 0 0 0 0 0 0 0 0 0 0 0 0 0 0 0 0 0 0 0 0
71 1 176 2 338 3 0 0 0 0 0 0 0 0 0 0 0 0 0 0 0 0 0 0 0 0 0 0 0 0
72 1 177 2 339 3 0 0 0 0 0 0 0 0 0 0 0 0 0 0 0 0 0 0 0 0 0 0 0 0
73 1 178 2 340 3 0 0 0 0 0 0 0 0 0 0 0 0 0 0 0 0 0 0 0 0 0 0 0 0
74 1 179 2 341 3 0 0 0 0 0 0 0 0 0 0 0 0 0 0 0 0 0 0 0 0 0 0 0 0
75 1 180 2 342 3 0 0 0 0 0 0 0 0 0 0 0 0 0 0 0 0 0 0 0 0 0 0 0 0
76 1 181 2 343 3 0 0 0 0 0 0 0 0 0 0 0 0 0 0 0 0 0 0 0 0 0 0 0 0
77 1 182 2 344 3 0 0 0 0 0 0 0 0 0 0 0 0 0 0 0 0 0 0 0 0 0 0 0 0
78 1 183 2 345 3 0 0 0 0 0 0 0 0 0 0 0 0 0 0 0 0 0 0 0 0 0 0 0 0
79 1 184 2 346 3 0 0 0 0 0 0 0 0 0 0 0 0 0 0 0 0 0 0 0 0 0 0 0 0
80 1 185 2 347 3 0 0 0 0 0 0 0 0 0 0 0 0 0 0 0 0 0 0 0 0 0 0 0 0
81 1 186 2 348 3 0 0 0 0 0 0 0 0 0 0 0 0 0 0 0 0 0 0 0 0 0 0 0 0
82 1 187 2 349 3 0 0 0 0 0 0 0 0 0 0 0 0 0 0 0 0 0 0 0 0 0 0 0 0
83 1 188 2 350 3 0 0 0 0 0 0 0 0 0 0 0 0 0 0 0 0 0 0 0 0 0 0 0 0
84 1 189 2 351 3 0 0 0 0 0 0 0 0 0 0 0 0 0 0 0 0 0 0 0 0 0 0 0 0
85 1 190 2 352 3 0 0 0 0 0 0 0 0 0 0 0 0 0 0 0 0 0 0 0 0 0 0 0 0
86 1 191 2 353 3 0 0 0 0 0 0 0 0 0 0 0 0 0 0 0 0 0 0 0 0 0 0 0 0
87 1 192 2 354 3 0 0 0 0 0 0 0 0 0 0 0 0 0 0 0 0 0 0 0 0 0 0 0 0
88 1 193 2 355 3 0 0 0 0 0 0 0 0 0 0 0 0 0 0 0 0 0 0 0 0 0 0 0 0
89 1 194 2 356 3 0 0 0 0 0 0 0 0 0 0 0 0 0 0 0 0 0 0 0 0 0 0 0 0
90 1 195 2 357 3 0 0 0 0 0 0 0 0 0 0 0 0 0 0 0 0 0 0 0 0 0 0 0 0
91 1 196 2 358 3 0 0 0 0 0 0 0 0 0 0 0 0 0 0 0 0 0 0 0 0 0 0 0 0
92 1 197 2 359 3 0 0 0 0 0 0 0 0 0 0 0 0 0 0 0 0 0 0 0 0 0 0 0 0
93 1 198 2 360 3 0 0 0 0 0 0 0 0 0 0 0 0 0 0 0 0 0 0 0 0 0 0 0 0
94 1 199 2 361 3 0 0 0 0 0 0 0 0 0 0 0 0 0 0 0 0 0 0 0 0 0 0 0 0
95 1 200 2 362 3 0 0 0 0 0 0 0 0 0 0 0 0 0 0 0 0 0 0 0 0 0 0 0 0
96 1 201 2 363 3 0 0 0 0 0 0 0 0 0 0 0 0 0 0 0 0 0 0 0 0 0 0 0 0
97 1 202 2 364 3 0 0 0 0 0 0 0 0 0 0 0 0 0 0 0 0 0 0 0 0 0 0 0 0
98 1 203 2 365 3 0 0 0 0 0 0 0 0 0 0 0 0 0 0 0 0 0 0 0 0 0 0 0 0
99 1 204 2 366 3 0 0 0 0 0 0 0 0 0 0 0 0 0 0 0 0 0 0 0 0 0 0 0 0
100 1 205 2 367 3 0 0 0 0 0 0 0 0 0 0 0 0 0 0 0 0 0 0 0 0 0 0 0 0
101 1 206 2 368 3 0 0 0 0 0 0 0 0 0 0 0 0 0 0 0 0 0 0 0 0 0 0 0 0
102 1 207 2 369 3 0 0 0 0 0 0 0 0 0 0 0 0 0 0 0 0 0 0 0 0 0 0 0 0
103 1 208 2 370 3 0 0 0 0 0 0 0 0 0 0 0 0 0 0 0 0 0 0 0 0 0 0 0 0
104 1 209 2 371 3 0 0 0 0 0 0 0 0 0 0 0 0 0 0 0 0 0 0 0 0 0 0 0 0
105 1 210 2 372 3 0 0 0 0 0 0 0 0 0 0 0 0 0 0 0 0 0 0 0 0 0 0 0 0
106 1 211 2 373 3 0 0 0 0 0 0 0 0 0 0 0 0 0 0 0 0 0 0 0 0 0 0 0 0
107 1 212 2 374 3 0 0 0 0 0 0 0 0 0 0 0 0 0 0 0 0 0 0 0 0 0 0 0 0
108 1 213 2 375 3 0 0 0 0 0 0 0 0 0 0 0 0 0 0 0 0 0 0 0 0 0 0 0 0
109 1 214 2 376 3 0 0 0 0 0 0 0 0 0 0 0 0 0 0 0 0 0 0 0 0 0 0 0 0
110 1 215 2 377 3 0 0 0 0 0 0 0 0 0 0 0 0 0 0 0 0 0 0 0 0 0 0 0 0
111 1 216 2 378 3 0 0 0 0 0 0 0 0 0 0 0 0 0 0 0 0 0 0 0 0 0 0 0 0
112 1 217 2 379 3 0 0 0 0 0 0 0 0 0 0 0 0 0 0 0 0 0 0 0 0 0 0 0 0
113 1 218 2 380 3 0 0 0 0 0 0 0 0 0 0 0 0 0 0 0 0 0 0 0 0 0 0 0 0
114 1 219 2 381 3 0 0 0 0 0 0 0 0 0 0 0 0 0 0 0 0 0 0 0 0 0 0 0 0
115 1 220 2 382 3 0 0 0 0 0 0 0 0 0 0 0 0 0 0 0 0 0 0 0 0 0 0 0 0
116 1 221 2 383 3 0 0 0 0 0 0 0 0 0 0 0 0 0 0 0 0 0 0 0 0 0 0 0 0
117 1 222 2 256 3 0 0 0 0 0 0 0 0 0 0 0 0 0 0 0 0 0 0 0 0 0 0 0 0
118 1 223 2 257 3 0 0 0 0 0 0 0 0 0 0 0 0 0 0 0 0 0 0 0 0 0 0 0 0
119 1 224 2 258 3 0 0 0 0 0 0 0 0 0 0 0 0 0 0 0 0 0 0 0 0 0 0 0 0
120 1 225 2 259 3 0 0 0 0 0 0 0 0 0 0 0 0 0 0 0 0 0 0 0 0 0 0 0 0
121 1 226 2 260 3 0 0 0 0 0 0 0 0 0 0 0 0 0 0 0 0 0 0 0 0 0 0 0 0
122 1 227 2 261 3 0 0 0 0 0 0 0 0 0 0 0 0 0 0 0 0 0 0 0 0 0 0 0 0
123 1 228 2 262 3 0 0 0 0 0 0 0 0 0 0 0 0 0 0 0 0 0 0 0 0 0 0 0 0
124 1 229 2 263 3 0 0 0 0 0 0 0 0 0 0 0 0 0 0 0 0 0 0 0 0 0 0 0 0
125 1 230 2 264 3 0 0 0 0 0 0 0 0 0 0 0 0 0 0 0 0 0 0 0 0 0 0 0 0
126 1 231 2 265 3 0 0 0 0 0 0 0 0 0 0 0 0 0 0 0 0 0 0 0 0 0 0 0 0
127 1 232 2 266 3 0 0 0 0 0 0 0 0 0 0 0 0 0 0 0 0 0 0 0 0 0 0 0 0
10 1 220 3 288 2 0 0 0 0 18014398509481984 0 18014398509481984 1152921504606846976 0 0 0 0 36028797018963968 0 36028797018963968 2305843009213693952 0 0 0 0 54043195528445952 0 54043195528445952 3458764513820540928
11 1 221 3 289 2 0 0 0 0 72057594037927936 0 72057594037927936 4611686018427387904 0 0 0 0 144115188075855872 0 144115188075855872 9223372036854775808 0 0 0 0 216172782113783808 0 216172782113783808 13835058055282163712
12 1 222 3 290 2 0 0 0 0 288230376151711745 0 288230376151711744 0 0 0 0 0 576460752303423490 0 576460752303423488 0 0 0 0 0 864691128455135235 0 864691128455135232 0
13 1 223 3 291 2 0 0 0 0 1152921504606846980 0 1152921504606846976 0 0 0 0 0 2305843009213693960 0 2305843009213693952 0 0 0 0 0 3458764513820540940 0 3458764513820540928 0
14 1 224 3 292 2 0 0 0 0 4611686018427387920 0 4611686018427387904 0 0 0 0 0 9223372036854775840 0 9223372036854775808 0 0 0 0 0 13835058055282163760 0 13835058055282163712 0
15 1 225 3 293 2 0 0 0 0 64 1 0 1 0 0 0 0 128 2 0 2 0 0 0 0 192 3 0 3
16 1 226 3 294 2 0 0 0 0 256 4 0 4 0 0 0 0 512 8 0 8 0 0 0 0 768 12 0 12
17 1 227 3 295 2 0 0 0 0 1024 16 0 16 0 0 0 0 2048 32 0 32 0 0 0 0 3072 48 0 48
18 1 228 3 296 2 0 0 0 0 4096 64 0 64 0 0 0 0 8192 128 0 128 0 0 0 0 12288 192 0 192
19 1 229 3 297 2 0 0 0 0 16384 256 0 256 0 0 0 0 32768 512 0 512 0 0 0 0 49152 768 0 768
20 1 230 3 298 2 0 0 0 0 65536 1024 0 1024 0 0 0 0 131072 2048 0 2048 0 0 0 0 196608 3072 0 3072
21 1 231 3 299 2 0 0 0 0 262144 4096 0 4096 0 0 0 0 524288 8192 0 8192 0 0 0 0 786432 12288 0 12288
22 1 232 3 300 2 0 0 0 0 1048576 16384 0 16384 0 0 0 0 2097152 32768 0 32768 0 0 0 0 3145728 49152 0 49152
23 1 233 3 301 2 0 0 0 0 4194304 65536 0 65536 0 0 0 0 8388608 131072 0 131072 0 0 0 0 12582912 196608 0 196608
24 1 234 3 302 2 0 0 0 0 16777216 262144 0 262144 0 0 0 0 33554432 524288 0 524288 0 0 0 0 50331648 786432 0 786432
25 1 235 3 303 2 0 0 0 0 67108864 1048576 0 1048576 0 0 0 0 134217728 2097152 0 2097152 0 0 0 0 201326592 3145728 0 3145728
26 1 236 3 304 2 0 0 0 0 268435456 4194304 0 4194304 0 0 0 0 536870912 8388608 0 8388608 0 0 0 0 805306368 12582912 0 12582912
27 1 237 3 305 2 0 0 0 0 1073741824 16777216 0 16777216 0 0 0 0 2147483648 33554432 0 33554432 0 0 0 0 3221225472 50331648 0 50331648
28 1 238 3 306 2 0 0 0 0 4294967296 67108864 0 67108864 0 0 0 0 8589934592 134217728 0 134217728 0 0 0 0 12884901888 201326592 0 201326592
29 1 239 3 307 2 0 0 0 0 17179869184 268435456 0 268435456 0 0 0 0 34359738368 536870912 0 536870912 0 0 0 0 51539607552 805306368 0 805306368
30 1 240 3 308 2 0 0 0 0 68719476736 1073741824 0 1073741824 0 0 0 0 137438953472 2147483648 0 2147483648 0 0 0 0 206158430208 3221225472 0 3221225472
31 1 241 3 309 2 0 0 0 0 274877906944 4294967296 0 4294967296 0 0 0 0 549755813888 8589934592 0 8589934592 0 0 0 0 824633720832 12884901888 0 12884901888
32 1 242 3 310 2 0 0 0 0 1099511627776 17179869184 0 17179869184 0 0 0 0 2199023255552 34359738368 0 34359738368 0 0 0 0 3298534883328 51539607552 0 51539607552
33 1 243 3 311 2 0 0 0 0 4398046511104 68719476736 0 68719476736 0 0 0 0 8796093022208 137438953472 0 137438953472 0 0 0 0 13194139533312 206158430208 0 206158430208
34 1 244 3 312 2 0 0 0 0 17592186044416 274877906944 0 274877906944 0 0 0 0 35184372088832 549755813888 0 549755813888 0 0 0 0 52776558133248 824633720832 0 824633720832
35 1 245 3 313 2 0 0 0 0 70368744177664 1099511627776 0 1099511627776 0 0 0 0 140737488355328 2199023255552 0 2199023255552 0 0 0 0 211106232532992 3298534883328 0 3298534883328
36 1 246 3 314 2 0 0 0 0 281474976710656 4398046511104 0 4398046511104 0 0 0 0 562949953421312 8796093022208 0 8796093022208 0 0 0 0 844424930131968 13194139533312 0 13194139533312
37 1 247 3 315 2 0 0 0 0 1125899906842624 17592186044416 0 17592186044416 0 0 0 0 2251799813685248 35184372088832 0 35184372088832 0 0 0 0 3377699720527872 52776558133248 0 52776558133248
38 1 248 3 316 2 0 0 0 0 4503599627370496 70368744177664 0 70368744177664 0 0 0 0 9007199254740992 140737488355328 0 140737488355328 0 0 0 0 13510798882111488 211106232532992 0 211106232532992
39 1 249 3 317 2 0 0 0 0 18014398509481984 281474976710656 0 281474976710656 0 0 0 0 36028797018963968 562949953421312 0 562949953421312 0 0 0 0 54043195528445952 844424930131968 0 844424930131968
40 1 250 3 318 2 0 0 0 0 72057594037927936 1125899906842624 0 1125899906842624 0 0 0 0 144115188075855872 2251799813685248 0 2251799813685248 0 0 0 0 216172782113783808 3377699720527872 0 3377699720527872
41 1 251 3 319 2 0 0 0 0 288230376151711744 4503599627370496 0 4503599627370496 0 0 0 0 576460752303423488 9007199254740992 0 9007199254740992 0 0 0 0 864691128455135232 13510798882111488 0 13510798882111488
42 1 252 3 320 2 0 0 0 0 1152921504606846976 18014398509481984 0 18014398509481984 0 0 0 0 2305843009213693952 36028797018963968 0 36028797018963968 0 0 0 0 3458764513820540928 54043195528445952 0 54043195528445952
43 1 253 3 321 2 0 0 0 0 4611686018427387904 72057594037927936 0 72057594037927936 0 0 0 0 9223372036854775808 144115188075855872 0 144115188075855872 0 0 0 0 13835058055282163712 216172782113783808 0 216172782113783808
44 1 254 3 322 2 0 0 0 0 0 288230376151711745 0 288230376151711744 0 0 0 0 0 576460752303423490 0 576460752303423488 0 0 0 0 0 864691128455135235 0 864691128455135232
45 1 255 3 323 2 0 0 0 0 0 1152921504606846980 0 1152921504606846976 0 0 0 0 0 2305843009213693960 0 2305843009213693952 0 0 0 0 0 3458764513820540940 0 3458764513820540928
46 1 128 3 324 2 0 0 0 0 0 4611686018427387920 0 4611686018427387904 0 0 0 0 0 9223372036854775840 0 9223372036854775808 0 0 0 0 0 13835058055282163760 0 13835058055282163712
47 1 129 3 325 2 0 0 0 0 1 64 1 0 0 0 0 0 2 128 2 0 0 0 0 0 3 192 3 0
48 1 130 3 326 2 0 0 0 0 4 256 4 0 0 0 0 0 8 512 8 0 0 0 0 0 12 768 12 0
49 1 131 3 327 2 0 0 0 0 16 1024 16 0 0 0 0 0 32 2048 32 0 0 0 0 0 48 3072 48 0
50 1 132 3 328 2 0 0 0 0 64 4096 64 0 0 0 0 0 128 8192 128 0 0 0 0 0 192 12288 192 0
51 1 133 3 329 2 0 0 0 0 256 16384 256 0 0 0 0 0 512 32768 512 0 0 0 0 0 768 49152 768 0
52 1 134 3 330 2 0 0 0 0 1024 65536 1024 0 0 0 0 0 2048 131072 2048 0 0 0 0 0 3072 196608 3072 0
53 1 135 3 331 2 0 0 0 0 4096 262144 4096 0 0 0 0 0 8192 524288 8192 0 0 0 0 0 12288 786432 12288 0
54 1 136 3 332 2 0 0 0 0 16384 1048576 16384 0 0 0 0 0 32768 2097152 32768 0 0 0 0 0 49152 3145728 49152 0
55 1 137 3 333 2 0 0 0 0 65536 4194304 65536 0 0 0 0 0 131072 8388608 131072 0 0 0 0 0 196608 12582912 196608 0
56 1 138 3 334 2 0 0 0 0 262144 16777216 262144 0 0 0 0 0 524288 33554432 524288 0 0 0 0 0 786432 50331648 786432 0
57 1 139 3 335 2 0 0 0 0 1048576 67108864 1048576 0 0 0 0 0 2097152 134217728 2097152 0 0 0 0 0 3145728 201326592 3145728 0
58 1 140 3 336 2 0 0 0 0 4194304 268435456 4194304 0 0 0 0 0 8388608 536870912 8388608 0 0 0 0 0 12582912 805306368 12582912 0
59 1 141 3 337 2 0 0 0 0 16777216 1073741824 16777216 0 0 0 0 0 33554432 2147483648 33554432 0 0 0 0 0 50331648 3221225472 50331648 0
60 1 142 3 338 2 0 0 0 0 67108864 4294967296 67108864 0 0 0 0 0 134217728 8589934592 134217728 0 0 0 0 0 201326592 12884901888 201326592 0
61 1 143 3 339 2 0 0 0 0 268435456 17179869184 268435456 0 0 0 0 0 536870912 34359738368 536870912 0 0 0 0 0 805306368 51539607552 805306368 0
62 1 144 3 340 2 0 0 0 0 1073741824 68719476736 1073741824 0 0 0 0 0 2147483648 137438953472 2147483648 0 0 0 0 0 3221225472 206158430208 3221225472 0
63 1 145 3 341 2 0 0 0 0 4294967296 274877906944 4294967296 0 0 0 0 0 8589934592 549755813888 8589934592 0 0 0 0 0 12884901888 824633720832 12884901888 0
64 1 146 3 342 2 0 0 0 0 17179869184 1099511627776 17179869184 0 0 0 0 0 34359738368 2199023255552 34359738368 0 0 0 0 0 51539607552 3298534883328 51539607552 0
65 1 147 3 343 2 0 0 0 0 68719476736 4398046511104 68719476736 0 0 0 0 0 137438953472 8796093022208 137438953472 0 0 0 0 0 206158430208 13194139533312 206158430208 0
66 1 148 3 344 2 0 0 0 0 274877906944 17592186044416 274877906944 0 0 0 0 0 549755813888 35184372088832 549755813888 0 0 0 0 0 824633720832 52776558133248 824633720832 0
67 1 149 3 345 2 0 0 0 0 1099511627776 70368744177664 1099511627776 0 0 0 0 0 2199023255552 140737488355328 2199023255552 0 0 0 0 0 3298534883328 211106232532992 3298534883328 0
68 1 150 3 346 2 0 0 0 0 4398046511104 281474976710656 4398046511104 0 0 0 0 0 8796093022208 562949953421312 8796093022208 0 0 0 0 0 13194139533312 844424930131968 13194139533312 0
69 1 151 3 347 2 0 0 0 0 17592186044416 1125899906842624 17592186044416 0 0 0 0 0 35184372088832 2251799813685248 35184372088832 0 0 0 0 0 52776558133248 3377699720527872 52776558133248 0
70 1 152 3 348 2 0 0 0 0 70368744177664 4503599627370496 70368744177664 0 0 0 0 0 140737488355328 9007199254740992 140737488355328 0 0 0 0 0 211106232532992 13510798882111488 211106232532992 0
71 1 153 3 349 2 0 0 0 0 281474976710656 18014398509481984 281474976710656 0 0 0 0 0 562949953421312 36028797018963968 562949953421312 0 0 0 0 0 844424930131968 54043195528445952 844424930131968 0
72 1 154 3 350 2 0 0 0 0 1125899906842624 72057594037927936 1125899906842624 0 0 0 0 0 2251799813685248 144115188075855872 2251799813685248 0 0 0 0 0 3377699720527872 216172782113783808 3377699720527872 0
73 1 155 3 351 2 0 0 0 0 4503599627370496 288230376151711744 4503599627370496 0 0 0 0 0 9007199254740992 576460752303423488 9007199254740992 0 0 0 0 0 13510798882111488 864691128455135232 13510798882111488 0
74 1 156 3 352 2 0 0 0 0 18014398509481984 1152921504606846976 18014398509481984 0 0 0 0 0 36028797018963968 2305843009213693952 36028797018963968 0 0 0 0 0 54043195528445952 3458764513820540928 54043195528445952 0
75 1 157 3 353 2 0 0 0 0 72057594037927936 4611686018427387904 72057594037927936 0 0 0 0 0 144115188075855872 9223372036854775808 144115188075855872 0 0 0 0 0 216172782113783808 13835058055282163712 216172782113783808 0
76 1 158 3 354 2 0 0 0 0 288230376151711744 0 288230376151711745 0 0 0 0 0 576460752303423488 0 576460752303423490 0 0 0 0 0 864691128455135232 0 864691128455135235 0
77 1 159 3 355 2 0 0 0 0 1152921504606846976 0 1152921504606846980 0 0 0 0 0 2305843009213693952 0 2305843009213693960 0 0 0 0 0 3458764513820540928 0 3458764513820540940 0
78 1 160 3 356 2 0 0 0 0 4611686018427387904 0 4611686018427387920 0 0 0 0 0 9223372036854775808 0 9223372036854775840 0 0 0 0 0 13835058055282163712 0 13835058055282163760 0
79 1 161 3 357 2 0 0 0 0 0 1 64 1 0 0 0 0 0 2 128 2 0 0 0 0 0 3 192 3
80 1 162 3 358 2 0 0 0 0 0 4 256 4 0 0 0 0 0 8 512 8 0 0 0 0 0 12 768 12
81 1 163 3 359 2 0 0 0 0 0 16 1024 16 0 0 0 0 0 32 2048 32 0 0 0 0 0 48 3072 48
82 1 164 3 360 2 0 0 0 0 0 64 4096 64 0 0 0 0 0 128 8192 128 0 0 0 0 0 192 12288 192
83 1 165 3 361 2 0 0 0 0 0 256 16384 256 0 0 0 0 0 512 32768 512 0 0 0 0 0 768 49152 768
84 1 166 3 362 2 0 0 0 0 0 1024 65536 1024 0 0 0 0 0 2048 131072 2048 0 0 0 0 0 3072 196608 3072
85 1 167 3 363 2 0 0 0 0 0 4096 262144 4096 0 0 0 0 0 8192 524288 8192 0 0 0 0 0 12288 786432 12288
86 1 168 3 364 2 0 0 0 0 0 16384 1048576 16384 0 0 0 0 0 32768 2097152 32768 0 0 0 0 0 49152 3145728 49152
87 1 169 3 365 2 0 0 0 0 0 65536 4194304 65536 0 0 0 0 0 131072 8388608 131072 0 0 0 0 0 196608 12582912 196608
88 1 170 3 366 2 0 0 0 0 0 262144 16777216 262144 0 0 0 0 0 524288 33554432 524288 0 0 0 0 0 786432 50331648 786432
89 1 171 3 367 2 0 0 0 0 0 1048576 67108864 1048576 0 0 0 0 0 2097152 134217728 2097152 0 0 0 0 0 3145728 201326592 3145728
90 1 172 3 368 2 0 0 0 0 0 4194304 268435456 4194304 0 0 0 0 0 8388608 536870912 8388608 0 0 0 0 0 12582912 805306368 12582912
91 1 173 3 369 2 0 0 0 0 0 16777216 1073741824 16777216 0 0 0 0 0 33554432 2147483648 33554432 0 0 0 0 0 50331648 3221225472 50331648
92 1 174 3 370 2 0 0 0 0 0 67108864 4294967296 67108864 0 0 0 0 0 134217728 8589934592 134217728 0 0 0 0 0 201326592 12884901888 201326592
93 1 175 3 371 2 0 0 0 0 0 268435456 17179869184 268435456 0 0 0 0 0 536870912 34359738368 536870912 0 0 0 0 0 805306368 51539607552 805306368
94 1 176 3 372 2 0 0 0 0 0 1073741824 68719476736 1073741824 0 0 0 0 0 2147483648 137438953472 2147483648 0 0 0 0 0 3221225472 206158430208 3221225472
95 1 177 3 373 2 0 0 0 0 0 4294967296 274877906944 4294967296 0 0 0 0 0 8589934592 549755813888 8589934592 0 0 0 0 0 12884901888 824633720832 12884901888
96 1 178 3 374 2 0 0 0 0 0 17179869184 1099511627776 17179869184 0 0 0 0 0 34359738368 2199023255552 34359738368 0 0 0 0 0 51539607552 3298534883328 51539607552
97 1 179 3 375 2 0 0 0 0 0 68719476736 4398046511104 68719476736 0 0 0 0 0 137438953472 8796093022208 137438953472 0 0 0 0 0 206158430208 13194139533312 206158430208
98 1 180 3 376 2 0 0 0 0 0 274877906944 17592186044416 274877906944 0 0 0 0 0 549755813888 35184372088832 549755813888 0 0 0 0 0 824633720832 52776558133248 824633720832
99 1 181 3 377 2 0 0 0 0 0 1099511627776 70368744177664 1099511627776 0 0 0 0 0 2199023255552 140737488355328 2199023255552 0 0 0 0 0 3298534883328 211106232532992 3298534883328
100 1 182 3 378 2 0 0 0 0 0 4398046511104 281474976710656 4398046511104 0 0 0 0 0 8796093022208 562949953421312 8796093022208 0 0 0 0 0 13194139533312 844424930131968 13194139533312
101 1 183 3 379 2 0 0 0 0 0 17592186044416 1125899906842624 17592186044416 0 0 0 0 0 35184372088832 2251799813685248 35184372088832 0 0 0 0 0 52776558133248 3377699720527872 52776558133248
102 1 184 3 380 2 0 0 0 0 0 70368744177664 4503599627370496 70368744177664 0 0 0 0 0 140737488355328 9007199254740992 140737488355328 0 0 0 0 0 211106232532992 13510798882111488 211106232532992
103 1 185 3 381 2 0 0 0 0 0 281474976710656 18014398509481984 281474976710656 0 0 0 0 0 562949953421312 36028797018963968 562949953421312 0 0 0 0 0 844424930131968 54043195528445952 844424930131968
104 1 186 3 382 2 0 0 0 0 0 1125899906842624 72057594037927936 1125899906842624 0 0 0 0 0 2251799813685248 144115188075855872 2251799813685248 0 0 0 0 0 3377699720527872 216172782113783808 3377699720527872
105 1 187 3 383 2 0 0 0 0 0 4503599627370496 288230376151711744 4503599627370496 0 0 0 0 0 9007199254740992 576460752303423488 9007199254740992 0 0 0 0 0 13510798882111488 864691128455135232 13510798882111488
106 1 188 3 256 2 0 0 0 0 0 18014398509481984 1152921504606846976 18014398509481984 0 0 0 0 0 36028797018963968 2305843009213693952 36028797018963968 0 0 0 0 0 54043195528445952 3458764513820540928 54043195528445952
107 1 189 3 257 2 0 0 0 0 0 72057594037927936 4611686018427387904 72057594037927936 0 0 0 0 0 144115188075855872 9223372036854775808 144115188075855872 0 0 0 0 0 216172782113783808 13835058055282163712 216172782113783808
108 1 190 3 258 2 0 0 0 0 0 288230376151711744 0 288230376151711745 0 0 0 0 0 576460752303423488 0 576460752303423490 0 0 0 0 0 864691128455135232 0 864691128455135235
109 1 191 3 259 2 0 0 0 0 0 1152921504606846976 0 1152921504606846980 0 0 0 0 0 2305843009213693952 0 2305843009213693960 0 0 0 0 0 3458764513820540928 0 3458764513820540940
110 1 192 3 260 2 0 0 0 0 0 4611686018427387904 0 4611686018427387920 0 0 0 0 0 9223372036854775808 0 9223372036854775840 0 0 0 0 0 13835058055282163712 0 13835058055282163760
111 1 193 3 261 2 0 0 0 0 1 0 1 64 0 0 0 0 2 0 2 128 0 0 0 0 3 0 3 192
112 1 194 3 262 2 0 0 0 0 4 0 4 256 0 0 0 0 8 0 8 512 0 0 0 0 12 0 12 768
113 1 195 3 263 2 0 0 0 0 16 0 16 1024 0 0 0 0 32 0 32 2048 0 0 0 0 48 0 48 3072
114 1 196 3 264 2 0 0 0 0 64 0 64 4096 0 0 0 0 128 0 128 8192 0 0 0 0 192 0 192 12288
115 1 197 3 265 2 0 0 0 0 256 0 256 16384 0 0 0 0 512 0 512 32768 0 0 0 0 768 0 768 49152
116 1 198 3 266 2 0 0 0 0 1024 0 1024 65536 0 0 0 0 2048 0 2048 131072 0 0 0 0 3072 0 3072 196608
117 1 199 3 267 2 0 0 0 0 4096 0 4096 262144 0 0 0 0 8192 0 8192 524288 0 0 0 0 12288 0 12288 786432
118 1 200 3 268 2 0 0 0 0 16384 0 16384 1048576 0 0 0 0 32768 0 32768 2097152 0 0 0 0 49152 0 49152 3145728
119 1 201 3 269 2 0 0 0 0 65536 0 65536 4194304 0 0 0 0 131072 0 131072 8388608 0 0 0 0 196608 0 196608 12582912
120 1 202 3 270 2 0 0 0 0 262144 0 262144 16777216 0 0 0 0 524288 0 524288 33554432 0 0 0 0 786432 0 786432 50331648
121 1 203 3 271 2 0 0 0 0 1048576 0 1048576 67108864 0 0 0 0 2097152 0 2097152 134217728 0 0 0 0 3145728 0 3145728 201326592
122 1 204 3 272 2 0 0 0 0 4194304 0 4194304 268435456 0 0 0 0 8388608 0 8388608 536870912 0 0 0 0 12582912 0 12582912 805306368
123 1 205 3 273 2 0 0 0 0 16777216 0 16777216 1073741824 0 0 0 0 33554432 0 33554432 2147483648 0 0 0 0 50331648 0 50331648 3221225472
124 1 206 3 274 2 0 0 0 0 67108864 0 67108864 4294967296 0 0 0 0 134217728 0 134217728 8589934592 0 0 0 0 201326592 0 201326592 12884901888
125 1 207 3 275 2 0 0 0 0 268435456 0 268435456 17179869184 0 0 0 0 536870912 0 536870912 34359738368 0 0 0 0 805306368 0 805306368 51539607552
126 1 208 3 276 2 0 0 0 0 1073741824 0 1073741824 68719476736 0 0 0 0 2147483648 0 2147483648 137438953472 0 0 0 0 3221225472 0 3221225472 206158430208
127 1 209 3 277 2 0 0 0 0 4294967296 0 4294967296 274877906944 0 0 0 0 8589934592 0 8589934592 549755813888 0 0 0 0 12884901888 0 12884901888 824633720832
0 1 210 3 278 2 0 0 0 0 17179869184 0 17179869184 1099511627776 0 0 0 0 34359738368 0 34359738368 2199023255552 0 0 0 0 51539607552 0 51539607552 3298534883328
1 1 211 3 279 2 0 0 0 0 68719476736 0 68719476736 4398046511104 0 0 0 0 137438953472 0 137438953472 8796093022208 0 0 0 0 206158430208 0 206158430208 13194139533312
2 1 212 3 280 2 0 0 0 0 274877906944 0 274877906944 17592186044416 0 0 0 0 549755813888 0 549755813888 35184372088832 0 0 0 0 824633720832 0 824633720832 52776558133248
3 1 213 3 281 2 0 0 0 0 1099511627776 0 1099511627776 70368744177664 0 0 0 0 2199023255552 0 2199023255552 140737488355328 0 0 0 0 3298534883328 0 3298534883328 211106232532992
4 1 214 3 282 2 0 0 0 0 4398046511104 0 4398046511104 281474976710656 0 0 0 0 8796093022208 0 8796093022208 562949953421312 0 0 0 0 13194139533312 0 13194139533312 844424930131968
5 1 215 3 283 2 0 0 0 0 17592186044416 0 17592186044416 1125899906842624 0 0 0 0 35184372088832 0 35184372088832 2251799813685248 0 0 0 0 52776558133248 0 52776558133248 3377699720527872
6 1 216 3 284 2 0 0 0 0 70368744177664 0 70368744177664 4503599627370496 0 0 0 0 140737488355328 0 140737488355328 9007199254740992 0 0 0 0 211106232532992 0 211106232532992 13510798882111488
7 1 217 3 285 2 0 0 0 0 281474976710656 0 281474976710656 18014398509481984 0 0 0 0 562949953421312 0 562949953421312 36028797018963968 0 0 0 0 844424930131968 0 844424930131968 54043195528445952
8 1 218 3 286 2 0 0 0 0 1125899906842624 0 1125899906842624 72057594037927936 0 0 0 0 2251799813685248 0 2251799813685248 144115188075855872 0 0 0 0 3377699720527872 0 3377699720527872 216172782113783808
9 1 219 3 287 2 0 0 0 0 4503599627370496 0 4503599627370496 288230376151711744 0 0 0 0 9007199254740992 0 9007199254740992 576460752303423488 0 0 0 0 13510798882111488 0 13510798882111488 864691128455135232
84 2 191 1 256 1 0 0 0 0 0 0 0 0 0 0 0 0 0 0 0 0 0 0 0 0 0 0 0 0
85 2 192 1 257 1 0 0 0 0 0 0 0 0 0 0 0 0 0 0 0 0 0 0 0 0 0 0 0 0
86 2 193 1 258 1 0 0 0 0 0 0 0 0 0 0 0 0 0 0 0 0 0 0 0 0 0 0 0 0
87 2 194 1 259 1 0 0 0 0 0 0 0 0 0 0 0 0 0 0 0 0 0 0 0 0 0 0 0 0
88 2 195 1 260 1 0 0 0 0 0 0 0 0 0 0 0 0 0 0 0 0 0 0 0 0 0 0 0 0
89 2 196 1 261 1 0 0 0 0 0 0 0 0 0 0 0 0 0 0 0 0 0 0 0 0 0 0 0 0
90 2 197 1 262 1 0 0 0 0 0 0 0 0 0 0 0 0 0 0 0 0 0 0 0 0 0 0 0 0
91 2 198 1 263 1 0 0 0 0 0 0 0 0 0 0 0 0 0 0 0 0 0 0 0 0 0 0 0 0
92 2 199 1 264 1 0 0 0 0 0 0 0 0 0 0 0 0 0 0 0 0 0 0 0 0 0 0 0 0
93 2 200 1 265 1 0 0 0 0 0 0 0 0 0 0 0 0 0 0 0 0 0 0 0 0 0 0 0 0
94 2 201 1 266 1 0 0 0 0 0 0 0 0 0 0 0 0 0 0 0 0 0 0 0 0 0 0 0 0
95 2 202 1 267 1 0 0 0 0 0 0 0 0 0 0 0 0 0 0 0 0 0 0 0 0 0 0 0 0
96 2 203 1 268 1 0 0 0 0 0 0 0 0 0 0 0 0 0 0 0 0 0 0 0 0 0 0 0 0
97 2 204 1 269 1 0 0 0 0 0 0 0 0 0 0 0 0 0 0 0 0 0 0 0 0 0 0 0 0
98 2 205 1 270 1 0 0 0 0 0 0 0 0 0 0 0 0 0 0 0 0 0 0 0 0 0 0 0 0
99 2 206 1 271 1 0 0 0 0 0 0 0 0 0 0 0 0 0 0 0 0 0 0 0 0 0 0 0 0
100 2 207 1 272 1 0 0 0 0 0 0 0 0 0 0 0 0 0 0 0 0 0 0 0 0 0 0 0 0
101 2 208 1 273 1 0 0 0 0 0 0 0 0 0 0 0 0 0 0 0 0 0 0 0 0 0 0 0 0
102 2 209 1 274 1 0 0 0 0 0 0 0 0 0 0 0 0 0 0 0 0 0 0 0 0 0 0 0 0
103 2 210 1 275 1 0 0 0 0 0 0 0 0 0 0 0 0 0 0 0 0 0 0 0 0 0 0 0 0
104 2 211 1 276 1 0 0 0 0 0 0 0 0 0 0 0 0 0 0 0 0 0 0 0 0 0 0 0 0
105 2 212 1 277 1 0 0 0 0 0 0 0 0 0 0 0 0 0 0 0 0 0 0 0 0 0 0 0 0
106 2 213 1 278 1 0 0 0 0 0 0 0 0 0 0 0 0 0 0 0 0 0 0 0 0 0 0 0 0
107 2 214 1 279 1 0 0 0 0 0 0 0 0 0 0 0 0 0 0 0 0 0 0 0 0 0 0 0 0
108 2 215 1 280 1 0 0 0 0 0 0 0 0 0 0 0 0 0 0 0 0 0 0 0 0 0 0 0 0
109 2 216 1 281 1 0 0 0 0 0 0 0 0 0 0 0 0 0 0 0 0 0 0 0 0 0 0 0 0
110 2 217 1 282 1 0 0 0 0 0 0 0 0 0 0 0 0 0 0 0 0 0 0 0 0 0 0 0 0
111 2 218 1 283 1 0 0 0 0 0 0 0 0 0 0 0 0 0 0 0 0 0 0 0 0 0 0 0 0
112 2 219 1 284 1 0 0 0 0 0 0 0 0 0 0 0 0 0 0 0 0 0 0 0 0 0 0 0 0
113 2 220 1 285 1 0 0 0 0 0 0 0 0 0 0 0 0 0 0 0 0 0 0 0 0 0 0 0 0
114 2 221 1 286 1 0 0 0 0 0 0 0 0 0 0 0 0 0 0 0 0 0 0 0 0 0 0 0 0
115 2 222 1 287 1 0 0 0 0 0 0 0 0 0 0 0 0 0 0 0 0 0 0 0 0 0 0 0 0
116 2 223 1 288 1 0 0 0 0 0 0 0 0 0 0 0 0 0 0 0 0 0 0 0 0 0 0 0 0
117 2 224 1 289 1 0 0 0 0 0 0 0 0 0 0 0 0 0 0 0 0 0 0 0 0 0 0 0 0
118 2 225 1 290 1 0 0 0 0 0 0 0 0 0 0 0 0 0 0 0 0 0 0 0 0 0 0 0 0
119 2 226 1 291 1 0 0 0 0 0 0 0 0 0 0 0 0 0 0 0 0 0 0 0 0 0 0 0 0
120 2 227 1 292 1 0 0 0 0 0 0 0 0 0 0 0 0 0 0 0 0 0 0 0 0 0 0 0 0
121 2 228 1 293 1 0 0 0 0 0 0 0 0 0 0 0 0 0 0 0 0 0 0 0 0 0 0 0 0
122 2 229 1 294 1 0 0 0 0 0 0 0 0 0 0 0 0 0 0 0 0 0 0 0 0 0 0 0 0
123 2 230 1 295 1 0 0 0 0 0 0 0 0 0 0 0 0 0 0 0 0 0 0 0 0 0 0 0 0
124 2 231 1 296 1 0 0 0 0 0 0 0 0 0 0 0 0 0 0 0 0 0 0 0 0 0 0 0 0
125 2 232 1 297 1 0 0 0 0 0 0 0 0 0 0 0 0 0 0 0 0 0 0 0 0 0 0 0 0
126 2 233 1 298 1 0 0 0 0 0 0 0 0 0 0 0 0 0 0 0 0 0 0 0 0 0 0 0 0
127 2 234 1 299 1 0 0 0 0 0 0 0 0 0 0 0 0 0 0 0 0 0 0 0 0 0 0 0 0
0 2 235 1 300 1 0 0 0 0 0 0 0 0 0 0 0 0 0 0 0 0 0 0 0 0 0 0 0 0
1 2 236 1 301 1 0 0 0 0 0 0 0 0 0 0 0 0 0 0 0 0 0 0 0 0 0 0 0 0
2 2 237 1 302 1 0 0 0 0 0 0 0 0 0 0 0 0 0 0 0 0 0 0 0 0 0 0 0 0
3 2 238 1 303 1 0 0 0 0 0 0 0 0 0 0 0 0 0 0 0 0 0 0 0 0 0 0 0 0
4 2 239 1 304 1 0 0 0 0 0 0 0 0 0 0 0 0 0 0 0 0 0 0 0 0 0 0 0 0
5 2 240 1 305 1 0 0 0 0 0 0 0 0 0 0 0 0 0 0 0 0 0 0 0 0 0 0 0 0
6 2 241 1 306 1 0 0 0 0 0 0 0 0 0 0 0 0 0 0 0 0 0 0 0 0 0 0 0 0
7 2 242 1 307 1 0 0 0 0 0 0 0 0 0 0 0 0 0 0 0 0 0 0 0 0 0 0 0 0
8 2 243 1 308 1 0 0 0 0 0 0 0 0 0 0 0 0 0 0 0 0 0 0 0 0 0 0 0 0
9 2 244 1 309 1 0 0 0 0 0 0 0 0 0 0 0 0 0 0 0 0 0 0 0 0 0 0 0 0
10 2 245 1 310 1 0 0 0 0 0 0 0 0 0 0 0 0 0 0 0 0 0 0 0 0 0 0 0 0
11 2 246 1 311 1 0 0 0 0 0 0 0 0 0 0 0 0 0 0 0 0 0 0 0 0 0 0 0 0
12 2 247 1 312 1 0 0 0 0 0 0 0 0 0 0 0 0 0 0 0 0 0 0 0 0 0 0 0 0
13 2 248 1 313 1 0 0 0 0 0 0 0 0 0 0 0 0 0 0 0 0 0 0 0 0 0 0 0 0
14 2 249 1 314 1 0 0 0 0 0 0 0 0 0 0 0 0 0 0 0 0 0 0 0 0 0 0 0 0
15 2 250 1 315 1 0 0 0 0 0 0 0 0 0 0 0 0 0 0 0 0 0 0 0 0 0 0 0 0
16 2 251 1 316 1 0 0 0 0 0 0 0 0 0 0 0 0 0 0 0 0 0 0 0 0 0 0 0 0
17 2 252 1 317 1 0 0 0 0 0 0 0 0 0 0 0 0 0 0 0 0 0 0 0 0 0 0 0 0
18 2 253 1 318 1 0 0 0 0 0 0 0 0 0 0 0 0 0 0 0 0 0 0 0 0 0 0 0 0
19 2 254 1 319 1 0 0 0 0 0 0 0 0 0 0 0 0 0 0 0 0 0 0 0 0 0 0 0 0
20 2 255 1 320 1 0 0 0 0 0 0 0 0 0 0 0 0 0 0 0 0 0 0 0 0 0 0 0 0
21 2 128 1 321 1 0 0 0 0 0 0 0 0 0 0 0 0 0 0 0 0 0 0 0 0 0 0 0 0
22 2 129 1 322 1 0 0 0 0 0 0 0 0 0 0 0 0 0 0 0 0 0 0 0 0 0 0 0 0
23 2 130 1 323 1 0 0 0 0 0 0 0 0 0 0 0 0 0 0 0 0 0 0 0 0 0 0 0 0
24 2 131 1 324 1 0 0 0 0 0 0 0 0 0 0 0 0 0 0 0 0 0 0 0 0 0 0 0 0
25 2 132 1 325 1 0 0 0 0 0 0 0 0 0 0 0 0 0 0 0 0 0 0 0 0 0 0 0 0
26 2 133 1 326 1 0 0 0 0 0 0 0 0 0 0 0 0 0 0 0 0 0 0 0 0 0 0 0 0
27 2 134 1 327 1 0 0 0 0 0 0 0 0 0 0 0 0 0 0 0 0 0 0 0 0 0 0 0 0
28 2 135 1 328 1 0 0 0 0 0 0 0 0 0 0 0 0 0 0 0 0 0 0 0 0 0 0 0 0
29 2 136 1 329 1 0 0 0 0 0 0 0 0 0 0 0 0 0 0 0 0 0 0 0 0 0 0 0 0
30 2 137 1 330 1 0 0 0 0 0 0 0 0 0 0 0 0 0 0 0 0 0 0 0 0 0 0 0 0
31 2 138 1 331 1 0 0 0 0 0 0 0 0 0 0 0 0 0 0 0 0 0 0 0 0 0 0 0 0
32 2 139 1 332 1 0 0 0 0 0 0 0 0 0 0 0 0 0 0 0 0 0 0 0 0 0 0 0 0
33 2 140 1 333 1 0 0 0 0 0 0 0 0 0 0 0 0 0 0 0 0 0 0 0 0 0 0 0 0
34 2 141 1 334 1 0 0 0 0 0 0 0 0 0 0 0 0 0 0 0 0 0 0 0 0 0 0 0 0
35 2 142 1 335 1 0 0 0 0 0 0 0 0 0 0 0 0 0 0 0 0 0 0 0 0 0 0 0 0
36 2 143 1 336 1 0 0 0 0 0 0 0 0 0 0 0 0 0 0 0 0 0 0 0 0 0 0 0 0
37 2 144 1 337 1 0 0 0 0 0 0 0 0 0 0 0 0 0 0 0 0 0 0 0 0 0 0 0 0
38 2 145 1 338 1 0 0 0 0 0 0 0 0 0 0 0 0 0 0 0 0 0 0 0 0 0 0 0 0
39 2 146 1 339 1 0 0 0 0 0 0 0 0 0 0 0 0 0 0 0 0 0 0 0 0 0 0 0 0
40 2 147 1 340 1 0 0 0 0 0 0 0 0 0 0 0 0 0 0 0 0 0 0 0 0 0 0 0 0
41 2 148 1 341 1 0 0 0 0 0 0 0 0 0 0 0 0 0 0 0 0 0 0 0 0 0 0 0 0
42 2 149 1 342 1 0 0 0 0 0 0 0 0 0 0 0 0 0 0 0 0 0 0 0 0 0 0 0 0
43 2 150 1 343 1 0 0 0 0 0 0 0 0 0 0 0 0 0 0 0 0 0 0 0 0 0 0 0 0
44 2 151 1 344 1 0 0 0 0 0 0 0 0 0 0 0 0 0 0 0 0 0 0 0 0 0 0 0 0
45 2 152 1 345 1 0 0 0 0 0 0 0 0 0 0 0 0 0 0 0 0 0 0 0 0 0 0 0 0
46 2 153 1 346 1 0 0 0 0 0 0 0 0 0 0 0 0 0 0 0 0 0 0 0 0 0 0 0 0
47 2 154 1 347 1 0 0 0 0 0 0 0 0 0 0 0 0 0 0 0 0 0 0 0 0 0 0 0 0
48 2 155 1 348 1 0 0 0 0 0 0 0 0 0 0 0 0 0 0 0 0 0 0 0 0 0 0 0 0
49 2 156 1 349 1 0 0 0 0 0 0 0 0 0 0 0 0 0 0 0 0 0 0 0 0 0 0 0 0
50 2 157 1 350 1 0 0 0 0 0 0 0 0 0 0 0 0 0 0 0 0 0 0 0 0 0 0 0 0
51 2 158 1 351 1 0 0 0 0 0 0 0 0 0 0 0 0 0 0 0 0 0 0 0 0 0 0 0 0
52 2 159 1 352 1 0 0 0 0 0 0 0 0 0 0 0 0 0 0 0 0 0 0 0 0 0 0 0 0
53 2 160 1 353 1 0 0 0 0 0 0 0 0 0 0 0 0 0 0 0 0 0 0 0 0 0 0 0 0
54 2 161 1 354 1 0 0 0 0 0 0 0 0 0 0 0 0 0 0 0 0 0 0 0 0 0 0 0 0
55 2 162 1 355 1 0 0 0 0 0 0 0 0 0 0 0 0 0 0 0 0 0 0 0 0 0 0 0 0
56 2 163 1 356 1 0 0 0 0 0 0 0 0 0 0 0 0 0 0 0 0 0 0 0 0 0 0 0 0
57 2 164 1 357 1 0 0 0 0 0 0 0 0 0 0 0 0 0 0 0 0 0 0 0 0 0 0 0 0
58 2 165 1 358 1 0 0 0 0 0 0 0 0 0 0 0 0 0 0 0 0 0 0 0 0 0 0 0 0
59 2 166 1 359 1 0 0 0 0 0 0 0 0 0 0 0 0 0 0 0 0 0 0 0 0 0 0 0 0
60 2 167 1 360 1 0 0 0 0 0 0 0 0 0 0 0 0 0 0 0 0 0 0 0 0 0 0 0 0
61 2 168 1 361 1 0 0 0 0 0 0 0 0 0 0 0 0 0 0 0 0 0 0 0 0 0 0 0 0
62 2 169 1 362 1 0 0 0 0 0 0 0 0 0 0 0 0 0 0 0 0 0 0 0 0 0 0 0 0
63 2 170 1 363 1 0 0 0 0 0 0 0 0 0 0 0 0 0 0 0 0 0 0 0 0 0 0 0 0
64 2 171 1 364 1 0 0 0 0 0 0 0 0 0 0 0 0 0 0 0 0 0 0 0 0 0 0 0 0
65 2 172 1 365 1 0 0 0 0 0 0 0 0 0 0 0 0 0 0 0 0 0 0 0 0 0 0 0 0
66 2 173 1 366 1 0 0 0 0 0 0 0 0 0 0 0 0 0 0 0 0 0 0 0 0 0 0 0 0
67 2 174 1 367 1 0 0 0 0 0 0 0 0 0 0 0 0 0 0 0 0 0 0 0 0 0 0 0 0
68 2 175 1 368 1 0 0 0 0 0 0 0 0 0 0 0 0 0 0 0 0 0 0 0 0 0 0 0 0
69 2 176 1 369 1 0 0 0 0 0 0 0 0 0 0 0 0 0 0 0 0 0 0 0 0 0 0 0 0
70 2 177 1 370 1 0 0 0 0 0 0 0 0 0 0 0 0 0 0 0 0 0 0 0 0 0 0 0 0
71 2 178 1 371 1 0 0 0 0 0 0 0 0 0 0 0 0 0 0 0 0 0 0 0 0 0 0 0 0
72 2 179 1 372 1 0 0 0 0 0 0 0 0 0 0 0 0 0 0 0 0 0 0 0 0 0 0 0 0
73 2 180 1 373 1 0 0 0 0 0 0 0 0 0 0 0 0 0 0 0 0 0 0 0 0 0 0 0 0
74 2 181 1 374 1 0 0 0 0 0 0 0 0 0 0 0 0 0 0 0 0 0 0 0 0 0 0 0 0
75 2 182 1 375 1 0 0 0 0 0 0 0 0 0 0 0 0 0 0 0 0 0 0 0 0 0 0 0 0
76 2 183 1 376 1 0 0 0 0 0 0 0 0 0 0 0 0 0 0 0 0 0 0 0 0 0 0 0 0
77 2 184 1 377 1 0 0 0 0 0 0 0 0 0 0 0 0 0 0 0 0 0 0 0 0 0 0 0 0
78 2 185 1 378 1 0 0 0 0 0 0 0 0 0 0 0 0 0 0 0 0 0 0 0 0 0 0 0 0
79 2 186 1 379 1 0 0 0 0 0 0 0 0 0 0 0 0 0 0 0 0 0 0 0 0 0 0 0 0
80 2 187 1 380 1 0 0 0 0 0 0 0 0 0 0 0 0 0 0 0 0 0 0 0 0 0 0 0 0
81 2 188 1 381 1 0 0 0 0 0 0 0 0 0 0 0 0 0 0 0 0 0 0 0 0 0 0 0 0
82 2 189 1 382 1 0 0 0 0 0 0 0 0 0 0 0 0 0 0 0 0 0 0 0 0 0 0 0 0
83 2 190 1 383 1 0 0 0 0 0 0 0 0 0 0 0 0 0 0 0 0 0 0 0 0 0 0 0 0
