832 312 7 104
0 1 104 1 208 1 0 1048576 2305895785822159360 144115188076904448 68719476736 50331648 536875008 0 2097152 3458782106023363328 216172782115880960 137438953472 16777216 805314560 0 3145728 1152956689012490496 72057594041073664 206158430208 33554432 268447744
1 1 105 1 209 1 0 4194304 9223583143288637440 576460752307617792 274877906944 201326592 2147500032 0 8388608 13835128424093453312 864691128463523840 549755813888 67108864 3221258240 0 12582912 4611826756049961984 288230376164294656 824633720832 134217728 1073790976
2 1 106 1 210 1 0 16777216 844425735446528 2305843009230602242 1099511627776 805306368 65536 0 33554432 281475245158400 3458764513854291971 2199023255552 268435456 131072 0 50331648 562950490296320 1152921504657244161 3298534883328 536870912 196608
3 1 107 1 211 1 0 67108864 3377702941786112 9223372036922408968 4398046511104 3221225472 262144 0 134217728 1125900980633600 13835058055417167884 8796093022208 1073741824 524288 0 201326592 2251801961185280 4611686018628976644 13194139533312 2147483648 786432
4 1 108 1 212 1 0 268435456 13510811767144448 270532640 17592186044418 12884901888 1048576 0 536870912 4503603922534400 540016688 35184372088835 4294967296 2097152 0 805306368 9007207844741120 806354960 52776558133249 8589934592 3145728
5 1 109 1 213 1 0 1073741824 54043247068577792 1082130560 70368744177672 51539607552 4194304 0 2147483648 18014415690137600 2160066752 140737488355340 17179869184 8388608 0 3221225472 36028831378964480 3225419840 211106232532996 34359738368 12582912
6 1 110 1 214 1 0 4294967296 216172988274311168 4328522240 281474976710688 206158430208 16777216 0 8589934592 72057662760550400 8640267008 562949953421360 68719476736 33554432 0 12884901888 144115325515857920 12901679360 844424930131984 137438953472 50331648
7 1 111 1 215 1 0 17179869184 864691953097244672 17314088960 1125899906842752 824633720832 67108864 0 34359738368 288230651042201600 34561068032 2251799813685440 274877906944 134217728 0 51539607552 576461302063431680 51606717440 3377699720527936 549755813888 201326592
8 1 112 1 216 1 0 68719476736 3458767812388978688 69256355840 4503599627371008 3298534883328 268435456 0 137438953472 1152922604168806400 138244272128 9007199254741760 1099511627776 536870912 0 206158430208 2305845208253726720 206426869760 13510798882111744 2199023255552 805306368
9 1 113 1 217 1 0 274877906944 13835071249555914752 277025423360 18014398509484032 13194139533312 1073741824 0 549755813888 4611690416675225600 552977088512 36028797018967040 4398046511104 2147483648 0 824633720832 9223380833014906880 825707479040 54043195528446976 8796093022208 3221225472
10 1 114 1 218 1 2 1099511627776 52777095004160 1108101627907 72057594037936128 52776558133248 0 3 2199023255552 17592991350784 2211908288513 144115188075868160 17592186044416 0 1 3298534883328 35184640524288 3302830047234 216172782113787904 35184372088832 0
11 1 115 1 219 1 8 4398046511104 211108380016640 4432406511628 288230376151744512 211106232532992 0 12 8796093022208 70371965403136 8847633154052 576460752303472640 70368744177664 0 4 13194139533312 140738562097152 13211320188936 864691128455151616 140737488355328 0
12 1 116 1 220 1 32 17592186044416 844433520066560 17729626046512 1152921504606978048 844424930131968 0 48 35184372088832 281487861612544 35390532616208 2305843009213890560 281474976710656 0 16 52776558133248 562954248388608 52845280755744 3458764513820606464 562949953421312 0
13 1 117 1 221 1 128 70368744177664 3377734080266240 70918504186048 4611686018427912192 3377699720527872 0 192 140737488355328 1125951446450176 141562130464832 9223372036855562240 1125899906842624 0 64 211106232532992 2251816993554432 211381123022976 13835058055282425856 2251799813685248 0
14 1 118 1 222 1 512 281474976710656 13510936321064960 283674016744192 2097152 13510798882111489 0 768 562949953421312 4503805785800704 566248521859328 3145728 4503599627370498 0 256 844424930131968 9007267974217728 845524492091904 1048576 9007199254740995 0
15 1 119 1 223 1 2048 1125899906842624 54043745284259840 1134696066976768 8388608 54043195528445956 0 3072 2251799813685248 18015223143202816 2264994087437312 12582912 18014398509481992 0 1024 3377699720527872 36029071896870912 3382097968367616 4194304 36028797018963980 0
16 1 120 1 224 1 8192 4503599627370496 216174981137039360 4538784267907072 33554432 216172782113783824 0 12288 9007199254740992 72060892572811264 9059976349749248 50331648 72057594037927968 0 4096 13510798882111488 144116287587483648 13528391873470464 16777216 144115188075855920 0
17 1 121 1 225 1 32768 18014398509481984 864699924548157440 18155137071628288 134217728 864691128455135296 0 49152 36028797018963968 288243570291245056 36239905398996992 201326592 288230376151711872 0 16384 54043195528445952 576465150349934592 54113567493881856 67108864 576460752303423680 0
18 1 122 1 226 1 131075 72057594037927936 3458799698192629760 72620548286316544 536870912 3458764513820541184 0 196609 144115188075855872 1152974281164980224 144959621595922432 805306368 1152921504606847488 0 65538 216172782113783808 2305860601399738368 216454269975396352 268435456 2305843009213694720 0
19 1 123 1 227 1 524300 288230376151711744 13835198792770519040 290482193145266176 2147483648 13835058055282164736 0 786436 576460752303423488 4611897124659920896 579838486383689728 3221225472 4611686018427389952 0 262152 864691128455135232 9223442405598953472 865817079901585408 1073741824 9223372036854778880 0
20 1 124 1 228 1 2097200 1152921504606846976 562949953421312 1161928772581064707 8589934592 4096 3 3145744 2305843009213693952 844424930131968 2319353945534758913 12884901888 8192 1 1048608 3458764513820540928 281474976710656 3463268319606341634 4294967296 12288 2
21 1 125 1 229 1 8388800 4611686018427387904 2251799813685248 4647715090324258828 34359738368 16384 12 12582976 9223372036854775808 3377699720527872 9277415782139035652 51539607552 32768 4 4194432 13835058055282163712 1125899906842624 13853073278425366536 17179869184 49152 8
22 1 126 1 230 1 33555200 0 9007199254740993 144116287587483696 137438953473 65536 48 50331904 0 13510798882111490 216174981137039376 206158430210 131072 16 16777728 0 4503599627370499 72060892572811296 68719476739 196608 32
23 1 127 1 231 1 134220800 0 36028797018963972 576465150349934784 549755813892 262144 192 201327616 0 54043195528445960 864699924548157504 824633720840 524288 64 67110912 0 18014398509481996 288243570291245184 274877906956 786432 128
24 1 128 1 232 1 536883200 0 144115188075855888 2305860601399739136 2199023255568 1048576 768 805310464 0 216172782113783840 3458799698192630016 3298534883360 2097152 256 268443648 0 72057594037927984 1152974281164980736 1099511627824 3145728 512
25 1 129 1 233 1 2147532800 0 576460752303423552 9223442405598956544 8796093022272 4194304 3072 3221241856 0 864691128455135360 13835198792770520064 13194139533440 8388608 1024 1073774592 0 288230376151711936 4611897124659922944 4398046511296 12582912 2048
26 1 130 1 234 1 8590131200 0 2305843009213694208 281474976722944 35184372089090 16777216 12288 12884967424 0 3458764513820541440 562949953425408 52776558133763 33554432 4096 4295098368 0 1152921504606847744 844424930140160 17592186045185 50331648 8192
27 1 131 1 235 1 34360524800 0 9223372036854776832 1125899906891776 140737488356360 67108864 49152 51539869696 0 13835058055282165760 2251799813701632 211106232535052 134217728 16384 17180393472 0 4611686018427390976 3377699720560640 70368744180740 201326592 32768
28 1 132 1 236 1 137442099203 0 4096 4503599627370498 562949953425440 268435456 196608 206159478785 0 8192 9007199254740995 844424930140208 536870912 65536 68721573890 0 12288 13510798882111489 281474976722960 805306368 131072
29 1 133 1 237 1 549768396812 0 16384 18014398509481992 2251799813701760 1073741824 786432 824637915140 0 32768 36028797018963980 3377699720560832 2147483648 262144 274886295560 0 49152 54043195528445956 1125899906891840 3221225472 524288
30 1 134 1 238 1 2199073587248 0 65536 72057594037927968 9007199254807040 4294967296 3145728 3298551660560 0 131072 144115188075855920 13510798882243328 8589934592 1048576 1099545182240 0 196608 216172782113783824 4503599627567360 12884901888 2097152
31 1 135 1 239 1 8796294348992 0 262144 288230376151711872 36028797019228160 17179869184 12582912 13194206642240 0 524288 576460752303423680 54043195528973312 34359738368 4194304 4398180728960 0 786432 864691128455135296 18014398510269440 51539607552 8388608
32 1 136 1 240 1 35185177395968 0 1048576 1152921504606847488 144115188076912640 68719476736 50331648 52776826568960 0 2097152 2305843009213694720 216172782115893248 137438953472 16777216 17592722915840 0 3145728 3458764513820541184 72057594041077760 206158430208 33554432
33 1 137 1 241 1 140740709583872 0 4194304 4611686018427389952 576460752307650560 274877906944 201326592 211107306275840 0 8388608 9223372036854778880 864691128463572992 549755813888 67108864 70370891663360 0 12582912 13835058055282164736 288230376164311040 824633720832 134217728
34 1 138 1 242 1 562962838335488 0 16777216 8192 2305843009230602241 1099511627776 805306368 844429225103360 0 33554432 12288 3458764513854291970 2199023255552 268435456 281483566653440 0 50331648 4096 1152921504657244163 3298534883328 536870912
35 1 139 1 243 1 2251851353341952 0 67108864 32768 9223372036922408964 4398046511104 3221225472 3377716900413440 0 134217728 49152 13835058055417167880 8796093022208 1073741824 1125934266613760 0 201326592 16384 4611686018628976652 13194139533312 2147483648
36 1 140 1 244 1 9007405413367810 0 268435456 196608 270532624 17592186044418 0 13510867601653763 0 536870912 65536 540016672 35184372088835 0 4503737066455041 0 805306368 131072 806354992 52776558133249 0
37 1 141 1 245 1 36029621653471240 0 1073741824 786432 1082130496 70368744177672 0 54043470406615052 0 2147483648 262144 2160066688 140737488355340 0 18014948265820164 0 3221225472 524288 3225419968 211106232532996 0
38 1 142 1 246 1 144118486613884960 0 4294967296 3145728 4328521984 281474976710688 0 216173881626460208 0 8589934592 1048576 8640266752 562949953421360 0 72059793063280656 0 12884901888 2097152 12901679872 844424930131984 0
39 1 143 1 247 1 576473946455539840 0 17179869184 12582912 17314087936 1125899906842752 0 864695526505840832 0 34359738368 4194304 34561067008 2251799813685440 0 288239172253122624 0 51539607552 8388608 51606719488 3377699720527936 0
40 1 144 1 248 1 2305895785822159360 0 68719476736 50331648 69256351744 4503599627371008 0 3458782106023363328 0 137438953472 16777216 138244268032 9007199254741760 0 1152956689012490496 0 206158430208 33554432 206426877952 13510798882111744 0
41 1 145 1 249 1 9223583143288637440 0 274877906944 201326592 277025406976 18014398509484032 0 13835128424093453312 0 549755813888 67108864 552977072128 36028797018967040 0 4611826756049961984 0 824633720832 134217728 825707511808 54043195528446976 0
42 1 146 1 250 1 844425735446528 2 1099511627776 805306368 1108101627904 72057594037936128 0 281475245158400 3 2199023255552 268435456 2211908288512 144115188075868160 0 562950490296320 1 3298534883328 536870912 3302830047232 216172782113787904 0
43 1 147 1 251 1 3377702941786112 8 4398046511104 3221225472 4432406511616 288230376151744512 0 1125900980633600 12 8796093022208 1073741824 8847633154048 576460752303472640 0 2251801961185280 4 13194139533312 2147483648 13211320188928 864691128455151616 0
44 1 148 1 252 1 13510811767144448 32 17592186044416 12884901888 17729626046464 1152921504606978048 0 4503603922534400 48 35184372088832 4294967296 35390532616192 2305843009213890560 0 9007207844741120 16 52776558133248 8589934592 52845280755712 3458764513820606464 0
45 1 149 1 253 1 54043247068577792 128 70368744177664 51539607552 70918504185856 4611686018427912192 0 18014415690137600 192 140737488355328 17179869184 141562130464768 9223372036855562240 0 36028831378964480 64 211106232532992 34359738368 211381123022848 13835058055282425856 0
46 1 150 1 254 1 216172988274311168 512 281474976710656 206158430208 283674016743424 2097152 1 72057662760550400 768 562949953421312 68719476736 566248521859072 3145728 2 144115325515857920 256 844424930131968 137438953472 845524492091392 1048576 3
47 1 151 1 255 1 864691953097244672 2048 1125899906842624 824633720832 1134696066973696 8388608 4 288230651042201600 3072 2251799813685248 274877906944 2264994087436288 12582912 8 576461302063431680 1024 3377699720527872 549755813888 3382097968365568 4194304 12
48 1 152 1 256 1 3458767812388978688 8192 4503599627370496 3298534883328 4538784267894784 33554432 16 1152922604168806400 12288 9007199254740992 1099511627776 9059976349745152 50331648 32 2305845208253726720 4096 13510798882111488 2199023255552 13528391873462272 16777216 48
49 1 153 1 257 1 13835071249555914752 32768 18014398509481984 13194139533312 18155137071579136 134217728 64 4611690416675225600 49152 36028797018963968 4398046511104 36239905398980608 201326592 128 9223380833014906880 16384 54043195528445952 8796093022208 54113567493849088 67108864 192
50 1 154 1 258 1 52777095004160 131075 72057594037927936 52776558133248 72620548286316544 536870912 256 17592991350784 196609 144115188075855872 17592186044416 144959621595922432 805306368 512 35184640524288 65538 216172782113783808 35184372088832 216454269975396352 268435456 768
51 1 155 1 259 1 211108380016640 524300 288230376151711744 211106232532992 290482193145266176 2147483648 1024 70371965403136 786436 576460752303423488 70368744177664 579838486383689728 3221225472 2048 140738562097152 262152 864691128455135232 140737488355328 865817079901585408 1073741824 3072
52 1 156 1 260 1 844433520066560 2097200 1152921504606846976 844424930131968 1161928772581064704 8589934592 4096 281487861612544 3145744 2305843009213693952 281474976710656 2319353945534758912 12884901888 8192 562954248388608 1048608 3458764513820540928 562949953421312 3463268319606341632 4294967296 12288
53 1 157 1 261 1 3377734080266240 8388800 4611686018427387904 3377699720527872 4647715090324258816 34359738368 16384 1125951446450176 12582976 9223372036854775808 1125899906842624 9277415782139035648 51539607552 32768 2251816993554432 4194432 13835058055282163712 2251799813685248 13853073278425366528 17179869184 49152
54 1 158 1 262 1 13510936321064960 33555200 0 13510798882111489 144116287587483648 137438953473 65536 4503805785800704 50331904 0 4503599627370498 216174981137039360 206158430210 131072 9007267974217728 16777728 0 9007199254740995 72060892572811264 68719476739 196608
55 1 159 1 263 1 54043745284259840 134220800 0 54043195528445956 576465150349934592 549755813892 262144 18015223143202816 201327616 0 18014398509481992 864699924548157440 824633720840 524288 36029071896870912 67110912 0 36028797018963980 288243570291245056 274877906956 786432
56 1 160 1 264 1 216174981137039360 536883200 0 216172782113783824 2305860601399738368 2199023255568 1048576 72060892572811264 805310464 0 72057594037927968 3458799698192629760 3298534883360 2097152 144116287587483648 268443648 0 144115188075855920 1152974281164980224 1099511627824 3145728
57 1 161 1 265 1 864699924548157440 2147532800 0 864691128455135296 9223442405598953472 8796093022272 4194304 288243570291245056 3221241856 0 288230376151711872 13835198792770519040 13194139533440 8388608 576465150349934592 1073774592 0 576460752303423680 4611897124659920896 4398046511296 12582912
58 1 162 1 266 1 3458799698192629760 8590131200 0 3458764513820541184 281474976710656 35184372089090 16777216 1152974281164980224 12884967424 0 1152921504606847488 562949953421312 52776558133763 33554432 2305860601399738368 4295098368 0 2305843009213694720 844424930131968 17592186045185 50331648
59 1 163 1 267 1 13835198792770519040 34360524800 0 13835058055282164736 1125899906842624 140737488356360 67108864 4611897124659920896 51539869696 0 4611686018427389952 2251799813685248 211106232535052 134217728 9223442405598953472 17180393472 0 9223372036854778880 3377699720527872 70368744180740 201326592
60 1 164 1 268 1 562949953421312 137442099203 0 4096 4503599627370499 562949953425440 268435456 844424930131968 206159478785 0 8192 9007199254740993 844424930140208 536870912 281474976710656 68721573890 0 12288 13510798882111490 281474976722960 805306368
61 1 165 1 269 1 2251799813685248 549768396812 0 16384 18014398509481996 2251799813701760 1073741824 3377699720527872 824637915140 0 32768 36028797018963972 3377699720560832 2147483648 1125899906842624 274886295560 0 49152 54043195528445960 1125899906891840 3221225472
62 1 166 1 270 1 9007199254740993 2199073587248 0 65536 72057594037927984 9007199254807040 0 13510798882111490 3298551660560 0 131072 144115188075855888 13510798882243328 0 4503599627370499 1099545182240 0 196608 216172782113783840 4503599627567360 0
63 1 167 1 271 1 36028797018963972 8796294348992 0 262144 288230376151711936 36028797019228160 0 54043195528445960 13194206642240 0 524288 576460752303423552 54043195528973312 0 18014398509481996 4398180728960 0 786432 864691128455135360 18014398510269440 0
64 1 168 1 272 1 144115188075855888 35185177395968 0 1048576 1152921504606847744 144115188076912640 0 216172782113783840 52776826568960 0 2097152 2305843009213694208 216172782115893248 0 72057594037927984 17592722915840 0 3145728 3458764513820541440 72057594041077760 0
65 1 169 1 273 1 576460752303423552 140740709583872 0 4194304 4611686018427390976 576460752307650560 0 864691128455135360 211107306275840 0 8388608 9223372036854776832 864691128463572992 0 288230376151711936 70370891663360 0 12582912 13835058055282165760 288230376164311040 0
66 1 170 1 274 1 2305843009213694208 562962838335488 0 16777216 12288 2305843009230602241 0 3458764513820541440 844429225103360 0 33554432 4096 3458764513854291970 0 1152921504606847744 281483566653440 0 50331648 8192 1152921504657244163 0
67 1 171 1 275 1 9223372036854776832 2251851353341952 0 67108864 49152 9223372036922408964 0 13835058055282165760 3377716900413440 0 134217728 16384 13835058055417167880 0 4611686018427390976 1125934266613760 0 201326592 32768 4611686018628976652 0
68 1 172 1 276 1 4096 9007405413367810 0 268435456 196608 270532624 2 8192 13510867601653763 0 536870912 65536 540016672 3 12288 4503737066455041 0 805306368 131072 806354992 1
69 1 173 1 277 1 16384 36029621653471240 0 1073741824 786432 1082130496 8 32768 54043470406615052 0 2147483648 262144 2160066688 12 49152 18014948265820164 0 3221225472 524288 3225419968 4
70 1 174 1 278 1 65536 144118486613884960 0 4294967296 3145728 4328521984 32 131072 216173881626460208 0 8589934592 1048576 8640266752 48 196608 72059793063280656 0 12884901888 2097152 12901679872 16
71 1 175 1 279 1 262144 576473946455539840 0 17179869184 12582912 17314087936 128 524288 864695526505840832 0 34359738368 4194304 34561067008 192 786432 288239172253122624 0 51539607552 8388608 51606719488 64
72 1 176 1 280 1 1048576 2305895785822159360 0 68719476736 50331648 69256351744 512 2097152 3458782106023363328 0 137438953472 16777216 138244268032 768 3145728 1152956689012490496 0 206158430208 33554432 206426877952 256
73 1 177 1 281 1 4194304 9223583143288637440 0 274877906944 201326592 277025406976 2048 8388608 13835128424093453312 0 549755813888 67108864 552977072128 3072 12582912 4611826756049961984 0 824633720832 134217728 825707511808 1024
74 1 178 1 282 1 16777216 844425735446528 2 1099511627776 805306368 1108101627904 8192 33554432 281475245158400 3 2199023255552 268435456 2211908288512 12288 50331648 562950490296320 1 3298534883328 536870912 3302830047232 4096
75 1 179 1 283 1 67108864 3377702941786112 8 4398046511104 3221225472 4432406511616 32768 134217728 1125900980633600 12 8796093022208 1073741824 8847633154048 49152 201326592 2251801961185280 4 13194139533312 2147483648 13211320188928 16384
76 1 180 1 284 1 268435456 13510811767144448 32 17592186044416 12884901888 17729626046464 131072 536870912 4503603922534400 48 35184372088832 4294967296 35390532616192 196608 805306368 9007207844741120 16 52776558133248 8589934592 52845280755712 65536
77 1 181 1 285 1 1073741824 54043247068577792 128 70368744177664 51539607552 70918504185856 524288 2147483648 18014415690137600 192 140737488355328 17179869184 141562130464768 786432 3221225472 36028831378964480 64 211106232532992 34359738368 211381123022848 262144
78 1 182 1 286 1 4294967296 216172988274311168 512 281474976710656 206158430208 283674016743424 2097152 8589934592 72057662760550400 768 562949953421312 68719476736 566248521859072 3145728 12884901888 144115325515857920 256 844424930131968 137438953472 845524492091392 1048576
79 1 183 1 287 1 17179869184 864691953097244672 2048 1125899906842624 824633720832 1134696066973696 8388608 34359738368 288230651042201600 3072 2251799813685248 274877906944 2264994087436288 12582912 51539607552 576461302063431680 1024 3377699720527872 549755813888 3382097968365568 4194304
80 1 184 1 288 1 68719476736 3458767812388978688 8192 4503599627370496 3298534883328 4538784267894784 33554432 137438953472 1152922604168806400 12288 9007199254740992 1099511627776 9059976349745152 50331648 206158430208 2305845208253726720 4096 13510798882111488 2199023255552 13528391873462272 16777216
81 1 185 1 289 1 274877906944 13835071249555914752 32768 18014398509481984 13194139533312 18155137071579136 134217728 549755813888 4611690416675225600 49152 36028797018963968 4398046511104 36239905398980608 201326592 824633720832 9223380833014906880 16384 54043195528445952 8796093022208 54113567493849088 67108864
82 1 186 1 290 1 1099511627776 52777095004160 131075 72057594037927936 52776558133248 72620548286316544 536870912 2199023255552 17592991350784 196609 144115188075855872 17592186044416 144959621595922432 805306368 3298534883328 35184640524288 65538 216172782113783808 35184372088832 216454269975396352 268435456
83 1 187 1 291 1 4398046511104 211108380016640 524300 288230376151711744 211106232532992 290482193145266176 2147483648 8796093022208 70371965403136 786436 576460752303423488 70368744177664 579838486383689728 3221225472 13194139533312 140738562097152 262152 864691128455135232 140737488355328 865817079901585408 1073741824
84 1 188 1 292 1 17592186044416 844433520066560 2097200 1152921504606978048 844424930131968 1161928772581064704 0 35184372088832 281487861612544 3145744 2305843009213890560 281474976710656 2319353945534758912 0 52776558133248 562954248388608 1048608 3458764513820606464 562949953421312 3463268319606341632 0
85 1 189 1 293 1 70368744177664 3377734080266240 8388800 4611686018427912192 3377699720527872 4647715090324258816 0 140737488355328 1125951446450176 12582976 9223372036855562240 1125899906842624 9277415782139035648 0 211106232532992 2251816993554432 4194432 13835058055282425856 2251799813685248 13853073278425366528 0
86 1 190 1 294 1 281474976710656 13510936321064960 33555200 2097152 13510798882111489 144116287587483648 1 562949953421312 4503805785800704 50331904 3145728 4503599627370498 216174981137039360 2 844424930131968 9007267974217728 16777728 1048576 9007199254740995 72060892572811264 3
87 1 191 1 295 1 1125899906842624 54043745284259840 134220800 8388608 54043195528445956 576465150349934592 4 2251799813685248 18015223143202816 201327616 12582912 18014398509481992 864699924548157440 8 3377699720527872 36029071896870912 67110912 4194304 36028797018963980 288243570291245056 12
88 1 192 1 296 1 4503599627370496 216174981137039360 536883200 33554432 216172782113783824 2305860601399738368 16 9007199254740992 72060892572811264 805310464 50331648 72057594037927968 3458799698192629760 32 13510798882111488 144116287587483648 268443648 16777216 144115188075855920 1152974281164980224 48
89 1 193 1 297 1 18014398509481984 864699924548157440 2147532800 134217728 864691128455135296 9223442405598953472 64 36028797018963968 288243570291245056 3221241856 201326592 288230376151711872 13835198792770519040 128 54043195528445952 576465150349934592 1073774592 67108864 576460752303423680 4611897124659920896 192
90 1 194 1 298 1 72057594037927936 3458799698192629760 8590131200 536870912 3458764513820541184 281474976710656 258 144115188075855872 1152974281164980224 12884967424 805306368 1152921504606847488 562949953421312 515 216172782113783808 2305860601399738368 4295098368 268435456 2305843009213694720 844424930131968 769
91 1 195 1 299 1 288230376151711744 13835198792770519040 34360524800 2147483648 13835058055282164736 1125899906842624 1032 576460752303423488 4611897124659920896 51539869696 3221225472 4611686018427389952 2251799813685248 2060 864691128455135232 9223442405598953472 17180393472 1073741824 9223372036854778880 3377699720527872 3076
92 1 196 1 300 1 1152921504606846976 562949953421312 137442099203 8589934592 4096 4503599627370499 4128 2305843009213693952 844424930131968 206159478785 12884901888 8192 9007199254740993 8240 3458764513820540928 281474976710656 68721573890 4294967296 12288 13510798882111490 12304
93 1 197 1 301 1 4611686018427387904 2251799813685248 549768396812 34359738368 16384 18014398509481996 16512 9223372036854775808 3377699720527872 824637915140 51539607552 32768 36028797018963972 32960 13835058055282163712 1125899906842624 274886295560 17179869184 49152 54043195528445960 49216
94 1 198 1 302 1 0 9007199254740993 2199073587248 137438953472 65536 72057594037927984 66048 0 13510798882111490 3298551660560 206158430208 131072 144115188075855888 131840 0 4503599627370499 1099545182240 68719476736 196608 216172782113783840 196864
95 1 199 1 303 1 0 36028797018963972 8796294348992 549755813888 262144 288230376151711936 264192 0 54043195528445960 13194206642240 824633720832 524288 576460752303423552 527360 0 18014398509481996 4398180728960 274877906944 786432 864691128455135360 787456
96 1 200 1 304 1 0 144115188075855888 35185177395968 2199023255552 1048576 1152921504606847744 1056768 0 216172782113783840 52776826568960 3298534883328 2097152 2305843009213694208 2109440 0 72057594037927984 17592722915840 1099511627776 3145728 3458764513820541440 3149824
97 1 201 1 305 1 0 576460752303423552 140740709583872 8796093022208 4194304 4611686018427390976 4227072 0 864691128455135360 211107306275840 13194139533312 8388608 9223372036854776832 8437760 0 288230376151711936 70370891663360 4398046511104 12582912 13835058055282165760 12599296
98 1 202 1 306 1 0 2305843009213694208 562962838335488 35184372088832 16777216 12288 16908289 0 3458764513820541440 844429225103360 52776558133248 33554432 4096 33751042 0 1152921504606847744 281483566653440 17592186044416 50331648 8192 50397187
99 1 203 1 307 1 0 9223372036854776832 2251851353341952 140737488355328 67108864 49152 67633156 0 13835058055282165760 3377716900413440 211106232532992 134217728 16384 135004168 0 4611686018427390976 1125934266613760 70368744177664 201326592 32768 201588748
100 1 204 1 308 1 0 4096 9007405413367810 562949953421312 268435456 196608 270532624 0 8192 13510867601653763 844424930131968 536870912 65536 540016672 0 12288 4503737066455041 281474976710656 805306368 131072 806354992
101 1 205 1 309 1 0 16384 36029621653471240 2251799813685248 1073741824 786432 1082130496 0 32768 54043470406615052 3377699720527872 2147483648 262144 2160066688 0 49152 18014948265820164 1125899906842624 3221225472 524288 3225419968
102 1 206 1 310 1 0 65536 144118486613884960 9007199254806528 4294967296 3145728 33554688 0 131072 216173881626460208 13510798882242560 8589934592 1048576 50332160 0 196608 72059793063280656 4503599627567104 12884901888 2097152 16777984
103 1 207 1 311 1 0 262144 576473946455539840 36028797019226112 17179869184 12582912 134218752 0 524288 864695526505840832 54043195528970240 34359738368 4194304 201328640 0 786432 288239172253122624 18014398510268416 51539607552 8388608 67111936
43 1 109 1 212 1 12884901888 216172782115880960 1152921504623624960 281474978807808 17592186044416 16777216 805314560 4294967296 72057594041073664 2305843009247248640 562949956567040 35184372088832 33554432 268447744 8589934592 144115188076904448 3458764513870873088 844424931180544 52776558133248 50331648 536875008
44 1 110 1 213 1 51539607552 864691128463523840 4611686018494499840 1125899915231232 70368744177664 67108864 3221258240 17179869184 288230376164294656 9223372036988994560 2251799826268160 140737488355328 134217728 1073790976 34359738368 576460752307617792 13835058055483492352 3377699724722176 211106232532992 201326592 2147500032
45 1 111 1 214 1 206158430208 3458764513854095360 268447744 4503599661121537 281474976710656 268435456 131072 68719476736 1152921504657178624 536875008 9007199305138178 562949953421312 536870912 196608 137438953472 2305843009230471168 805314560 13510798899019779 844424930131968 805306368 65536
46 1 112 1 215 1 824633720832 13835058055416381440 1073790976 18014398644486148 1125899906842624 1073741824 524288 274877906944 4611686018628714496 2147500032 36028797220552712 2251799813685248 2147483648 786432 549755813888 9223372036921884672 3221258240 54043195596079116 3377699720527872 3221225472 262144
47 1 113 1 216 1 3298534883328 536870912 4295163907 72057594577944592 4503599627370496 4294967296 2097152 1099511627776 805306368 8590000129 144115188882210848 9007199254740992 8589934592 3145728 2199023255552 268435456 12885032962 216172782384316464 13510798882111488 12884901888 1048576
48 1 114 1 217 1 13194139533312 2147483648 17180655628 288230378311778368 18014398509481984 17179869184 8388608 4398046511104 3221225472 34360000516 576460755528843392 36028797018963968 34359738368 12582912 8796093022208 1073741824 51540131848 864691129537265856 54043195528445952 51539607552 4194304
49 1 115 1 218 1 52776558133248 8589934592 68722622512 1152921513247113472 72057594037927936 68719476736 33554432 17592186044416 12884901888 137440002064 2305843022115373568 144115188075855872 137438953472 50331648 35184372088832 4294967296 206160527392 3458764518149063424 216172782113783808 206158430208 16777216
50 1 116 1 219 1 211106232532992 34359738368 274890490048 4611686052988453888 288230376151711744 274877906944 134217728 70368744177664 51539607552 549760008256 9223372088461494272 576460752303423488 549755813888 201326592 140737488355328 17179869184 824642109568 13835058072596253696 864691128455135232 824633720832 67108864
51 1 117 1 220 1 844424930131968 137438953472 1099561960192 138244263936 1152921504606846977 1099511627776 536870912 281474976710656 206158430208 2199040033024 206426873856 2305843009213693954 2199023255552 805306368 562949953421312 68719476736 3298568438272 69256359936 3458764513820540931 3298534883328 268435456
52 1 118 1 221 1 3377699720527872 549755813888 4398247840768 552977055744 4611686018427387908 4398046511104 2147483648 1125899906842624 824633720832 8796160132096 825707495424 9223372036854775816 8796093022208 3221225472 2251799813685248 274877906944 13194273753088 277025439744 13835058055282163724 13194139533312 1073741824
53 1 119 1 222 1 13510798882111489 2199023255552 17592991363072 2211908288512 16 17592186044417 0 4503599627370498 3298534883328 35184640528384 3302830047232 32 35184372088834 0 9007199254740995 1099511627776 52777095012352 1108101627904 48 52776558133251 0
54 1 120 1 223 1 54043195528445956 8796093022208 70371965452288 8847633154048 64 70368744177668 0 18014398509481992 13194139533312 140738562113536 13211320188928 128 140737488355336 0 36028797018963980 4398046511104 211108380049408 4432406511616 192 211106232533004 0
55 1 121 1 224 1 216172782113783824 35184372088832 281487861809152 35390532616192 256 281474976710672 0 72057594037927968 52776558133248 562954248454144 52845280755712 512 562949953421344 0 144115188075855920 17592186044416 844433520197632 17729626046464 768 844424930132016 0
56 1 122 1 225 1 864691128455135296 140737488355328 1125951447236608 141562130464768 1024 1125899906842688 0 288230376151711872 211106232532992 2251816993816576 211381123022848 2048 2251799813685376 0 576460752303423680 70368744177664 3377734080790528 70918504185856 3072 3377699720528064 0
57 1 123 1 226 1 3458764513820541184 562949953421312 4503805788946432 566248521859072 4096 4503599627370752 0 1152921504606847488 844424930131968 9007267975266304 845524492091392 8192 9007199254741504 0 2305843009213694720 281474976710656 13510936323162112 283674016743424 12288 13510798882112256 0
58 1 124 1 227 1 13835058055282164736 2251799813685248 18015223155785728 2264994087436288 16384 18014398509483008 0 4611686018427389952 3377699720527872 36029071901065216 3382097968365568 32768 36028797018966016 0 9223372036854778880 1125899906842624 54043745292648448 1134696066973696 49152 54043195528449024 0
59 1 125 1 228 1 4096 9007199254740995 72060892623142912 9059976349745152 65536 72057594037932032 0 8192 13510798882111489 144116287604260864 13528391873462272 131072 144115188075864064 0 12288 4503599627370498 216174981170593792 4538784267894784 196608 216172782113796096 0
60 1 126 1 229 1 16384 36028797018963980 288243570492571648 36239905398980608 262144 288230376151728128 0 32768 54043195528445956 576465150417043456 54113567493849088 524288 576460752303456256 0 49152 18014398509481992 864699924682375168 18155137071579136 786432 864691128455184384 0
61 1 127 1 230 1 65536 144115188075855920 1152974281970286592 144959621595922432 1048576 1152921504606912512 0 131072 216172782113783824 2305860601668173824 216454269975396352 2097152 2305843009213825024 0 196608 72057594037927968 3458799698729500672 72620548286316544 3145728 3458764513820737536 0
62 1 128 1 231 1 262144 576460752303423680 4611897127881146368 579838486383689728 4194304 4611686018427650048 0 524288 864691128455135296 9223442406672695296 865817079901585408 8388608 9223372036855300096 0 786432 288230376151711872 13835198794918002688 290482193145266176 12582912 13835058055282950144 0
63 1 129 1 232 1 1048576 2305843009213694720 844437815033856 2319353945534758913 16777216 1048576 1 2097152 3458764513820541184 281479271677952 3463268319606341634 33554432 2097152 2 3145728 1152921504606847488 562958543355904 1161928772581064707 50331648 3145728 3
64 1 130 1 233 1 4194304 9223372036854778880 3377751260135424 9277415782139035652 67108864 4194304 4 8388608 13835058055282164736 1125917086711808 13853073278425366536 134217728 8388608 8 12582912 4611686018427389952 2251834173423616 4647715090324258828 201326592 12582912 12
65 1 131 1 234 1 16777216 12288 13511005040541698 216174981137039376 268435458 16777216 16 33554432 4096 4503668346847235 72060892572811296 536870915 33554432 32 50331648 8192 9007336693694465 144116287587483696 805306369 50331648 48
66 1 132 1 235 1 67108864 49152 54044020162166792 864699924548157504 1073741832 67108864 64 134217728 16384 18014673387388940 288243570291245184 2147483660 134217728 128 201326592 32768 36029346774777860 576465150349934784 3221225476 201326592 192
67 1 133 1 236 1 268435456 196608 216176080648667168 3458799698192630016 4294967328 268435456 256 536870912 65536 72058693549555760 1152974281164980736 8589934640 536870912 512 805306368 131072 144117387099111440 2305860601399739136 12884901904 805306368 768
68 1 134 1 237 1 1073741824 786432 864704322594668672 13835198792770520064 17179869312 1073741824 1024 2147483648 262144 288234774198223040 4611897124659922944 34359738560 2147483648 2048 3221225472 524288 576469548396445760 9223442405598956544 51539607616 3221225472 3072
69 1 135 1 238 1 4294967296 3145728 3458817290378674688 562949953425408 68719477251 4294967296 4096 8589934592 1048576 1152939096792892160 844424930140160 137438954241 8589934592 8192 12884901888 2097152 2305878193585783040 281474976722944 206158430466 12884901888 12288
70 1 136 1 239 1 17179869184 12582912 13835269161514698752 2251799813701632 274877909004 17179869184 16384 34359738368 4194304 4611756387171568640 3377699720560640 549755816964 34359738368 32768 51539607552 8388608 9223512774343132160 1125899906891776 824633721864 51539607552 49152
71 1 137 1 240 1 68719476737 50331648 844424930140160 9007199254740995 1099511636016 68719476736 65536 137438953474 16777216 281474976722944 13510798882111489 2199023267856 137438953472 131072 206158430211 33554432 562949953425408 4503599627370498 3298534887456 206158430208 196608
72 1 138 1 241 1 274877906948 201326592 3377699720560640 36028797018963980 4398046544064 274877906944 262144 549755813896 67108864 1125899906891776 54043195528445956 8796093071424 549755813888 524288 824633720844 134217728 2251799813701632 18014398509481992 13194139549824 824633720832 786432
73 1 139 1 242 1 1099511627792 805306368 13510798882242560 144115188075855920 17592186176256 1099511627776 1048576 2199023255584 268435456 4503599627567104 216172782113783824 35184372285696 2199023255552 2097152 3298534883376 536870912 9007199254806528 72057594037927968 52776558199296 3298534883328 3145728
74 1 140 1 243 1 4398046511168 3221225472 54043195528970240 576460752303423680 70368744705024 4398046511104 4194304 8796093022336 1073741824 18014398510268416 864691128455135296 140737489142784 8796093022208 8388608 13194139533504 2147483648 36028797019226112 288230376151711872 211106232797184 13194139533312 12582912
75 1 141 1 244 1 17592186044672 12884901888 216172782115880960 2305843009213694720 281474978820096 17592186044416 16777216 35184372089344 4294967296 72057594041073664 3458764513820541184 562949956571136 35184372088832 33554432 52776558134016 8589934592 144115188076904448 1152921504606847488 844424931188736 52776558133248 50331648
76 1 142 1 245 1 70368744178688 51539607552 864691128463523840 9223372036854778880 1125899915280384 70368744177664 67108864 140737488357376 17179869184 288230376164294656 13835058055282164736 2251799826284544 140737488355328 134217728 211106232536064 34359738368 576460752307617792 4611686018427389952 3377699724754944 211106232532992 201326592
77 1 143 1 246 1 281474976714752 206158430208 3458764513854095360 12288 4503599661121538 281474976710656 268435456 562949953429504 68719476736 1152921504657178624 4096 9007199305138179 562949953421312 536870912 844424930144256 137438953472 2305843009230471168 8192 13510798899019777 844424930131968 805306368
78 1 144 1 247 1 1125899906859008 824633720832 13835058055416381440 49152 18014398644486152 1125899906842624 1073741824 2251799813718016 274877906944 4611686018628714496 16384 36028797220552716 2251799813685248 2147483648 3377699720577024 549755813888 9223372036921884672 32768 54043195596079108 3377699720527872 3221225472
79 1 145 1 248 1 4503599627436035 3298534883328 536870912 65539 72057594577944608 4503599627370496 0 9007199254872065 1099511627776 805306368 131073 144115188882210864 9007199254740992 0 13510798882308098 2199023255552 268435456 196610 216172782384316432 13510798882111488 0
80 1 146 1 249 1 18014398509744140 13194139533312 2147483648 262156 288230378311778432 18014398509481984 0 36028797019488260 4398046511104 3221225472 524292 576460755528843456 36028797018963968 0 54043195529232392 8796093022208 1073741824 786440 864691129537265728 54043195528445952 0
81 1 147 1 250 1 72057594038976560 52776558133248 8589934592 1048624 1152921513247113728 72057594037927936 0 144115188077953040 17592186044416 12884901888 2097168 2305843022115373824 144115188075855872 0 216172782116929568 35184372088832 4294967296 3145760 3458764518149062912 216172782113783808 0
82 1 148 1 251 1 288230376155906240 211106232532992 34359738368 4194496 4611686052988454912 288230376151711744 0 576460752311812160 70368744177664 51539607552 8388672 9223372088461495296 576460752303423488 0 864691128467718272 140737488355328 17179869184 12583040 13835058072596251648 864691128455135232 0
83 1 149 1 252 1 1152921504623624960 844424930131968 137438953472 16777984 138244268032 1152921504606846977 0 2305843009247248640 281474976710656 206158430208 33554688 206426877952 2305843009213693954 0 3458764513870873088 562949953421312 68719476736 50332160 69256351744 3458764513820540931 0
84 1 150 1 253 1 4611686018494499840 3377699720527872 549755813888 67111936 552977072128 4611686018427387908 0 9223372036988994560 1125899906842624 824633720832 134218752 825707511808 9223372036854775816 0 13835058055483492352 2251799813685248 274877906944 201328640 277025406976 13835058055282163724 0
85 1 151 1 254 1 268447744 13510798882111489 2199023255552 268447744 2211908288512 16 1 536875008 4503599627370498 3298534883328 536875008 3302830047232 32 2 805314560 9007199254740995 1099511627776 805314560 1108101627904 48 3
86 1 152 1 255 1 1073790976 54043195528445956 8796093022208 1073790976 8847633154048 64 4 2147500032 18014398509481992 13194139533312 2147500032 13211320188928 128 8 3221258240 36028797018963980 4398046511104 3221258240 4432406511616 192 12
87 1 153 1 256 1 4295163907 216172782113783824 35184372088832 4294967296 35390532616192 256 16 8590000129 72057594037927968 52776558133248 8589934592 52845280755712 512 32 12885032962 144115188075855920 17592186044416 12884901888 17729626046464 768 48
88 1 154 1 257 1 17180655628 864691128455135296 140737488355328 17179869184 141562130464768 1024 64 34360000516 288230376151711872 211106232532992 34359738368 211381123022848 2048 128 51540131848 576460752303423680 70368744177664 51539607552 70918504185856 3072 192
89 1 155 1 258 1 68722622512 3458764513820541184 562949953421312 68719476736 566248521859072 4096 256 137440002064 1152921504606847488 844424930131968 137438953472 845524492091392 8192 512 206160527392 2305843009213694720 281474976710656 206158430208 283674016743424 12288 768
90 1 156 1 259 1 274890490048 13835058055282164736 2251799813685248 274877906944 2264994087436288 16384 1024 549760008256 4611686018427389952 3377699720527872 549755813888 3382097968365568 32768 2048 824642109568 9223372036854778880 1125899906842624 824633720832 1134696066973696 49152 3072
91 1 157 1 260 1 1099561960192 4096 9007199254740995 1099511627776 9059976349745152 65536 4096 2199040033024 8192 13510798882111489 2199023255552 13528391873462272 131072 8192 3298568438272 12288 4503599627370498 3298534883328 4538784267894784 196608 12288
92 1 158 1 261 1 4398247840768 16384 36028797018963980 4398046511104 36239905398980608 262144 16384 8796160132096 32768 54043195528445956 8796093022208 54113567493849088 524288 32768 13194273753088 49152 18014398509481992 13194139533312 18155137071579136 786432 49152
93 1 159 1 262 1 17592991363072 65536 144115188075855920 17592186044416 144959621595922432 1048576 65536 35184640528384 131072 216172782113783824 35184372088832 216454269975396352 2097152 131072 52777095012352 196608 72057594037927968 52776558133248 72620548286316544 3145728 196608
94 1 160 1 263 1 70371965452288 262144 576460752303423680 70368744177664 579838486383689728 4194304 262144 140738562113536 524288 864691128455135296 140737488355328 865817079901585408 8388608 524288 211108380049408 786432 288230376151711872 211106232532992 290482193145266176 12582912 786432
95 1 161 1 264 1 281487861809152 1048576 2305843009213694720 281474976710656 2319353945534758912 16777216 1048576 562954248454144 2097152 3458764513820541184 562949953421312 3463268319606341632 33554432 2097152 844433520197632 3145728 1152921504606847488 844424930131968 1161928772581064704 50331648 3145728
96 1 162 1 265 1 1125951447236608 4194304 9223372036854778880 1125899906842624 9277415782139035648 67108864 4194304 2251816993816576 8388608 13835058055282164736 2251799813685248 13853073278425366528 134217728 8388608 3377734080790528 12582912 4611686018427389952 3377699720527872 4647715090324258816 201326592 12582912
97 1 163 1 266 1 4503805788946432 16777216 12288 4503599627370498 216174981137039360 268435458 16777216 9007267975266304 33554432 4096 9007199254740995 72060892572811264 536870915 33554432 13510936323162112 50331648 8192 13510798882111489 144116287587483648 805306369 50331648
98 1 164 1 267 1 18015223155785728 67108864 49152 18014398509481992 864699924548157440 1073741832 67108864 36029071901065216 134217728 16384 36028797018963980 288243570291245056 2147483660 134217728 54043745292648448 201326592 32768 54043195528445956 576465150349934592 3221225476 201326592
99 1 165 1 268 1 72060892623142912 268435456 196608 72057594037927968 3458799698192629760 4294967328 268435456 144116287604260864 536870912 65536 144115188075855920 1152974281164980224 8589934640 536870912 216174981170593792 805306368 131072 216172782113783824 2305860601399738368 12884901904 805306368
100 1 166 1 269 1 288243570492571648 1073741824 786432 288230376151711872 13835198792770519040 17179869312 1073741824 576465150417043456 2147483648 262144 576460752303423680 4611897124659920896 34359738560 2147483648 864699924682375168 3221225472 524288 864691128455135296 9223442405598953472 51539607616 3221225472
101 1 167 1 270 1 1152974281970286592 4294967296 3145728 1152921504606913024 562949953421312 68719477251 0 2305860601668173824 8589934592 1048576 2305843009213825792 844424930131968 137438954241 0 3458799698729500672 12884901888 2097152 3458764513820737792 281474976710656 206158430466 0
102 1 168 1 271 1 4611897127881146368 17179869184 12582912 4611686018427652096 2251799813685248 274877909004 0 9223442406672695296 34359738368 4194304 9223372036855303168 3377699720527872 549755816964 0 13835198794918002688 51539607552 8388608 13835058055282951168 1125899906842624 824633721864 0
103 1 169 1 272 1 844437815033856 68719476737 50331648 1056768 9007199254740993 1099511636016 0 281479271677952 137438953474 16777216 2109440 13510798882111490 2199023267856 0 562958543355904 206158430211 33554432 3149824 4503599627370499 3298534887456 0
0 1 170 1 273 1 3377751260135424 274877906948 201326592 4227072 36028797018963972 4398046544064 0 1125917086711808 549755813896 67108864 8437760 54043195528445960 8796093071424 0 2251834173423616 824633720844 134217728 12599296 18014398509481996 13194139549824 0
1 1 171 1 274 1 13511005040541698 1099511627792 805306368 16777216 144115188075855888 17592186176256 0 4503668346847235 2199023255584 268435456 33554432 216172782113783840 35184372285696 0 9007336693694465 3298534883376 536870912 50331648 72057594037927984 52776558199296 0
2 1 172 1 275 1 54044020162166792 4398046511168 3221225472 67108864 576460752303423552 70368744705024 0 18014673387388940 8796093022336 1073741824 134217728 864691128455135360 140737489142784 0 36029346774777860 13194139533504 2147483648 201326592 288230376151711936 211106232797184 0
3 1 173 1 276 1 216176080648667168 17592186044672 12884901888 268435456 2305843009213694208 281474978820096 0 72058693549555760 35184372089344 4294967296 536870912 3458764513820541440 562949956571136 0 144117387099111440 52776558134016 8589934592 805306368 1152921504606847744 844424931188736 0
4 1 174 1 277 1 864704322594668672 70368744178688 51539607552 1073741824 9223372036854776832 1125899915280384 0 288234774198223040 140737488357376 17179869184 2147483648 13835058055282165760 2251799826284544 0 576469548396445760 211106232536064 34359738368 3221225472 4611686018427390976 3377699724754944 0
5 1 175 1 278 1 3458817290378674688 281474976714752 206158430208 4294967296 4096 4503599661121538 0 1152939096792892160 562949953429504 68719476736 8589934592 8192 9007199305138179 0 2305878193585783040 844424930144256 137438953472 12884901888 12288 13510798899019777 0
6 1 176 1 279 1 13835269161514698752 1125899906859008 824633720832 17179869184 16384 18014398644486152 0 4611756387171568640 2251799813718016 274877906944 34359738368 32768 36028797220552716 0 9223512774343132160 3377699720577024 549755813888 51539607552 49152 54043195596079108 0
7 1 177 1 280 1 844424930140160 4503599627436035 3298534883328 68719476736 65536 72057594577944608 0 281474976722944 9007199254872065 1099511627776 137438953472 131072 144115188882210864 0 562949953425408 13510798882308098 2199023255552 206158430208 196608 216172782384316432 0
8 1 178 1 281 1 3377699720560640 18014398509744140 13194139533312 274877906944 262144 288230378311778432 0 1125899906891776 36028797019488260 4398046511104 549755813888 524288 576460755528843456 0 2251799813701632 54043195529232392 8796093022208 824633720832 786432 864691129537265728 0
9 1 179 1 282 1 13510798882242560 72057594038976560 52776558133248 1099511627776 1048576 1152921513247113728 0 4503599627567104 144115188077953040 17592186044416 2199023255552 2097152 2305843022115373824 0 9007199254806528 216172782116929568 35184372088832 3298534883328 3145728 3458764518149062912 0
10 1 180 1 283 1 54043195528970240 288230376155906240 211106232532992 4398046511104 4194304 4611686052988454912 0 18014398510268416 576460752311812160 70368744177664 8796093022208 8388608 9223372088461495296 0 36028797019226112 864691128467718272 140737488355328 13194139533312 12582912 13835058072596251648 0
11 1 181 1 284 1 216172782115880960 1152921504623624960 844424930131968 17592186044416 16777216 138244268032 1 72057594041073664 2305843009247248640 281474976710656 35184372088832 33554432 206426877952 2 144115188076904448 3458764513870873088 562949953421312 52776558133248 50331648 69256351744 3
12 1 182 1 285 1 864691128463523840 4611686018494499840 3377699720527872 70368744177664 67108864 552977072128 4 288230376164294656 9223372036988994560 1125899906842624 140737488355328 134217728 825707511808 8 576460752307617792 13835058055483492352 2251799813685248 211106232532992 201326592 277025406976 12
13 1 183 1 286 1 3458764513854095360 268447744 13510798882111489 281474976710656 268435456 2211908288512 16 1152921504657178624 536875008 4503599627370498 562949953421312 536870912 3302830047232 32 2305843009230471168 805314560 9007199254740995 844424930131968 805306368 1108101627904 48
14 1 184 1 287 1 13835058055416381440 1073790976 54043195528445956 1125899906842624 1073741824 8847633154048 64 4611686018628714496 2147500032 18014398509481992 2251799813685248 2147483648 13211320188928 128 9223372036921884672 3221258240 36028797018963980 3377699720527872 3221225472 4432406511616 192
15 1 185 1 288 1 536870912 4295163907 216172782113783824 4503599627370496 4294967296 35390532616192 256 805306368 8590000129 72057594037927968 9007199254740992 8589934592 52845280755712 512 268435456 12885032962 144115188075855920 13510798882111488 12884901888 17729626046464 768
16 1 186 1 289 1 2147483648 17180655628 864691128455135296 18014398509481984 17179869184 141562130464768 1024 3221225472 34360000516 288230376151711872 36028797018963968 34359738368 211381123022848 2048 1073741824 51540131848 576460752303423680 54043195528445952 51539607552 70918504185856 3072
17 1 187 1 290 1 8589934592 68722622512 3458764513820541184 72057594037927936 68719476736 566248521859072 4096 12884901888 137440002064 1152921504606847488 144115188075855872 137438953472 845524492091392 8192 4294967296 206160527392 2305843009213694720 216172782113783808 206158430208 283674016743424 12288
18 1 188 1 291 1 34359738368 274890490048 13835058055282164736 288230376151711744 274877906944 2264994087436288 16384 51539607552 549760008256 4611686018427389952 576460752303423488 549755813888 3382097968365568 32768 17179869184 824642109568 9223372036854778880 864691128455135232 824633720832 1134696066973696 49152
19 1 189 1 292 1 137438953472 1099561960192 4096 1152921504606846979 1099511627776 9059976349745152 65536 206158430208 2199040033024 8192 2305843009213693953 2199023255552 13528391873462272 131072 68719476736 3298568438272 12288 3458764513820540930 3298534883328 4538784267894784 196608
20 1 190 1 293 1 549755813888 4398247840768 16384 4611686018427387916 4398046511104 36239905398980608 262144 824633720832 8796160132096 32768 9223372036854775812 8796093022208 54113567493849088 524288 274877906944 13194273753088 49152 13835058055282163720 13194139533312 18155137071579136 786432
21 1 191 1 294 1 2199023255552 17592991363072 65536 48 17592186044417 144959621595922432 1048576 3298534883328 35184640528384 131072 16 35184372088834 216454269975396352 2097152 1099511627776 52777095012352 196608 32 52776558133251 72620548286316544 3145728
22 1 192 1 295 1 8796093022208 70371965452288 262144 192 70368744177668 579838486383689728 4194304 13194139533312 140738562113536 524288 64 140737488355336 865817079901585408 8388608 4398046511104 211108380049408 786432 128 211106232533004 290482193145266176 12582912
23 1 193 1 296 1 35184372088832 281487861809152 1048576 768 281474976710672 2319353945534758912 16777216 52776558133248 562954248454144 2097152 256 562949953421344 3463268319606341632 33554432 17592186044416 844433520197632 3145728 512 844424930132016 1161928772581064704 50331648
24 1 194 1 297 1 140737488355328 1125951447236608 4194304 3072 1125899906842688 9277415782139035648 67108864 211106232532992 2251816993816576 8388608 1024 2251799813685376 13853073278425366528 134217728 70368744177664 3377734080790528 12582912 2048 3377699720528064 4647715090324258816 201326592
25 1 195 1 298 1 562949953421312 4503805788946432 16777216 12288 4503599627370752 216174981137039360 268435458 844424930131968 9007267975266304 33554432 4096 9007199254741504 72060892572811264 536870915 281474976710656 13510936323162112 50331648 8192 13510798882112256 144116287587483648 805306369
26 1 196 1 299 1 2251799813685248 18015223155785728 67108864 49152 18014398509483008 864699924548157440 1073741832 3377699720527872 36029071901065216 134217728 16384 36028797018966016 288243570291245056 2147483660 1125899906842624 54043745292648448 201326592 32768 54043195528449024 576465150349934592 3221225476
27 1 197 1 300 1 9007199254740995 72060892623142912 268435456 65536 72057594037932032 3458799698192629760 32 13510798882111489 144116287604260864 536870912 131072 144115188075864064 1152974281164980224 48 4503599627370498 216174981170593792 805306368 196608 216172782113796096 2305860601399738368 16
28 1 198 1 301 1 36028797018963980 288243570492571648 1073741824 262144 288230376151728128 13835198792770519040 128 54043195528445956 576465150417043456 2147483648 524288 576460752303456256 4611897124659920896 192 18014398509481992 864699924682375168 3221225472 786432 864691128455184384 9223442405598953472 64
29 1 199 1 302 1 144115188075855920 1152974281970286592 4294967296 1048576 1152921504606912512 562949953421312 515 216172782113783824 2305860601668173824 8589934592 2097152 2305843009213825024 844424930131968 769 72057594037927968 3458799698729500672 12884901888 3145728 3458764513820737536 281474976710656 258
30 1 200 1 303 1 576460752303423680 4611897127881146368 17179869184 4194304 4611686018427650048 2251799813685248 2060 864691128455135296 9223442406672695296 34359738368 8388608 9223372036855300096 3377699720527872 3076 288230376151711872 13835198794918002688 51539607552 12582912 13835058055282950144 1125899906842624 1032
31 1 201 1 304 1 2305843009213694720 844437815033856 68719476737 16777216 1048576 9007199254740993 8240 3458764513820541184 281479271677952 137438953474 33554432 2097152 13510798882111490 12304 1152921504606847488 562958543355904 206158430211 50331648 3145728 4503599627370499 4128
32 1 202 1 305 1 9223372036854778880 3377751260135424 274877906948 67108864 4194304 36028797018963972 32960 13835058055282164736 1125917086711808 549755813896 134217728 8388608 54043195528445960 49216 4611686018427389952 2251834173423616 824633720844 201326592 12582912 18014398509481996 16512
33 1 203 1 306 1 12288 13511005040541698 1099511627792 268435456 16777216 144115188075855888 131840 4096 4503668346847235 2199023255584 536870912 33554432 216172782113783840 196864 8192 9007336693694465 3298534883376 805306368 50331648 72057594037927984 66048
34 1 204 1 307 1 49152 54044020162166792 4398046511168 1073741824 67108864 576460752303423552 527360 16384 18014673387388940 8796093022336 2147483648 134217728 864691128455135360 787456 32768 36029346774777860 13194139533504 3221225472 201326592 288230376151711936 264192
35 1 205 1 308 1 196608 216176080648667168 17592186044672 4294967296 268435456 2305843009213694208 2109440 65536 72058693549555760 35184372089344 8589934592 536870912 3458764513820541440 3149824 131072 144117387099111440 52776558134016 12884901888 805306368 1152921504606847744 1056768
36 1 206 1 309 1 786432 864704322594668672 70368744178688 17179869184 1073741824 9223372036854776832 8437760 262144 288234774198223040 140737488357376 34359738368 2147483648 13835058055282165760 12599296 524288 576469548396445760 211106232536064 51539607552 3221225472 4611686018427390976 4227072
37 1 207 1 310 1 3145728 3458817290378674688 281474976714752 68719476736 4294967296 4096 33751042 1048576 1152939096792892160 562949953429504 137438953472 8589934592 8192 50397187 2097152 2305878193585783040 844424930144256 206158430208 12884901888 12288 16908289
38 1 104 1 311 1 12582912 13835269161514698752 1125899906859008 274877906944 17179869184 16384 135004168 4194304 4611756387171568640 2251799813718016 549755813888 34359738368 32768 201588748 8388608 9223512774343132160 3377699720577024 824633720832 51539607552 49152 67633156
39 1 105 1 208 1 50331648 844424930140160 4503599627436035 1099511627776 68719476736 65536 540016672 16777216 281474976722944 9007199254872065 2199023255552 137438953472 131072 806354992 33554432 562949953425408 13510798882308098 3298534883328 206158430208 196608 270532624
40 1 106 1 209 1 201326592 3377699720560640 18014398509744140 4398046511104 274877906944 262144 2160066688 67108864 1125899906891776 36028797019488260 8796093022208 549755813888 524288 3225419968 134217728 2251799813701632 54043195529232392 13194139533312 824633720832 786432 1082130496
41 1 107 1 210 1 805306368 13510798882242560 72057594038976560 17592186175488 1099511627776 1048576 50332160 268435456 4503599627567104 144115188077953040 35184372285440 2199023255552 2097152 16777984 536870912 9007199254806528 216172782116929568 52776558198784 3298534883328 3145728 33554688
42 1 108 1 211 1 3221225472 54043195528970240 288230376155906240 70368744701952 4398046511104 4194304 201328640 1073741824 18014398510268416 576460752311812160 140737489141760 8796093022208 8388608 67111936 2147483648 36028797019226112 864691128467718272 211106232795136 13194139533312 12582912 134218752
43 1 170 1 235 1 12884901888 216172782113783856 2305843009213693952 216454257090494464 17729626046464 2305843009213693952 0 4294967296 72057594037927952 3458764513820540928 72620543991349248 35390532616192 3458764513820540928 0 8589934592 144115188075855904 1152921504606846976 144959613005987840 52845280755712 1152921504606846976 0
44 1 171 1 236 1 51539607552 864691128455135424 9223372036854775808 865817028361977856 70918504185856 9223372036854775808 0 17179869184 288230376151711808 13835058055282163712 290482175965396992 141562130464768 13835058055282163712 0 34359738368 576460752303423616 4611686018427387904 579838452023951360 211381123022848 4611686018427387904 0
45 1 172 1 237 1 206158430208 3458764513820541696 0 3463268113447911426 283674016743424 0 2 68719476736 1152921504606847232 0 1161928703861587971 566248521859072 0 3 137438953472 2305843009213694464 0 2319353808095805441 845524492091392 0 1
46 1 173 1 238 1 824633720832 13835058055282166784 0 13853072453791645704 1134696066973696 0 8 274877906944 4611686018427388928 0 4647714815446351884 2264994087436288 0 12 549755813888 9223372036854777856 0 9277415232383221764 3382097968365568 0 4
47 1 174 1 239 1 3298534883328 12288 3 72057594037927968 4538784267894787 0 32 1099511627776 4096 1 144115188075855920 9059976349745153 0 48 2199023255552 8192 2 216172782113783824 13528391873462274 0 16
48 1 175 1 240 1 13194139533312 49152 12 288230376151711872 18155137071579148 0 128 4398046511104 16384 4 576460752303423680 36239905398980612 0 192 8796093022208 32768 8 864691128455135296 54113567493849096 0 64
49 1 176 1 241 1 52776558133248 196608 48 1152921504606847488 72620548286316592 0 512 17592186044416 65536 16 2305843009213694720 144959621595922448 0 768 35184372088832 131072 32 3458764513820541184 216454269975396384 0 256
50 1 177 1 242 1 211106232532992 786432 192 4611686018427389952 290482193145266368 0 2048 70368744177664 262144 64 9223372036854778880 579838486383689792 0 3072 140737488355328 524288 128 13835058055282164736 865817079901585536 0 1024
51 1 178 1 243 1 844424930131968 3145728 768 8192 1161928772581065473 0 8192 281474976710656 1048576 256 12288 2319353945534759170 0 12288 562949953421312 2097152 512 4096 3463268319606342147 0 4096
52 1 179 1 244 1 3377699720527872 12582912 3072 32768 4647715090324261892 0 32768 1125899906842624 4194304 1024 49152 9277415782139036680 0 49152 2251799813685248 8388608 2048 16384 13853073278425368588 0 16384
53 1 180 1 245 1 13510798882111490 50331648 12288 0 144116287587495952 1 131072 4503599627370499 16777216 4096 0 216174981137043488 2 196608 9007199254740993 33554432 8192 0 72060892572819504 3 65536
54 1 181 1 246 1 54043195528445960 201326592 49152 0 576465150349983808 4 524288 18014398509481996 67108864 16384 0 864699924548173952 8 786432 36028797018963972 134217728 32768 0 288243570291278016 12 262144
55 1 182 1 247 1 216172782113783840 805306368 196608 0 2305860601399935232 16 2097152 72057594037927984 268435456 65536 0 3458799698192695808 32 3145728 144115188075855888 536870912 131072 0 1152974281165112064 48 1048576
56 1 183 1 248 1 864691128455135360 3221225472 786432 0 9223442405599740928 64 8388608 288230376151711936 1073741824 262144 0 13835198792770783232 128 12582912 576460752303423552 2147483648 524288 0 4611897124660448256 192 4194304
57 1 184 1 249 1 3458764513820541440 12884901888 3145728 0 281474979860480 258 33554432 1152921504606847744 4294967296 1048576 0 562949954478080 515 50331648 2305843009213694208 8589934592 2097152 0 844424932241408 769 16777216
58 1 185 1 250 1 13835058055282165760 51539607552 12582912 0 1125899919441920 1032 134217728 4611686018427390976 17179869184 4194304 0 2251799817912320 2060 201326592 9223372036854776832 34359738368 8388608 0 3377699728965632 3076 67108864
59 1 186 1 251 1 8192 206158430211 50331648 0 4503599677767680 4128 536870912 12288 68719476737 16777216 0 9007199271649280 8240 805306368 4096 137438953474 33554432 0 13510798915862528 12304 268435456
60 1 187 1 252 1 32768 824633720844 201326592 0 18014398711070720 16512 2147483648 49152 274877906948 67108864 0 36028797086597120 32960 3221225472 16384 549755813896 134217728 0 54043195663450112 49216 1073741824
61 1 188 1 253 1 131072 3298534883376 805306368 131072 72057594844282880 66048 0 196608 1099511627792 268435456 196608 144115188346388480 131840 0 65536 2199023255584 536870912 65536 216172782653800448 196864 0
62 1 189 1 254 1 524288 13194139533504 3221225472 524288 288230379377131520 264192 0 786432 4398046511168 1073741824 786432 576460753385553920 527360 0 262144 8796093022336 2147483648 262144 864691130615201792 787456 0
63 1 190 1 255 1 2097152 52776558134016 12884901888 2097152 1152921517508526080 1056768 0 3145728 17592186044672 4294967296 3145728 2305843013542215680 2109440 0 1048576 35184372089344 8589934592 1048576 3458764522460807168 3149824 0
64 1 191 1 256 1 8388608 211106232536064 51539607552 8388608 4611686070034104320 4227072 0 12582912 70368744178688 17179869184 12582912 9223372054168862720 8437760 0 4194304 140737488357376 34359738368 4194304 13835058089843228672 12599296 0
65 1 192 1 257 1 33554432 844424930144256 206158430208 33554432 206426865664 16908289 0 50331648 281474976714752 68719476736 50331648 69256347648 33751042 0 16777216 562949953429504 137438953472 16777216 138244259840 50397187 0
66 1 193 1 258 1 134217728 3377699720577024 824633720832 134217728 825707462656 67633156 0 201326592 1125899906859008 274877906944 201326592 277025390592 135004168 0 67108864 2251799813718016 549755813888 67108864 552977039360 201588748 0
67 1 194 1 259 1 536870912 13510798882308096 3298534883328 536870912 3302829850624 270532624 0 805306368 4503599627436032 1099511627776 805306368 1108101562368 540016672 0 268435456 9007199254872064 2199023255552 268435456 2211908157440 806354992 0
68 1 195 1 260 1 2147483648 54043195529232384 13194139533312 2147483648 13211319402496 1082130496 0 3221225472 18014398509744128 4398046511104 3221225472 4432406249472 2160066688 0 1073741824 36028797019488256 8796093022208 1073741824 8847632629760 3225419968 0
69 1 196 1 261 1 8589934592 216172782116929536 52776558133248 8589934592 52845277609984 4328521984 0 12884901888 72057594038976512 17592186044416 12884901888 17729624997888 8640266752 0 4294967296 144115188077953024 35184372088832 4294967296 35390530519040 12901679872 0
70 1 197 1 262 1 34359738368 864691128467718144 211106232532992 34359738368 211381110439936 17314087936 0 51539607552 288230376155906048 70368744177664 51539607552 70918499991552 34561067008 0 17179869184 576460752311812096 140737488355328 17179869184 141562122076160 51606719488 0
71 1 198 1 263 1 137438953472 3458764513870872576 844424930131968 137438953472 845524441759744 69256351744 0 206158430208 1152921504623624192 281474976710656 206158430208 283673999966208 138244268032 0 68719476736 2305843009247248384 562949953421312 68719476736 566248488304640 206426877952 0
72 1 199 1 264 1 549755813888 13835058055483490304 3377699720527872 549755813888 3382097767038976 277025406976 0 824633720832 4611686018494496768 1125899906842624 824633720832 1134695999864832 552977072128 0 274877906944 9223372036988993536 2251799813685248 274877906944 2264993953218560 825707511808 0
73 1 200 1 265 1 2199023255552 805306368 13510798882111491 2199023255552 13528391068155904 1108101627904 0 3298534883328 268435456 4503599627370497 3298534883328 4538783999459328 2211908288512 0 1099511627776 536870912 9007199254740994 1099511627776 9059975812874240 3302830047232 0
74 1 201 1 266 1 8796093022208 3221225472 54043195528445964 8796093022208 54113564272623616 4432406511616 0 13194139533312 1073741824 18014398509481988 13194139533312 18155135997837312 8847633154048 0 4398046511104 2147483648 36028797018963976 4398046511104 36239903251496960 13211320188928 0
75 1 202 1 267 1 35184372088832 12884901888 216172782113783856 35184372088832 216454257090494464 17729626046464 0 52776558133248 4294967296 72057594037927952 52776558133248 72620543991349248 35390532616192 0 17592186044416 8589934592 144115188075855904 17592186044416 144959613005987840 52845280755712 0
76 1 203 1 268 1 140737488355328 51539607552 864691128455135424 140737488355328 865817028361977856 70918504185856 0 211106232532992 17179869184 288230376151711808 211106232532992 290482175965396992 141562130464768 0 70368744177664 34359738368 576460752303423616 70368744177664 579838452023951360 211381123022848 0
77 1 204 1 269 1 562949953421312 206158430208 3458764513820541696 562949953421312 3463268113447911424 283674016743424 0 844424930131968 68719476736 1152921504606847232 844424930131968 1161928703861587968 566248521859072 0 281474976710656 137438953472 2305843009213694464 281474976710656 2319353808095805440 845524492091392 0
78 1 205 1 270 1 2251799813685248 824633720832 13835058055282166784 2251799813685248 13853072453791645696 1134696066973696 0 3377699720527872 274877906944 4611686018427388928 3377699720527872 4647714815446351872 2264994087436288 0 1125899906842624 549755813888 9223372036854777856 1125899906842624 9277415232383221760 3382097968365568 0
79 1 206 1 271 1 9007199254740992 3298534883328 12288 9007199254740995 72057594037927936 4538784267894787 0 13510798882111488 1099511627776 4096 13510798882111489 144115188075855872 9059976349745153 0 4503599627370496 2199023255552 8192 4503599627370498 216172782113783808 13528391873462274 0
80 1 207 1 272 1 36028797018963968 13194139533312 49152 36028797018963980 288230376151711744 18155137071579148 0 54043195528445952 4398046511104 16384 54043195528445956 576460752303423488 36239905398980612 0 18014398509481984 8796093022208 32768 18014398509481992 864691128455135232 54113567493849096 0
81 1 104 1 273 1 144115188075855872 52776558133248 196608 144115188075855920 1152921504606846976 72620548286316592 0 216172782113783808 17592186044416 65536 216172782113783824 2305843009213693952 144959621595922448 0 72057594037927936 35184372088832 131072 72057594037927968 3458764513820540928 216454269975396384 0
82 1 105 1 274 1 576460752303423488 211106232532992 786432 576460752303423680 4611686018427387904 290482193145266368 0 864691128455135232 70368744177664 262144 864691128455135296 9223372036854775808 579838486383689792 0 288230376151711744 140737488355328 524288 288230376151711872 13835058055282163712 865817079901585536 0
83 1 106 1 275 1 2305843009213693952 844424930131968 3145728 2305843009213694720 0 1161928772581065473 0 3458764513820540928 281474976710656 1048576 3458764513820541184 0 2319353945534759170 0 1152921504606846976 562949953421312 2097152 1152921504606847488 0 3463268319606342147 0
84 1 107 1 276 1 9223372036854775808 3377699720527872 12582912 9223372036854778880 0 4647715090324261892 0 13835058055282163712 1125899906842624 4194304 13835058055282164736 0 9277415782139036680 0 4611686018427387904 2251799813685248 8388608 4611686018427389952 0 13853073278425368588 0
85 1 108 1 277 1 0 13510798882111490 50331648 12288 2 144116287587495952 1 0 4503599627370499 16777216 4096 3 216174981137043488 2 0 9007199254740993 33554432 8192 1 72060892572819504 3
86 1 109 1 278 1 0 54043195528445960 201326592 49152 8 576465150349983808 4 0 18014398509481996 67108864 16384 12 864699924548173952 8 0 36028797018963972 134217728 32768 4 288243570291278016 12
87 1 110 1 279 1 3 216172782113783840 805306368 0 32 2305860601399935232 16 1 72057594037927984 268435456 0 48 3458799698192695808 32 2 144115188075855888 536870912 0 16 1152974281165112064 48
88 1 111 1 280 1 12 864691128455135360 3221225472 0 128 9223442405599740928 64 4 288230376151711936 1073741824 0 192 13835198792770783232 128 8 576460752303423552 2147483648 0 64 4611897124660448256 192
89 1 112 1 281 1 48 3458764513820541440 12884901888 0 512 281474979860480 258 16 1152921504606847744 4294967296 0 768 562949954478080 515 32 2305843009213694208 8589934592 0 256 844424932241408 769
90 1 113 1 282 1 192 13835058055282165760 51539607552 0 2048 1125899919441920 1032 64 4611686018427390976 17179869184 0 3072 2251799817912320 2060 128 9223372036854776832 34359738368 0 1024 3377699728965632 3076
91 1 114 1 283 1 768 8192 206158430211 0 8192 4503599677767680 4128 256 12288 68719476737 0 12288 9007199271649280 8240 512 4096 137438953474 0 4096 13510798915862528 12304
92 1 115 1 284 1 3072 32768 824633720844 0 32768 18014398711070720 16512 1024 49152 274877906948 0 49152 36028797086597120 32960 2048 16384 549755813896 0 16384 54043195663450112 49216
93 1 116 1 285 1 12288 131072 3298534883376 0 131072 72057594844282880 66048 4096 196608 1099511627792 0 196608 144115188346388480 131840 8192 65536 2199023255584 0 65536 216172782653800448 196864
94 1 117 1 286 1 49152 524288 13194139533504 0 524288 288230379377131520 264192 16384 786432 4398046511168 0 786432 576460753385553920 527360 32768 262144 8796093022336 0 262144 864691130615201792 787456
95 1 118 1 287 1 196608 2097152 52776558134016 0 2097152 1152921517508526080 1056768 65536 3145728 17592186044672 0 3145728 2305843013542215680 2109440 131072 1048576 35184372089344 0 1048576 3458764522460807168 3149824
96 1 119 1 288 1 786432 8388608 211106232536064 0 8388608 4611686070034104320 4227072 262144 12582912 70368744178688 0 12582912 9223372054168862720 8437760 524288 4194304 140737488357376 0 4194304 13835058089843228672 12599296
97 1 120 1 289 1 3145728 33554432 844424930144256 0 33554432 206426865664 16908289 1048576 50331648 281474976714752 0 50331648 69256347648 33751042 2097152 16777216 562949953429504 0 16777216 138244259840 50397187
98 1 121 1 290 1 12582912 134217728 3377699720577024 0 134217728 825707462656 67633156 4194304 201326592 1125899906859008 0 201326592 277025390592 135004168 8388608 67108864 2251799813718016 0 67108864 552977039360 201588748
99 1 122 1 291 1 50331648 536870912 13510798882308096 0 536870912 3302829850624 270532624 16777216 805306368 4503599627436032 0 805306368 1108101562368 540016672 33554432 268435456 9007199254872064 0 268435456 2211908157440 806354992
100 1 123 1 292 1 201326592 2147483648 54043195529232384 0 2147483648 13211319402496 1082130496 67108864 3221225472 18014398509744128 0 3221225472 4432406249472 2160066688 134217728 1073741824 36028797019488256 0 1073741824 8847632629760 3225419968
101 1 124 1 293 1 805306368 8589934592 216172782116929536 65536 8589934592 52845277609984 33554688 268435456 12884901888 72057594038976512 131072 12884901888 17729624997888 50332160 536870912 4294967296 144115188077953024 196608 4294967296 35390530519040 16777984
102 1 125 1 294 1 3221225472 34359738368 864691128467718144 262144 34359738368 211381110439936 134218752 1073741824 51539607552 288230376155906048 524288 51539607552 70918499991552 201328640 2147483648 17179869184 576460752311812096 786432 17179869184 141562122076160 67111936
103 1 126 1 295 1 12884901888 137438953472 3458764513870872576 1048576 137438953472 845524441759744 536875008 4294967296 206158430208 1152921504623624192 2097152 206158430208 283673999966208 805314560 8589934592 68719476736 2305843009247248384 3145728 68719476736 566248488304640 268447744
0 1 127 1 296 1 51539607552 549755813888 13835058055483490304 4194304 549755813888 3382097767038976 2147500032 17179869184 824633720832 4611686018494496768 8388608 824633720832 1134695999864832 3221258240 34359738368 274877906944 9223372036988993536 12582912 274877906944 2264993953218560 1073790976
1 1 128 1 297 1 206158430208 2199023255552 805306368 16908291 2199023255552 13528391068155904 65536 68719476736 3298534883328 268435456 33751041 3298534883328 4538783999459328 131072 137438953472 1099511627776 536870912 50397186 1099511627776 9059975812874240 196608
2 1 129 1 298 1 824633720832 8796093022208 3221225472 67633164 8796093022208 54113564272623616 262144 274877906944 13194139533312 1073741824 135004164 13194139533312 18155135997837312 524288 549755813888 4398046511104 2147483648 201588744 4398046511104 36239903251496960 786432
3 1 130 1 299 1 3298534883328 35184372088832 12884901888 270532656 35184372088832 216454257090494464 1048576 1099511627776 52776558133248 4294967296 540016656 52776558133248 72620543991349248 2097152 2199023255552 17592186044416 8589934592 806354976 17592186044416 144959613005987840 3145728
4 1 131 1 300 1 13194139533312 140737488355328 51539607552 1082130624 140737488355328 865817028361977856 4194304 4398046511104 211106232532992 17179869184 2160066624 211106232532992 290482175965396992 8388608 8796093022208 70368744177664 34359738368 3225419904 70368744177664 579838452023951360 12582912
5 1 132 1 301 1 52776558133248 562949953421312 206158430208 4328522496 562949953421312 3463268113447911424 16777216 17592186044416 844424930131968 68719476736 8640266496 844424930131968 1161928703861587968 33554432 35184372088832 281474976710656 137438953472 12901679616 281474976710656 2319353808095805440 50331648
6 1 133 1 302 1 211106232532992 2251799813685248 824633720832 17314089984 2251799813685248 13853072453791645696 67108864 70368744177664 3377699720527872 274877906944 34561065984 3377699720527872 4647714815446351872 134217728 140737488355328 1125899906842624 549755813888 51606718464 1125899906842624 9277415232383221760 201326592
7 1 134 1 303 1 844424930131968 9007199254740992 3298534883328 69256359936 9007199254740992 72057594037927936 268435459 281474976710656 13510798882111488 1099511627776 138244263936 13510798882111488 144115188075855872 536870913 562949953421312 4503599627370496 2199023255552 206426873856 4503599627370496 216172782113783808 805306370
8 1 135 1 304 1 3377699720527872 36028797018963968 13194139533312 277025439744 36028797018963968 288230376151711744 1073741836 1125899906842624 54043195528445952 4398046511104 552977055744 54043195528445952 576460752303423488 2147483652 2251799813685248 18014398509481984 8796093022208 825707495424 18014398509481984 864691128455135232 3221225480
9 1 136 1 305 1 13510798882111491 144115188075855872 52776558133248 1108101627904 144115188075855872 1152921504606846976 48 4503599627370497 216172782113783808 17592186044416 2211908288512 216172782113783808 2305843009213693952 16 9007199254740994 72057594037927936 35184372088832 3302830047232 72057594037927936 3458764513820540928 32
10 1 137 1 306 1 54043195528445964 576460752303423488 211106232532992 4432406511616 576460752303423488 4611686018427387904 192 18014398509481988 864691128455135232 70368744177664 8847633154048 864691128455135232 9223372036854775808 64 36028797018963976 288230376151711744 140737488355328 13211320188928 288230376151711744 13835058055282163712 128
11 1 138 1 307 1 216172782113783856 2305843009213693952 844424930131968 17729626046464 2305843009213693952 0 769 72057594037927952 3458764513820540928 281474976710656 35390532616192 3458764513820540928 0 258 144115188075855904 1152921504606846976 562949953421312 52845280755712 1152921504606846976 0 515
12 1 139 1 308 1 864691128455135424 9223372036854775808 3377699720527872 70918504185856 9223372036854775808 0 3076 288230376151711808 13835058055282163712 1125899906842624 141562130464768 13835058055282163712 0 1032 576460752303423616 4611686018427387904 2251799813685248 211381123022848 4611686018427387904 0 2060
13 1 140 1 309 1 3458764513820541696 0 13510798882111490 283674016743424 0 2 12304 1152921504606847232 0 4503599627370499 566248521859072 0 3 4128 2305843009213694464 0 9007199254740993 845524492091392 0 1 8240
14 1 141 1 310 1 13835058055282166784 0 54043195528445960 1134696066973696 0 8 49216 4611686018427388928 0 18014398509481996 2264994087436288 0 12 16512 9223372036854777856 0 36028797018963972 3382097968365568 0 4 32960
15 1 142 1 311 1 12288 3 216172782113783840 4538784267894784 0 32 196864 4096 1 72057594037927984 9059976349745152 0 48 66048 8192 2 144115188075855888 13528391873462272 0 16 131840
16 1 143 1 208 1 49152 12 864691128455135360 18155137071579136 0 128 787456 16384 4 288230376151711936 36239905398980608 0 192 264192 32768 8 576460752303423552 54113567493849088 0 64 527360
17 1 144 1 209 1 196608 48 3458764513820541440 72620548286316544 0 512 3149824 65536 16 1152921504606847744 144959621595922432 0 768 1056768 131072 32 2305843009213694208 216454269975396352 0 256 2109440
18 1 145 1 210 1 786432 192 13835058055282165760 290482193145266176 0 2048 12599296 262144 64 4611686018427390976 579838486383689728 0 3072 4227072 524288 128 9223372036854776832 865817079901585408 0 1024 8437760
19 1 146 1 211 1 3145728 768 8192 1161928772581064707 0 8192 50397184 1048576 256 12288 2319353945534758913 0 12288 16908288 2097152 512 4096 3463268319606341634 0 4096 33751040
20 1 147 1 212 1 12582912 3072 32768 4647715090324258828 0 32768 201588736 4194304 1024 49152 9277415782139035652 0 49152 67633152 8388608 2048 16384 13853073278425366536 0 16384 135004160
21 1 148 1 213 1 50331648 12288 131072 144116287587483696 1 131072 806354944 16777216 4096 196608 216174981137039376 2 196608 270532608 33554432 8192 65536 72060892572811296 3 65536 540016640
22 1 149 1 214 1 201326592 49152 524288 576465150349934784 4 524288 3225419776 67108864 16384 786432 864699924548157504 8 786432 1082130432 134217728 32768 262144 288243570291245184 12 262144 2160066560
23 1 150 1 215 1 805306368 196608 2097152 2305860601399935744 16 2097152 16777216 268435456 65536 3145728 3458799698192695552 32 3145728 33554432 536870912 131072 1048576 1152974281165111808 48 1048576 50331648
24 1 151 1 216 1 3221225472 786432 8388608 9223442405599742976 64 8388608 67108864 1073741824 262144 12582912 13835198792770782208 128 12582912 134217728 2147483648 524288 4194304 4611897124660447232 192 4194304 201326592
25 1 152 1 217 1 12884901888 3145728 33554432 281474979868672 258 33554432 268435456 4294967296 1048576 50331648 562949954473984 515 50331648 536870912 8589934592 2097152 16777216 844424932237312 769 16777216 805306368
26 1 153 1 218 1 51539607552 12582912 134217728 1125899919474688 1032 134217728 1073741824 17179869184 4194304 201326592 2251799817895936 2060 201326592 2147483648 34359738368 8388608 67108864 3377699728949248 3076 67108864 3221225472
27 1 154 1 219 1 206158430211 50331648 536870912 4503599677767680 4128 536870912 0 68719476737 16777216 805306368 9007199271649280 8240 805306368 0 137438953474 33554432 268435456 13510798915862528 12304 268435456 0
28 1 155 1 220 1 824633720844 201326592 2147483648 18014398711070720 16512 2147483648 0 274877906948 67108864 3221225472 36028797086597120 32960 3221225472 0 549755813896 134217728 1073741824 54043195663450112 49216 1073741824 0
29 1 156 1 221 1 3298534883376 805306368 8589934592 72057594844282880 66048 8589934592 0 1099511627792 268435456 12884901888 144115188346388480 131840 12884901888 0 2199023255584 536870912 4294967296 216172782653800448 196864 4294967296 0
30 1 157 1 222 1 13194139533504 3221225472 34359738368 288230379377131520 264192 34359738368 0 4398046511168 1073741824 51539607552 576460753385553920 527360 51539607552 0 8796093022336 2147483648 17179869184 864691130615201792 787456 17179869184 0
31 1 158 1 223 1 52776558134016 12884901888 137438953472 1152921517508526080 1056768 137438953472 0 17592186044672 4294967296 206158430208 2305843013542215680 2109440 206158430208 0 35184372089344 8589934592 68719476736 3458764522460807168 3149824 68719476736 0
32 1 159 1 224 1 211106232536064 51539607552 549755813888 4611686070034104320 4227072 549755813888 0 70368744178688 17179869184 824633720832 9223372054168862720 8437760 824633720832 0 140737488357376 34359738368 274877906944 13835058089843228672 12599296 274877906944 0
33 1 160 1 225 1 844424930144256 206158430208 2199023255552 206426865664 16908289 2199023255552 0 281474976714752 68719476736 3298534883328 69256347648 33751042 3298534883328 0 562949953429504 137438953472 1099511627776 138244259840 50397187 1099511627776 0
34 1 161 1 226 1 3377699720577024 824633720832 8796093022208 825707462656 67633156 8796093022208 0 1125899906859008 274877906944 13194139533312 277025390592 135004168 13194139533312 0 2251799813718016 549755813888 4398046511104 552977039360 201588748 4398046511104 0
35 1 162 1 227 1 13510798882308096 3298534883328 35184372088832 3302829850624 270532624 35184372088832 0 4503599627436032 1099511627776 52776558133248 1108101562368 540016672 52776558133248 0 9007199254872064 2199023255552 17592186044416 2211908157440 806354992 17592186044416 0
36 1 163 1 228 1 54043195529232384 13194139533312 140737488355328 13211319402496 1082130496 140737488355328 0 18014398509744128 4398046511104 211106232532992 4432406249472 2160066688 211106232532992 0 36028797019488256 8796093022208 70368744177664 8847632629760 3225419968 70368744177664 0
37 1 164 1 229 1 216172782116929536 52776558133248 562949953421312 52845277609984 4328521984 562949953421312 0 72057594038976512 17592186044416 844424930131968 17729624997888 8640266752 844424930131968 0 144115188077953024 35184372088832 281474976710656 35390530519040 12901679872 281474976710656 0
38 1 165 1 230 1 864691128467718144 211106232532992 2251799813685248 211381110439936 17314087936 2251799813685248 0 288230376155906048 70368744177664 3377699720527872 70918499991552 34561067008 3377699720527872 0 576460752311812096 140737488355328 1125899906842624 141562122076160 51606719488 1125899906842624 0
39 1 166 1 231 1 3458764513870872576 844424930131968 9007199254740992 845524441759744 69256351744 9007199254740992 0 1152921504623624192 281474976710656 13510798882111488 283673999966208 138244268032 13510798882111488 0 2305843009247248384 562949953421312 4503599627370496 566248488304640 206426877952 4503599627370496 0
40 1 167 1 232 1 13835058055483490304 3377699720527872 36028797018963968 3382097767038976 277025406976 36028797018963968 0 4611686018494496768 1125899906842624 54043195528445952 1134695999864832 552977072128 54043195528445952 0 9223372036988993536 2251799813685248 18014398509481984 2264993953218560 825707511808 18014398509481984 0
41 1 168 1 233 1 805306368 13510798882111491 144115188075855872 13528391068155904 1108101627904 144115188075855872 0 268435456 4503599627370497 216172782113783808 4538783999459328 2211908288512 216172782113783808 0 536870912 9007199254740994 72057594037927936 9059975812874240 3302830047232 72057594037927936 0
42 1 169 1 234 1 3221225472 54043195528445964 576460752303423488 54113564272623616 4432406511616 576460752303423488 0 1073741824 18014398509481988 864691128455135232 18155135997837312 8847633154048 864691128455135232 0 2147483648 36028797018963976 288230376151711744 36239903251496960 13211320188928 288230376151711744 0
21 1 126 1 304 1 0 48 17592186044416 0 0 0 0 0 16 35184372088832 0 0 0 0 0 32 52776558133248 0 0 0 0
22 1 127 1 305 1 0 192 70368744177664 0 0 0 0 0 64 140737488355328 0 0 0 0 0 128 211106232532992 0 0 0 0
23 1 128 1 306 1 0 768 281474976710656 0 0 0 0 0 256 562949953421312 0 0 0 0 0 512 844424930131968 0 0 0 0
24 1 129 1 307 1 0 3072 1125899906842624 0 0 0 0 0 1024 2251799813685248 0 0 0 0 0 2048 3377699720527872 0 0 0 0
25 1 130 1 308 1 0 12288 4503599627370496 0 0 0 0 0 4096 9007199254740992 0 0 0 0 0 8192 13510798882111488 0 0 0 0
26 1 131 1 309 1 0 49152 18014398509481984 0 0 0 0 0 16384 36028797018963968 0 0 0 0 0 32768 54043195528445952 0 0 0 0
27 1 132 1 310 1 0 196608 72057594037927936 0 0 0 0 0 65536 144115188075855872 0 0 0 0 0 131072 216172782113783808 0 0 0 0
28 1 133 1 311 1 0 786432 288230376151711744 0 0 0 0 0 262144 576460752303423488 0 0 0 0 0 524288 864691128455135232 0 0 0 0
29 1 134 1 208 1 0 3145728 1152921504606846976 0 0 0 0 0 1048576 2305843009213693952 0 0 0 0 0 2097152 3458764513820540928 0 0 0 0
30 1 135 1 209 1 0 12582912 4611686018427387904 0 0 0 0 0 4194304 9223372036854775808 0 0 0 0 0 8388608 13835058055282163712 0 0 0 0
31 1 136 1 210 1 0 50331648 0 1 0 0 0 0 16777216 0 2 0 0 0 0 33554432 0 3 0 0 0
32 1 137 1 211 1 0 201326592 0 4 0 0 0 0 67108864 0 8 0 0 0 0 134217728 0 12 0 0 0
33 1 138 1 212 1 0 805306368 0 16 0 0 0 0 268435456 0 32 0 0 0 0 536870912 0 48 0 0 0
34 1 139 1 213 1 0 3221225472 0 64 0 0 0 0 1073741824 0 128 0 0 0 0 2147483648 0 192 0 0 0
35 1 140 1 214 1 0 12884901888 0 256 0 0 0 0 4294967296 0 512 0 0 0 0 8589934592 0 768 0 0 0
36 1 141 1 215 1 0 51539607552 0 1024 0 0 0 0 17179869184 0 2048 0 0 0 0 34359738368 0 3072 0 0 0
37 1 142 1 216 1 0 206158430208 0 4096 0 0 0 0 68719476736 0 8192 0 0 0 0 137438953472 0 12288 0 0 0
38 1 143 1 217 1 0 824633720832 0 16384 0 0 0 0 274877906944 0 32768 0 0 0 0 549755813888 0 49152 0 0 0
39 1 144 1 218 1 1 3298534883328 0 0 0 0 0 2 1099511627776 0 0 0 0 0 3 2199023255552 0 0 0 0 0
40 1 145 1 219 1 4 13194139533312 0 0 0 0 0 8 4398046511104 0 0 0 0 0 12 8796093022208 0 0 0 0 0
41 1 146 1 220 1 16 52776558133248 0 0 0 0 0 32 17592186044416 0 0 0 0 0 48 35184372088832 0 0 0 0 0
42 1 147 1 221 1 64 211106232532992 0 0 0 0 0 128 70368744177664 0 0 0 0 0 192 140737488355328 0 0 0 0 0
43 1 148 1 222 1 256 844424930131968 0 0 0 0 0 512 281474976710656 0 0 0 0 0 768 562949953421312 0 0 0 0 0
44 1 149 1 223 1 1024 3377699720527872 0 0 0 0 0 2048 1125899906842624 0 0 0 0 0 3072 2251799813685248 0 0 0 0 0
45 1 150 1 224 1 4096 13510798882111488 0 0 0 0 0 8192 4503599627370496 0 0 0 0 0 12288 9007199254740992 0 0 0 0 0
46 1 151 1 225 1 16384 54043195528445952 0 0 0 0 0 32768 18014398509481984 0 0 0 0 0 49152 36028797018963968 0 0 0 0 0
47 1 152 1 226 1 65536 216172782113783808 0 0 0 0 0 131072 72057594037927936 0 0 0 0 0 196608 144115188075855872 0 0 0 0 0
48 1 153 1 227 1 262144 864691128455135232 0 0 0 0 0 524288 288230376151711744 0 0 0 0 0 786432 576460752303423488 0 0 0 0 0
49 1 154 1 228 1 1048576 3458764513820540928 0 0 0 0 0 2097152 1152921504606846976 0 0 0 0 0 3145728 2305843009213693952 0 0 0 0 0
50 1 155 1 229 1 4194304 13835058055282163712 0 0 0 0 0 8388608 4611686018427387904 0 0 0 0 0 12582912 9223372036854775808 0 0 0 0 0
51 1 156 1 230 1 16777216 0 3 0 0 0 0 33554432 0 1 0 0 0 0 50331648 0 2 0 0 0 0
52 1 157 1 231 1 67108864 0 12 0 0 0 0 134217728 0 4 0 0 0 0 201326592 0 8 0 0 0 0
53 1 158 1 232 1 268435456 0 48 0 0 0 0 536870912 0 16 0 0 0 0 805306368 0 32 0 0 0 0
54 1 159 1 233 1 1073741824 0 192 0 0 0 0 2147483648 0 64 0 0 0 0 3221225472 0 128 0 0 0 0
55 1 160 1 234 1 4294967296 0 768 0 0 0 0 8589934592 0 256 0 0 0 0 12884901888 0 512 0 0 0 0
56 1 161 1 235 1 17179869184 0 3072 0 0 0 0 34359738368 0 1024 0 0 0 0 51539607552 0 2048 0 0 0 0
57 1 162 1 236 1 68719476736 0 12288 0 0 0 0 137438953472 0 4096 0 0 0 0 206158430208 0 8192 0 0 0 0
58 1 163 1 237 1 274877906944 0 49152 0 0 0 0 549755813888 0 16384 0 0 0 0 824633720832 0 32768 0 0 0 0
59 1 164 1 238 1 1099511627776 0 196608 0 0 0 0 2199023255552 0 65536 0 0 0 0 3298534883328 0 131072 0 0 0 0
60 1 165 1 239 1 4398046511104 0 786432 0 0 0 0 8796093022208 0 262144 0 0 0 0 13194139533312 0 524288 0 0 0 0
61 1 166 1 240 1 17592186044416 0 3145728 0 0 0 0 35184372088832 0 1048576 0 0 0 0 52776558133248 0 2097152 0 0 0 0
62 1 167 1 241 1 70368744177664 0 12582912 0 0 0 0 140737488355328 0 4194304 0 0 0 0 211106232532992 0 8388608 0 0 0 0
63 1 168 1 242 1 281474976710656 0 50331648 0 0 0 0 562949953421312 0 16777216 0 0 0 0 844424930131968 0 33554432 0 0 0 0
64 1 169 1 243 1 1125899906842624 0 201326592 0 0 0 0 2251799813685248 0 67108864 0 0 0 0 3377699720527872 0 134217728 0 0 0 0
65 1 170 1 244 1 4503599627370496 0 805306368 0 0 0 0 9007199254740992 0 268435456 0 0 0 0 13510798882111488 0 536870912 0 0 0 0
66 1 171 1 245 1 18014398509481984 0 3221225472 0 0 0 0 36028797018963968 0 1073741824 0 0 0 0 54043195528445952 0 2147483648 0 0 0 0
67 1 172 1 246 1 72057594037927936 0 12884901888 0 0 0 0 144115188075855872 0 4294967296 0 0 0 0 216172782113783808 0 8589934592 0 0 0 0
68 1 173 1 247 1 288230376151711744 0 51539607552 0 0 0 0 576460752303423488 0 17179869184 0 0 0 0 864691128455135232 0 34359738368 0 0 0 0
69 1 174 1 248 1 1152921504606846976 0 206158430208 0 0 0 0 2305843009213693952 0 68719476736 0 0 0 0 3458764513820540928 0 137438953472 0 0 0 0
70 1 175 1 249 1 4611686018427387904 0 824633720832 0 0 0 0 9223372036854775808 0 274877906944 0 0 0 0 13835058055282163712 0 549755813888 0 0 0 0
71 1 176 1 250 1 0 1 3298534883328 0 0 0 0 0 2 1099511627776 0 0 0 0 0 3 2199023255552 0 0 0 0
72 1 177 1 251 1 0 4 13194139533312 0 0 0 0 0 8 4398046511104 0 0 0 0 0 12 8796093022208 0 0 0 0
73 1 178 1 252 1 0 16 52776558133248 0 0 0 0 0 32 17592186044416 0 0 0 0 0 48 35184372088832 0 0 0 0
74 1 179 1 253 1 0 64 211106232532992 0 0 0 0 0 128 70368744177664 0 0 0 0 0 192 140737488355328 0 0 0 0
75 1 180 1 254 1 0 256 844424930131968 0 0 0 0 0 512 281474976710656 0 0 0 0 0 768 562949953421312 0 0 0 0
76 1 181 1 255 1 0 1024 3377699720527872 0 0 0 0 0 2048 1125899906842624 0 0 0 0 0 3072 2251799813685248 0 0 0 0
77 1 182 1 256 1 0 4096 13510798882111488 0 0 0 0 0 8192 4503599627370496 0 0 0 0 0 12288 9007199254740992 0 0 0 0
78 1 183 1 257 1 0 16384 54043195528445952 0 0 0 0 0 32768 18014398509481984 0 0 0 0 0 49152 36028797018963968 0 0 0 0
79 1 184 1 258 1 0 65536 216172782113783808 0 0 0 0 0 131072 72057594037927936 0 0 0 0 0 196608 144115188075855872 0 0 0 0
80 1 185 1 259 1 0 262144 864691128455135232 0 0 0 0 0 524288 288230376151711744 0 0 0 0 0 786432 576460752303423488 0 0 0 0
81 1 186 1 260 1 0 1048576 3458764513820540928 0 0 0 0 0 2097152 1152921504606846976 0 0 0 0 0 3145728 2305843009213693952 0 0 0 0
82 1 187 1 261 1 0 4194304 13835058055282163712 0 0 0 0 0 8388608 4611686018427387904 0 0 0 0 0 12582912 9223372036854775808 0 0 0 0
83 1 188 1 262 1 0 16777216 0 3 0 0 0 0 33554432 0 1 0 0 0 0 50331648 0 2 0 0 0
84 1 189 1 263 1 0 67108864 0 12 0 0 0 0 134217728 0 4 0 0 0 0 201326592 0 8 0 0 0
85 1 190 1 264 1 0 268435456 0 48 0 0 0 0 536870912 0 16 0 0 0 0 805306368 0 32 0 0 0
86 1 191 1 265 1 0 1073741824 0 192 0 0 0 0 2147483648 0 64 0 0 0 0 3221225472 0 128 0 0 0
87 1 192 1 266 1 0 4294967296 0 768 0 0 0 0 8589934592 0 256 0 0 0 0 12884901888 0 512 0 0 0
88 1 193 1 267 1 0 17179869184 0 3072 0 0 0 0 34359738368 0 1024 0 0 0 0 51539607552 0 2048 0 0 0
89 1 194 1 268 1 0 68719476736 0 12288 0 0 0 0 137438953472 0 4096 0 0 0 0 206158430208 0 8192 0 0 0
90 1 195 1 269 1 0 274877906944 0 49152 0 0 0 0 549755813888 0 16384 0 0 0 0 824633720832 0 32768 0 0 0
91 1 196 1 270 1 3 1099511627776 0 0 0 0 0 1 2199023255552 0 0 0 0 0 2 3298534883328 0 0 0 0 0
92 1 197 1 271 1 12 4398046511104 0 0 0 0 0 4 8796093022208 0 0 0 0 0 8 13194139533312 0 0 0 0 0
93 1 198 1 272 1 48 17592186044416 0 0 0 0 0 16 35184372088832 0 0 0 0 0 32 52776558133248 0 0 0 0 0
94 1 199 1 273 1 192 70368744177664 0 0 0 0 0 64 140737488355328 0 0 0 0 0 128 211106232532992 0 0 0 0 0
95 1 200 1 274 1 768 281474976710656 0 0 0 0 0 256 562949953421312 0 0 0 0 0 512 844424930131968 0 0 0 0 0
96 1 201 1 275 1 3072 1125899906842624 0 0 0 0 0 1024 2251799813685248 0 0 0 0 0 2048 3377699720527872 0 0 0 0 0
97 1 202 1 276 1 12288 4503599627370496 0 0 0 0 0 4096 9007199254740992 0 0 0 0 0 8192 13510798882111488 0 0 0 0 0
98 1 203 1 277 1 49152 18014398509481984 0 0 0 0 0 16384 36028797018963968 0 0 0 0 0 32768 54043195528445952 0 0 0 0 0
99 1 204 1 278 1 196608 72057594037927936 0 0 0 0 0 65536 144115188075855872 0 0 0 0 0 131072 216172782113783808 0 0 0 0 0
100 1 205 1 279 1 786432 288230376151711744 0 0 0 0 0 262144 576460752303423488 0 0 0 0 0 524288 864691128455135232 0 0 0 0 0
101 1 206 1 280 1 3145728 1152921504606846976 0 0 0 0 0 1048576 2305843009213693952 0 0 0 0 0 2097152 3458764513820540928 0 0 0 0 0
102 1 207 1 281 1 12582912 4611686018427387904 0 0 0 0 0 4194304 9223372036854775808 0 0 0 0 0 8388608 13835058055282163712 0 0 0 0 0
103 1 104 1 282 1 50331648 0 1 0 0 0 0 16777216 0 2 0 0 0 0 33554432 0 3 0 0 0 0
0 1 105 1 283 1 201326592 0 4 0 0 0 0 67108864 0 8 0 0 0 0 134217728 0 12 0 0 0 0
1 1 106 1 284 1 805306368 0 16 0 0 0 0 268435456 0 32 0 0 0 0 536870912 0 48 0 0 0 0
2 1 107 1 285 1 3221225472 0 64 0 0 0 0 1073741824 0 128 0 0 0 0 2147483648 0 192 0 0 0 0
3 1 108 1 286 1 12884901888 0 256 0 0 0 0 4294967296 0 512 0 0 0 0 8589934592 0 768 0 0 0 0
4 1 109 1 287 1 51539607552 0 1024 0 0 0 0 17179869184 0 2048 0 0 0 0 34359738368 0 3072 0 0 0 0
5 1 110 1 288 1 206158430208 0 4096 0 0 0 0 68719476736 0 8192 0 0 0 0 137438953472 0 12288 0 0 0 0
6 1 111 1 289 1 824633720832 0 16384 0 0 0 0 274877906944 0 32768 0 0 0 0 549755813888 0 49152 0 0 0 0
7 1 112 1 290 1 3298534883328 0 65536 0 0 0 0 1099511627776 0 131072 0 0 0 0 2199023255552 0 196608 0 0 0 0
8 1 113 1 291 1 13194139533312 0 262144 0 0 0 0 4398046511104 0 524288 0 0 0 0 8796093022208 0 786432 0 0 0 0
9 1 114 1 292 1 52776558133248 0 1048576 0 0 0 0 17592186044416 0 2097152 0 0 0 0 35184372088832 0 3145728 0 0 0 0
10 1 115 1 293 1 211106232532992 0 4194304 0 0 0 0 70368744177664 0 8388608 0 0 0 0 140737488355328 0 12582912 0 0 0 0
11 1 116 1 294 1 844424930131968 0 16777216 0 0 0 0 281474976710656 0 33554432 0 0 0 0 562949953421312 0 50331648 0 0 0 0
12 1 117 1 295 1 3377699720527872 0 67108864 0 0 0 0 1125899906842624 0 134217728 0 0 0 0 2251799813685248 0 201326592 0 0 0 0
13 1 118 1 296 1 13510798882111488 0 268435456 0 0 0 0 4503599627370496 0 536870912 0 0 0 0 9007199254740992 0 805306368 0 0 0 0
14 1 119 1 297 1 54043195528445952 0 1073741824 0 0 0 0 18014398509481984 0 2147483648 0 0 0 0 36028797018963968 0 3221225472 0 0 0 0
15 1 120 1 298 1 216172782113783808 0 4294967296 0 0 0 0 72057594037927936 0 8589934592 0 0 0 0 144115188075855872 0 12884901888 0 0 0 0
16 1 121 1 299 1 864691128455135232 0 17179869184 0 0 0 0 288230376151711744 0 34359738368 0 0 0 0 576460752303423488 0 51539607552 0 0 0 0
17 1 122 1 300 1 3458764513820540928 0 68719476736 0 0 0 0 1152921504606846976 0 137438953472 0 0 0 0 2305843009213693952 0 206158430208 0 0 0 0
18 1 123 1 301 1 13835058055282163712 0 274877906944 0 0 0 0 4611686018427387904 0 549755813888 0 0 0 0 9223372036854775808 0 824633720832 0 0 0 0
19 1 124 1 302 1 0 3 1099511627776 0 0 0 0 0 1 2199023255552 0 0 0 0 0 2 3298534883328 0 0 0 0
20 1 125 1 303 1 0 12 4398046511104 0 0 0 0 0 4 8796093022208 0 0 0 0 0 8 13194139533312 0 0 0 0
0 2 109 1 235 1 0 0 0 0 0 0 0 0 0 0 0 0 0 0 0 0 0 0 0 0 0
1 2 110 1 236 1 0 0 0 0 0 0 0 0 0 0 0 0 0 0 0 0 0 0 0 0 0
2 2 111 1 237 1 0 0 0 0 0 0 0 0 0 0 0 0 0 0 0 0 0 0 0 0 0
3 2 112 1 238 1 0 0 0 0 0 0 0 0 0 0 0 0 0 0 0 0 0 0 0 0 0
4 2 113 1 239 1 0 0 0 0 0 0 0 0 0 0 0 0 0 0 0 0 0 0 0 0 0
5 2 114 1 240 1 0 0 0 0 0 0 0 0 0 0 0 0 0 0 0 0 0 0 0 0 0
6 2 115 1 241 1 0 0 0 0 0 0 0 0 0 0 0 0 0 0 0 0 0 0 0 0 0
7 2 116 1 242 1 0 0 0 0 0 0 0 0 0 0 0 0 0 0 0 0 0 0 0 0 0
8 2 117 1 243 1 0 0 0 0 0 0 0 0 0 0 0 0 0 0 0 0 0 0 0 0 0
9 2 118 1 244 1 0 0 0 0 0 0 0 0 0 0 0 0 0 0 0 0 0 0 0 0 0
10 2 119 1 245 1 0 0 0 0 0 0 0 0 0 0 0 0 0 0 0 0 0 0 0 0 0
11 2 120 1 246 1 0 0 0 0 0 0 0 0 0 0 0 0 0 0 0 0 0 0 0 0 0
12 2 121 1 247 1 0 0 0 0 0 0 0 0 0 0 0 0 0 0 0 0 0 0 0 0 0
13 2 122 1 248 1 0 0 0 0 0 0 0 0 0 0 0 0 0 0 0 0 0 0 0 0 0
14 2 123 1 249 1 0 0 0 0 0 0 0 0 0 0 0 0 0 0 0 0 0 0 0 0 0
15 2 124 1 250 1 0 0 0 0 0 0 0 0 0 0 0 0 0 0 0 0 0 0 0 0 0
16 2 125 1 251 1 0 0 0 0 0 0 0 0 0 0 0 0 0 0 0 0 0 0 0 0 0
17 2 126 1 252 1 0 0 0 0 0 0 0 0 0 0 0 0 0 0 0 0 0 0 0 0 0
18 2 127 1 253 1 0 0 0 0 0 0 0 0 0 0 0 0 0 0 0 0 0 0 0 0 0
19 2 128 1 254 1 0 0 0 0 0 0 0 0 0 0 0 0 0 0 0 0 0 0 0 0 0
20 2 129 1 255 1 0 0 0 0 0 0 0 0 0 0 0 0 0 0 0 0 0 0 0 0 0
21 2 130 1 256 1 0 0 0 0 0 0 0 0 0 0 0 0 0 0 0 0 0 0 0 0 0
22 2 131 1 257 1 0 0 0 0 0 0 0 0 0 0 0 0 0 0 0 0 0 0 0 0 0
23 2 132 1 258 1 0 0 0 0 0 0 0 0 0 0 0 0 0 0 0 0 0 0 0 0 0
24 2 133 1 259 1 0 0 0 0 0 0 0 0 0 0 0 0 0 0 0 0 0 0 0 0 0
25 2 134 1 260 1 0 0 0 0 0 0 0 0 0 0 0 0 0 0 0 0 0 0 0 0 0
26 2 135 1 261 1 0 0 0 0 0 0 0 0 0 0 0 0 0 0 0 0 0 0 0 0 0
27 2 136 1 262 1 0 0 0 0 0 0 0 0 0 0 0 0 0 0 0 0 0 0 0 0 0
28 2 137 1 263 1 0 0 0 0 0 0 0 0 0 0 0 0 0 0 0 0 0 0 0 0 0
29 2 138 1 264 1 0 0 0 0 0 0 0 0 0 0 0 0 0 0 0 0 0 0 0 0 0
30 2 139 1 265 1 0 0 0 0 0 0 0 0 0 0 0 0 0 0 0 0 0 0 0 0 0
31 2 140 1 266 1 0 0 0 0 0 0 0 0 0 0 0 0 0 0 0 0 0 0 0 0 0
32 2 141 1 267 1 0 0 0 0 0 0 0 0 0 0 0 0 0 0 0 0 0 0 0 0 0
33 2 142 1 268 1 0 0 0 0 0 0 0 0 0 0 0 0 0 0 0 0 0 0 0 0 0
34 2 143 1 269 1 0 0 0 0 0 0 0 0 0 0 0 0 0 0 0 0 0 0 0 0 0
35 2 144 1 270 1 0 0 0 0 0 0 0 0 0 0 0 0 0 0 0 0 0 0 0 0 0
36 2 145 1 271 1 0 0 0 0 0 0 0 0 0 0 0 0 0 0 0 0 0 0 0 0 0
37 2 146 1 272 1 0 0 0 0 0 0 0 0 0 0 0 0 0 0 0 0 0 0 0 0 0
38 2 147 1 273 1 0 0 0 0 0 0 0 0 0 0 0 0 0 0 0 0 0 0 0 0 0
39 2 148 1 274 1 0 0 0 0 0 0 0 0 0 0 0 0 0 0 0 0 0 0 0 0 0
40 2 149 1 275 1 0 0 0 0 0 0 0 0 0 0 0 0 0 0 0 0 0 0 0 0 0
41 2 150 1 276 1 0 0 0 0 0 0 0 0 0 0 0 0 0 0 0 0 0 0 0 0 0
42 2 151 1 277 1 0 0 0 0 0 0 0 0 0 0 0 0 0 0 0 0 0 0 0 0 0
43 2 152 1 278 1 0 0 0 0 0 0 0 0 0 0 0 0 0 0 0 0 0 0 0 0 0
44 2 153 1 279 1 0 0 0 0 0 0 0 0 0 0 0 0 0 0 0 0 0 0 0 0 0
45 2 154 1 280 1 0 0 0 0 0 0 0 0 0 0 0 0 0 0 0 0 0 0 0 0 0
46 2 155 1 281 1 0 0 0 0 0 0 0 0 0 0 0 0 0 0 0 0 0 0 0 0 0
47 2 156 1 282 1 0 0 0 0 0 0 0 0 0 0 0 0 0 0 0 0 0 0 0 0 0
48 2 157 1 283 1 0 0 0 0 0 0 0 0 0 0 0 0 0 0 0 0 0 0 0 0 0
49 2 158 1 284 1 0 0 0 0 0 0 0 0 0 0 0 0 0 0 0 0 0 0 0 0 0
50 2 159 1 285 1 0 0 0 0 0 0 0 0 0 0 0 0 0 0 0 0 0 0 0 0 0
51 2 160 1 286 1 0 0 0 0 0 0 0 0 0 0 0 0 0 0 0 0 0 0 0 0 0
52 2 161 1 287 1 0 0 0 0 0 0 0 0 0 0 0 0 0 0 0 0 0 0 0 0 0
53 2 162 1 288 1 0 0 0 0 0 0 0 0 0 0 0 0 0 0 0 0 0 0 0 0 0
54 2 163 1 289 1 0 0 0 0 0 0 0 0 0 0 0 0 0 0 0 0 0 0 0 0 0
55 2 164 1 290 1 0 0 0 0 0 0 0 0 0 0 0 0 0 0 0 0 0 0 0 0 0
56 2 165 1 291 1 0 0 0 0 0 0 0 0 0 0 0 0 0 0 0 0 0 0 0 0 0
57 2 166 1 292 1 0 0 0 0 0 0 0 0 0 0 0 0 0 0 0 0 0 0 0 0 0
58 2 167 1 293 1 0 0 0 0 0 0 0 0 0 0 0 0 0 0 0 0 0 0 0 0 0
59 2 168 1 294 1 0 0 0 0 0 0 0 0 0 0 0 0 0 0 0 0 0 0 0 0 0
60 2 169 1 295 1 0 0 0 0 0 0 0 0 0 0 0 0 0 0 0 0 0 0 0 0 0
61 2 170 1 296 1 0 0 0 0 0 0 0 0 0 0 0 0 0 0 0 0 0 0 0 0 0
62 2 171 1 297 1 0 0 0 0 0 0 0 0 0 0 0 0 0 0 0 0 0 0 0 0 0
63 2 172 1 298 1 0 0 0 0 0 0 0 0 0 0 0 0 0 0 0 0 0 0 0 0 0
64 2 173 1 299 1 0 0 0 0 0 0 0 0 0 0 0 0 0 0 0 0 0 0 0 0 0
65 2 174 1 300 1 0 0 0 0 0 0 0 0 0 0 0 0 0 0 0 0 0 0 0 0 0
66 2 175 1 301 1 0 0 0 0 0 0 0 0 0 0 0 0 0 0 0 0 0 0 0 0 0
67 2 176 1 302 1 0 0 0 0 0 0 0 0 0 0 0 0 0 0 0 0 0 0 0 0 0
68 2 177 1 303 1 0 0 0 0 0 0 0 0 0 0 0 0 0 0 0 0 0 0 0 0 0
69 2 178 1 304 1 0 0 0 0 0 0 0 0 0 0 0 0 0 0 0 0 0 0 0 0 0
70 2 179 1 305 1 0 0 0 0 0 0 0 0 0 0 0 0 0 0 0 0 0 0 0 0 0
71 2 180 1 306 1 0 0 0 0 0 0 0 0 0 0 0 0 0 0 0 0 0 0 0 0 0
72 2 181 1 307 1 0 0 0 0 0 0 0 0 0 0 0 0 0 0 0 0 0 0 0 0 0
73 2 182 1 308 1 0 0 0 0 0 0 0 0 0 0 0 0 0 0 0 0 0 0 0 0 0
74 2 183 1 309 1 0 0 0 0 0 0 0 0 0 0 0 0 0 0 0 0 0 0 0 0 0
75 2 184 1 310 1 0 0 0 0 0 0 0 0 0 0 0 0 0 0 0 0 0 0 0 0 0
76 2 185 1 311 1 0 0 0 0 0 0 0 0 0 0 0 0 0 0 0 0 0 0 0 0 0
77 2 186 1 208 1 0 0 0 0 0 0 0 0 0 0 0 0 0 0 0 0 0 0 0 0 0
78 2 187 1 209 1 0 0 0 0 0 0 0 0 0 0 0 0 0 0 0 0 0 0 0 0 0
79 2 188 1 210 1 0 0 0 0 0 0 0 0 0 0 0 0 0 0 0 0 0 0 0 0 0
80 2 189 1 211 1 0 0 0 0 0 0 0 0 0 0 0 0 0 0 0 0 0 0 0 0 0
81 2 190 1 212 1 0 0 0 0 0 0 0 0 0 0 0 0 0 0 0 0 0 0 0 0 0
82 2 191 1 213 1 0 0 0 0 0 0 0 0 0 0 0 0 0 0 0 0 0 0 0 0 0
83 2 192 1 214 1 0 0 0 0 0 0 0 0 0 0 0 0 0 0 0 0 0 0 0 0 0
84 2 193 1 215 1 0 0 0 0 0 0 0 0 0 0 0 0 0 0 0 0 0 0 0 0 0
85 2 194 1 216 1 0 0 0 0 0 0 0 0 0 0 0 0 0 0 0 0 0 0 0 0 0
86 2 195 1 217 1 0 0 0 0 0 0 0 0 0 0 0 0 0 0 0 0 0 0 0 0 0
87 2 196 1 218 1 0 0 0 0 0 0 0 0 0 0 0 0 0 0 0 0 0 0 0 0 0
88 2 197 1 219 1 0 0 0 0 0 0 0 0 0 0 0 0 0 0 0 0 0 0 0 0 0
89 2 198 1 220 1 0 0 0 0 0 0 0 0 0 0 0 0 0 0 0 0 0 0 0 0 0
90 2 199 1 221 1 0 0 0 0 0 0 0 0 0 0 0 0 0 0 0 0 0 0 0 0 0
91 2 200 1 222 1 0 0 0 0 0 0 0 0 0 0 0 0 0 0 0 0 0 0 0 0 0
92 2 201 1 223 1 0 0 0 0 0 0 0 0 0 0 0 0 0 0 0 0 0 0 0 0 0
93 2 202 1 224 1 0 0 0 0 0 0 0 0 0 0 0 0 0 0 0 0 0 0 0 0 0
94 2 203 1 225 1 0 0 0 0 0 0 0 0 0 0 0 0 0 0 0 0 0 0 0 0 0
95 2 204 1 226 1 0 0 0 0 0 0 0 0 0 0 0 0 0 0 0 0 0 0 0 0 0
96 2 205 1 227 1 0 0 0 0 0 0 0 0 0 0 0 0 0 0 0 0 0 0 0 0 0
97 2 206 1 228 1 0 0 0 0 0 0 0 0 0 0 0 0 0 0 0 0 0 0 0 0 0
98 2 207 1 229 1 0 0 0 0 0 0 0 0 0 0 0 0 0 0 0 0 0 0 0 0 0
99 2 104 1 230 1 0 0 0 0 0 0 0 0 0 0 0 0 0 0 0 0 0 0 0 0 0
100 2 105 1 231 1 0 0 0 0 0 0 0 0 0 0 0 0 0 0 0 0 0 0 0 0 0
101 2 106 1 232 1 0 0 0 0 0 0 0 0 0 0 0 0 0 0 0 0 0 0 0 0 0
102 2 107 1 233 1 0 0 0 0 0 0 0 0 0 0 0 0 0 0 0 0 0 0 0 0 0
103 2 108 1 234 1 0 0 0 0 0 0 0 0 0 0 0 0 0 0 0 0 0 0 0 0 0
21 1 104 2 212 1 0 0 0 0 0 0 0 0 0 0 0 0 0 0 0 0 0 0 0 0 0
22 1 105 2 213 1 0 0 0 0 0 0 0 0 0 0 0 0 0 0 0 0 0 0 0 0 0
23 1 106 2 214 1 0 0 0 0 0 0 0 0 0 0 0 0 0 0 0 0 0 0 0 0 0
24 1 107 2 215 1 0 0 0 0 0 0 0 0 0 0 0 0 0 0 0 0 0 0 0 0 0
25 1 108 2 216 1 0 0 0 0 0 0 0 0 0 0 0 0 0 0 0 0 0 0 0 0 0
26 1 109 2 217 1 0 0 0 0 0 0 0 0 0 0 0 0 0 0 0 0 0 0 0 0 0
27 1 110 2 218 1 0 0 0 0 0 0 0 0 0 0 0 0 0 0 0 0 0 0 0 0 0
28 1 111 2 219 1 0 0 0 0 0 0 0 0 0 0 0 0 0 0 0 0 0 0 0 0 0
29 1 112 2 220 1 0 0 0 0 0 0 0 0 0 0 0 0 0 0 0 0 0 0 0 0 0
30 1 113 2 221 1 0 0 0 0 0 0 0 0 0 0 0 0 0 0 0 0 0 0 0 0 0
31 1 114 2 222 1 0 0 0 0 0 0 0 0 0 0 0 0 0 0 0 0 0 0 0 0 0
32 1 115 2 223 1 0 0 0 0 0 0 0 0 0 0 0 0 0 0 0 0 0 0 0 0 0
33 1 116 2 224 1 0 0 0 0 0 0 0 0 0 0 0 0 0 0 0 0 0 0 0 0 0
34 1 117 2 225 1 0 0 0 0 0 0 0 0 0 0 0 0 0 0 0 0 0 0 0 0 0
35 1 118 2 226 1 0 0 0 0 0 0 0 0 0 0 0 0 0 0 0 0 0 0 0 0 0
36 1 119 2 227 1 0 0 0 0 0 0 0 0 0 0 0 0 0 0 0 0 0 0 0 0 0
37 1 120 2 228 1 0 0 0 0 0 0 0 0 0 0 0 0 0 0 0 0 0 0 0 0 0
38 1 121 2 229 1 0 0 0 0 0 0 0 0 0 0 0 0 0 0 0 0 0 0 0 0 0
39 1 122 2 230 1 0 0 0 0 0 0 0 0 0 0 0 0 0 0 0 0 0 0 0 0 0
40 1 123 2 231 1 0 0 0 0 0 0 0 0 0 0 0 0 0 0 0 0 0 0 0 0 0
41 1 124 2 232 1 0 0 0 0 0 0 0 0 0 0 0 0 0 0 0 0 0 0 0 0 0
42 1 125 2 233 1 0 0 0 0 0 0 0 0 0 0 0 0 0 0 0 0 0 0 0 0 0
43 1 126 2 234 1 0 0 0 0 0 0 0 0 0 0 0 0 0 0 0 0 0 0 0 0 0
44 1 127 2 235 1 0 0 0 0 0 0 0 0 0 0 0 0 0 0 0 0 0 0 0 0 0
45 1 128 2 236 1 0 0 0 0 0 0 0 0 0 0 0 0 0 0 0 0 0 0 0 0 0
46 1 129 2 237 1 0 0 0 0 0 0 0 0 0 0 0 0 0 0 0 0 0 0 0 0 0
47 1 130 2 238 1 0 0 0 0 0 0 0 0 0 0 0 0 0 0 0 0 0 0 0 0 0
48 1 131 2 239 1 0 0 0 0 0 0 0 0 0 0 0 0 0 0 0 0 0 0 0 0 0
49 1 132 2 240 1 0 0 0 0 0 0 0 0 0 0 0 0 0 0 0 0 0 0 0 0 0
50 1 133 2 241 1 0 0 0 0 0 0 0 0 0 0 0 0 0 0 0 0 0 0 0 0 0
51 1 134 2 242 1 0 0 0 0 0 0 0 0 0 0 0 0 0 0 0 0 0 0 0 0 0
52 1 135 2 243 1 0 0 0 0 0 0 0 0 0 0 0 0 0 0 0 0 0 0 0 0 0
53 1 136 2 244 1 0 0 0 0 0 0 0 0 0 0 0 0 0 0 0 0 0 0 0 0 0
54 1 137 2 245 1 0 0 0 0 0 0 0 0 0 0 0 0 0 0 0 0 0 0 0 0 0
55 1 138 2 246 1 0 0 0 0 0 0 0 0 0 0 0 0 0 0 0 0 0 0 0 0 0
56 1 139 2 247 1 0 0 0 0 0 0 0 0 0 0 0 0 0 0 0 0 0 0 0 0 0
57 1 140 2 248 1 0 0 0 0 0 0 0 0 0 0 0 0 0 0 0 0 0 0 0 0 0
58 1 141 2 249 1 0 0 0 0 0 0 0 0 0 0 0 0 0 0 0 0 0 0 0 0 0
59 1 142 2 250 1 0 0 0 0 0 0 0 0 0 0 0 0 0 0 0 0 0 0 0 0 0
60 1 143 2 251 1 0 0 0 0 0 0 0 0 0 0 0 0 0 0 0 0 0 0 0 0 0
61 1 144 2 252 1 0 0 0 0 0 0 0 0 0 0 0 0 0 0 0 0 0 0 0 0 0
62 1 145 2 253 1 0 0 0 0 0 0 0 0 0 0 0 0 0 0 0 0 0 0 0 0 0
63 1 146 2 254 1 0 0 0 0 0 0 0 0 0 0 0 0 0 0 0 0 0 0 0 0 0
64 1 147 2 255 1 0 0 0 0 0 0 0 0 0 0 0 0 0 0 0 0 0 0 0 0 0
65 1 148 2 256 1 0 0 0 0 0 0 0 0 0 0 0 0 0 0 0 0 0 0 0 0 0
66 1 149 2 257 1 0 0 0 0 0 0 0 0 0 0 0 0 0 0 0 0 0 0 0 0 0
67 1 150 2 258 1 0 0 0 0 0 0 0 0 0 0 0 0 0 0 0 0 0 0 0 0 0
68 1 151 2 259 1 0 0 0 0 0 0 0 0 0 0 0 0 0 0 0 0 0 0 0 0 0
69 1 152 2 260 1 0 0 0 0 0 0 0 0 0 0 0 0 0 0 0 0 0 0 0 0 0
70 1 153 2 261 1 0 0 0 0 0 0 0 0 0 0 0 0 0 0 0 0 0 0 0 0 0
71 1 154 2 262 1 0 0 0 0 0 0 0 0 0 0 0 0 0 0 0 0 0 0 0 0 0
72 1 155 2 263 1 0 0 0 0 0 0 0 0 0 0 0 0 0 0 0 0 0 0 0 0 0
73 1 156 2 264 1 0 0 0 0 0 0 0 0 0 0 0 0 0 0 0 0 0 0 0 0 0
74 1 157 2 265 1 0 0 0 0 0 0 0 0 0 0 0 0 0 0 0 0 0 0 0 0 0
75 1 158 2 266 1 0 0 0 0 0 0 0 0 0 0 0 0 0 0 0 0 0 0 0 0 0
76 1 159 2 267 1 0 0 0 0 0 0 0 0 0 0 0 0 0 0 0 0 0 0 0 0 0
77 1 160 2 268 1 0 0 0 0 0 0 0 0 0 0 0 0 0 0 0 0 0 0 0 0 0
78 1 161 2 269 1 0 0 0 0 0 0 0 0 0 0 0 0 0 0 0 0 0 0 0 0 0
79 1 162 2 270 1 0 0 0 0 0 0 0 0 0 0 0 0 0 0 0 0 0 0 0 0 0
80 1 163 2 271 1 0 0 0 0 0 0 0 0 0 0 0 0 0 0 0 0 0 0 0 0 0
81 1 164 2 272 1 0 0 0 0 0 0 0 0 0 0 0 0 0 0 0 0 0 0 0 0 0
82 1 165 2 273 1 0 0 0 0 0 0 0 0 0 0 0 0 0 0 0 0 0 0 0 0 0
83 1 166 2 274 1 0 0 0 0 0 0 0 0 0 0 0 0 0 0 0 0 0 0 0 0 0
84 1 167 2 275 1 0 0 0 0 0 0 0 0 0 0 0 0 0 0 0 0 0 0 0 0 0
85 1 168 2 276 1 0 0 0 0 0 0 0 0 0 0 0 0 0 0 0 0 0 0 0 0 0
86 1 169 2 277 1 0 0 0 0 0 0 0 0 0 0 0 0 0 0 0 0 0 0 0 0 0
87 1 170 2 278 1 0 0 0 0 0 0 0 0 0 0 0 0 0 0 0 0 0 0 0 0 0
88 1 171 2 279 1 0 0 0 0 0 0 0 0 0 0 0 0 0 0 0 0 0 0 0 0 0
89 1 172 2 280 1 0 0 0 0 0 0 0 0 0 0 0 0 0 0 0 0 0 0 0 0 0
90 1 173 2 281 1 0 0 0 0 0 0 0 0 0 0 0 0 0 0 0 0 0 0 0 0 0
91 1 174 2 282 1 0 0 0 0 0 0 0 0 0 0 0 0 0 0 0 0 0 0 0 0 0
92 1 175 2 283 1 0 0 0 0 0 0 0 0 0 0 0 0 0 0 0 0 0 0 0 0 0
93 1 176 2 284 1 0 0 0 0 0 0 0 0 0 0 0 0 0 0 0 0 0 0 0 0 0
94 1 177 2 285 1 0 0 0 0 0 0 0 0 0 0 0 0 0 0 0 0 0 0 0 0 0
95 1 178 2 286 1 0 0 0 0 0 0 0 0 0 0 0 0 0 0 0 0 0 0 0 0 0
96 1 179 2 287 1 0 0 0 0 0 0 0 0 0 0 0 0 0 0 0 0 0 0 0 0 0
97 1 180 2 288 1 0 0 0 0 0 0 0 0 0 0 0 0 0 0 0 0 0 0 0 0 0
98 1 181 2 289 1 0 0 0 0 0 0 0 0 0 0 0 0 0 0 0 0 0 0 0 0 0
99 1 182 2 290 1 0 0 0 0 0 0 0 0 0 0 0 0 0 0 0 0 0 0 0 0 0
100 1 183 2 291 1 0 0 0 0 0 0 0 0 0 0 0 0 0 0 0 0 0 0 0 0 0
101 1 184 2 292 1 0 0 0 0 0 0 0 0 0 0 0 0 0 0 0 0 0 0 0 0 0
102 1 185 2 293 1 0 0 0 0 0 0 0 0 0 0 0 0 0 0 0 0 0 0 0 0 0
103 1 186 2 294 1 0 0 0 0 0 0 0 0 0 0 0 0 0 0 0 0 0 0 0 0 0
0 1 187 2 295 1 0 0 0 0 0 0 0 0 0 0 0 0 0 0 0 0 0 0 0 0 0
1 1 188 2 296 1 0 0 0 0 0 0 0 0 0 0 0 0 0 0 0 0 0 0 0 0 0
2 1 189 2 297 1 0 0 0 0 0 0 0 0 0 0 0 0 0 0 0 0 0 0 0 0 0
3 1 190 2 298 1 0 0 0 0 0 0 0 0 0 0 0 0 0 0 0 0 0 0 0 0 0
4 1 191 2 299 1 0 0 0 0 0 0 0 0 0 0 0 0 0 0 0 0 0 0 0 0 0
5 1 192 2 300 1 0 0 0 0 0 0 0 0 0 0 0 0 0 0 0 0 0 0 0 0 0
6 1 193 2 301 1 0 0 0 0 0 0 0 0 0 0 0 0 0 0 0 0 0 0 0 0 0
7 1 194 2 302 1 0 0 0 0 0 0 0 0 0 0 0 0 0 0 0 0 0 0 0 0 0
8 1 195 2 303 1 0 0 0 0 0 0 0 0 0 0 0 0 0 0 0 0 0 0 0 0 0
9 1 196 2 304 1 0 0 0 0 0 0 0 0 0 0 0 0 0 0 0 0 0 0 0 0 0
10 1 197 2 305 1 0 0 0 0 0 0 0 0 0 0 0 0 0 0 0 0 0 0 0 0 0
11 1 198 2 306 1 0 0 0 0 0 0 0 0 0 0 0 0 0 0 0 0 0 0 0 0 0
12 1 199 2 307 1 0 0 0 0 0 0 0 0 0 0 0 0 0 0 0 0 0 0 0 0 0
13 1 200 2 308 1 0 0 0 0 0 0 0 0 0 0 0 0 0 0 0 0 0 0 0 0 0
14 1 201 2 309 1 0 0 0 0 0 0 0 0 0 0 0 0 0 0 0 0 0 0 0 0 0
15 1 202 2 310 1 0 0 0 0 0 0 0 0 0 0 0 0 0 0 0 0 0 0 0 0 0
16 1 203 2 311 1 0 0 0 0 0 0 0 0 0 0 0 0 0 0 0 0 0 0 0 0 0
17 1 204 2 208 1 0 0 0 0 0 0 0 0 0 0 0 0 0 0 0 0 0 0 0 0 0
18 1 205 2 209 1 0 0 0 0 0 0 0 0 0 0 0 0 0 0 0 0 0 0 0 0 0
19 1 206 2 210 1 0 0 0 0 0 0 0 0 0 0 0 0 0 0 0 0 0 0 0 0 0
20 1 207 2 211 1 0 0 0 0 0 0 0 0 0 0 0 0 0 0 0 0 0 0 0 0 0
95 1 126 1 208 2 0 0 0 0 0 0 0 0 0 0 0 0 0 0 0 0 0 0 0 0 0
96 1 127 1 209 2 0 0 0 0 0 0 0 0 0 0 0 0 0 0 0 0 0 0 0 0 0
97 1 128 1 210 2 0 0 0 0 0 0 0 0 0 0 0 0 0 0 0 0 0 0 0 0 0
98 1 129 1 211 2 0 0 0 0 0 0 0 0 0 0 0 0 0 0 0 0 0 0 0 0 0
99 1 130 1 212 2 0 0 0 0 0 0 0 0 0 0 0 0 0 0 0 0 0 0 0 0 0
100 1 131 1 213 2 0 0 0 0 0 0 0 0 0 0 0 0 0 0 0 0 0 0 0 0 0
101 1 132 1 214 2 0 0 0 0 0 0 0 0 0 0 0 0 0 0 0 0 0 0 0 0 0
102 1 133 1 215 2 0 0 0 0 0 0 0 0 0 0 0 0 0 0 0 0 0 0 0 0 0
103 1 134 1 216 2 0 0 0 0 0 0 0 0 0 0 0 0 0 0 0 0 0 0 0 0 0
0 1 135 1 217 2 0 0 0 0 0 0 0 0 0 0 0 0 0 0 0 0 0 0 0 0 0
1 1 136 1 218 2 0 0 0 0 0 0 0 0 0 0 0 0 0 0 0 0 0 0 0 0 0
2 1 137 1 219 2 0 0 0 0 0 0 0 0 0 0 0 0 0 0 0 0 0 0 0 0 0
3 1 138 1 220 2 0 0 0 0 0 0 0 0 0 0 0 0 0 0 0 0 0 0 0 0 0
4 1 139 1 221 2 0 0 0 0 0 0 0 0 0 0 0 0 0 0 0 0 0 0 0 0 0
5 1 140 1 222 2 0 0 0 0 0 0 0 0 0 0 0 0 0 0 0 0 0 0 0 0 0
6 1 141 1 223 2 0 0 0 0 0 0 0 0 0 0 0 0 0 0 0 0 0 0 0 0 0
7 1 142 1 224 2 0 0 0 0 0 0 0 0 0 0 0 0 0 0 0 0 0 0 0 0 0
8 1 143 1 225 2 0 0 0 0 0 0 0 0 0 0 0 0 0 0 0 0 0 0 0 0 0
9 1 144 1 226 2 0 0 0 0 0 0 0 0 0 0 0 0 0 0 0 0 0 0 0 0 0
10 1 145 1 227 2 0 0 0 0 0 0 0 0 0 0 0 0 0 0 0 0 0 0 0 0 0
11 1 146 1 228 2 0 0 0 0 0 0 0 0 0 0 0 0 0 0 0 0 0 0 0 0 0
12 1 147 1 229 2 0 0 0 0 0 0 0 0 0 0 0 0 0 0 0 0 0 0 0 0 0
13 1 148 1 230 2 0 0 0 0 0 0 0 0 0 0 0 0 0 0 0 0 0 0 0 0 0
14 1 149 1 231 2 0 0 0 0 0 0 0 0 0 0 0 0 0 0 0 0 0 0 0 0 0
15 1 150 1 232 2 0 0 0 0 0 0 0 0 0 0 0 0 0 0 0 0 0 0 0 0 0
16 1 151 1 233 2 0 0 0 0 0 0 0 0 0 0 0 0 0 0 0 0 0 0 0 0 0
17 1 152 1 234 2 0 0 0 0 0 0 0 0 0 0 0 0 0 0 0 0 0 0 0 0 0
18 1 153 1 235 2 0 0 0 0 0 0 0 0 0 0 0 0 0 0 0 0 0 0 0 0 0
19 1 154 1 236 2 0 0 0 0 0 0 0 0 0 0 0 0 0 0 0 0 0 0 0 0 0
20 1 155 1 237 2 0 0 0 0 0 0 0 0 0 0 0 0 0 0 0 0 0 0 0 0 0
21 1 156 1 238 2 0 0 0 0 0 0 0 0 0 0 0 0 0 0 0 0 0 0 0 0 0
22 1 157 1 239 2 0 0 0 0 0 0 0 0 0 0 0 0 0 0 0 0 0 0 0 0 0
23 1 158 1 240 2 0 0 0 0 0 0 0 0 0 0 0 0 0 0 0 0 0 0 0 0 0
24 1 159 1 241 2 0 0 0 0 0 0 0 0 0 0 0 0 0 0 0 0 0 0 0 0 0
25 1 160 1 242 2 0 0 0 0 0 0 0 0 0 0 0 0 0 0 0 0 0 0 0 0 0
26 1 161 1 243 2 0 0 0 0 0 0 0 0 0 0 0 0 0 0 0 0 0 0 0 0 0
27 1 162 1 244 2 0 0 0 0 0 0 0 0 0 0 0 0 0 0 0 0 0 0 0 0 0
28 1 163 1 245 2 0 0 0 0 0 0 0 0 0 0 0 0 0 0 0 0 0 0 0 0 0
29 1 164 1 246 2 0 0 0 0 0 0 0 0 0 0 0 0 0 0 0 0 0 0 0 0 0
30 1 165 1 247 2 0 0 0 0 0 0 0 0 0 0 0 0 0 0 0 0 0 0 0 0 0
31 1 166 1 248 2 0 0 0 0 0 0 0 0 0 0 0 0 0 0 0 0 0 0 0 0 0
32 1 167 1 249 2 0 0 0 0 0 0 0 0 0 0 0 0 0 0 0 0 0 0 0 0 0
33 1 168 1 250 2 0 0 0 0 0 0 0 0 0 0 0 0 0 0 0 0 0 0 0 0 0
34 1 169 1 251 2 0 0 0 0 0 0 0 0 0 0 0 0 0 0 0 0 0 0 0 0 0
35 1 170 1 252 2 0 0 0 0 0 0 0 0 0 0 0 0 0 0 0 0 0 0 0 0 0
36 1 171 1 253 2 0 0 0 0 0 0 0 0 0 0 0 0 0 0 0 0 0 0 0 0 0
37 1 172 1 254 2 0 0 0 0 0 0 0 0 0 0 0 0 0 0 0 0 0 0 0 0 0
38 1 173 1 255 2 0 0 0 0 0 0 0 0 0 0 0 0 0 0 0 0 0 0 0 0 0
39 1 174 1 256 2 0 0 0 0 0 0 0 0 0 0 0 0 0 0 0 0 0 0 0 0 0
40 1 175 1 257 2 0 0 0 0 0 0 0 0 0 0 0 0 0 0 0 0 0 0 0 0 0
41 1 176 1 258 2 0 0 0 0 0 0 0 0 0 0 0 0 0 0 0 0 0 0 0 0 0
42 1 177 1 259 2 0 0 0 0 0 0 0 0 0 0 0 0 0 0 0 0 0 0 0 0 0
43 1 178 1 260 2 0 0 0 0 0 0 0 0 0 0 0 0 0 0 0 0 0 0 0 0 0
44 1 179 1 261 2 0 0 0 0 0 0 0 0 0 0 0 0 0 0 0 0 0 0 0 0 0
45 1 180 1 262 2 0 0 0 0 0 0 0 0 0 0 0 0 0 0 0 0 0 0 0 0 0
46 1 181 1 263 2 0 0 0 0 0 0 0 0 0 0 0 0 0 0 0 0 0 0 0 0 0
47 1 182 1 264 2 0 0 0 0 0 0 0 0 0 0 0 0 0 0 0 0 0 0 0 0 0
48 1 183 1 265 2 0 0 0 0 0 0 0 0 0 0 0 0 0 0 0 0 0 0 0 0 0
49 1 184 1 266 2 0 0 0 0 0 0 0 0 0 0 0 0 0 0 0 0 0 0 0 0 0
50 1 185 1 267 2 0 0 0 0 0 0 0 0 0 0 0 0 0 0 0 0 0 0 0 0 0
51 1 186 1 268 2 0 0 0 0 0 0 0 0 0 0 0 0 0 0 0 0 0 0 0 0 0
52 1 187 1 269 2 0 0 0 0 0 0 0 0 0 0 0 0 0 0 0 0 0 0 0 0 0
53 1 188 1 270 2 0 0 0 0 0 0 0 0 0 0 0 0 0 0 0 0 0 0 0 0 0
54 1 189 1 271 2 0 0 0 0 0 0 0 0 0 0 0 0 0 0 0 0 0 0 0 0 0
55 1 190 1 272 2 0 0 0 0 0 0 0 0 0 0 0 0 0 0 0 0 0 0 0 0 0
56 1 191 1 273 2 0 0 0 0 0 0 0 0 0 0 0 0 0 0 0 0 0 0 0 0 0
57 1 192 1 274 2 0 0 0 0 0 0 0 0 0 0 0 0 0 0 0 0 0 0 0 0 0
58 1 193 1 275 2 0 0 0 0 0 0 0 0 0 0 0 0 0 0 0 0 0 0 0 0 0
59 1 194 1 276 2 0 0 0 0 0 0 0 0 0 0 0 0 0 0 0 0 0 0 0 0 0
60 1 195 1 277 2 0 0 0 0 0 0 0 0 0 0 0 0 0 0 0 0 0 0 0 0 0
61 1 196 1 278 2 0 0 0 0 0 0 0 0 0 0 0 0 0 0 0 0 0 0 0 0 0
62 1 197 1 279 2 0 0 0 0 0 0 0 0 0 0 0 0 0 0 0 0 0 0 0 0 0
63 1 198 1 280 2 0 0 0 0 0 0 0 0 0 0 0 0 0 0 0 0 0 0 0 0 0
64 1 199 1 281 2 0 0 0 0 0 0 0 0 0 0 0 0 0 0 0 0 0 0 0 0 0
65 1 200 1 282 2 0 0 0 0 0 0 0 0 0 0 0 0 0 0 0 0 0 0 0 0 0
66 1 201 1 283 2 0 0 0 0 0 0 0 0 0 0 0 0 0 0 0 0 0 0 0 0 0
67 1 202 1 284 2 0 0 0 0 0 0 0 0 0 0 0 0 0 0 0 0 0 0 0 0 0
68 1 203 1 285 2 0 0 0 0 0 0 0 0 0 0 0 0 0 0 0 0 0 0 0 0 0
69 1 204 1 286 2 0 0 0 0 0 0 0 0 0 0 0 0 0 0 0 0 0 0 0 0 0
70 1 205 1 287 2 0 0 0 0 0 0 0 0 0 0 0 0 0 0 0 0 0 0 0 0 0
71 1 206 1 288 2 0 0 0 0 0 0 0 0 0 0 0 0 0 0 0 0 0 0 0 0 0
72 1 207 1 289 2 0 0 0 0 0 0 0 0 0 0 0 0 0 0 0 0 0 0 0 0 0
73 1 104 1 290 2 0 0 0 0 0 0 0 0 0 0 0 0 0 0 0 0 0 0 0 0 0
74 1 105 1 291 2 0 0 0 0 0 0 0 0 0 0 0 0 0 0 0 0 0 0 0 0 0
75 1 106 1 292 2 0 0 0 0 0 0 0 0 0 0 0 0 0 0 0 0 0 0 0 0 0
76 1 107 1 293 2 0 0 0 0 0 0 0 0 0 0 0 0 0 0 0 0 0 0 0 0 0
77 1 108 1 294 2 0 0 0 0 0 0 0 0 0 0 0 0 0 0 0 0 0 0 0 0 0
78 1 109 1 295 2 0 0 0 0 0 0 0 0 0 0 0 0 0 0 0 0 0 0 0 0 0
79 1 110 1 296 2 0 0 0 0 0 0 0 0 0 0 0 0 0 0 0 0 0 0 0 0 0
80 1 111 1 297 2 0 0 0 0 0 0 0 0 0 0 0 0 0 0 0 0 0 0 0 0 0
81 1 112 1 298 2 0 0 0 0 0 0 0 0 0 0 0 0 0 0 0 0 0 0 0 0 0
82 1 113 1 299 2 0 0 0 0 0 0 0 0 0 0 0 0 0 0 0 0 0 0 0 0 0
83 1 114 1 300 2 0 0 0 0 0 0 0 0 0 0 0 0 0 0 0 0 0 0 0 0 0
84 1 115 1 301 2 0 0 0 0 0 0 0 0 0 0 0 0 0 0 0 0 0 0 0 0 0
85 1 116 1 302 2 0 0 0 0 0 0 0 0 0 0 0 0 0 0 0 0 0 0 0 0 0
86 1 117 1 303 2 0 0 0 0 0 0 0 0 0 0 0 0 0 0 0 0 0 0 0 0 0
87 1 118 1 304 2 0 0 0 0 0 0 0 0 0 0 0 0 0 0 0 0 0 0 0 0 0
88 1 119 1 305 2 0 0 0 0 0 0 0 0 0 0 0 0 0 0 0 0 0 0 0 0 0
89 1 120 1 306 2 0 0 0 0 0 0 0 0 0 0 0 0 0 0 0 0 0 0 0 0 0
90 1 121 1 307 2 0 0 0 0 0 0 0 0 0 0 0 0 0 0 0 0 0 0 0 0 0
91 1 122 1 308 2 0 0 0 0 0 0 0 0 0 0 0 0 0 0 0 0 0 0 0 0 0
92 1 123 1 309 2 0 0 0 0 0 0 0 0 0 0 0 0 0 0 0 0 0 0 0 0 0
93 1 124 1 310 2 0 0 0 0 0 0 0 0 0 0 0 0 0 0 0 0 0 0 0 0 0
94 1 125 1 311 2 0 0 0 0 0 0 0 0 0 0 0 0 0 0 0 0 0 0 0 0 0
95 1 170 1 304 1 0 0 0 0 1048576 2305843009213693952 0 0 0 0 0 2097152 3458764513820540928 0 0 0 0 0 3145728 1152921504606846976 0
96 1 171 1 305 1 0 0 0 0 4194304 9223372036854775808 0 0 0 0 0 8388608 13835058055282163712 0 0 0 0 0 12582912 4611686018427387904 0
97 1 172 1 306 1 0 0 0 0 16777216 0 2 0 0 0 0 33554432 0 3 0 0 0 0 50331648 0 1
98 1 173 1 307 1 0 0 0 0 67108864 0 8 0 0 0 0 134217728 0 12 0 0 0 0 201326592 0 4
99 1 174 1 308 1 0 0 0 0 268435456 0 32 0 0 0 0 536870912 0 48 0 0 0 0 805306368 0 16
100 1 175 1 309 1 0 0 0 0 1073741824 0 128 0 0 0 0 2147483648 0 192 0 0 0 0 3221225472 0 64
101 1 176 1 310 1 0 0 0 0 4294967296 0 512 0 0 0 0 8589934592 0 768 0 0 0 0 12884901888 0 256
102 1 177 1 311 1 0 0 0 0 17179869184 0 2048 0 0 0 0 34359738368 0 3072 0 0 0 0 51539607552 0 1024
103 1 178 1 208 1 0 0 0 0 68719476736 0 8192 0 0 0 0 137438953472 0 12288 0 0 0 0 206158430208 0 4096
0 1 179 1 209 1 0 0 0 0 274877906944 0 32768 0 0 0 0 549755813888 0 49152 0 0 0 0 824633720832 0 16384
1 1 180 1 210 1 0 0 0 0 1099511627776 0 131072 0 0 0 0 2199023255552 0 196608 0 0 0 0 3298534883328 0 65536
2 1 181 1 211 1 0 0 0 0 4398046511104 0 524288 0 0 0 0 8796093022208 0 786432 0 0 0 0 13194139533312 0 262144
3 1 182 1 212 1 0 0 0 0 17592186044416 0 2097152 0 0 0 0 35184372088832 0 3145728 0 0 0 0 52776558133248 0 1048576
4 1 183 1 213 1 0 0 0 0 70368744177664 0 8388608 0 0 0 0 140737488355328 0 12582912 0 0 0 0 211106232532992 0 4194304
5 1 184 1 214 1 0 0 0 0 281474976710656 0 33554432 0 0 0 0 562949953421312 0 50331648 0 0 0 0 844424930131968 0 16777216
6 1 185 1 215 1 0 0 0 0 1125899906842624 0 134217728 0 0 0 0 2251799813685248 0 201326592 0 0 0 0 3377699720527872 0 67108864
7 1 186 1 216 1 0 0 0 0 4503599627370496 0 536870912 0 0 0 0 9007199254740992 0 805306368 0 0 0 0 13510798882111488 0 268435456
8 1 187 1 217 1 0 0 0 0 18014398509481984 0 2147483648 0 0 0 0 36028797018963968 0 3221225472 0 0 0 0 54043195528445952 0 1073741824
9 1 188 1 218 1 0 0 0 131072 72057594037927936 0 0 0 0 0 196608 144115188075855872 0 0 0 0 0 65536 216172782113783808 0 0
10 1 189 1 219 1 0 0 0 524288 288230376151711744 0 0 0 0 0 786432 576460752303423488 0 0 0 0 0 262144 864691128455135232 0 0
11 1 190 1 220 1 0 0 0 2097152 1152921504606846976 0 0 0 0 0 3145728 2305843009213693952 0 0 0 0 0 1048576 3458764513820540928 0 0
12 1 191 1 221 1 0 0 0 8388608 4611686018427387904 0 0 0 0 0 12582912 9223372036854775808 0 0 0 0 0 4194304 13835058055282163712 0 0
13 1 192 1 222 1 0 0 0 33554432 0 1 0 0 0 0 50331648 0 2 0 0 0 0 16777216 0 3 0
14 1 193 1 223 1 0 0 0 134217728 0 4 0 0 0 0 201326592 0 8 0 0 0 0 67108864 0 12 0
15 1 194 1 224 1 0 0 0 536870912 0 16 0 0 0 0 805306368 0 32 0 0 0 0 268435456 0 48 0
16 1 195 1 225 1 0 0 0 2147483648 0 64 0 0 0 0 3221225472 0 128 0 0 0 0 1073741824 0 192 0
17 1 196 1 226 1 0 0 0 8589934592 0 256 0 0 0 0 12884901888 0 512 0 0 0 0 4294967296 0 768 0
18 1 197 1 227 1 0 0 0 34359738368 0 1024 0 0 0 0 51539607552 0 2048 0 0 0 0 17179869184 0 3072 0
19 1 198 1 228 1 0 0 0 137438953472 0 4096 0 0 0 0 206158430208 0 8192 0 0 0 0 68719476736 0 12288 0
20 1 199 1 229 1 0 0 0 549755813888 0 16384 0 0 0 0 824633720832 0 32768 0 0 0 0 274877906944 0 49152 0
21 1 200 1 230 1 0 0 0 2199023255552 0 65536 0 0 0 0 3298534883328 0 131072 0 0 0 0 1099511627776 0 196608 0
22 1 201 1 231 1 0 0 0 8796093022208 0 262144 0 0 0 0 13194139533312 0 524288 0 0 0 0 4398046511104 0 786432 0
23 1 202 1 232 1 0 0 0 35184372088832 0 1048576 0 0 0 0 52776558133248 0 2097152 0 0 0 0 17592186044416 0 3145728 0
24 1 203 1 233 1 0 0 0 140737488355328 0 4194304 0 0 0 0 211106232532992 0 8388608 0 0 0 0 70368744177664 0 12582912 0
25 1 204 1 234 1 0 0 0 562949953421312 0 16777216 0 0 0 0 844424930131968 0 33554432 0 0 0 0 281474976710656 0 50331648 0
26 1 205 1 235 1 0 0 0 2251799813685248 0 67108864 0 0 0 0 3377699720527872 0 134217728 0 0 0 0 1125899906842624 0 201326592 0
27 1 206 1 236 1 0 0 0 9007199254740992 0 268435456 0 0 0 0 13510798882111488 0 536870912 0 0 0 0 4503599627370496 0 805306368 0
28 1 207 1 237 1 0 0 0 36028797018963968 0 1073741824 0 0 0 0 54043195528445952 0 2147483648 0 0 0 0 18014398509481984 0 3221225472 0
29 1 104 1 238 1 0 0 0 144115188075855872 0 4294967296 0 0 0 0 216172782113783808 0 8589934592 0 0 0 0 72057594037927936 0 12884901888 0
30 1 105 1 239 1 0 0 0 576460752303423488 0 17179869184 0 0 0 0 864691128455135232 0 34359738368 0 0 0 0 288230376151711744 0 51539607552 0
31 1 106 1 240 1 0 0 0 2305843009213693952 0 68719476736 0 0 0 0 3458764513820540928 0 137438953472 0 0 0 0 1152921504606846976 0 206158430208 0
32 1 107 1 241 1 0 0 0 9223372036854775808 0 274877906944 0 0 0 0 13835058055282163712 0 549755813888 0 0 0 0 4611686018427387904 0 824633720832 0
33 1 108 1 242 1 0 0 0 0 2 1099511627776 0 0 0 0 0 3 2199023255552 0 0 0 0 0 1 3298534883328 0
34 1 109 1 243 1 0 0 0 0 8 4398046511104 0 0 0 0 0 12 8796093022208 0 0 0 0 0 4 13194139533312 0
35 1 110 1 244 1 0 0 0 0 32 17592186044416 0 0 0 0 0 48 35184372088832 0 0 0 0 0 16 52776558133248 0
36 1 111 1 245 1 0 0 0 0 128 70368744177664 0 0 0 0 0 192 140737488355328 0 0 0 0 0 64 211106232532992 0
37 1 112 1 246 1 0 0 0 0 512 281474976710656 0 0 0 0 0 768 562949953421312 0 0 0 0 0 256 844424930131968 0
38 1 113 1 247 1 0 0 0 0 2048 1125899906842624 0 0 0 0 0 3072 2251799813685248 0 0 0 0 0 1024 3377699720527872 0
39 1 114 1 248 1 0 0 0 0 8192 4503599627370496 0 0 0 0 0 12288 9007199254740992 0 0 0 0 0 4096 13510798882111488 0
40 1 115 1 249 1 0 0 0 0 32768 18014398509481984 0 0 0 0 0 49152 36028797018963968 0 0 0 0 0 16384 54043195528445952 0
41 1 116 1 250 1 0 0 0 0 131072 72057594037927936 0 0 0 0 0 196608 144115188075855872 0 0 0 0 0 65536 216172782113783808 0
42 1 117 1 251 1 0 0 0 0 524288 288230376151711744 0 0 0 0 0 786432 576460752303423488 0 0 0 0 0 262144 864691128455135232 0
43 1 118 1 252 1 0 0 0 0 2097152 1152921504606846976 0 0 0 0 0 3145728 2305843009213693952 0 0 0 0 0 1048576 3458764513820540928 0
44 1 119 1 253 1 0 0 0 0 8388608 4611686018427387904 0 0 0 0 0 12582912 9223372036854775808 0 0 0 0 0 4194304 13835058055282163712 0
45 1 120 1 254 1 0 0 0 0 33554432 0 1 0 0 0 0 50331648 0 2 0 0 0 0 16777216 0 3
46 1 121 1 255 1 0 0 0 0 134217728 0 4 0 0 0 0 201326592 0 8 0 0 0 0 67108864 0 12
47 1 122 1 256 1 0 0 0 0 536870912 0 16 0 0 0 0 805306368 0 32 0 0 0 0 268435456 0 48
48 1 123 1 257 1 0 0 0 0 2147483648 0 64 0 0 0 0 3221225472 0 128 0 0 0 0 1073741824 0 192
49 1 124 1 258 1 0 0 0 0 8589934592 0 256 0 0 0 0 12884901888 0 512 0 0 0 0 4294967296 0 768
50 1 125 1 259 1 0 0 0 0 34359738368 0 1024 0 0 0 0 51539607552 0 2048 0 0 0 0 17179869184 0 3072
51 1 126 1 260 1 0 0 0 0 137438953472 0 4096 0 0 0 0 206158430208 0 8192 0 0 0 0 68719476736 0 12288
52 1 127 1 261 1 0 0 0 0 549755813888 0 16384 0 0 0 0 824633720832 0 32768 0 0 0 0 274877906944 0 49152
53 1 128 1 262 1 0 0 0 0 2199023255552 0 65536 0 0 0 0 3298534883328 0 131072 0 0 0 0 1099511627776 0 196608
54 1 129 1 263 1 0 0 0 0 8796093022208 0 262144 0 0 0 0 13194139533312 0 524288 0 0 0 0 4398046511104 0 786432
55 1 130 1 264 1 0 0 0 0 35184372088832 0 1048576 0 0 0 0 52776558133248 0 2097152 0 0 0 0 17592186044416 0 3145728
56 1 131 1 265 1 0 0 0 0 140737488355328 0 4194304 0 0 0 0 211106232532992 0 8388608 0 0 0 0 70368744177664 0 12582912
57 1 132 1 266 1 0 0 0 0 562949953421312 0 16777216 0 0 0 0 844424930131968 0 33554432 0 0 0 0 281474976710656 0 50331648
58 1 133 1 267 1 0 0 0 0 2251799813685248 0 67108864 0 0 0 0 3377699720527872 0 134217728 0 0 0 0 1125899906842624 0 201326592
59 1 134 1 268 1 0 0 0 0 9007199254740992 0 268435456 0 0 0 0 13510798882111488 0 536870912 0 0 0 0 4503599627370496 0 805306368
60 1 135 1 269 1 0 0 0 0 36028797018963968 0 1073741824 0 0 0 0 54043195528445952 0 2147483648 0 0 0 0 18014398509481984 0 3221225472
61 1 136 1 270 1 0 0 0 65536 144115188075855872 0 0 0 0 0 131072 216172782113783808 0 0 0 0 0 196608 72057594037927936 0 0
62 1 137 1 271 1 0 0 0 262144 576460752303423488 0 0 0 0 0 524288 864691128455135232 0 0 0 0 0 786432 288230376151711744 0 0
63 1 138 1 272 1 0 0 0 1048576 2305843009213693952 0 0 0 0 0 2097152 3458764513820540928 0 0 0 0 0 3145728 1152921504606846976 0 0
64 1 139 1 273 1 0 0 0 4194304 9223372036854775808 0 0 0 0 0 8388608 13835058055282163712 0 0 0 0 0 12582912 4611686018427387904 0 0
65 1 140 1 274 1 0 0 0 16777216 0 2 0 0 0 0 33554432 0 3 0 0 0 0 50331648 0 1 0
66 1 141 1 275 1 0 0 0 67108864 0 8 0 0 0 0 134217728 0 12 0 0 0 0 201326592 0 4 0
67 1 142 1 276 1 0 0 0 268435456 0 32 0 0 0 0 536870912 0 48 0 0 0 0 805306368 0 16 0
68 1 143 1 277 1 0 0 0 1073741824 0 128 0 0 0 0 2147483648 0 192 0 0 0 0 3221225472 0 64 0
69 1 144 1 278 1 0 0 0 4294967296 0 512 0 0 0 0 8589934592 0 768 0 0 0 0 12884901888 0 256 0
70 1 145 1 279 1 0 0 0 17179869184 0 2048 0 0 0 0 34359738368 0 3072 0 0 0 0 51539607552 0 1024 0
71 1 146 1 280 1 0 0 0 68719476736 0 8192 0 0 0 0 137438953472 0 12288 0 0 0 0 206158430208 0 4096 0
72 1 147 1 281 1 0 0 0 274877906944 0 32768 0 0 0 0 549755813888 0 49152 0 0 0 0 824633720832 0 16384 0
73 1 148 1 282 1 0 0 0 1099511627776 0 131072 0 0 0 0 2199023255552 0 196608 0 0 0 0 3298534883328 0 65536 0
74 1 149 1 283 1 0 0 0 4398046511104 0 524288 0 0 0 0 8796093022208 0 786432 0 0 0 0 13194139533312 0 262144 0
75 1 150 1 284 1 0 0 0 17592186044416 0 2097152 0 0 0 0 35184372088832 0 3145728 0 0 0 0 52776558133248 0 1048576 0
76 1 151 1 285 1 0 0 0 70368744177664 0 8388608 0 0 0 0 140737488355328 0 12582912 0 0 0 0 211106232532992 0 4194304 0
77 1 152 1 286 1 0 0 0 281474976710656 0 33554432 0 0 0 0 562949953421312 0 50331648 0 0 0 0 844424930131968 0 16777216 0
78 1 153 1 287 1 0 0 0 1125899906842624 0 134217728 0 0 0 0 2251799813685248 0 201326592 0 0 0 0 3377699720527872 0 67108864 0
79 1 154 1 288 1 0 0 0 4503599627370496 0 536870912 0 0 0 0 9007199254740992 0 805306368 0 0 0 0 13510798882111488 0 268435456 0
80 1 155 1 289 1 0 0 0 18014398509481984 0 2147483648 0 0 0 0 36028797018963968 0 3221225472 0 0 0 0 54043195528445952 0 1073741824 0
81 1 156 1 290 1 0 0 0 72057594037927936 0 8589934592 0 0 0 0 144115188075855872 0 12884901888 0 0 0 0 216172782113783808 0 4294967296 0
82 1 157 1 291 1 0 0 0 288230376151711744 0 34359738368 0 0 0 0 576460752303423488 0 51539607552 0 0 0 0 864691128455135232 0 17179869184 0
83 1 158 1 292 1 0 0 0 1152921504606846976 0 137438953472 0 0 0 0 2305843009213693952 0 206158430208 0 0 0 0 3458764513820540928 0 68719476736 0
84 1 159 1 293 1 0 0 0 4611686018427387904 0 549755813888 0 0 0 0 9223372036854775808 0 824633720832 0 0 0 0 13835058055282163712 0 274877906944 0
85 1 160 1 294 1 0 0 0 0 1 2199023255552 0 0 0 0 0 2 3298534883328 0 0 0 0 0 3 1099511627776 0
86 1 161 1 295 1 0 0 0 0 4 8796093022208 0 0 0 0 0 8 13194139533312 0 0 0 0 0 12 4398046511104 0
87 1 162 1 296 1 0 0 0 0 16 35184372088832 0 0 0 0 0 32 52776558133248 0 0 0 0 0 48 17592186044416 0
88 1 163 1 297 1 0 0 0 0 64 140737488355328 0 0 0 0 0 128 211106232532992 0 0 0 0 0 192 70368744177664 0
89 1 164 1 298 1 0 0 0 0 256 562949953421312 0 0 0 0 0 512 844424930131968 0 0 0 0 0 768 281474976710656 0
90 1 165 1 299 1 0 0 0 0 1024 2251799813685248 0 0 0 0 0 2048 3377699720527872 0 0 0 0 0 3072 1125899906842624 0
91 1 166 1 300 1 0 0 0 0 4096 9007199254740992 0 0 0 0 0 8192 13510798882111488 0 0 0 0 0 12288 4503599627370496 0
92 1 167 1 301 1 0 0 0 0 16384 36028797018963968 0 0 0 0 0 32768 54043195528445952 0 0 0 0 0 49152 18014398509481984 0
93 1 168 1 302 1 0 0 0 0 65536 144115188075855872 0 0 0 0 0 131072 216172782113783808 0 0 0 0 0 196608 72057594037927936 0
94 1 169 1 303 1 0 0 0 0 262144 576460752303423488 0 0 0 0 0 524288 864691128455135232 0 0 0 0 0 786432 288230376151711744 0
