832 312 7 104
0 2 104 1 208 1 0 0 0 0 0 0 0 0 0 0 0 0 0 0 0 0 0 0 0 0 0
1 2 105 1 209 1 0 0 0 0 0 0 0 0 0 0 0 0 0 0 0 0 0 0 0 0 0
2 2 106 1 210 1 0 0 0 0 0 0 0 0 0 0 0 0 0 0 0 0 0 0 0 0 0
3 2 107 1 211 1 0 0 0 0 0 0 0 0 0 0 0 0 0 0 0 0 0 0 0 0 0
4 2 108 1 212 1 0 0 0 0 0 0 0 0 0 0 0 0 0 0 0 0 0 0 0 0 0
5 2 109 1 213 1 0 0 0 0 0 0 0 0 0 0 0 0 0 0 0 0 0 0 0 0 0
6 2 110 1 214 1 0 0 0 0 0 0 0 0 0 0 0 0 0 0 0 0 0 0 0 0 0
7 2 111 1 215 1 0 0 0 0 0 0 0 0 0 0 0 0 0 0 0 0 0 0 0 0 0
8 2 112 1 216 1 0 0 0 0 0 0 0 0 0 0 0 0 0 0 0 0 0 0 0 0 0
9 2 113 1 217 1 0 0 0 0 0 0 0 0 0 0 0 0 0 0 0 0 0 0 0 0 0
10 2 114 1 218 1 0 0 0 0 0 0 0 0 0 0 0 0 0 0 0 0 0 0 0 0 0
11 2 115 1 219 1 0 0 0 0 0 0 0 0 0 0 0 0 0 0 0 0 0 0 0 0 0
12 2 116 1 220 1 0 0 0 0 0 0 0 0 0 0 0 0 0 0 0 0 0 0 0 0 0
13 2 117 1 221 1 0 0 0 0 0 0 0 0 0 0 0 0 0 0 0 0 0 0 0 0 0
14 2 118 1 222 1 0 0 0 0 0 0 0 0 0 0 0 0 0 0 0 0 0 0 0 0 0
15 2 119 1 223 1 0 0 0 0 0 0 0 0 0 0 0 0 0 0 0 0 0 0 0 0 0
16 2 120 1 224 1 0 0 0 0 0 0 0 0 0 0 0 0 0 0 0 0 0 0 0 0 0
17 2 121 1 225 1 0 0 0 0 0 0 0 0 0 0 0 0 0 0 0 0 0 0 0 0 0
18 2 122 1 226 1 0 0 0 0 0 0 0 0 0 0 0 0 0 0 0 0 0 0 0 0 0
19 2 123 1 227 1 0 0 0 0 0 0 0 0 0 0 0 0 0 0 0 0 0 0 0 0 0
20 2 124 1 228 1 0 0 0 0 0 0 0 0 0 0 0 0 0 0 0 0 0 0 0 0 0
21 2 125 1 229 1 0 0 0 0 0 0 0 0 0 0 0 0 0 0 0 0 0 0 0 0 0
22 2 126 1 230 1 0 0 0 0 0 0 0 0 0 0 0 0 0 0 0 0 0 0 0 0 0
23 2 127 1 231 1 0 0 0 0 0 0 0 0 0 0 0 0 0 0 0 0 0 0 0 0 0
24 2 128 1 232 1 0 0 0 0 0 0 0 0 0 0 0 0 0 0 0 0 0 0 0 0 0
25 2 129 1 233 1 0 0 0 0 0 0 0 0 0 0 0 0 0 0 0 0 0 0 0 0 0
26 2 130 1 234 1 0 0 0 0 0 0 0 0 0 0 0 0 0 0 0 0 0 0 0 0 0
27 2 131 1 235 1 0 0 0 0 0 0 0 0 0 0 0 0 0 0 0 0 0 0 0 0 0
28 2 132 1 236 1 0 0 0 0 0 0 0 0 0 0 0 0 0 0 0 0 0 0 0 0 0
29 2 133 1 237 1 0 0 0 0 0 0 0 0 0 0 0 0 0 0 0 0 0 0 0 0 0
30 2 134 1 238 1 0 0 0 0 0 0 0 0 0 0 0 0 0 0 0 0 0 0 0 0 0
31 2 135 1 239 1 0 0 0 0 0 0 0 0 0 0 0 0 0 0 0 0 0 0 0 0 0
32 2 136 1 240 1 0 0 0 0 0 0 0 0 0 0 0 0 0 0 0 0 0 0 0 0 0
33 2 137 1 241 1 0 0 0 0 0 0 0 0 0 0 0 0 0 0 0 0 0 0 0 0 0
34 2 138 1 242 1 0 0 0 0 0 0 0 0 0 0 0 0 0 0 0 0 0 0 0 0 0
35 2 139 1 243 1 0 0 0 0 0 0 0 0 0 0 0 0 0 0 0 0 0 0 0 0 0
36 2 140 1 244 1 0 0 0 0 0 0 0 0 0 0 0 0 0 0 0 0 0 0 0 0 0
37 2 141 1 245 1 0 0 0 0 0 0 0 0 0 0 0 0 0 0 0 0 0 0 0 0 0
38 2 142 1 246 1 0 0 0 0 0 0 0 0 0 0 0 0 0 0 0 0 0 0 0 0 0
39 2 143 1 247 1 0 0 0 0 0 0 0 0 0 0 0 0 0 0 0 0 0 0 0 0 0
40 2 144 1 248 1 0 0 0 0 0 0 0 0 0 0 0 0 0 0 0 0 0 0 0 0 0
41 2 145 1 249 1 0 0 0 0 0 0 0 0 0 0 0 0 0 0 0 0 0 0 0 0 0
42 2 146 1 250 1 0 0 0 0 0 0 0 0 0 0 0 0 0 0 0 0 0 0 0 0 0
43 2 147 1 251 1 0 0 0 0 0 0 0 0 0 0 0 0 0 0 0 0 0 0 0 0 0
44 2 148 1 252 1 0 0 0 0 0 0 0 0 0 0 0 0 0 0 0 0 0 0 0 0 0
45 2 149 1 253 1 0 0 0 0 0 0 0 0 0 0 0 0 0 0 0 0 0 0 0 0 0
46 2 150 1 254 1 0 0 0 0 0 0 0 0 0 0 0 0 0 0 0 0 0 0 0 0 0
47 2 151 1 255 1 0 0 0 0 0 0 0 0 0 0 0 0 0 0 0 0 0 0 0 0 0
48 2 152 1 256 1 0 0 0 0 0 0 0 0 0 0 0 0 0 0 0 0 0 0 0 0 0
49 2 153 1 257 1 0 0 0 0 0 0 0 0 0 0 0 0 0 0 0 0 0 0 0 0 0
50 2 154 1 258 1 0 0 0 0 0 0 0 0 0 0 0 0 0 0 0 0 0 0 0 0 0
51 2 155 1 259 1 0 0 0 0 0 0 0 0 0 0 0 0 0 0 0 0 0 0 0 0 0
52 2 156 1 260 1 0 0 0 0 0 0 0 0 0 0 0 0 0 0 0 0 0 0 0 0 0
53 2 157 1 261 1 0 0 0 0 0 0 0 0 0 0 0 0 0 0 0 0 0 0 0 0 0
54 2 158 1 262 1 0 0 0 0 0 0 0 0 0 0 0 0 0 0 0 0 0 0 0 0 0
55 2 159 1 263 1 0 0 0 0 0 0 0 0 0 0 0 0 0 0 0 0 0 0 0 0 0
56 2 160 1 264 1 0 0 0 0 0 0 0 0 0 0 0 0 0 0 0 0 0 0 0 0 0
57 2 161 1 265 1 0 0 0 0 0 0 0 0 0 0 0 0 0 0 0 0 0 0 0 0 0
58 2 162 1 266 1 0 0 0 0 0 0 0 0 0 0 0 0 0 0 0 0 0 0 0 0 0
59 2 163 1 267 1 0 0 0 0 0 0 0 0 0 0 0 0 0 0 0 0 0 0 0 0 0
60 2 164 1 268 1 0 0 0 0 0 0 0 0 0 0 0 0 0 0 0 0 0 0 0 0 0
61 2 165 1 269 1 0 0 0 0 0 0 0 0 0 0 0 0 0 0 0 0 0 0 0 0 0
62 2 166 1 270 1 0 0 0 0 0 0 0 0 0 0 0 0 0 0 0 0 0 0 0 0 0
63 2 167 1 271 1 0 0 0 0 0 0 0 0 0 0 0 0 0 0 0 0 0 0 0 0 0
64 2 168 1 272 1 0 0 0 0 0 0 0 0 0 0 0 0 0 0 0 0 0 0 0 0 0
65 2 169 1 273 1 0 0 0 0 0 0 0 0 0 0 0 0 0 0 0 0 0 0 0 0 0
66 2 170 1 274 1 0 0 0 0 0 0 0 0 0 0 0 0 0 0 0 0 0 0 0 0 0
67 2 171 1 275 1 0 0 0 0 0 0 0 0 0 0 0 0 0 0 0 0 0 0 0 0 0
68 2 172 1 276 1 0 0 0 0 0 0 0 0 0 0 0 0 0 0 0 0 0 0 0 0 0
69 2 173 1 277 1 0 0 0 0 0 0 0 0 0 0 0 0 0 0 0 0 0 0 0 0 0
70 2 174 1 278 1 0 0 0 0 0 0 0 0 0 0 0 0 0 0 0 0 0 0 0 0 0
71 2 175 1 279 1 0 0 0 0 0 0 0 0 0 0 0 0 0 0 0 0 0 0 0 0 0
72 2 176 1 280 1 0 0 0 0 0 0 0 0 0 0 0 0 0 0 0 0 0 0 0 0 0
73 2 177 1 281 1 0 0 0 0 0 0 0 0 0 0 0 0 0 0 0 0 0 0 0 0 0
74 2 178 1 282 1 0 0 0 0 0 0 0 0 0 0 0 0 0 0 0 0 0 0 0 0 0
75 2 179 1 283 1 0 0 0 0 0 0 0 0 0 0 0 0 0 0 0 0 0 0 0 0 0
76 2 180 1 284 1 0 0 0 0 0 0 0 0 0 0 0 0 0 0 0 0 0 0 0 0 0
77 2 181 1 285 1 0 0 0 0 0 0 0 0 0 0 0 0 0 0 0 0 0 0 0 0 0
78 2 182 1 286 1 0 0 0 0 0 0 0 0 0 0 0 0 0 0 0 0 0 0 0 0 0
79 2 183 1 287 1 0 0 0 0 0 0 0 0 0 0 0 0 0 0 0 0 0 0 0 0 0
80 2 184 1 288 1 0 0 0 0 0 0 0 0 0 0 0 0 0 0 0 0 0 0 0 0 0
81 2 185 1 289 1 0 0 0 0 0 0 0 0 0 0 0 0 0 0 0 0 0 0 0 0 0
82 2 186 1 290 1 0 0 0 0 0 0 0 0 0 0 0 0 0 0 0 0 0 0 0 0 0
83 2 187 1 291 1 0 0 0 0 0 0 0 0 0 0 0 0 0 0 0 0 0 0 0 0 0
84 2 188 1 292 1 0 0 0 0 0 0 0 0 0 0 0 0 0 0 0 0 0 0 0 0 0
85 2 189 1 293 1 0 0 0 0 0 0 0 0 0 0 0 0 0 0 0 0 0 0 0 0 0
86 2 190 1 294 1 0 0 0 0 0 0 0 0 0 0 0 0 0 0 0 0 0 0 0 0 0
87 2 191 1 295 1 0 0 0 0 0 0 0 0 0 0 0 0 0 0 0 0 0 0 0 0 0
88 2 192 1 296 1 0 0 0 0 0 0 0 0 0 0 0 0 0 0 0 0 0 0 0 0 0
89 2 193 1 297 1 0 0 0 0 0 0 0 0 0 0 0 0 0 0 0 0 0 0 0 0 0
90 2 194 1 298 1 0 0 0 0 0 0 0 0 0 0 0 0 0 0 0 0 0 0 0 0 0
91 2 195 1 299 1 0 0 0 0 0 0 0 0 0 0 0 0 0 0 0 0 0 0 0 0 0
92 2 196 1 300 1 0 0 0 0 0 0 0 0 0 0 0 0 0 0 0 0 0 0 0 0 0
93 2 197 1 301 1 0 0 0 0 0 0 0 0 0 0 0 0 0 0 0 0 0 0 0 0 0
94 2 198 1 302 1 0 0 0 0 0 0 0 0 0 0 0 0 0 0 0 0 0 0 0 0 0
95 2 199 1 303 1 0 0 0 0 0 0 0 0 0 0 0 0 0 0 0 0 0 0 0 0 0
96 2 200 1 304 1 0 0 0 0 0 0 0 0 0 0 0 0 0 0 0 0 0 0 0 0 0
97 2 201 1 305 1 0 0 0 0 0 0 0 0 0 0 0 0 0 0 0 0 0 0 0 0 0
98 2 202 1 306 1 0 0 0 0 0 0 0 0 0 0 0 0 0 0 0 0 0 0 0 0 0
99 2 203 1 307 1 0 0 0 0 0 0 0 0 0 0 0 0 0 0 0 0 0 0 0 0 0
100 2 204 1 308 1 0 0 0 0 0 0 0 0 0 0 0 0 0 0 0 0 0 0 0 0 0
101 2 205 1 309 1 0 0 0 0 0 0 0 0 0 0 0 0 0 0 0 0 0 0 0 0 0
102 2 206 1 310 1 0 0 0 0 0 0 0 0 0 0 0 0 0 0 0 0 0 0 0 0 0
103 2 207 1 311 1 0 0 0 0 0 0 0 0 0 0 0 0 0 0 0 0 0 0 0 0 0
0 1 130 2 286 1 0 0 0 0 0 0 0 0 0 0 0 0 0 0 0 0 0 0 0 0 0
1 1 131 2 287 1 0 0 0 0 0 0 0 0 0 0 0 0 0 0 0 0 0 0 0 0 0
2 1 132 2 288 1 0 0 0 0 0 0 0 0 0 0 0 0 0 0 0 0 0 0 0 0 0
3 1 133 2 289 1 0 0 0 0 0 0 0 0 0 0 0 0 0 0 0 0 0 0 0 0 0
4 1 134 2 290 1 0 0 0 0 0 0 0 0 0 0 0 0 0 0 0 0 0 0 0 0 0
5 1 135 2 291 1 0 0 0 0 0 0 0 0 0 0 0 0 0 0 0 0 0 0 0 0 0
6 1 136 2 292 1 0 0 0 0 0 0 0 0 0 0 0 0 0 0 0 0 0 0 0 0 0
7 1 137 2 293 1 0 0 0 0 0 0 0 0 0 0 0 0 0 0 0 0 0 0 0 0 0
8 1 138 2 294 1 0 0 0 0 0 0 0 0 0 0 0 0 0 0 0 0 0 0 0 0 0
9 1 139 2 295 1 0 0 0 0 0 0 0 0 0 0 0 0 0 0 0 0 0 0 0 0 0
10 1 140 2 296 1 0 0 0 0 0 0 0 0 0 0 0 0 0 0 0 0 0 0 0 0 0
11 1 141 2 297 1 0 0 0 0 0 0 0 0 0 0 0 0 0 0 0 0 0 0 0 0 0
12 1 142 2 298 1 0 0 0 0 0 0 0 0 0 0 0 0 0 0 0 0 0 0 0 0 0
13 1 143 2 299 1 0 0 0 0 0 0 0 0 0 0 0 0 0 0 0 0 0 0 0 0 0
14 1 144 2 300 1 0 0 0 0 0 0 0 0 0 0 0 0 0 0 0 0 0 0 0 0 0
15 1 145 2 301 1 0 0 0 0 0 0 0 0 0 0 0 0 0 0 0 0 0 0 0 0 0
16 1 146 2 302 1 0 0 0 0 0 0 0 0 0 0 0 0 0 0 0 0 0 0 0 0 0
17 1 147 2 303 1 0 0 0 0 0 0 0 0 0 0 0 0 0 0 0 0 0 0 0 0 0
18 1 148 2 304 1 0 0 0 0 0 0 0 0 0 0 0 0 0 0 0 0 0 0 0 0 0
19 1 149 2 305 1 0 0 0 0 0 0 0 0 0 0 0 0 0 0 0 0 0 0 0 0 0
20 1 150 2 306 1 0 0 0 0 0 0 0 0 0 0 0 0 0 0 0 0 0 0 0 0 0
21 1 151 2 307 1 0 0 0 0 0 0 0 0 0 0 0 0 0 0 0 0 0 0 0 0 0
22 1 152 2 308 1 0 0 0 0 0 0 0 0 0 0 0 0 0 0 0 0 0 0 0 0 0
23 1 153 2 309 1 0 0 0 0 0 0 0 0 0 0 0 0 0 0 0 0 0 0 0 0 0
24 1 154 2 310 1 0 0 0 0 0 0 0 0 0 0 0 0 0 0 0 0 0 0 0 0 0
25 1 155 2 311 1 0 0 0 0 0 0 0 0 0 0 0 0 0 0 0 0 0 0 0 0 0
26 1 156 2 208 1 0 0 0 0 0 0 0 0 0 0 0 0 0 0 0 0 0 0 0 0 0
27 1 157 2 209 1 0 0 0 0 0 0 0 0 0 0 0 0 0 0 0 0 0 0 0 0 0
28 1 158 2 210 1 0 0 0 0 0 0 0 0 0 0 0 0 0 0 0 0 0 0 0 0 0
29 1 159 2 211 1 0 0 0 0 0 0 0 0 0 0 0 0 0 0 0 0 0 0 0 0 0
30 1 160 2 212 1 0 0 0 0 0 0 0 0 0 0 0 0 0 0 0 0 0 0 0 0 0
31 1 161 2 213 1 0 0 0 0 0 0 0 0 0 0 0 0 0 0 0 0 0 0 0 0 0
32 1 162 2 214 1 0 0 0 0 0 0 0 0 0 0 0 0 0 0 0 0 0 0 0 0 0
33 1 163 2 215 1 0 0 0 0 0 0 0 0 0 0 0 0 0 0 0 0 0 0 0 0 0
34 1 164 2 216 1 0 0 0 0 0 0 0 0 0 0 0 0 0 0 0 0 0 0 0 0 0
35 1 165 2 217 1 0 0 0 0 0 0 0 0 0 0 0 0 0 0 0 0 0 0 0 0 0
36 1 166 2 218 1 0 0 0 0 0 0 0 0 0 0 0 0 0 0 0 0 0 0 0 0 0
37 1 167 2 219 1 0 0 0 0 0 0 0 0 0 0 0 0 0 0 0 0 0 0 0 0 0
38 1 168 2 220 1 0 0 0 0 0 0 0 0 0 0 0 0 0 0 0 0 0 0 0 0 0
39 1 169 2 221 1 0 0 0 0 0 0 0 0 0 0 0 0 0 0 0 0 0 0 0 0 0
40 1 170 2 222 1 0 0 0 0 0 0 0 0 0 0 0 0 0 0 0 0 0 0 0 0 0
41 1 171 2 223 1 0 0 0 0 0 0 0 0 0 0 0 0 0 0 0 0 0 0 0 0 0
42 1 172 2 224 1 0 0 0 0 0 0 0 0 0 0 0 0 0 0 0 0 0 0 0 0 0
43 1 173 2 225 1 0 0 0 0 0 0 0 0 0 0 0 0 0 0 0 0 0 0 0 0 0
44 1 174 2 226 1 0 0 0 0 0 0 0 0 0 0 0 0 0 0 0 0 0 0 0 0 0
45 1 175 2 227 1 0 0 0 0 0 0 0 0 0 0 0 0 0 0 0 0 0 0 0 0 0
46 1 176 2 228 1 0 0 0 0 0 0 0 0 0 0 0 0 0 0 0 0 0 0 0 0 0
47 1 177 2 229 1 0 0 0 0 0 0 0 0 0 0 0 0 0 0 0 0 0 0 0 0 0
48 1 178 2 230 1 0 0 0 0 0 0 0 0 0 0 0 0 0 0 0 0 0 0 0 0 0
49 1 179 2 231 1 0 0 0 0 0 0 0 0 0 0 0 0 0 0 0 0 0 0 0 0 0
50 1 180 2 232 1 0 0 0 0 0 0 0 0 0 0 0 0 0 0 0 0 0 0 0 0 0
51 1 181 2 233 1 0 0 0 0 0 0 0 0 0 0 0 0 0 0 0 0 0 0 0 0 0
52 1 182 2 234 1 0 0 0 0 0 0 0 0 0 0 0 0 0 0 0 0 0 0 0 0 0
53 1 183 2 235 1 0 0 0 0 0 0 0 0 0 0 0 0 0 0 0 0 0 0 0 0 0
54 1 184 2 236 1 0 0 0 0 0 0 0 0 0 0 0 0 0 0 0 0 0 0 0 0 0
55 1 185 2 237 1 0 0 0 0 0 0 0 0 0 0 0 0 0 0 0 0 0 0 0 0 0
56 1 186 2 238 1 0 0 0 0 0 0 0 0 0 0 0 0 0 0 0 0 0 0 0 0 0
57 1 187 2 239 1 0 0 0 0 0 0 0 0 0 0 0 0 0 0 0 0 0 0 0 0 0
58 1 188 2 240 1 0 0 0 0 0 0 0 0 0 0 0 0 0 0 0 0 0 0 0 0 0
59 1 189 2 241 1 0 0 0 0 0 0 0 0 0 0 0 0 0 0 0 0 0 0 0 0 0
60 1 190 2 242 1 0 0 0 0 0 0 0 0 0 0 0 0 0 0 0 0 0 0 0 0 0
61 1 191 2 243 1 0 0 0 0 0 0 0 0 0 0 0 0 0 0 0 0 0 0 0 0 0
62 1 192 2 244 1 0 0 0 0 0 0 0 0 0 0 0 0 0 0 0 0 0 0 0 0 0
63 1 193 2 245 1 0 0 0 0 0 0 0 0 0 0 0 0 0 0 0 0 0 0 0 0 0
64 1 194 2 246 1 0 0 0 0 0 0 0 0 0 0 0 0 0 0 0 0 0 0 0 0 0
65 1 195 2 247 1 0 0 0 0 0 0 0 0 0 0 0 0 0 0 0 0 0 0 0 0 0
66 1 196 2 248 1 0 0 0 0 0 0 0 0 0 0 0 0 0 0 0 0 0 0 0 0 0
67 1 197 2 249 1 0 0 0 0 0 0 0 0 0 0 0 0 0 0 0 0 0 0 0 0 0
68 1 198 2 250 1 0 0 0 0 0 0 0 0 0 0 0 0 0 0 0 0 0 0 0 0 0
69 1 199 2 251 1 0 0 0 0 0 0 0 0 0 0 0 0 0 0 0 0 0 0 0 0 0
70 1 200 2 252 1 0 0 0 0 0 0 0 0 0 0 0 0 0 0 0 0 0 0 0 0 0
71 1 201 2 253 1 0 0 0 0 0 0 0 0 0 0 0 0 0 0 0 0 0 0 0 0 0
72 1 202 2 254 1 0 0 0 0 0 0 0 0 0 0 0 0 0 0 0 0 0 0 0 0 0
73 1 203 2 255 1 0 0 0 0 0 0 0 0 0 0 0 0 0 0 0 0 0 0 0 0 0
74 1 204 2 256 1 0 0 0 0 0 0 0 0 0 0 0 0 0 0 0 0 0 0 0 0 0
75 1 205 2 257 1 0 0 0 0 0 0 0 0 0 0 0 0 0 0 0 0 0 0 0 0 0
76 1 206 2 258 1 0 0 0 0 0 0 0 0 0 0 0 0 0 0 0 0 0 0 0 0 0
77 1 207 2 259 1 0 0 0 0 0 0 0 0 0 0 0 0 0 0 0 0 0 0 0 0 0
78 1 104 2 260 1 0 0 0 0 0 0 0 0 0 0 0 0 0 0 0 0 0 0 0 0 0
79 1 105 2 261 1 0 0 0 0 0 0 0 0 0 0 0 0 0 0 0 0 0 0 0 0 0
80 1 106 2 262 1 0 0 0 0 0 0 0 0 0 0 0 0 0 0 0 0 0 0 0 0 0
81 1 107 2 263 1 0 0 0 0 0 0 0 0 0 0 0 0 0 0 0 0 0 0 0 0 0
82 1 108 2 264 1 0 0 0 0 0 0 0 0 0 0 0 0 0 0 0 0 0 0 0 0 0
83 1 109 2 265 1 0 0 0 0 0 0 0 0 0 0 0 0 0 0 0 0 0 0 0 0 0
84 1 110 2 266 1 0 0 0 0 0 0 0 0 0 0 0 0 0 0 0 0 0 0 0 0 0
85 1 111 2 267 1 0 0 0 0 0 0 0 0 0 0 0 0 0 0 0 0 0 0 0 0 0
86 1 112 2 268 1 0 0 0 0 0 0 0 0 0 0 0 0 0 0 0 0 0 0 0 0 0
87 1 113 2 269 1 0 0 0 0 0 0 0 0 0 0 0 0 0 0 0 0 0 0 0 0 0
88 1 114 2 270 1 0 0 0 0 0 0 0 0 0 0 0 0 0 0 0 0 0 0 0 0 0
89 1 115 2 271 1 0 0 0 0 0 0 0 0 0 0 0 0 0 0 0 0 0 0 0 0 0
90 1 116 2 272 1 0 0 0 0 0 0 0 0 0 0 0 0 0 0 0 0 0 0 0 0 0
91 1 117 2 273 1 0 0 0 0 0 0 0 0 0 0 0 0 0 0 0 0 0 0 0 0 0
92 1 118 2 274 1 0 0 0 0 0 0 0 0 0 0 0 0 0 0 0 0 0 0 0 0 0
93 1 119 2 275 1 0 0 0 0 0 0 0 0 0 0 0 0 0 0 0 0 0 0 0 0 0
94 1 120 2 276 1 0 0 0 0 0 0 0 0 0 0 0 0 0 0 0 0 0 0 0 0 0
95 1 121 2 277 1 0 0 0 0 0 0 0 0 0 0 0 0 0 0 0 0 0 0 0 0 0
96 1 122 2 278 1 0 0 0 0 0 0 0 0 0 0 0 0 0 0 0 0 0 0 0 0 0
97 1 123 2 279 1 0 0 0 0 0 0 0 0 0 0 0 0 0 0 0 0 0 0 0 0 0
98 1 124 2 280 1 0 0 0 0 0 0 0 0 0 0 0 0 0 0 0 0 0 0 0 0 0
99 1 125 2 281 1 0 0 0 0 0 0 0 0 0 0 0 0 0 0 0 0 0 0 0 0 0
100 1 126 2 282 1 0 0 0 0 0 0 0 0 0 0 0 0 0 0 0 0 0 0 0 0 0
101 1 127 2 283 1 0 0 0 0 0 0 0 0 0 0 0 0 0 0 0 0 0 0 0 0 0
102 1 128 2 284 1 0 0 0 0 0 0 0 0 0 0 0 0 0 0 0 0 0 0 0 0 0
103 1 129 2 285 1 0 0 0 0 0 0 0 0 0 0 0 0 0 0 0 0 0 0 0 0 0
0 1 148 1 226 2 0 0 0 0 0 0 0 0 0 0 0 0 0 0 0 0 0 0 0 0 0
1 1 149 1 227 2 0 0 0 0 0 0 0 0 0 0 0 0 0 0 0 0 0 0 0 0 0
2 1 150 1 228 2 0 0 0 0 0 0 0 0 0 0 0 0 0 0 0 0 0 0 0 0 0
3 1 151 1 229 2 0 0 0 0 0 0 0 0 0 0 0 0 0 0 0 0 0 0 0 0 0
4 1 152 1 230 2 0 0 0 0 0 0 0 0 0 0 0 0 0 0 0 0 0 0 0 0 0
5 1 153 1 231 2 0 0 0 0 0 0 0 0 0 0 0 0 0 0 0 0 0 0 0 0 0
6 1 154 1 232 2 0 0 0 0 0 0 0 0 0 0 0 0 0 0 0 0 0 0 0 0 0
7 1 155 1 233 2 0 0 0 0 0 0 0 0 0 0 0 0 0 0 0 0 0 0 0 0 0
8 1 156 1 234 2 0 0 0 0 0 0 0 0 0 0 0 0 0 0 0 0 0 0 0 0 0
9 1 157 1 235 2 0 0 0 0 0 0 0 0 0 0 0 0 0 0 0 0 0 0 0 0 0
10 1 158 1 236 2 0 0 0 0 0 0 0 0 0 0 0 0 0 0 0 0 0 0 0 0 0
11 1 159 1 237 2 0 0 0 0 0 0 0 0 0 0 0 0 0 0 0 0 0 0 0 0 0
12 1 160 1 238 2 0 0 0 0 0 0 0 0 0 0 0 0 0 0 0 0 0 0 0 0 0
13 1 161 1 239 2 0 0 0 0 0 0 0 0 0 0 0 0 0 0 0 0 0 0 0 0 0
14 1 162 1 240 2 0 0 0 0 0 0 0 0 0 0 0 0 0 0 0 0 0 0 0 0 0
15 1 163 1 241 2 0 0 0 0 0 0 0 0 0 0 0 0 0 0 0 0 0 0 0 0 0
16 1 164 1 242 2 0 0 0 0 0 0 0 0 0 0 0 0 0 0 0 0 0 0 0 0 0
17 1 165 1 243 2 0 0 0 0 0 0 0 0 0 0 0 0 0 0 0 0 0 0 0 0 0
18 1 166 1 244 2 0 0 0 0 0 0 0 0 0 0 0 0 0 0 0 0 0 0 0 0 0
19 1 167 1 245 2 0 0 0 0 0 0 0 0 0 0 0 0 0 0 0 0 0 0 0 0 0
20 1 168 1 246 2 0 0 0 0 0 0 0 0 0 0 0 0 0 0 0 0 0 0 0 0 0
21 1 169 1 247 2 0 0 0 0 0 0 0 0 0 0 0 0 0 0 0 0 0 0 0 0 0
22 1 170 1 248 2 0 0 0 0 0 0 0 0 0 0 0 0 0 0 0 0 0 0 0 0 0
23 1 171 1 249 2 0 0 0 0 0 0 0 0 0 0 0 0 0 0 0 0 0 0 0 0 0
24 1 172 1 250 2 0 0 0 0 0 0 0 0 0 0 0 0 0 0 0 0 0 0 0 0 0
25 1 173 1 251 2 0 0 0 0 0 0 0 0 0 0 0 0 0 0 0 0 0 0 0 0 0
26 1 174 1 252 2 0 0 0 0 0 0 0 0 0 0 0 0 0 0 0 0 0 0 0 0 0
27 1 175 1 253 2 0 0 0 0 0 0 0 0 0 0 0 0 0 0 0 0 0 0 0 0 0
28 1 176 1 254 2 0 0 0 0 0 0 0 0 0 0 0 0 0 0 0 0 0 0 0 0 0
29 1 177 1 255 2 0 0 0 0 0 0 0 0 0 0 0 0 0 0 0 0 0 0 0 0 0
30 1 178 1 256 2 0 0 0 0 0 0 0 0 0 0 0 0 0 0 0 0 0 0 0 0 0
31 1 179 1 257 2 0 0 0 0 0 0 0 0 0 0 0 0 0 0 0 0 0 0 0 0 0
32 1 180 1 258 2 0 0 0 0 0 0 0 0 0 0 0 0 0 0 0 0 0 0 0 0 0
33 1 181 1 259 2 0 0 0 0 0 0 0 0 0 0 0 0 0 0 0 0 0 0 0 0 0
34 1 182 1 260 2 0 0 0 0 0 0 0 0 0 0 0 0 0 0 0 0 0 0 0 0 0
35 1 183 1 261 2 0 0 0 0 0 0 0 0 0 0 0 0 0 0 0 0 0 0 0 0 0
36 1 184 1 262 2 0 0 0 0 0 0 0 0 0 0 0 0 0 0 0 0 0 0 0 0 0
37 1 185 1 263 2 0 0 0 0 0 0 0 0 0 0 0 0 0 0 0 0 0 0 0 0 0
38 1 186 1 264 2 0 0 0 0 0 0 0 0 0 0 0 0 0 0 0 0 0 0 0 0 0
39 1 187 1 265 2 0 0 0 0 0 0 0 0 0 0 0 0 0 0 0 0 0 0 0 0 0
40 1 188 1 266 2 0 0 0 0 0 0 0 0 0 0 0 0 0 0 0 0 0 0 0 0 0
41 1 189 1 267 2 0 0 0 0 0 0 0 0 0 0 0 0 0 0 0 0 0 0 0 0 0
42 1 190 1 268 2 0 0 0 0 0 0 0 0 0 0 0 0 0 0 0 0 0 0 0 0 0
43 1 191 1 269 2 0 0 0 0 0 0 0 0 0 0 0 0 0 0 0 0 0 0 0 0 0
44 1 192 1 270 2 0 0 0 0 0 0 0 0 0 0 0 0 0 0 0 0 0 0 0 0 0
45 1 193 1 271 2 0 0 0 0 0 0 0 0 0 0 0 0 0 0 0 0 0 0 0 0 0
46 1 194 1 272 2 0 0 0 0 0 0 0 0 0 0 0 0 0 0 0 0 0 0 0 0 0
47 1 195 1 273 2 0 0 0 0 0 0 0 0 0 0 0 0 0 0 0 0 0 0 0 0 0
48 1 196 1 274 2 0 0 0 0 0 0 0 0 0 0 0 0 0 0 0 0 0 0 0 0 0
49 1 197 1 275 2 0 0 0 0 0 0 0 0 0 0 0 0 0 0 0 0 0 0 0 0 0
50 1 198 1 276 2 0 0 0 0 0 0 0 0 0 0 0 0 0 0 0 0 0 0 0 0 0
51 1 199 1 277 2 0 0 0 0 0 0 0 0 0 0 0 0 0 0 0 0 0 0 0 0 0
52 1 200 1 278 2 0 0 0 0 0 0 0 0 0 0 0 0 0 0 0 0 0 0 0 0 0
53 1 201 1 279 2 0 0 0 0 0 0 0 0 0 0 0 0 0 0 0 0 0 0 0 0 0
54 1 202 1 280 2 0 0 0 0 0 0 0 0 0 0 0 0 0 0 0 0 0 0 0 0 0
55 1 203 1 281 2 0 0 0 0 0 0 0 0 0 0 0 0 0 0 0 0 0 0 0 0 0
56 1 204 1 282 2 0 0 0 0 0 0 0 0 0 0 0 0 0 0 0 0 0 0 0 0 0
57 1 205 1 283 2 0 0 0 0 0 0 0 0 0 0 0 0 0 0 0 0 0 0 0 0 0
58 1 206 1 284 2 0 0 0 0 0 0 0 0 0 0 0 0 0 0 0 0 0 0 0 0 0
59 1 207 1 285 2 0 0 0 0 0 0 0 0 0 0 0 0 0 0 0 0 0 0 0 0 0
60 1 104 1 286 2 0 0 0 0 0 0 0 0 0 0 0 0 0 0 0 0 0 0 0 0 0
61 1 105 1 287 2 0 0 0 0 0 0 0 0 0 0 0 0 0 0 0 0 0 0 0 0 0
62 1 106 1 288 2 0 0 0 0 0 0 0 0 0 0 0 0 0 0 0 0 0 0 0 0 0
63 1 107 1 289 2 0 0 0 0 0 0 0 0 0 0 0 0 0 0 0 0 0 0 0 0 0
64 1 108 1 290 2 0 0 0 0 0 0 0 0 0 0 0 0 0 0 0 0 0 0 0 0 0
65 1 109 1 291 2 0 0 0 0 0 0 0 0 0 0 0 0 0 0 0 0 0 0 0 0 0
66 1 110 1 292 2 0 0 0 0 0 0 0 0 0 0 0 0 0 0 0 0 0 0 0 0 0
67 1 111 1 293 2 0 0 0 0 0 0 0 0 0 0 0 0 0 0 0 0 0 0 0 0 0
68 1 112 1 294 2 0 0 0 0 0 0 0 0 0 0 0 0 0 0 0 0 0 0 0 0 0
69 1 113 1 295 2 0 0 0 0 0 0 0 0 0 0 0 0 0 0 0 0 0 0 0 0 0
70 1 114 1 296 2 0 0 0 0 0 0 0 0 0 0 0 0 0 0 0 0 0 0 0 0 0
71 1 115 1 297 2 0 0 0 0 0 0 0 0 0 0 0 0 0 0 0 0 0 0 0 0 0
72 1 116 1 298 2 0 0 0 0 0 0 0 0 0 0 0 0 0 0 0 0 0 0 0 0 0
73 1 117 1 299 2 0 0 0 0 0 0 0 0 0 0 0 0 0 0 0 0 0 0 0 0 0
74 1 118 1 300 2 0 0 0 0 0 0 0 0 0 0 0 0 0 0 0 0 0 0 0 0 0
75 1 119 1 301 2 0 0 0 0 0 0 0 0 0 0 0 0 0 0 0 0 0 0 0 0 0
76 1 120 1 302 2 0 0 0 0 0 0 0 0 0 0 0 0 0 0 0 0 0 0 0 0 0
77 1 121 1 303 2 0 0 0 0 0 0 0 0 0 0 0 0 0 0 0 0 0 0 0 0 0
78 1 122 1 304 2 0 0 0 0 0 0 0 0 0 0 0 0 0 0 0 0 0 0 0 0 0
79 1 123 1 305 2 0 0 0 0 0 0 0 0 0 0 0 0 0 0 0 0 0 0 0 0 0
80 1 124 1 306 2 0 0 0 0 0 0 0 0 0 0 0 0 0 0 0 0 0 0 0 0 0
81 1 125 1 307 2 0 0 0 0 0 0 0 0 0 0 0 0 0 0 0 0 0 0 0 0 0
82 1 126 1 308 2 0 0 0 0 0 0 0 0 0 0 0 0 0 0 0 0 0 0 0 0 0
83 1 127 1 309 2 0 0 0 0 0 0 0 0 0 0 0 0 0 0 0 0 0 0 0 0 0
84 1 128 1 310 2 0 0 0 0 0 0 0 0 0 0 0 0 0 0 0 0 0 0 0 0 0
85 1 129 1 311 2 0 0 0 0 0 0 0 0 0 0 0 0 0 0 0 0 0 0 0 0 0
86 1 130 1 208 2 0 0 0 0 0 0 0 0 0 0 0 0 0 0 0 0 0 0 0 0 0
87 1 131 1 209 2 0 0 0 0 0 0 0 0 0 0 0 0 0 0 0 0 0 0 0 0 0
88 1 132 1 210 2 0 0 0 0 0 0 0 0 0 0 0 0 0 0 0 0 0 0 0 0 0
89 1 133 1 211 2 0 0 0 0 0 0 0 0 0 0 0 0 0 0 0 0 0 0 0 0 0
90 1 134 1 212 2 0 0 0 0 0 0 0 0 0 0 0 0 0 0 0 0 0 0 0 0 0
91 1 135 1 213 2 0 0 0 0 0 0 0 0 0 0 0 0 0 0 0 0 0 0 0 0 0
92 1 136 1 214 2 0 0 0 0 0 0 0 0 0 0 0 0 0 0 0 0 0 0 0 0 0
93 1 137 1 215 2 0 0 0 0 0 0 0 0 0 0 0 0 0 0 0 0 0 0 0 0 0
94 1 138 1 216 2 0 0 0 0 0 0 0 0 0 0 0 0 0 0 0 0 0 0 0 0 0
95 1 139 1 217 2 0 0 0 0 0 0 0 0 0 0 0 0 0 0 0 0 0 0 0 0 0
96 1 140 1 218 2 0 0 0 0 0 0 0 0 0 0 0 0 0 0 0 0 0 0 0 0 0
97 1 141 1 219 2 0 0 0 0 0 0 0 0 0 0 0 0 0 0 0 0 0 0 0 0 0
98 1 142 1 220 2 0 0 0 0 0 0 0 0 0 0 0 0 0 0 0 0 0 0 0 0 0
99 1 143 1 221 2 0 0 0 0 0 0 0 0 0 0 0 0 0 0 0 0 0 0 0 0 0
100 1 144 1 222 2 0 0 0 0 0 0 0 0 0 0 0 0 0 0 0 0 0 0 0 0 0
101 1 145 1 223 2 0 0 0 0 0 0 0 0 0 0 0 0 0 0 0 0 0 0 0 0 0
102 1 146 1 224 2 0 0 0 0 0 0 0 0 0 0 0 0 0 0 0 0 0 0 0 0 0
103 1 147 1 225 2 0 0 0 0 0 0 0 0 0 0 0 0 0 0 0 0 0 0 0 0 0
0 1 156 1 304 1 0 16 35184372088832 0 0 0 0 0 32 52776558133248 0 0 0 0 0 48 17592186044416 0 0 0 0
1 1 157 1 305 1 0 64 140737488355328 0 0 0 0 0 128 211106232532992 0 0 0 0 0 192 70368744177664 0 0 0 0
2 1 158 1 306 1 0 256 562949953421312 0 0 0 0 0 512 844424930131968 0 0 0 0 0 768 281474976710656 0 0 0 0
3 1 159 1 307 1 0 1024 2251799813685248 0 0 0 0 0 2048 3377699720527872 0 0 0 0 0 3072 1125899906842624 0 0 0 0
4 1 160 1 308 1 0 4096 9007199254740992 0 0 0 0 0 8192 13510798882111488 0 0 0 0 0 12288 4503599627370496 0 0 0 0
5 1 161 1 309 1 0 16384 36028797018963968 0 0 0 0 0 32768 54043195528445952 0 0 0 0 0 49152 18014398509481984 0 0 0 0
6 1 162 1 310 1 0 65536 144115188075855872 0 0 0 0 0 131072 216172782113783808 0 0 0 0 0 196608 72057594037927936 0 0 0 0
7 1 163 1 311 1 0 262144 576460752303423488 0 0 0 0 0 524288 864691128455135232 0 0 0 0 0 786432 288230376151711744 0 0 0 0
8 1 164 1 208 1 0 1048576 2305843009213693952 0 0 0 0 0 2097152 3458764513820540928 0 0 0 0 0 3145728 1152921504606846976 0 0 0 0
9 1 165 1 209 1 0 4194304 9223372036854775808 0 0 0 0 0 8388608 13835058055282163712 0 0 0 0 0 12582912 4611686018427387904 0 0 0 0
10 1 166 1 210 1 0 16777216 0 2 0 0 0 0 33554432 0 3 0 0 0 0 50331648 0 1 0 0 0
11 1 167 1 211 1 0 67108864 0 8 0 0 0 0 134217728 0 12 0 0 0 0 201326592 0 4 0 0 0
12 1 168 1 212 1 0 268435456 0 32 0 0 0 0 536870912 0 48 0 0 0 0 805306368 0 16 0 0 0
13 1 169 1 213 1 0 1073741824 0 128 0 0 0 0 2147483648 0 192 0 0 0 0 3221225472 0 64 0 0 0
14 1 170 1 214 1 0 4294967296 0 512 0 0 0 0 8589934592 0 768 0 0 0 0 12884901888 0 256 0 0 0
15 1 171 1 215 1 0 17179869184 0 2048 0 0 0 0 34359738368 0 3072 0 0 0 0 51539607552 0 1024 0 0 0
16 1 172 1 216 1 0 68719476736 0 8192 0 0 0 0 137438953472 0 12288 0 0 0 0 206158430208 0 4096 0 0 0
17 1 173 1 217 1 0 274877906944 0 32768 0 0 0 0 549755813888 0 49152 0 0 0 0 824633720832 0 16384 0 0 0
18 1 174 1 218 1 2 1099511627776 0 0 0 0 0 3 2199023255552 0 0 0 0 0 1 3298534883328 0 0 0 0 0
19 1 175 1 219 1 8 4398046511104 0 0 0 0 0 12 8796093022208 0 0 0 0 0 4 13194139533312 0 0 0 0 0
20 1 176 1 220 1 32 17592186044416 0 0 0 0 0 48 35184372088832 0 0 0 0 0 16 52776558133248 0 0 0 0 0
21 1 177 1 221 1 128 70368744177664 0 0 0 0 0 192 140737488355328 0 0 0 0 0 64 211106232532992 0 0 0 0 0
22 1 178 1 222 1 512 281474976710656 0 0 0 0 0 768 562949953421312 0 0 0 0 0 256 844424930131968 0 0 0 0 0
23 1 179 1 223 1 2048 1125899906842624 0 0 0 0 0 3072 2251799813685248 0 0 0 0 0 1024 3377699720527872 0 0 0 0 0
24 1 180 1 224 1 8192 4503599627370496 0 0 0 0 0 12288 9007199254740992 0 0 0 0 0 4096 13510798882111488 0 0 0 0 0
25 1 181 1 225 1 32768 18014398509481984 0 0 0 0 0 49152 36028797018963968 0 0 0 0 0 16384 54043195528445952 0 0 0 0 0
26 1 182 1 226 1 131072 72057594037927936 0 0 0 0 0 196608 144115188075855872 0 0 0 0 0 65536 216172782113783808 0 0 0 0 0
27 1 183 1 227 1 524288 288230376151711744 0 0 0 0 0 786432 576460752303423488 0 0 0 0 0 262144 864691128455135232 0 0 0 0 0
28 1 184 1 228 1 2097152 1152921504606846976 0 0 0 0 0 3145728 2305843009213693952 0 0 0 0 0 1048576 3458764513820540928 0 0 0 0 0
29 1 185 1 229 1 8388608 4611686018427387904 0 0 0 0 0 12582912 9223372036854775808 0 0 0 0 0 4194304 13835058055282163712 0 0 0 0 0
30 1 186 1 230 1 33554432 0 1 0 0 0 0 50331648 0 2 0 0 0 0 16777216 0 3 0 0 0 0
31 1 187 1 231 1 134217728 0 4 0 0 0 0 201326592 0 8 0 0 0 0 67108864 0 12 0 0 0 0
32 1 188 1 232 1 536870912 0 16 0 0 0 0 805306368 0 32 0 0 0 0 268435456 0 48 0 0 0 0
33 1 189 1 233 1 2147483648 0 64 0 0 0 0 3221225472 0 128 0 0 0 0 1073741824 0 192 0 0 0 0
34 1 190 1 234 1 8589934592 0 256 0 0 0 0 12884901888 0 512 0 0 0 0 4294967296 0 768 0 0 0 0
35 1 191 1 235 1 34359738368 0 1024 0 0 0 0 51539607552 0 2048 0 0 0 0 17179869184 0 3072 0 0 0 0
36 1 192 1 236 1 137438953472 0 4096 0 0 0 0 206158430208 0 8192 0 0 0 0 68719476736 0 12288 0 0 0 0
37 1 193 1 237 1 549755813888 0 16384 0 0 0 0 824633720832 0 32768 0 0 0 0 274877906944 0 49152 0 0 0 0
38 1 194 1 238 1 2199023255552 0 65536 0 0 0 0 3298534883328 0 131072 0 0 0 0 1099511627776 0 196608 0 0 0 0
39 1 195 1 239 1 8796093022208 0 262144 0 0 0 0 13194139533312 0 524288 0 0 0 0 4398046511104 0 786432 0 0 0 0
40 1 196 1 240 1 35184372088832 0 1048576 0 0 0 0 52776558133248 0 2097152 0 0 0 0 17592186044416 0 3145728 0 0 0 0
41 1 197 1 241 1 140737488355328 0 4194304 0 0 0 0 211106232532992 0 8388608 0 0 0 0 70368744177664 0 12582912 0 0 0 0
42 1 198 1 242 1 562949953421312 0 16777216 0 0 0 0 844424930131968 0 33554432 0 0 0 0 281474976710656 0 50331648 0 0 0 0
43 1 199 1 243 1 2251799813685248 0 67108864 0 0 0 0 3377699720527872 0 134217728 0 0 0 0 1125899906842624 0 201326592 0 0 0 0
44 1 200 1 244 1 9007199254740992 0 268435456 0 0 0 0 13510798882111488 0 536870912 0 0 0 0 4503599627370496 0 805306368 0 0 0 0
45 1 201 1 245 1 36028797018963968 0 1073741824 0 0 0 0 54043195528445952 0 2147483648 0 0 0 0 18014398509481984 0 3221225472 0 0 0 0
46 1 202 1 246 1 144115188075855872 0 4294967296 0 0 0 0 216172782113783808 0 8589934592 0 0 0 0 72057594037927936 0 12884901888 0 0 0 0
47 1 203 1 247 1 576460752303423488 0 17179869184 0 0 0 0 864691128455135232 0 34359738368 0 0 0 0 288230376151711744 0 51539607552 0 0 0 0
48 1 204 1 248 1 2305843009213693952 0 68719476736 0 0 0 0 3458764513820540928 0 137438953472 0 0 0 0 1152921504606846976 0 206158430208 0 0 0 0
49 1 205 1 249 1 9223372036854775808 0 274877906944 0 0 0 0 13835058055282163712 0 549755813888 0 0 0 0 4611686018427387904 0 824633720832 0 0 0 0
50 1 206 1 250 1 0 2 1099511627776 0 0 0 0 0 3 2199023255552 0 0 0 0 0 1 3298534883328 0 0 0 0
51 1 207 1 251 1 0 8 4398046511104 0 0 0 0 0 12 8796093022208 0 0 0 0 0 4 13194139533312 0 0 0 0
52 1 104 1 252 1 0 32 17592186044416 0 0 0 0 0 48 35184372088832 0 0 0 0 0 16 52776558133248 0 0 0 0
53 1 105 1 253 1 0 128 70368744177664 0 0 0 0 0 192 140737488355328 0 0 0 0 0 64 211106232532992 0 0 0 0
54 1 106 1 254 1 0 512 281474976710656 0 0 0 0 0 768 562949953421312 0 0 0 0 0 256 844424930131968 0 0 0 0
55 1 107 1 255 1 0 2048 1125899906842624 0 0 0 0 0 3072 2251799813685248 0 0 0 0 0 1024 3377699720527872 0 0 0 0
56 1 108 1 256 1 0 8192 4503599627370496 0 0 0 0 0 12288 9007199254740992 0 0 0 0 0 4096 13510798882111488 0 0 0 0
57 1 109 1 257 1 0 32768 18014398509481984 0 0 0 0 0 49152 36028797018963968 0 0 0 0 0 16384 54043195528445952 0 0 0 0
58 1 110 1 258 1 0 131072 72057594037927936 0 0 0 0 0 196608 144115188075855872 0 0 0 0 0 65536 216172782113783808 0 0 0 0
59 1 111 1 259 1 0 524288 288230376151711744 0 0 0 0 0 786432 576460752303423488 0 0 0 0 0 262144 864691128455135232 0 0 0 0
60 1 112 1 260 1 0 2097152 1152921504606846976 0 0 0 0 0 3145728 2305843009213693952 0 0 0 0 0 1048576 3458764513820540928 0 0 0 0
61 1 113 1 261 1 0 8388608 4611686018427387904 0 0 0 0 0 12582912 9223372036854775808 0 0 0 0 0 4194304 13835058055282163712 0 0 0 0
62 1 114 1 262 1 0 33554432 0 1 0 0 0 0 50331648 0 2 0 0 0 0 16777216 0 3 0 0 0
63 1 115 1 263 1 0 134217728 0 4 0 0 0 0 201326592 0 8 0 0 0 0 67108864 0 12 0 0 0
64 1 116 1 264 1 0 536870912 0 16 0 0 0 0 805306368 0 32 0 0 0 0 268435456 0 48 0 0 0
65 1 117 1 265 1 0 2147483648 0 64 0 0 0 0 3221225472 0 128 0 0 0 0 1073741824 0 192 0 0 0
66 1 118 1 266 1 0 8589934592 0 256 0 0 0 0 12884901888 0 512 0 0 0 0 4294967296 0 768 0 0 0
67 1 119 1 267 1 0 34359738368 0 1024 0 0 0 0 51539607552 0 2048 0 0 0 0 17179869184 0 3072 0 0 0
68 1 120 1 268 1 0 137438953472 0 4096 0 0 0 0 206158430208 0 8192 0 0 0 0 68719476736 0 12288 0 0 0
69 1 121 1 269 1 0 549755813888 0 16384 0 0 0 0 824633720832 0 32768 0 0 0 0 274877906944 0 49152 0 0 0
70 1 122 1 270 1 1 2199023255552 0 0 0 0 0 2 3298534883328 0 0 0 0 0 3 1099511627776 0 0 0 0 0
71 1 123 1 271 1 4 8796093022208 0 0 0 0 0 8 13194139533312 0 0 0 0 0 12 4398046511104 0 0 0 0 0
72 1 124 1 272 1 16 35184372088832 0 0 0 0 0 32 52776558133248 0 0 0 0 0 48 17592186044416 0 0 0 0 0
73 1 125 1 273 1 64 140737488355328 0 0 0 0 0 128 211106232532992 0 0 0 0 0 192 70368744177664 0 0 0 0 0
74 1 126 1 274 1 256 562949953421312 0 0 0 0 0 512 844424930131968 0 0 0 0 0 768 281474976710656 0 0 0 0 0
75 1 127 1 275 1 1024 2251799813685248 0 0 0 0 0 2048 3377699720527872 0 0 0 0 0 3072 1125899906842624 0 0 0 0 0
76 1 128 1 276 1 4096 9007199254740992 0 0 0 0 0 8192 13510798882111488 0 0 0 0 0 12288 4503599627370496 0 0 0 0 0
77 1 129 1 277 1 16384 36028797018963968 0 0 0 0 0 32768 54043195528445952 0 0 0 0 0 49152 18014398509481984 0 0 0 0 0
78 1 130 1 278 1 65536 144115188075855872 0 0 0 0 0 131072 216172782113783808 0 0 0 0 0 196608 72057594037927936 0 0 0 0 0
79 1 131 1 279 1 262144 576460752303423488 0 0 0 0 0 524288 864691128455135232 0 0 0 0 0 786432 288230376151711744 0 0 0 0 0
80 1 132 1 280 1 1048576 2305843009213693952 0 0 0 0 0 2097152 3458764513820540928 0 0 0 0 0 3145728 1152921504606846976 0 0 0 0 0
81 1 133 1 281 1 4194304 9223372036854775808 0 0 0 0 0 8388608 13835058055282163712 0 0 0 0 0 12582912 4611686018427387904 0 0 0 0 0
82 1 134 1 282 1 16777216 0 2 0 0 0 0 33554432 0 3 0 0 0 0 50331648 0 1 0 0 0 0
83 1 135 1 283 1 67108864 0 8 0 0 0 0 134217728 0 12 0 0 0 0 201326592 0 4 0 0 0 0
84 1 136 1 284 1 268435456 0 32 0 0 0 0 536870912 0 48 0 0 0 0 805306368 0 16 0 0 0 0
85 1 137 1 285 1 1073741824 0 128 0 0 0 0 2147483648 0 192 0 0 0 0 3221225472 0 64 0 0 0 0
86 1 138 1 286 1 4294967296 0 512 0 0 0 0 8589934592 0 768 0 0 0 0 12884901888 0 256 0 0 0 0
87 1 139 1 287 1 17179869184 0 2048 0 0 0 0 34359738368 0 3072 0 0 0 0 51539607552 0 1024 0 0 0 0
88 1 140 1 288 1 68719476736 0 8192 0 0 0 0 137438953472 0 12288 0 0 0 0 206158430208 0 4096 0 0 0 0
89 1 141 1 289 1 274877906944 0 32768 0 0 0 0 549755813888 0 49152 0 0 0 0 824633720832 0 16384 0 0 0 0
90 1 142 1 290 1 1099511627776 0 131072 0 0 0 0 2199023255552 0 196608 0 0 0 0 3298534883328 0 65536 0 0 0 0
91 1 143 1 291 1 4398046511104 0 524288 0 0 0 0 8796093022208 0 786432 0 0 0 0 13194139533312 0 262144 0 0 0 0
92 1 144 1 292 1 17592186044416 0 2097152 0 0 0 0 35184372088832 0 3145728 0 0 0 0 52776558133248 0 1048576 0 0 0 0
93 1 145 1 293 1 70368744177664 0 8388608 0 0 0 0 140737488355328 0 12582912 0 0 0 0 211106232532992 0 4194304 0 0 0 0
94 1 146 1 294 1 281474976710656 0 33554432 0 0 0 0 562949953421312 0 50331648 0 0 0 0 844424930131968 0 16777216 0 0 0 0
95 1 147 1 295 1 1125899906842624 0 134217728 0 0 0 0 2251799813685248 0 201326592 0 0 0 0 3377699720527872 0 67108864 0 0 0 0
96 1 148 1 296 1 4503599627370496 0 536870912 0 0 0 0 9007199254740992 0 805306368 0 0 0 0 13510798882111488 0 268435456 0 0 0 0
97 1 149 1 297 1 18014398509481984 0 2147483648 0 0 0 0 36028797018963968 0 3221225472 0 0 0 0 54043195528445952 0 1073741824 0 0 0 0
98 1 150 1 298 1 72057594037927936 0 8589934592 0 0 0 0 144115188075855872 0 12884901888 0 0 0 0 216172782113783808 0 4294967296 0 0 0 0
99 1 151 1 299 1 288230376151711744 0 34359738368 0 0 0 0 576460752303423488 0 51539607552 0 0 0 0 864691128455135232 0 17179869184 0 0 0 0
100 1 152 1 300 1 1152921504606846976 0 137438953472 0 0 0 0 2305843009213693952 0 206158430208 0 0 0 0 3458764513820540928 0 68719476736 0 0 0 0
101 1 153 1 301 1 4611686018427387904 0 549755813888 0 0 0 0 9223372036854775808 0 824633720832 0 0 0 0 13835058055282163712 0 274877906944 0 0 0 0
102 1 154 1 302 1 0 1 2199023255552 0 0 0 0 0 2 3298534883328 0 0 0 0 0 3 1099511627776 0 0 0 0
103 1 155 1 303 1 0 4 8796093022208 0 0 0 0 0 8 13194139533312 0 0 0 0 0 12 4398046511104 0 0 0 0
0 1 191 1 287 1 34359738368 577586652210266112 71193377899520 34359738368 824633720832 13835058055483490304 0 51539607552 866942928268820480 141012366264320 51539607552 274877906944 4611686018494496768 0 17179869184 291608075872239616 211655988349952 17179869184 549755813888 9223372036988993536 0
1 1 192 1 288 1 137438953472 2310346608841064448 284773511598080 137438953472 3298534883328 805306368 3 206158430208 3467771713075281920 564049465057280 206158430208 1099511627776 268435456 1 68719476736 1166432303488958464 846623953399808 68719476736 2199023255552 536870912 2
2 1 193 1 289 1 549755813888 9241386435364257792 1139094046392320 549755813888 13194139533312 3221225472 12 824633720832 13871086852301127680 2256197860229120 824633720832 4398046511104 1073741824 4 274877906944 4665729213955833856 3386495813599232 274877906944 8796093022208 2147483648 8
3 1 194 1 290 1 2199023255552 72057594037927936 4556376185569282 2199023255552 52776558133248 12884901888 48 3298534883328 144115188075855872 9024791440916483 3298534883328 17592186044416 4294967296 16 1099511627776 216172782113783808 13545983254396929 1099511627776 35184372088832 8589934592 32
4 1 195 1 291 1 8796093022208 288230376151711744 18225504742277128 8796093022208 211106232532992 51539607552 192 13194139533312 576460752303423488 36099165763665932 13194139533312 70368744177664 17179869184 64 4398046511104 864691128455135232 54183933017587716 4398046511104 140737488355328 34359738368 128
5 1 196 1 292 1 35184372088832 1152921504606846976 72902018969108512 35184372088832 844424930131968 206158430208 768 52776558133248 2305843009213693952 144396663054663728 52776558133248 281474976710656 68719476736 256 17592186044416 3458764513820540928 216735732070350864 17592186044416 562949953421312 137438953472 512
6 1 197 1 293 1 140737488355328 4611686018427387904 291608075876434048 140737488355328 3377699720527872 824633720832 3072 211106232532992 9223372036854775808 577586652218654912 211106232532992 1125899906842624 274877906944 1024 70368744177664 13835058055282163712 866942928281403456 70368744177664 2251799813685248 549755813888 2048
7 1 198 1 294 1 562949953421312 0 1166432303505736193 562949953421312 13510798882111488 3298534883328 12288 844424930131968 0 2310346608874619650 844424930131968 4503599627370496 1099511627776 4096 281474976710656 0 3467771713125613827 281474976710656 9007199254740992 2199023255552 8192
8 1 199 1 295 1 2251799813685248 0 4665729214022944772 2251799813685248 54043195528445952 13194139533312 49152 3377699720527872 0 9241386435498478600 3377699720527872 18014398509481984 4398046511104 16384 1125899906842624 0 13871086852502455308 1125899906842624 36028797018963968 8796093022208 32768
9 1 200 1 296 1 9007199254740992 0 216172782382227472 9007199254740993 216172782113783808 52776558133248 196608 13510798882111488 0 72057594574811168 13510798882111490 72057594037927936 17592186044416 65536 4503599627370496 0 144115188881166384 4503599627370499 144115188075855872 35184372088832 131072
10 1 201 1 297 1 36028797018963968 0 864691129528909888 36028797018963972 864691128455135232 211106232532992 786432 54043195528445952 0 288230378299244672 54043195528445960 288230376151711744 70368744177664 262144 18014398509481984 0 576460755524665536 18014398509481996 576460752303423488 140737488355328 524288
11 1 202 1 298 1 144115188075855872 0 3458764518115639552 144115188075855888 3458764513820540928 844424930131968 3145728 216172782113783808 0 1152921513196978688 216172782113783840 1152921504606846976 281474976710656 1048576 72057594037927936 0 2305843022098662144 72057594037927984 2305843009213693952 562949953421312 2097152
12 1 203 1 299 1 576460752303423488 0 13835058072462558208 576460752303423552 13835058055282163712 3377699720527872 12582912 864691128455135232 0 4611686052787914752 864691128455135360 4611686018427387904 1125899906842624 4194304 288230376151711744 0 9223372088394648576 288230376151711936 9223372036854775808 2251799813685248 8388608
13 1 204 1 300 1 2305843009213693952 0 68721577984 2305843009213694211 0 13510798882111491 50331648 3458764513820540928 0 137442107392 3458764513820541441 0 4503599627370497 16777216 1152921504606846976 0 206159491072 1152921504606847746 0 9007199254740994 33554432
14 1 205 1 301 1 9223372036854775808 0 274886311936 9223372036854776844 0 54043195528445964 201326592 13835058055282163712 0 549768429568 13835058055282165764 0 18014398509481988 67108864 4611686018427387904 0 824637964288 4611686018427390984 0 36028797018963976 134217728
15 1 206 1 302 1 0 2 1099545247744 4144 2 216172782113783856 805306368 0 3 2199073718272 8208 3 72057594037927952 268435456 0 1 3298551857152 12320 1 144115188075855904 536870912
16 1 207 1 303 1 0 8 4398180990976 16576 8 864691128455135424 3221225472 0 12 8796294873088 32832 12 288230376151711808 1073741824 0 4 13194207428608 49280 4 576460752303423616 2147483648
17 1 104 1 304 1 1 32 17592723963904 197376 32 3458764513820541696 0 2 48 35185179492352 65792 48 1152921504606847232 0 3 16 52776829714432 131584 16 2305843009213694464 0
18 1 105 1 305 1 4 128 70370895855616 789504 128 13835058055282166784 0 8 192 140740717969408 263168 192 4611686018427388928 0 12 64 211107318857728 526336 64 9223372036854777856 0
19 1 106 1 306 1 16 512 281483583422464 3158016 512 12288 3 32 768 562962871877632 1052672 768 4096 1 48 256 844429275430912 2105344 256 8192 2
20 1 107 1 307 1 64 2048 1125934333689856 12632064 2048 49152 12 128 3072 2251851487510528 4210688 3072 16384 4 192 1024 3377717101723648 8421376 1024 32768 8
21 1 108 1 308 1 259 8192 4503737334759424 50331648 8192 196608 48 513 12288 9007405950042112 16777216 12288 65536 16 770 4096 13510868406894592 33554432 4096 131072 32
22 1 109 1 309 1 1036 32768 18014949339037696 201326592 32768 786432 192 2052 49152 36029623800168448 67108864 49152 262144 64 3080 16384 54043473627578368 134217728 16384 524288 128
23 1 110 1 310 1 4144 131072 72059797356150784 805306368 131072 3145728 768 8208 196608 144118495200673792 268435456 196608 1048576 256 12320 65536 216173894510313472 536870912 65536 2097152 512
24 1 111 1 311 1 16576 524288 288239189424603136 3221225472 524288 12582912 3072 32832 786432 576473980802695168 1073741824 786432 4194304 1024 49280 262144 864695578041253888 2147483648 262144 8388608 2048
25 1 112 1 208 1 66304 2097152 1152956757698412544 12884901888 2097152 50331648 12288 131328 3145728 2305895923210780672 4294967296 3145728 16777216 4096 197120 1048576 3458782312165015552 8589934592 1048576 33554432 8192
26 1 113 1 209 1 265216 8388608 4611827030793650176 51539607552 8388608 201326592 49152 525312 12582912 9223583692843122688 17179869184 12582912 67108864 16384 788480 4194304 13835129248660062208 34359738368 4194304 134217728 32768
27 1 114 1 210 1 1060864 33554432 564049465049088 206158430209 33554432 805306368 196608 2101248 50331648 846623953387520 68719476738 50331648 268435456 65536 3153920 16777216 284773511593984 137438953475 16777216 536870912 131072
28 1 115 1 211 1 4243456 134217728 2256197860196352 824633720836 134217728 3221225472 786432 8404992 201326592 3386495813550080 274877906952 201326592 1073741824 262144 12615680 67108864 1139094046375936 549755813900 67108864 2147483648 524288
29 1 116 1 212 1 16973824 536870912 9024791440785408 3298534883344 536870912 12884901888 3145728 33619968 805306368 13545983254200320 1099511627808 805306368 4294967296 1048576 50462720 268435456 4556376185503744 2199023255600 268435456 8589934592 2097152
30 1 117 1 213 1 67895296 2147483648 36099165763141632 13194139533376 2147483648 51539607552 12582912 134479872 3221225472 54183933016801280 4398046511232 3221225472 17179869184 4194304 201850880 1073741824 18225504742014976 8796093022400 1073741824 34359738368 8388608
31 1 118 1 214 1 271581184 8589934592 144396663052566528 52776558133504 8589934592 206158430208 50331648 537919488 12884901888 216735732067205120 17592186044928 12884901888 68719476736 16777216 807403520 4294967296 72902018968059904 35184372089600 4294967296 137438953472 33554432
32 1 119 1 215 1 1086324736 34359738368 577586652210266112 211106232534016 34359738368 824633720832 201326592 2151677952 51539607552 866942928268820480 70368744179712 51539607552 274877906944 67108864 3229614080 17179869184 291608075872239616 140737488358400 17179869184 549755813888 134217728
33 1 120 1 216 1 4345298944 137438953472 2310346608841064448 844424930136064 137438953472 3298534883328 805306368 8606711808 206158430208 3467771713075281920 281474976718848 206158430208 1099511627776 268435456 12918456320 68719476736 1166432303488958464 562949953433600 68719476736 2199023255552 536870912
34 1 121 1 217 1 17381195776 549755813888 9241386435364257792 3377699720544256 549755813888 13194139533312 3221225472 34426847232 824633720832 13871086852301127680 1125899906875392 824633720832 4398046511104 1073741824 51673825280 274877906944 4665729213955833856 2251799813734400 274877906944 8796093022208 2147483648
35 1 122 1 218 1 69524783105 2199023255552 72057594037927936 13510798882308098 2199023255552 52776558133248 0 137707388930 3298534883328 144115188075855872 4503599627436035 3298534883328 17592186044416 0 206695301123 1099511627776 216172782113783808 9007199254872065 1099511627776 35184372088832 0
36 1 123 1 219 1 278099132420 8796093022208 288230376151711744 54043195529232392 8796093022208 211106232532992 0 550829555720 13194139533312 576460752303423488 18014398509744140 13194139533312 70368744177664 0 826781204492 4398046511104 864691128455135232 36028797019488260 4398046511104 140737488355328 0
37 1 124 1 220 1 1112396529680 35184372088832 1152921504606846976 216172782116929568 35184372088832 844424930131968 0 2203318222880 52776558133248 2305843009213693952 72057594038976560 52776558133248 281474976710656 0 3307124817968 17592186044416 3458764513820540928 144115188077953040 17592186044416 562949953421312 0
38 1 125 1 221 1 4449586118720 140737488355328 4611686018427387904 864691128467718272 140737488355328 3377699720527872 0 8813272891520 211106232532992 9223372036854775808 288230376155906240 211106232532992 1125899906842624 0 13228499271872 70368744177664 13835058055282163712 576460752311812160 70368744177664 2251799813685248 0
39 1 126 1 222 1 17798344474880 562949953421312 0 3458764513870873089 562949953421312 13510798882111488 0 35253091566080 844424930131968 0 1152921504623624962 844424930131968 4503599627370496 0 52913997087488 281474976710656 0 2305843009247248643 281474976710656 9007199254740992 0
40 1 127 1 223 1 71193377899520 2251799813685248 0 13835058055483492356 2251799813685248 54043195528445952 0 141012366264320 3377699720527872 0 4611686018494499848 3377699720527872 18014398509481984 0 211655988349952 1125899906842624 0 9223372036988994572 1125899906842624 36028797018963968 0
41 1 128 1 224 1 284773511598080 9007199254740992 0 805314576 9007199254740995 216172782113783808 0 564049465057280 13510798882111488 0 268447776 13510798882111489 72057594037927936 0 846623953399808 4503599627370496 0 536875056 4503599627370498 144115188075855872 0
42 1 129 1 225 1 1139094046392320 36028797018963968 0 3221258304 36028797018963980 864691128455135232 0 2256197860229120 54043195528445952 0 1073791104 54043195528445956 288230376151711744 0 3386495813599232 18014398509481984 0 2147500224 18014398509481992 576460752303423488 0
43 1 130 1 226 1 4556376185569282 144115188075855872 0 12884902144 144115188075855920 3458764513820540928 0 9024791440916483 216172782113783808 0 4294967808 216172782113783824 1152921504606846976 0 13545983254396929 72057594037927936 0 8589935360 72057594037927968 2305843009213693952 0
44 1 131 1 227 1 18225504742277128 576460752303423488 0 51539608576 576460752303423680 13835058055282163712 0 36099165763665932 864691128455135232 0 17179871232 864691128455135296 4611686018427387904 0 54183933017587716 288230376151711744 0 34359741440 288230376151711872 9223372036854775808 0
45 1 132 1 228 1 72902018969108512 2305843009213693952 0 206158434304 2305843009213694720 0 3 144396663054663728 3458764513820540928 0 68719484928 3458764513820541184 0 1 216735732070350864 1152921504606846976 0 137438965760 1152921504606847488 0 2
46 1 133 1 229 1 291608075876434048 9223372036854775808 0 824633737216 9223372036854778880 0 12 577586652218654912 13835058055282163712 0 274877939712 13835058055282164736 0 4 866942928281403456 4611686018427387904 0 549755863040 4611686018427389952 0 8
47 1 134 1 230 1 1166432303505736193 0 2 3298534883328 12288 2 48 2310346608874619650 0 3 1099511627776 4096 3 16 3467771713125613827 0 1 2199023255552 8192 1 32
48 1 135 1 231 1 4665729214022944772 0 8 13194139533312 49152 8 192 9241386435498478600 0 12 4398046511104 16384 12 64 13871086852502455308 0 4 8796093022208 32768 4 128
49 1 136 1 232 1 216172782382227472 1 32 52776558133248 196608 32 768 72057594574811168 2 48 17592186044416 65536 48 256 144115188881166384 3 16 35184372088832 131072 16 512
50 1 137 1 233 1 864691129528909888 4 128 211106232532992 786432 128 3072 288230378299244672 8 192 70368744177664 262144 192 1024 576460755524665536 12 64 140737488355328 524288 64 2048
51 1 138 1 234 1 3458764518115639552 16 512 844424930131968 3145728 512 12288 1152921513196978688 32 768 281474976710656 1048576 768 4096 2305843022098662144 48 256 562949953421312 2097152 256 8192
52 1 139 1 235 1 13835058072462558208 64 2048 3377699720527872 12582912 2048 49152 4611686052787914752 128 3072 1125899906842624 4194304 3072 16384 9223372088394648576 192 1024 2251799813685248 8388608 1024 32768
53 1 140 1 236 1 68721577984 259 8192 13510798882111488 50331648 8192 196608 137442107392 513 12288 4503599627370496 16777216 12288 65536 206159491072 770 4096 9007199254740992 33554432 4096 131072
54 1 141 1 237 1 274886311936 1036 32768 54043195528445952 201326592 32768 786432 549768429568 2052 49152 18014398509481984 67108864 49152 262144 824637964288 3080 16384 36028797018963968 134217728 16384 524288
55 1 142 1 238 1 1099545247744 4144 131072 216172782113783808 805306368 131072 3145728 2199073718272 8208 196608 72057594037927936 268435456 196608 1048576 3298551857152 12320 65536 144115188075855872 536870912 65536 2097152
56 1 143 1 239 1 4398180990976 16576 524288 864691128455135232 3221225472 524288 12582912 8796294873088 32832 786432 288230376151711744 1073741824 786432 4194304 13194207428608 49280 262144 576460752303423488 2147483648 262144 8388608
57 1 144 1 240 1 17592723963904 66304 2097152 3458764513820540928 12884901888 2097152 50331648 35185179492352 131328 3145728 1152921504606846976 4294967296 3145728 16777216 52776829714432 197120 1048576 2305843009213693952 8589934592 1048576 33554432
58 1 145 1 241 1 70370895855616 265216 8388608 13835058055282163712 51539607552 8388608 201326592 140740717969408 525312 12582912 4611686018427387904 17179869184 12582912 67108864 211107318857728 788480 4194304 9223372036854775808 34359738368 4194304 134217728
59 1 146 1 242 1 281483583422464 1060864 33554432 0 206158430211 33554432 805306368 562962871877632 2101248 50331648 0 68719476737 50331648 268435456 844429275430912 3153920 16777216 0 137438953474 16777216 536870912
60 1 147 1 243 1 1125934333689856 4243456 134217728 0 824633720844 134217728 3221225472 2251851487510528 8404992 201326592 0 274877906948 201326592 1073741824 3377717101723648 12615680 67108864 0 549755813896 67108864 2147483648
61 1 148 1 244 1 4503737334759424 16973824 536870912 196608 3298534883376 536870912 0 9007405950042112 33619968 805306368 65536 1099511627792 805306368 0 13510868406894592 50462720 268435456 131072 2199023255584 268435456 0
62 1 149 1 245 1 18014949339037696 67895296 2147483648 786432 13194139533504 2147483648 0 36029623800168448 134479872 3221225472 262144 4398046511168 3221225472 0 54043473627578368 201850880 1073741824 524288 8796093022336 1073741824 0
63 1 150 1 246 1 72059797356150784 271581184 8589934592 3145728 52776558134016 8589934592 0 144118495200673792 537919488 12884901888 1048576 17592186044672 12884901888 0 216173894510313472 807403520 4294967296 2097152 35184372089344 4294967296 0
64 1 151 1 247 1 288239189424603136 1086324736 34359738368 12582912 211106232536064 34359738368 0 576473980802695168 2151677952 51539607552 4194304 70368744178688 51539607552 0 864695578041253888 3229614080 17179869184 8388608 140737488357376 17179869184 0
65 1 152 1 248 1 1152956757698412544 4345298944 137438953472 50331648 844424930144256 137438953472 0 2305895923210780672 8606711808 206158430208 16777216 281474976714752 206158430208 0 3458782312165015552 12918456320 68719476736 33554432 562949953429504 68719476736 0
66 1 153 1 249 1 4611827030793650176 17381195776 549755813888 201326592 3377699720577024 549755813888 0 9223583692843122688 34426847232 824633720832 67108864 1125899906859008 824633720832 0 13835129248660062208 51673825280 274877906944 134217728 2251799813718016 274877906944 0
67 1 154 1 250 1 564049465049088 69524783105 2199023255552 805306368 13510798882308096 2199023255552 0 846623953387520 137707388930 3298534883328 268435456 4503599627436032 3298534883328 0 284773511593984 206695301123 1099511627776 536870912 9007199254872064 1099511627776 0
68 1 155 1 251 1 2256197860196352 278099132420 8796093022208 3221225472 54043195529232384 8796093022208 0 3386495813550080 550829555720 13194139533312 1073741824 18014398509744128 13194139533312 0 1139094046375936 826781204492 4398046511104 2147483648 36028797019488256 4398046511104 0
69 1 156 1 252 1 9024791440785408 1112396529680 35184372088832 12884901888 216172782116929536 35184372088832 0 13545983254200320 2203318222880 52776558133248 4294967296 72057594038976512 52776558133248 0 4556376185503744 3307124817968 17592186044416 8589934592 144115188077953024 17592186044416 0
70 1 157 1 253 1 36099165763141632 4449586118720 140737488355328 51539607552 864691128467718144 140737488355328 0 54183933016801280 8813272891520 211106232532992 17179869184 288230376155906048 211106232532992 0 18225504742014976 13228499271872 70368744177664 34359738368 576460752311812096 70368744177664 0
71 1 158 1 254 1 144396663052566528 17798344474880 562949953421312 206158430208 3458764513870872576 562949953421312 0 216735732067205120 35253091566080 844424930131968 68719476736 1152921504623624192 844424930131968 0 72902018968059904 52913997087488 281474976710656 137438953472 2305843009247248384 281474976710656 0
72 1 159 1 255 1 577586652210266112 71193377899520 2251799813685248 824633720832 13835058055483490304 2251799813685248 0 866942928268820480 141012366264320 3377699720527872 274877906944 4611686018494496768 3377699720527872 0 291608075872239616 211655988349952 1125899906842624 549755813888 9223372036988993536 1125899906842624 0
73 1 160 1 256 1 2310346608841064448 284773511598080 9007199254740992 3298534883328 805306368 9007199254740995 0 3467771713075281920 564049465057280 13510798882111488 1099511627776 268435456 13510798882111489 0 1166432303488958464 846623953399808 4503599627370496 2199023255552 536870912 4503599627370498 0
74 1 161 1 257 1 9241386435364257792 1139094046392320 36028797018963968 13194139533312 3221225472 36028797018963980 0 13871086852301127680 2256197860229120 54043195528445952 4398046511104 1073741824 54043195528445956 0 4665729213955833856 3386495813599232 18014398509481984 8796093022208 2147483648 18014398509481992 0
75 1 162 1 258 1 72057594037927936 4556376185569282 144115188075855872 52776558133248 12884901888 144115188075855920 0 144115188075855872 9024791440916483 216172782113783808 17592186044416 4294967296 216172782113783824 0 216172782113783808 13545983254396929 72057594037927936 35184372088832 8589934592 72057594037927968 0
76 1 163 1 259 1 288230376151711744 18225504742277128 576460752303423488 211106232532992 51539607552 576460752303423680 0 576460752303423488 36099165763665932 864691128455135232 70368744177664 17179869184 864691128455135296 0 864691128455135232 54183933017587716 288230376151711744 140737488355328 34359738368 288230376151711872 0
77 1 164 1 260 1 1152921504606846976 72902018969108512 2305843009213693952 844424930131968 206158430208 2305843009213694720 0 2305843009213693952 144396663054663728 3458764513820540928 281474976710656 68719476736 3458764513820541184 0 3458764513820540928 216735732070350864 1152921504606846976 562949953421312 137438953472 1152921504606847488 0
78 1 165 1 261 1 4611686018427387904 291608075876434048 9223372036854775808 3377699720527872 824633720832 9223372036854778880 0 9223372036854775808 577586652218654912 13835058055282163712 1125899906842624 274877906944 13835058055282164736 0 13835058055282163712 866942928281403456 4611686018427387904 2251799813685248 549755813888 4611686018427389952 0
79 1 166 1 262 1 0 1166432303505736193 0 13510798882111490 3298534883328 12288 2 0 2310346608874619650 0 4503599627370499 1099511627776 4096 3 0 3467771713125613827 0 9007199254740993 2199023255552 8192 1
80 1 167 1 263 1 0 4665729214022944772 0 54043195528445960 13194139533312 49152 8 0 9241386435498478600 0 18014398509481996 4398046511104 16384 12 0 13871086852502455308 0 36028797018963972 8796093022208 32768 4
81 1 168 1 264 1 0 216172782382227472 1 216172782113783840 52776558133248 196608 32 0 72057594574811168 2 72057594037927984 17592186044416 65536 48 0 144115188881166384 3 144115188075855888 35184372088832 131072 16
82 1 169 1 265 1 0 864691129528909888 4 864691128455135360 211106232532992 786432 128 0 288230378299244672 8 288230376151711936 70368744177664 262144 192 0 576460755524665536 12 576460752303423552 140737488355328 524288 64
83 1 170 1 266 1 0 3458764518115639552 16 3458764513820541440 844424930131968 3145728 512 0 1152921513196978688 32 1152921504606847744 281474976710656 1048576 768 0 2305843022098662144 48 2305843009213694208 562949953421312 2097152 256
84 1 171 1 267 1 0 13835058072462558208 64 13835058055282165760 3377699720527872 12582912 2048 0 4611686052787914752 128 4611686018427390976 1125899906842624 4194304 3072 0 9223372088394648576 192 9223372036854776832 2251799813685248 8388608 1024
85 1 172 1 268 1 0 68721577984 259 8192 13510798882111491 50331648 8192 0 137442107392 513 12288 4503599627370497 16777216 12288 0 206159491072 770 4096 9007199254740994 33554432 4096
86 1 173 1 269 1 0 274886311936 1036 32768 54043195528445964 201326592 32768 0 549768429568 2052 49152 18014398509481988 67108864 49152 0 824637964288 3080 16384 36028797018963976 134217728 16384
87 1 174 1 270 1 2 1099545247744 4144 0 216172782113783856 805306368 131072 3 2199073718272 8208 0 72057594037927952 268435456 196608 1 3298551857152 12320 0 144115188075855904 536870912 65536
88 1 175 1 271 1 8 4398180990976 16576 0 864691128455135424 3221225472 524288 12 8796294873088 32832 0 288230376151711808 1073741824 786432 4 13194207428608 49280 0 576460752303423616 2147483648 262144
89 1 176 1 272 1 32 17592723963904 66304 0 3458764513820541696 12884901888 2097152 48 35185179492352 131328 0 1152921504606847232 4294967296 3145728 16 52776829714432 197120 0 2305843009213694464 8589934592 1048576
90 1 177 1 273 1 128 70370895855616 265216 0 13835058055282166784 51539607552 8388608 192 140740717969408 525312 0 4611686018427388928 17179869184 12582912 64 211107318857728 788480 0 9223372036854777856 34359738368 4194304
91 1 178 1 274 1 512 281483583422464 1060864 0 12288 206158430211 33554432 768 562962871877632 2101248 0 4096 68719476737 50331648 256 844429275430912 3153920 0 8192 137438953474 16777216
92 1 179 1 275 1 2048 1125934333689856 4243456 0 49152 824633720844 134217728 3072 2251851487510528 8404992 0 16384 274877906948 201326592 1024 3377717101723648 12615680 0 32768 549755813896 67108864
93 1 180 1 276 1 8192 4503737334759424 16973824 0 196608 3298534883376 536870912 12288 9007405950042112 33619968 0 65536 1099511627792 805306368 4096 13510868406894592 50462720 0 131072 2199023255584 268435456
94 1 181 1 277 1 32768 18014949339037696 67895296 0 786432 13194139533504 2147483648 49152 36029623800168448 134479872 0 262144 4398046511168 3221225472 16384 54043473627578368 201850880 0 524288 8796093022336 1073741824
95 1 182 1 278 1 131072 72059797356150784 271581184 131072 3145728 52776558134016 0 196608 144118495200673792 537919488 196608 1048576 17592186044672 0 65536 216173894510313472 807403520 65536 2097152 35184372089344 0
96 1 183 1 279 1 524288 288239189424603136 1086324736 524288 12582912 211106232536064 0 786432 576473980802695168 2151677952 786432 4194304 70368744178688 0 262144 864695578041253888 3229614080 262144 8388608 140737488357376 0
97 1 184 1 280 1 2097152 1152956757698412544 4345298944 2097152 50331648 844424930144256 0 3145728 2305895923210780672 8606711808 3145728 16777216 281474976714752 0 1048576 3458782312165015552 12918456320 1048576 33554432 562949953429504 0
98 1 185 1 281 1 8388608 4611827030793650176 17381195776 8388608 201326592 3377699720577024 0 12582912 9223583692843122688 34426847232 12582912 67108864 1125899906859008 0 4194304 13835129248660062208 51673825280 4194304 134217728 2251799813718016 0
99 1 186 1 282 1 33554432 564049465049088 69524783105 33554432 805306368 13510798882308096 0 50331648 846623953387520 137707388930 50331648 268435456 4503599627436032 0 16777216 284773511593984 206695301123 16777216 536870912 9007199254872064 0
100 1 187 1 283 1 134217728 2256197860196352 278099132420 134217728 3221225472 54043195529232384 0 201326592 3386495813550080 550829555720 201326592 1073741824 18014398509744128 0 67108864 1139094046375936 826781204492 67108864 2147483648 36028797019488256 0
101 1 188 1 284 1 536870912 9024791440785408 1112396529680 536870912 12884901888 216172782116929536 0 805306368 13545983254200320 2203318222880 805306368 4294967296 72057594038976512 0 268435456 4556376185503744 3307124817968 268435456 8589934592 144115188077953024 0
102 1 189 1 285 1 2147483648 36099165763141632 4449586118720 2147483648 51539607552 864691128467718144 0 3221225472 54183933016801280 8813272891520 3221225472 17179869184 288230376155906048 0 1073741824 18225504742014976 13228499271872 1073741824 34359738368 576460752311812096 0
103 1 190 1 286 1 8589934592 144396663052566528 17798344474880 8589934592 206158430208 3458764513870872576 0 12884901888 216735732067205120 35253091566080 12884901888 68719476736 1152921504623624192 0 4294967296 72902018968059904 52913997087488 4294967296 137438953472 2305843009247248384 0
0 1 125 1 264 1 16777216 16 9007405950042113 216176080665444352 536870912 196608 16 33554432 32 13510868406894594 72058693583110144 805306368 65536 32 50331648 48 4503737334759427 144117387149443072 268435456 131072 48
1 1 126 1 265 1 67108864 64 36029623800168452 864704322661777408 2147483648 786432 64 134217728 128 54043473627578376 288234774332440576 3221225472 262144 128 201326592 192 18014949339037708 576469548597772288 1073741824 524288 192
2 1 127 1 266 1 268435456 256 144118495200673808 3458817290647109632 8589934592 3145728 256 536870912 512 216173894510313504 1152939097329762304 12884901888 1048576 512 805306368 768 72059797356150832 2305878194391089152 4294967296 2097152 768
3 1 128 1 267 1 1073741824 1024 576473980802695232 13835269162588438528 34359738368 12582912 1024 2147483648 2048 864695578041254016 4611756389319049216 51539607552 4194304 2048 3221225472 3072 288239189424603328 9223512777564356608 17179869184 8388608 3072
4 1 129 1 268 1 4294967296 4096 2305895923210780928 844429225099264 137438953475 50331648 4096 8589934592 8192 3458782312165016064 281483566645248 206158430209 16777216 8192 12884901888 12288 1152956757698413312 562962838323200 68719476738 33554432 12288
5 1 130 1 269 1 17179869184 16384 9223583692843123712 3377716900397056 549755813900 201326592 16384 34359738368 32768 13835129248660064256 1125934266580992 824633720836 67108864 32768 51539607552 49152 4611827030793653248 2251851353292800 274877906952 134217728 49152
6 1 131 1 270 1 68719476736 65536 846623953391616 13510867601588226 2199023255600 805306368 65536 137438953472 131072 284773511602176 4503737066323971 3298534883344 268435456 131072 206158430208 196608 564049465061376 9007405413171201 1099511627808 536870912 196608
7 1 132 1 271 1 274877906944 262144 3386495813566464 54043470406352904 8796093022400 3221225472 262144 549755813888 524288 1139094046408704 18014948265295884 13194139533376 1073741824 524288 824633720832 786432 2256197860245504 36029621652684804 4398046511232 2147483648 786432
8 1 133 1 272 1 1099511627776 1048576 13545983254265856 216173881625411616 35184372089600 12884901888 1048576 2199023255552 2097152 4556376185634816 72059793061183536 52776558133504 4294967296 2097152 3298534883328 3145728 9024791440982016 144118486610739216 17592186044928 8589934592 3145728
9 1 134 1 273 1 4398046511104 4194304 54183933017063424 864695526501646464 140737488358400 51539607552 4194304 8796093022208 8388608 18225504742539264 288239172244734144 211106232534016 17179869184 8388608 13194139533312 12582912 36099165763928064 576473946442956864 70368744179712 34359738368 12582912
10 1 135 1 274 1 17592186044416 16777216 216735732068253696 3458782106006585856 562949953433600 206158430208 16777216 35184372088832 33554432 72902018970157056 1152956688978936576 844424930136064 68719476736 33554432 52776558133248 50331648 144396663055712256 2305895785771827456 281474976718848 137438953472 50331648
11 1 136 1 275 1 70368744177664 67108864 866942928273014784 13835128424026343424 2251799813734400 824633720832 67108864 140737488355328 134217728 291608075880628224 4611826755915746304 3377699720544256 274877906944 134217728 211106232532992 201326592 577586652222849024 9223583143087309824 1125899906875392 549755813888 201326592
12 1 137 1 276 1 281474976710656 268435456 3467771713092059136 281474976718848 9007199254937603 3298534883328 268435456 562949953421312 536870912 1166432303522512896 562949953433600 13510798882177025 1099511627776 536870912 844424930131968 805306368 2310346608891396096 844424930136064 4503599627501570 2199023255552 805306368
13 1 138 1 277 1 1125899906842624 1073741824 13871086852368236544 1125899906875392 36028797019750412 13194139533312 1073741824 2251799813685248 2147483648 4665729214090051584 2251799813734400 54043195528708100 4398046511104 2147483648 3377699720527872 3221225472 9241386435565584384 3377699720544256 18014398510006280 8796093022208 3221225472
14 1 139 1 278 1 4503599627370498 4294967296 144115188344291328 4503599627436035 144115188079001648 52776558133248 0 9007199254740995 8589934592 216172782650654720 9007199254872065 216172782114832400 17592186044416 0 13510798882111489 12884901888 72057594843234304 13510798882308098 72057594040025120 35184372088832 0
15 1 140 1 279 1 18014398509481992 17179869184 576460753377165312 18014398509744140 576460752316006592 211106232532992 0 36028797018963980 34359738368 864691130602618880 36028797019488260 864691128459329600 70368744177664 0 54043195528445956 51539607552 288230379372937216 54043195529232392 288230376160100480 140737488355328 0
16 1 141 1 280 1 72057594037927968 68719476736 2305843013508661248 72057594038976560 2305843009264026368 844424930131968 0 144115188075855920 137438953472 3458764522410475520 144115188077953040 3458764513837318400 281474976710656 0 216172782113783824 206158430208 1152921517491748864 216172782116929568 1152921504640401920 562949953421312 0
17 1 142 1 281 1 288230376151711872 274877906944 9223372054034644992 288230376155906240 9223372037056105472 3377699720527872 0 576460752303423680 549755813888 13835058089641902080 576460752311812160 13835058055349273600 1125899906842624 0 864691128455135296 824633720832 4611686069966995456 864691128467718272 4611686018561607680 2251799813685248 0
18 1 143 1 282 1 1152921504606847488 1099511627776 68719476736 1152921504623624962 805318656 13510798882111490 0 2305843009213694720 2199023255552 137438953472 2305843009247248643 268439552 4503599627370499 0 3458764513820541184 3298534883328 206158430208 3458764513870873089 536879104 9007199254740993 0
19 1 144 1 283 1 4611686018427389952 4398046511104 274877906944 4611686018494499848 3221274624 54043195528445960 0 9223372036854778880 8796093022208 549755813888 9223372036988994572 1073758208 18014398509481996 0 13835058055282164736 13194139533312 824633720832 13835058055483492356 2147516416 36028797018963972 0
20 1 145 1 284 1 8192 17592186044417 1099511627776 268447776 12885098497 216172782113783840 0 12288 35184372088834 2199023255552 536875056 4295032834 72057594037927984 0 4096 52776558133251 3298534883328 805314576 8590065667 144115188075855888 0
21 1 146 1 285 1 32768 70368744177668 4398046511104 1073791104 51540393988 864691128455135360 0 49152 140737488355336 8796093022208 2147500224 17180131336 288230376151711936 0 16384 211106232533004 13194139533312 3221258304 34360262668 576460752303423552 0
22 1 147 1 286 1 131075 281474976710672 17592186044416 4294967808 206161575952 3458764513820541440 0 196609 562949953421344 35184372088832 8589935360 68720525344 1152921504606847744 0 65538 844424930132016 52776558133248 12884902144 137441050672 2305843009213694208 0
23 1 148 1 287 1 524300 1125899906842688 70368744177664 17179871232 824646303808 13835058055282165760 0 786436 2251799813685376 140737488355328 34359741440 274882101376 4611686018427390976 0 262152 3377699720528064 211106232532992 51539608576 549764202688 9223372036854776832 0
24 1 149 1 288 1 2097200 4503599627370752 281474976710656 68719484928 3298585215232 8192 3 3145744 9007199254741504 562949953421312 137438965760 1099528405504 12288 1 1048608 13510798882112256 844424930131968 206158434304 2199056810752 4096 2
25 1 150 1 289 1 8388800 18014398509483008 1125899906842624 274877939712 13194340860928 32768 12 12582976 36028797018966016 2251799813685248 549755863040 4398113622016 49152 4 4194432 54043195528449024 3377699720527872 824633737216 8796227243008 16384 8
26 1 151 1 290 1 33555202 72057594037932032 4503599627370496 1099511627776 52777363443712 131072 48 50331907 144115188075864064 9007199254740992 2199023255552 17592454488064 196608 16 16777729 216172782113796096 13510798882111488 3298534883328 35184908972032 65536 32
27 1 152 1 291 1 134220808 288230376151728128 18014398509481984 4398046511104 211109453774848 524288 192 201327628 576460752303456256 36028797018963968 8796093022208 70369817952256 786432 64 67110916 864691128455184384 54043195528445952 13194139533312 140739635888128 262144 128
28 1 153 1 292 1 536883232 1152921504606912512 72057594037927936 17592186044416 844437815099392 2097152 768 805310512 2305843009213825024 144115188075855872 35184372088832 281479271809024 3145728 256 268443664 3458764513820737536 216172782113783808 52776558133248 562958543552512 1048576 512
29 1 154 1 293 1 2147532928 4611686018427650048 288230376151711744 70368744177664 3377751260397568 8388608 3072 3221242048 9223372036855300096 576460752303423488 140737488355328 1125917087236096 12582912 1024 1073774656 13835058055282950144 864691128455135232 211106232532992 2251834174210048 4194304 2048
30 1 155 1 294 1 8590131712 1048576 1152921504606846977 281474976710656 13511005041590272 33554432 12288 12884968192 2097152 2305843009213693954 562949953421312 4503668348944384 50331648 4096 4295098624 3145728 3458764513820540931 844424930131968 9007336696840192 16777216 8192
31 1 156 1 295 1 34360526848 4194304 4611686018427387908 1125899906842624 54044020166361088 134217728 49152 51539872768 8388608 9223372036854775816 2251799813685248 18014673395777536 201326592 16384 17180394496 12582912 13835058055282163724 3377699720527872 36029346787360768 67108864 32768
32 1 157 1 296 1 137442107392 16777216 16 4503599627370497 216176080665444352 536870912 196608 206159491072 33554432 32 9007199254740994 72058693583110144 805306368 65536 68721577984 50331648 48 13510798882111491 144117387149443072 268435456 131072
33 1 158 1 297 1 549768429568 67108864 64 18014398509481988 864704322661777408 2147483648 786432 824637964288 134217728 128 36028797018963976 288234774332440576 3221225472 262144 274886311936 201326592 192 54043195528445964 576469548597772288 1073741824 524288
34 1 159 1 298 1 2199073718272 268435456 256 72057594037927952 3458817290647109632 8589934592 3145728 3298551857152 536870912 512 144115188075855904 1152939097329762304 12884901888 1048576 1099545247744 805306368 768 216172782113783856 2305878194391089152 4294967296 2097152
35 1 160 1 299 1 8796294873088 1073741824 1024 288230376151711808 13835269162588438528 34359738368 12582912 13194207428608 2147483648 2048 576460752303423616 4611756389319049216 51539607552 4194304 4398180990976 3221225472 3072 864691128455135424 9223512777564356608 17179869184 8388608
36 1 161 1 300 1 35185179492352 4294967296 4096 1152921504606847232 844429225099264 137438953475 50331648 52776829714432 8589934592 8192 2305843009213694464 281483566645248 206158430209 16777216 17592723963904 12884901888 12288 3458764513820541696 562962838323200 68719476738 33554432
37 1 162 1 301 1 140740717969408 17179869184 16384 4611686018427388928 3377716900397056 549755813900 201326592 211107318857728 34359738368 32768 9223372036854777856 1125934266580992 824633720836 67108864 70370895855616 51539607552 49152 13835058055282166784 2251851353292800 274877906952 134217728
38 1 163 1 302 1 562962871877632 68719476736 65536 4096 13510867601588225 2199023255600 805306368 844429275430912 137438953472 131072 8192 4503737066323970 3298534883344 268435456 281483583422464 206158430208 196608 12288 9007405413171203 1099511627808 536870912
39 1 164 1 303 1 2251851487510528 274877906944 262144 16384 54043470406352900 8796093022400 3221225472 3377717101723648 549755813888 524288 32768 18014948265295880 13194139533376 1073741824 1125934333689856 824633720832 786432 49152 36029621652684812 4398046511232 2147483648
40 1 165 1 304 1 9007405950042113 1099511627776 1048576 196608 216173881625411600 35184372089600 0 13510868406894594 2199023255552 2097152 65536 72059793061183520 52776558133504 0 4503737334759427 3298534883328 3145728 131072 144118486610739248 17592186044928 0
41 1 166 1 305 1 36029623800168452 4398046511104 4194304 786432 864695526501646400 140737488358400 0 54043473627578376 8796093022208 8388608 262144 288239172244734080 211106232534016 0 18014949339037708 13194139533312 12582912 524288 576473946442956992 70368744179712 0
42 1 167 1 306 1 144118495200673808 17592186044416 16777216 3145728 3458782106006585600 562949953433600 0 216173894510313504 35184372088832 33554432 1048576 1152956688978936320 844424930136064 0 72059797356150832 52776558133248 50331648 2097152 2305895785771827968 281474976718848 0
43 1 168 1 307 1 576473980802695232 70368744177664 67108864 12582912 13835128424026342400 2251799813734400 0 864695578041254016 140737488355328 134217728 4194304 4611826755915745280 3377699720544256 0 288239189424603328 211106232532992 201326592 8388608 9223583143087311872 1125899906875392 0
44 1 169 1 308 1 2305895923210780928 281474976710656 268435456 50331648 281474976714752 9007199254937603 0 3458782312165016064 562949953421312 536870912 16777216 562949953429504 13510798882177025 0 1152956757698413312 844424930131968 805306368 33554432 844424930144256 4503599627501570 0
45 1 170 1 309 1 9223583692843123712 1125899906842624 1073741824 201326592 1125899906859008 36028797019750412 0 13835129248660064256 2251799813685248 2147483648 67108864 2251799813718016 54043195528708100 0 4611827030793653248 3377699720527872 3221225472 134217728 3377699720577024 18014398510006280 0
46 1 171 1 310 1 846623953391616 4503599627370498 4294967296 805306368 4503599627436032 144115188079001648 0 284773511602176 9007199254740995 8589934592 268435456 9007199254872064 216172782114832400 0 564049465061376 13510798882111489 12884901888 536870912 13510798882308096 72057594040025120 0
47 1 172 1 311 1 3386495813566464 18014398509481992 17179869184 3221225472 18014398509744128 576460752316006592 0 1139094046408704 36028797018963980 34359738368 1073741824 36028797019488256 864691128459329600 0 2256197860245504 54043195528445956 51539607552 2147483648 54043195529232384 288230376160100480 0
48 1 173 1 208 1 13545983254265856 72057594037927968 68719476736 12884901888 72057594038976512 2305843009264026368 0 4556376185634816 144115188075855920 137438953472 4294967296 144115188077953024 3458764513837318400 0 9024791440982016 216172782113783824 206158430208 8589934592 216172782116929536 1152921504640401920 0
49 1 174 1 209 1 54183933017063424 288230376151711872 274877906944 51539607552 288230376155906048 9223372037056105472 0 18225504742539264 576460752303423680 549755813888 17179869184 576460752311812096 13835058055349273600 0 36099165763928064 864691128455135296 824633720832 34359738368 864691128467718144 4611686018561607680 0
50 1 175 1 210 1 216735732068253696 1152921504606847488 1099511627776 206158430208 1152921504623624192 805318656 2 72902018970157056 2305843009213694720 2199023255552 68719476736 2305843009247248384 268439552 3 144396663055712256 3458764513820541184 3298534883328 137438953472 3458764513870872576 536879104 1
51 1 176 1 211 1 866942928273014784 4611686018427389952 4398046511104 824633720832 4611686018494496768 3221274624 8 291608075880628224 9223372036854778880 8796093022208 274877906944 9223372036988993536 1073758208 12 577586652222849024 13835058055282164736 13194139533312 549755813888 13835058055483490304 2147516416 4
52 1 177 1 212 1 3467771713092059136 8192 17592186044417 3298534883328 268435456 12885098497 32 1166432303522512896 12288 35184372088834 1099511627776 536870912 4295032834 48 2310346608891396096 4096 52776558133251 2199023255552 805306368 8590065667 16
53 1 178 1 213 1 13871086852368236544 32768 70368744177668 13194139533312 1073741824 51540393988 128 4665729214090051584 49152 140737488355336 4398046511104 2147483648 17180131336 192 9241386435565584384 16384 211106232533004 8796093022208 3221225472 34360262668 64
54 1 179 1 214 1 144115188344291328 131075 281474976710672 52776558133248 4294967296 206161575952 512 216172782650654720 196609 562949953421344 17592186044416 8589934592 68720525344 768 72057594843234304 65538 844424930132016 35184372088832 12884901888 137441050672 256
55 1 180 1 215 1 576460753377165312 524300 1125899906842688 211106232532992 17179869184 824646303808 2048 864691130602618880 786436 2251799813685376 70368744177664 34359738368 274882101376 3072 288230379372937216 262152 3377699720528064 140737488355328 51539607552 549764202688 1024
56 1 181 1 216 1 2305843013508661248 2097200 4503599627370752 844424930131968 68719476736 3298585215232 8192 3458764522410475520 3145744 9007199254741504 281474976710656 137438953472 1099528405504 12288 1152921517491748864 1048608 13510798882112256 562949953421312 206158430208 2199056810752 4096
57 1 182 1 217 1 9223372054034644992 8388800 18014398509483008 3377699720527872 274877906944 13194340860928 32768 13835058089641902080 12582976 36028797018966016 1125899906842624 549755813888 4398113622016 49152 4611686069966995456 4194432 54043195528449024 2251799813685248 824633720832 8796227243008 16384
58 1 183 1 218 1 68719476736 33555202 72057594037932032 13510798882111488 1099511627776 52777363443712 131072 137438953472 50331907 144115188075864064 4503599627370496 2199023255552 17592454488064 196608 206158430208 16777729 216172782113796096 9007199254740992 3298534883328 35184908972032 65536
59 1 184 1 219 1 274877906944 134220808 288230376151728128 54043195528445952 4398046511104 211109453774848 524288 549755813888 201327628 576460752303456256 18014398509481984 8796093022208 70369817952256 786432 824633720832 67110916 864691128455184384 36028797018963968 13194139533312 140739635888128 262144
60 1 185 1 220 1 1099511627776 536883232 1152921504606912512 216172782113783808 17592186044416 844437815099392 2097152 2199023255552 805310512 2305843009213825024 72057594037927936 35184372088832 281479271809024 3145728 3298534883328 268443664 3458764513820737536 144115188075855872 52776558133248 562958543552512 1048576
61 1 186 1 221 1 4398046511104 2147532928 4611686018427650048 864691128455135232 70368744177664 3377751260397568 8388608 8796093022208 3221242048 9223372036855300096 288230376151711744 140737488355328 1125917087236096 12582912 13194139533312 1073774656 13835058055282950144 576460752303423488 211106232532992 2251834174210048 4194304
62 1 187 1 222 1 17592186044416 8590131712 1048576 3458764513820540929 281474976710656 13511005041590272 33554432 35184372088832 12884968192 2097152 1152921504606846978 562949953421312 4503668348944384 50331648 52776558133248 4295098624 3145728 2305843009213693955 844424930131968 9007336696840192 16777216
63 1 188 1 223 1 70368744177664 34360526848 4194304 13835058055282163716 1125899906842624 54044020166361088 134217728 140737488355328 51539872768 8388608 4611686018427387912 2251799813685248 18014673395777536 201326592 211106232532992 17180394496 12582912 9223372036854775820 3377699720527872 36029346787360768 67108864
64 1 189 1 224 1 281474976710656 137442107392 16777216 16 4503599627370499 216176080665444352 536870912 562949953421312 206159491072 33554432 32 9007199254740993 72058693583110144 805306368 844424930131968 68721577984 50331648 48 13510798882111490 144117387149443072 268435456
65 1 190 1 225 1 1125899906842624 549768429568 67108864 64 18014398509481996 864704322661777408 2147483648 2251799813685248 824637964288 134217728 128 36028797018963972 288234774332440576 3221225472 3377699720527872 274886311936 201326592 192 54043195528445960 576469548597772288 1073741824
66 1 191 1 226 1 4503599627370496 2199073718272 268435456 131328 72057594037927984 3458817290647109632 0 9007199254740992 3298551857152 536870912 197120 144115188075855888 1152939097329762304 0 13510798882111488 1099545247744 805306368 66304 216172782113783840 2305878194391089152 0
67 1 192 1 227 1 18014398509481984 8796294873088 1073741824 525312 288230376151711936 13835269162588438528 0 36028797018963968 13194207428608 2147483648 788480 576460752303423552 4611756389319049216 0 54043195528445952 4398180990976 3221225472 265216 864691128455135360 9223512777564356608 0
68 1 193 1 228 1 72057594037927936 35185179492352 4294967296 2101248 1152921504606847744 844429225099264 3 144115188075855872 52776829714432 8589934592 3153920 2305843009213694208 281483566645248 1 216172782113783808 17592723963904 12884901888 1060864 3458764513820541440 562962838323200 2
69 1 194 1 229 1 288230376151711744 140740717969408 17179869184 8404992 4611686018427390976 3377716900397056 12 576460752303423488 211107318857728 34359738368 12615680 9223372036854776832 1125934266580992 4 864691128455135232 70370895855616 51539607552 4243456 13835058055282165760 2251851353292800 8
70 1 195 1 230 1 1152921504606846977 562962871877632 68719476736 33554432 12288 13510867601588225 48 2305843009213693954 844429275430912 137438953472 50331648 4096 4503737066323970 16 3458764513820540931 281483583422464 206158430208 16777216 8192 9007405413171203 32
71 1 196 1 231 1 4611686018427387908 2251851487510528 274877906944 134217728 49152 54043470406352900 192 9223372036854775816 3377717101723648 549755813888 201326592 16384 18014948265295880 64 13835058055282163724 1125934333689856 824633720832 67108864 32768 36029621652684812 128
72 1 197 1 232 1 16 9007405950042113 1099511627776 536870912 196608 216173881625411600 768 32 13510868406894594 2199023255552 805306368 65536 72059793061183520 256 48 4503737334759427 3298534883328 268435456 131072 144118486610739248 512
73 1 198 1 233 1 64 36029623800168452 4398046511104 2147483648 786432 864695526501646400 3072 128 54043473627578376 8796093022208 3221225472 262144 288239172244734080 1024 192 18014949339037708 13194139533312 1073741824 524288 576473946442956992 2048
74 1 199 1 234 1 256 144118495200673808 17592186044416 8589934592 3145728 3458782106006585600 12288 512 216173894510313504 35184372088832 12884901888 1048576 1152956688978936320 4096 768 72059797356150832 52776558133248 4294967296 2097152 2305895785771827968 8192
75 1 200 1 235 1 1024 576473980802695232 70368744177664 34359738368 12582912 13835128424026342400 49152 2048 864695578041254016 140737488355328 51539607552 4194304 4611826755915745280 16384 3072 288239189424603328 211106232532992 17179869184 8388608 9223583143087311872 32768
76 1 201 1 236 1 4096 2305895923210780928 281474976710656 137438953472 50331648 281474976714752 196611 8192 3458782312165016064 562949953421312 206158430208 16777216 562949953429504 65537 12288 1152956757698413312 844424930131968 68719476736 33554432 844424930144256 131074
77 1 202 1 237 1 16384 9223583692843123712 1125899906842624 549755813888 201326592 1125899906859008 786444 32768 13835129248660064256 2251799813685248 824633720832 67108864 2251799813718016 262148 49152 4611827030793653248 3377699720527872 274877906944 134217728 3377699720577024 524296
78 1 203 1 238 1 65536 846623953391616 4503599627370498 2199023255552 805306368 4503599627436032 3145776 131072 284773511602176 9007199254740995 3298534883328 268435456 9007199254872064 1048592 196608 564049465061376 13510798882111489 1099511627776 536870912 13510798882308096 2097184
79 1 204 1 239 1 262144 3386495813566464 18014398509481992 8796093022208 3221225472 18014398509744128 12583104 524288 1139094046408704 36028797018963980 13194139533312 1073741824 36028797019488256 4194368 786432 2256197860245504 54043195528445956 4398046511104 2147483648 54043195529232384 8388736
80 1 205 1 240 1 1048576 13545983254265856 72057594037927968 35184372088832 12884901888 72057594038976512 50332416 2097152 4556376185634816 144115188075855920 52776558133248 4294967296 144115188077953024 16777472 3145728 9024791440982016 216172782113783824 17592186044416 8589934592 216172782116929536 33554944
81 1 206 1 241 1 4194304 54183933017063424 288230376151711872 140737488355328 51539607552 288230376155906048 201329664 8388608 18225504742539264 576460752303423680 211106232532992 17179869184 576460752311812096 67109888 12582912 36099165763928064 864691128455135296 70368744177664 34359738368 864691128467718144 134219776
82 1 207 1 242 1 16777216 216735732068253696 1152921504606847488 562949953421312 206158430208 1152921504623624192 805318656 33554432 72902018970157056 2305843009213694720 844424930131968 68719476736 2305843009247248384 268439552 50331648 144396663055712256 3458764513820541184 281474976710656 137438953472 3458764513870872576 536879104
83 1 104 1 243 1 67108864 866942928273014784 4611686018427389952 2251799813685248 824633720832 4611686018494496768 3221274624 134217728 291608075880628224 9223372036854778880 3377699720527872 274877906944 9223372036988993536 1073758208 201326592 577586652222849024 13835058055282164736 1125899906842624 549755813888 13835058055483490304 2147516416
84 1 105 1 244 1 268435456 3467771713092059136 8192 9007199254937601 3298534883328 268435456 196609 536870912 1166432303522512896 12288 13510798882177026 1099511627776 536870912 65538 805306368 2310346608891396096 4096 4503599627501571 2199023255552 805306368 131075
85 1 106 1 245 1 1073741824 13871086852368236544 32768 36028797019750404 13194139533312 1073741824 786436 2147483648 4665729214090051584 49152 54043195528708104 4398046511104 2147483648 262152 3221225472 9241386435565584384 16384 18014398510006284 8796093022208 3221225472 524300
86 1 107 1 246 1 4294967296 144115188344291328 131075 144115188079001616 52776558133248 4294967296 3145744 8589934592 216172782650654720 196609 216172782114832416 17592186044416 8589934592 1048608 12884901888 72057594843234304 65538 72057594040025136 35184372088832 12884901888 2097200
87 1 108 1 247 1 17179869184 576460753377165312 524300 576460752316006464 211106232532992 17179869184 12582976 34359738368 864691130602618880 786436 864691128459329664 70368744177664 34359738368 4194432 51539607552 288230379372937216 262152 288230376160100544 140737488355328 51539607552 8388800
88 1 109 1 248 1 68719476736 2305843013508661248 2097200 2305843009264025856 844424930131968 68719476736 50331904 137438953472 3458764522410475520 3145744 3458764513837318656 281474976710656 137438953472 16777728 206158430208 1152921517491748864 1048608 1152921504640402176 562949953421312 206158430208 33555200
89 1 110 1 249 1 274877906944 9223372054034644992 8388800 9223372037056103424 3377699720527872 274877906944 201327616 549755813888 13835058089641902080 12582976 13835058055349274624 1125899906842624 549755813888 67110912 824633720832 4611686069966995456 4194432 4611686018561608704 2251799813685248 824633720832 134220800
90 1 111 1 250 1 1099511627776 68719476736 33555202 805310464 13510798882111490 1099511627776 805310464 2199023255552 137438953472 50331907 268443648 4503599627370499 2199023255552 268443648 3298534883328 206158430208 16777729 536883200 9007199254740993 3298534883328 536883200
91 1 112 1 251 1 4398046511104 274877906944 134220808 3221241856 54043195528445960 4398046511104 3221241856 8796093022208 549755813888 201327628 1073774592 18014398509481996 8796093022208 1073774592 13194139533312 824633720832 67110916 2147532800 36028797018963972 13194139533312 2147532800
92 1 113 1 252 1 17592186044417 1099511627776 536883232 12885098496 216172782113783840 17592186044416 65536 35184372088834 2199023255552 805310512 4295032832 72057594037927984 35184372088832 131072 52776558133251 3298534883328 268443664 8590065664 144115188075855888 52776558133248 196608
93 1 114 1 253 1 70368744177668 4398046511104 2147532928 51540393984 864691128455135360 70368744177664 262144 140737488355336 8796093022208 3221242048 17180131328 288230376151711936 140737488355328 524288 211106232533004 13194139533312 1073774656 34360262656 576460752303423552 211106232532992 786432
94 1 115 1 254 1 281474976710672 17592186044416 8590131712 206161575936 3458764513820541440 281474976710656 1048576 562949953421344 35184372088832 12884968192 68720525312 1152921504606847744 562949953421312 2097152 844424930132016 52776558133248 4295098624 137441050624 2305843009213694208 844424930131968 3145728
95 1 116 1 255 1 1125899906842688 70368744177664 34360526848 824646303744 13835058055282165760 1125899906842624 4194304 2251799813685376 140737488355328 51539872768 274882101248 4611686018427390976 2251799813685248 8388608 3377699720528064 211106232532992 17180394496 549764202496 9223372036854776832 3377699720527872 12582912
96 1 117 1 256 1 4503599627370752 281474976710656 137442107392 3298585214976 8192 4503599627370499 16777216 9007199254741504 562949953421312 206159491072 1099528404992 12288 9007199254740993 33554432 13510798882112256 844424930131968 68721577984 2199056809984 4096 13510798882111490 50331648
97 1 118 1 257 1 18014398509483008 1125899906842624 549768429568 13194340859904 32768 18014398509481996 67108864 36028797018966016 2251799813685248 824637964288 4398113619968 49152 36028797018963972 134217728 54043195528449024 3377699720527872 274886311936 8796227239936 16384 54043195528445960 201326592
98 1 119 1 258 1 72057594037932032 4503599627370496 2199073718272 52777363439616 131072 72057594037927984 268435456 144115188075864064 9007199254740992 3298551857152 17592454479872 196608 144115188075855888 536870912 216172782113796096 13510798882111488 1099545247744 35184908959744 65536 216172782113783840 805306368
99 1 120 1 259 1 288230376151728128 18014398509481984 8796294873088 211109453758464 524288 288230376151711936 1073741824 576460752303456256 36028797018963968 13194207428608 70369817919488 786432 576460752303423552 2147483648 864691128455184384 54043195528445952 4398180990976 140739635838976 262144 864691128455135360 3221225472
100 1 121 1 260 1 1152921504606912512 72057594037927936 35185179492352 844437815099392 2097152 1152921504606847744 0 2305843009213825024 144115188075855872 52776829714432 281479271809024 3145728 2305843009213694208 0 3458764513820737536 216172782113783808 17592723963904 562958543552512 1048576 3458764513820541440 0
101 1 122 1 261 1 4611686018427650048 288230376151711744 140740717969408 3377751260397568 8388608 4611686018427390976 0 9223372036855300096 576460752303423488 211107318857728 1125917087236096 12582912 9223372036854776832 0 13835058055282950144 864691128455135232 70370895855616 2251834174210048 4194304 13835058055282165760 0
102 1 123 1 262 1 1048576 1152921504606846977 562962871877632 13511005041590272 33554432 12288 1 2097152 2305843009213693954 844429275430912 4503668348944384 50331648 4096 2 3145728 3458764513820540931 281483583422464 9007336696840192 16777216 8192 3
103 1 124 1 263 1 4194304 4611686018427387908 2251851487510528 54044020166361088 134217728 49152 4 8388608 9223372036854775816 3377717101723648 18014673395777536 201326592 16384 8 12582912 13835058055282163724 1125934333689856 36029346787360768 67108864 32768 12
0 1 126 1 303 1 196608 562949953421328 17592723963904 8590131200 1048576 2305843009213693952 12288 65536 844424930132000 35185179492352 12884967424 2097152 3458764513820540928 4096 131072 281474976710704 52776829714432 4295098368 3145728 1152921504606846976 8192
1 1 127 1 304 1 786432 2251799813685312 70370895855616 34360524800 4194304 9223372036854775808 49152 262144 3377699720528000 140740717969408 51539869696 8388608 13835058055282163712 16384 524288 1125899906842816 211107318857728 17180393472 12582912 4611686018427387904 32768
2 1 128 1 305 1 3145728 9007199254741248 281483583422464 137442099200 16777216 0 196610 1048576 13510798882112000 562962871877632 206159478784 33554432 0 65539 2097152 4503599627371264 844429275430912 68721573888 50331648 0 131073
3 1 129 1 306 1 12582912 36028797018964992 1125934333689856 549768396800 67108864 0 786440 4194304 54043195528448000 2251851487510528 824637915136 134217728 0 262156 8388608 18014398509485056 3377717101723648 274886295552 201326592 0 524292
4 1 130 1 307 1 50331648 144115188075859968 4503737334759424 2199073587200 268435456 0 3145760 16777216 216172782113792000 9007405950042112 3298551660544 536870912 0 1048624 33554432 72057594037940224 13510868406894592 1099545182208 805306368 0 2097168
5 1 131 1 308 1 201326592 576460752303439872 18014949339037696 8796294348800 1073741824 0 12583040 67108864 864691128455168000 36029623800168448 13194206642176 2147483648 0 4194496 134217728 288230376151760896 54043473627578368 4398180728832 3221225472 0 8388672
6 1 132 1 309 1 805306368 2305843009213759488 72059797356150784 35185177395200 4294967296 0 50332160 268435456 3458764513820672000 144118495200673792 52776826568704 8589934592 0 16777984 536870912 1152921504607043584 216173894510313472 17592722915328 12884901888 0 33554688
7 1 133 1 310 1 3221225472 9223372036855037952 288239189424603136 140740709580800 17179869184 0 201328640 1073741824 13835058055282688000 576473980802695168 211107306274816 34359738368 0 67111936 2147483648 4611686018428174336 864695578041253888 70370891661312 51539607552 0 134218752
8 1 134 1 311 1 12884901888 1048576 1152956757698412546 562962838323200 68719476736 0 805314560 4294967296 2097152 2305895923210780675 844429225099264 137438953472 0 268447744 8589934592 3145728 3458782312165015553 281483566645248 206158430208 0 536875008
9 1 135 1 208 1 51539607552 4194304 4611827030793650184 2251851353292800 274877906944 0 3221258240 17179869184 8388608 9223583692843122700 3377716900397056 549755813888 0 1073790976 34359738368 12582912 13835129248660062212 1125934266580992 824633720832 0 2147500032
10 1 136 1 209 1 206158430208 16777216 564049465049120 9007405413367809 1099511627776 0 131072 68719476736 33554432 846623953387568 13510867601653762 2199023255552 0 196608 137438953472 50331648 284773511594000 4503737066455043 3298534883328 0 65536
11 1 137 1 210 1 824633720832 67108864 2256197860196480 36029621653471236 4398046511104 0 524288 274877906944 134217728 3386495813550272 54043470406615048 8796093022208 0 786432 549755813888 201326592 1139094046376000 18014948265820172 13194139533312 0 262144
12 1 138 1 211 1 3298534883328 268435456 9024791440785920 144118486613884944 17592186044416 0 2097152 1099511627776 536870912 13545983254201088 216173881626460192 35184372088832 0 3145728 2199023255552 805306368 4556376185504000 72059793063280688 52776558133248 0 1048576
13 1 139 1 212 1 13194139533312 1073741824 36099165763143680 576473946455539776 70368744177664 0 8388608 4398046511104 2147483648 54183933016804352 864695526505840768 140737488355328 0 12582912 8796093022208 3221225472 18225504742016000 288239172253122752 211106232532992 0 4194304
14 1 140 1 213 1 52776558133248 4294967296 144396663052574720 2305895785822159104 281474976710656 0 33554432 17592186044416 8589934592 216735732067217408 3458782106023363072 562949953421312 0 50331648 35184372088832 12884901888 72902018968064000 1152956689012491008 844424930131968 0 16777216
15 1 141 1 214 1 211106232532992 17179869184 577586652210298880 9223583143288636416 1125899906842624 0 134217728 70368744177664 34359738368 866942928268869632 13835128424093452288 2251799813685248 0 201326592 140737488355328 51539607552 291608075872256000 4611826756049964032 3377699720527872 0 67108864
16 1 142 1 215 1 844424930131968 68719476736 2310346608841195520 844425735442432 4503599627370498 0 536870912 281474976710656 137438953472 3467771713075478528 281475245154304 9007199254740995 0 805306368 562949953421312 206158430208 1166432303489024000 562950490304512 13510798882111489 0 268435456
17 1 143 1 216 1 3377699720527872 274877906944 9241386435364782080 3377702941769728 18014398509481992 0 2147483648 1125899906842624 549755813888 13871086852301914112 1125900980617216 36028797018963980 0 3221225472 2251799813685248 824633720832 4665729213956096000 2251801961218048 54043195528445956 0 1073741824
18 1 144 1 217 1 13510798882111489 1099511627776 72057594040025088 13510811767144450 72057594037927968 0 0 4503599627370498 2199023255552 144115188079001600 4503603922534403 144115188075855920 0 0 9007199254740995 3298534883328 216172782114832384 9007207844741121 216172782113783824 0 0
19 1 145 1 218 1 54043195528445956 4398046511104 288230376160100352 54043247068577800 288230376151711872 0 0 18014398509481992 8796093022208 576460752316006400 18014415690137612 576460752303423680 0 0 36028797018963980 13194139533312 864691128459329536 36028831378964484 864691128455135296 0 0
20 1 146 1 219 1 216172782113783824 17592186044416 1152921504640401408 216172988274311200 1152921504606847488 0 0 72057594037927968 35184372088832 2305843009264025600 72057662760550448 2305843009213694720 0 0 144115188075855920 52776558133248 3458764513837318144 144115325515857936 3458764513820541184 0 0
21 1 147 1 220 1 864691128455135296 70368744177664 4611686018561605632 864691953097244800 4611686018427389952 0 0 288230376151711872 140737488355328 9223372037056102400 288230651042201792 9223372036854778880 0 0 576460752303423680 211106232532992 13835058055349272576 576461302063431744 13835058055282164736 0 0
22 1 148 1 221 1 3458764513820541184 281474976710656 536870912 3458767812388979201 8192 1 0 1152921504606847488 562949953421312 805306368 1152922604168807170 12288 2 0 2305843009213694720 844424930131968 268435456 2305845208253726979 4096 3 0
23 1 149 1 222 1 13835058055282164736 1125899906842624 2147483648 13835071249555916804 32768 4 0 4611686018427389952 2251799813685248 3221225472 4611690416675228680 49152 8 0 9223372036854778880 3377699720527872 1073741824 9223380833014907916 16384 12 0
24 1 150 1 223 1 4096 4503599627370499 8589934592 52777095012368 131075 16 0 8192 9007199254740993 12884901888 17592991363104 196609 32 0 12288 13510798882111490 4294967296 35184640528432 65538 48 0
25 1 151 1 224 1 16384 18014398509481996 34359738368 211108380049472 524300 64 0 32768 36028797018963972 51539607552 70371965452416 786436 128 0 49152 54043195528445960 17179869184 140738562113728 262152 192 0
26 1 152 1 225 1 65538 72057594037927984 137438953472 844433520066816 2097200 256 0 131075 144115188075855888 206158430208 281487861613056 3145744 512 0 196609 216172782113783840 68719476736 562954248389376 1048608 768 0
27 1 153 1 226 1 262152 288230376151711936 549755813888 3377734080267264 8388800 1024 0 524300 576460752303423552 824633720832 1125951446452224 12582976 2048 0 786436 864691128455135360 274877906944 2251816993557504 4194432 3072 0
28 1 154 1 227 1 1048608 1152921504606847744 2199023255552 13510936321069056 33555200 4096 0 2097200 2305843009213694208 3298534883328 4503805785808896 50331904 8192 0 3145744 3458764513820541440 1099511627776 9007267974230016 16777728 12288 0
29 1 155 1 228 1 4194432 4611686018427390976 8796093022208 54043745284276224 134220800 16384 0 8388800 9223372036854776832 13194139533312 18015223143235584 201327616 32768 0 12582976 13835058055282165760 4398046511104 36029071896920064 67110912 49152 0
30 1 156 1 229 1 16777729 12288 35184372088833 216174981137039360 536883200 65536 0 33555202 4096 52776558133250 72060892572811264 805310464 131072 0 50331907 8192 17592186044419 144116287587483648 268443648 196608 0
31 1 157 1 230 1 67110916 49152 140737488355332 864699924548157440 2147532800 262144 0 134220808 16384 211106232533000 288243570291245056 3221241856 524288 0 201327628 32768 70368744177676 576465150349934592 1073774592 786432 0
32 1 158 1 231 1 268443664 196608 562949953421328 3458799698192629760 8590131200 1048576 0 536883232 65536 844424930132000 1152974281164980224 12884967424 2097152 0 805310512 131072 281474976710704 2305860601399738368 4295098368 3145728 0
33 1 159 1 232 1 1073774656 786432 2251799813685312 13835198792770519040 34360524800 4194304 0 2147532928 262144 3377699720528000 4611897124659920896 51539869696 8388608 0 3221242048 524288 1125899906842816 9223442405598953472 17180393472 12582912 0
34 1 160 1 233 1 4295098624 3145728 9007199254741248 562949953421312 137442099203 16777216 0 8590131712 1048576 13510798882112000 844424930131968 206159478785 33554432 0 12884968192 2097152 4503599627371264 281474976710656 68721573890 50331648 0
35 1 161 1 234 1 17180394496 12582912 36028797018964992 2251799813685248 549768396812 67108864 0 34360526848 4194304 54043195528448000 3377699720527872 824637915140 134217728 0 51539872768 8388608 18014398509485056 1125899906842624 274886295560 201326592 0
36 1 162 1 235 1 68721577984 50331648 144115188075859968 9007199254740992 2199073587248 268435456 0 137442107392 16777216 216172782113792000 13510798882111488 3298551660560 536870912 0 206159491072 33554432 72057594037940224 4503599627370496 1099545182240 805306368 0
37 1 163 1 236 1 274886311936 201326592 576460752303439872 36028797018963968 8796294348992 1073741824 0 549768429568 67108864 864691128455168000 54043195528445952 13194206642240 2147483648 0 824637964288 134217728 288230376151760896 18014398509481984 4398180728960 3221225472 0
38 1 164 1 237 1 1099545247744 805306368 2305843009213759488 144115188075855872 35185177395968 4294967296 0 2199073718272 268435456 3458764513820672000 216172782113783808 52776826568960 8589934592 0 3298551857152 536870912 1152921504607043584 72057594037927936 17592722915840 12884901888 0
39 1 165 1 238 1 4398180990976 3221225472 9223372036855037952 576460752303423488 140740709583872 17179869184 0 8796294873088 1073741824 13835058055282688000 864691128455135232 211107306275840 34359738368 0 13194207428608 2147483648 4611686018428174336 288230376151711744 70370891663360 51539607552 0
40 1 166 1 239 1 17592723963904 12884901888 1048576 2305843009213693954 562962838335488 68719476736 0 35185179492352 4294967296 2097152 3458764513820540931 844429225103360 137438953472 0 52776829714432 8589934592 3145728 1152921504606846977 281483566653440 206158430208 0
41 1 167 1 240 1 70370895855616 51539607552 4194304 9223372036854775816 2251851353341952 274877906944 0 140740717969408 17179869184 8388608 13835058055282163724 3377716900413440 549755813888 0 211107318857728 34359738368 12582912 4611686018427387908 1125934266613760 824633720832 0
42 1 168 1 241 1 281483583422464 206158430208 16777216 32 9007405413367810 1099511627776 0 562962871877632 68719476736 33554432 48 13510867601653763 2199023255552 0 844429275430912 137438953472 50331648 16 4503737066455041 3298534883328 0
43 1 169 1 242 1 1125934333689856 824633720832 67108864 128 36029621653471240 4398046511104 0 2251851487510528 274877906944 134217728 192 54043470406615052 8796093022208 0 3377717101723648 549755813888 201326592 64 18014948265820164 13194139533312 0
44 1 170 1 243 1 4503737334759424 3298534883328 268435456 512 144118486613884960 17592186044416 0 9007405950042112 1099511627776 536870912 768 216173881626460208 35184372088832 0 13510868406894592 2199023255552 805306368 256 72059793063280656 52776558133248 0
45 1 171 1 244 1 18014949339037696 13194139533312 1073741824 2048 576473946455539840 70368744177664 0 36029623800168448 4398046511104 2147483648 3072 864695526505840832 140737488355328 0 54043473627578368 8796093022208 3221225472 1024 288239172253122624 211106232532992 0
46 1 172 1 245 1 72059797356150784 52776558133248 4294967296 8192 2305895785822159360 281474976710656 0 144118495200673792 17592186044416 8589934592 12288 3458782106023363328 562949953421312 0 216173894510313472 35184372088832 12884901888 4096 1152956689012490496 844424930131968 0
47 1 173 1 246 1 288239189424603136 211106232532992 17179869184 32768 9223583143288637440 1125899906842624 0 576473980802695168 70368744177664 34359738368 49152 13835128424093453312 2251799813685248 0 864695578041253888 140737488355328 51539607552 16384 4611826756049961984 3377699720527872 0
48 1 174 1 247 1 1152956757698412546 844424930131968 68719476736 0 844425735446528 4503599627370498 0 2305895923210780675 281474976710656 137438953472 0 281475245158400 9007199254740995 0 3458782312165015553 562949953421312 206158430208 0 562950490296320 13510798882111489 0
49 1 175 1 248 1 4611827030793650184 3377699720527872 274877906944 0 3377702941786112 18014398509481992 0 9223583692843122700 1125899906842624 549755813888 0 1125900980633600 36028797018963980 0 13835129248660062212 2251799813685248 824633720832 0 2251801961185280 54043195528445956 0
50 1 176 1 249 1 564049465049120 13510798882111489 1099511627776 0 13510811767144448 72057594037927968 0 846623953387568 4503599627370498 2199023255552 0 4503603922534400 144115188075855920 0 284773511594000 9007199254740995 3298534883328 0 9007207844741120 216172782113783824 0
51 1 177 1 250 1 2256197860196480 54043195528445956 4398046511104 0 54043247068577792 288230376151711872 0 3386495813550272 18014398509481992 8796093022208 0 18014415690137600 576460752303423680 0 1139094046376000 36028797018963980 13194139533312 0 36028831378964480 864691128455135296 0
52 1 178 1 251 1 9024791440785920 216172782113783824 17592186044416 0 216172988274311168 1152921504606847488 0 13545983254201088 72057594037927968 35184372088832 0 72057662760550400 2305843009213694720 0 4556376185504000 144115188075855920 52776558133248 0 144115325515857920 3458764513820541184 0
53 1 179 1 252 1 36099165763143680 864691128455135296 70368744177664 0 864691953097244672 4611686018427389952 0 54183933016804352 288230376151711872 140737488355328 0 288230651042201600 9223372036854778880 0 18225504742016000 576460752303423680 211106232532992 0 576461302063431680 13835058055282164736 0
54 1 180 1 253 1 144396663052574720 3458764513820541184 281474976710656 0 3458767812388978688 8192 1 216735732067217408 1152921504606847488 562949953421312 0 1152922604168806400 12288 2 72902018968064000 2305843009213694720 844424930131968 0 2305845208253726720 4096 3
55 1 181 1 254 1 577586652210298880 13835058055282164736 1125899906842624 0 13835071249555914752 32768 4 866942928268869632 4611686018427389952 2251799813685248 0 4611690416675225600 49152 8 291608075872256000 9223372036854778880 3377699720527872 0 9223380833014906880 16384 12
56 1 182 1 255 1 2310346608841195520 4096 4503599627370499 0 52777095004160 131075 16 3467771713075478528 8192 9007199254740993 0 17592991350784 196609 32 1166432303489024000 12288 13510798882111490 0 35184640524288 65538 48
57 1 183 1 256 1 9241386435364782080 16384 18014398509481996 0 211108380016640 524300 64 13871086852301914112 32768 36028797018963972 0 70371965403136 786436 128 4665729213956096000 49152 54043195528445960 0 140738562097152 262152 192
58 1 184 1 257 1 72057594040025088 65538 72057594037927984 0 844433520066560 2097200 256 144115188079001600 131075 144115188075855888 0 281487861612544 3145744 512 216172782114832384 196609 216172782113783840 0 562954248388608 1048608 768
59 1 185 1 258 1 288230376160100352 262152 288230376151711936 0 3377734080266240 8388800 1024 576460752316006400 524300 576460752303423552 0 1125951446450176 12582976 2048 864691128459329536 786436 864691128455135360 0 2251816993554432 4194432 3072
60 1 186 1 259 1 1152921504640401408 1048608 1152921504606847744 0 13510936321064960 33555200 4096 2305843009264025600 2097200 2305843009213694208 0 4503805785800704 50331904 8192 3458764513837318144 3145744 3458764513820541440 0 9007267974217728 16777728 12288
61 1 187 1 260 1 4611686018561605632 4194432 4611686018427390976 0 54043745284259840 134220800 16384 9223372037056102400 8388800 9223372036854776832 0 18015223143202816 201327616 32768 13835058055349272576 12582976 13835058055282165760 0 36029071896870912 67110912 49152
62 1 188 1 261 1 536870912 16777729 12288 1 216174981137039360 536883200 65536 805306368 33555202 4096 2 72060892572811264 805310464 131072 268435456 50331907 8192 3 144116287587483648 268443648 196608
63 1 189 1 262 1 2147483648 67110916 49152 4 864699924548157440 2147532800 262144 3221225472 134220808 16384 8 288243570291245056 3221241856 524288 1073741824 201327628 32768 12 576465150349934592 1073774592 786432
64 1 190 1 263 1 8589934592 268443664 196608 16 3458799698192629760 8590131200 1048576 12884901888 536883232 65536 32 1152974281164980224 12884967424 2097152 4294967296 805310512 131072 48 2305860601399738368 4295098368 3145728
65 1 191 1 264 1 34359738368 1073774656 786432 64 13835198792770519040 34360524800 4194304 51539607552 2147532928 262144 128 4611897124659920896 51539869696 8388608 17179869184 3221242048 524288 192 9223442405598953472 17180393472 12582912
66 1 192 1 265 1 137438953472 4295098624 3145728 256 562949953421312 137442099203 16777216 206158430208 8590131712 1048576 512 844424930131968 206159478785 33554432 68719476736 12884968192 2097152 768 281474976710656 68721573890 50331648
67 1 193 1 266 1 549755813888 17180394496 12582912 1024 2251799813685248 549768396812 67108864 824633720832 34360526848 4194304 2048 3377699720527872 824637915140 134217728 274877906944 51539872768 8388608 3072 1125899906842624 274886295560 201326592
68 1 194 1 267 1 2199023255552 68721577984 50331648 4096 9007199254740992 2199073587248 268435456 3298534883328 137442107392 16777216 8192 13510798882111488 3298551660560 536870912 1099511627776 206159491072 33554432 12288 4503599627370496 1099545182240 805306368
69 1 195 1 268 1 8796093022208 274886311936 201326592 16384 36028797018963968 8796294348992 1073741824 13194139533312 549768429568 67108864 32768 54043195528445952 13194206642240 2147483648 4398046511104 824637964288 134217728 49152 18014398509481984 4398180728960 3221225472
70 1 196 1 269 1 35184372088833 1099545247744 805306368 65536 144115188075855872 35185177395968 0 52776558133250 2199073718272 268435456 131072 216172782113783808 52776826568960 0 17592186044419 3298551857152 536870912 196608 72057594037927936 17592722915840 0
71 1 197 1 270 1 140737488355332 4398180990976 3221225472 262144 576460752303423488 140740709583872 0 211106232533000 8796294873088 1073741824 524288 864691128455135232 211107306275840 0 70368744177676 13194207428608 2147483648 786432 288230376151711744 70370891663360 0
72 1 198 1 271 1 562949953421328 17592723963904 12884901888 1048576 2305843009213693952 562962838335488 0 844424930132000 35185179492352 4294967296 2097152 3458764513820540928 844429225103360 0 281474976710704 52776829714432 8589934592 3145728 1152921504606846976 281483566653440 0
73 1 199 1 272 1 2251799813685312 70370895855616 51539607552 4194304 9223372036854775808 2251851353341952 0 3377699720528000 140740717969408 17179869184 8388608 13835058055282163712 3377716900413440 0 1125899906842816 211107318857728 34359738368 12582912 4611686018427387904 1125934266613760 0
74 1 200 1 273 1 9007199254741248 281483583422464 206158430208 16777216 0 9007405413367810 0 13510798882112000 562962871877632 68719476736 33554432 0 13510867601653763 0 4503599627371264 844429275430912 137438953472 50331648 0 4503737066455041 0
75 1 201 1 274 1 36028797018964992 1125934333689856 824633720832 67108864 0 36029621653471240 0 54043195528448000 2251851487510528 274877906944 134217728 0 54043470406615052 0 18014398509485056 3377717101723648 549755813888 201326592 0 18014948265820164 0
76 1 202 1 275 1 144115188075859968 4503737334759424 3298534883328 268435456 0 144118486613884960 0 216172782113792000 9007405950042112 1099511627776 536870912 0 216173881626460208 0 72057594037940224 13510868406894592 2199023255552 805306368 0 72059793063280656 0
77 1 203 1 276 1 576460752303439872 18014949339037696 13194139533312 1073741824 0 576473946455539840 0 864691128455168000 36029623800168448 4398046511104 2147483648 0 864695526505840832 0 288230376151760896 54043473627578368 8796093022208 3221225472 0 288239172253122624 0
78 1 204 1 277 1 2305843009213759488 72059797356150784 52776558133248 4294967296 0 2305895785822159360 0 3458764513820672000 144118495200673792 17592186044416 8589934592 0 3458782106023363328 0 1152921504607043584 216173894510313472 35184372088832 12884901888 0 1152956689012490496 0
79 1 205 1 278 1 9223372036855037952 288239189424603136 211106232532992 17179869184 0 9223583143288637440 0 13835058055282688000 576473980802695168 70368744177664 34359738368 0 13835128424093453312 0 4611686018428174336 864695578041253888 140737488355328 51539607552 0 4611826756049961984 0
80 1 206 1 279 1 1048576 1152956757698412546 844424930131968 68719476736 0 844425735446528 2 2097152 2305895923210780675 281474976710656 137438953472 0 281475245158400 3 3145728 3458782312165015553 562949953421312 206158430208 0 562950490296320 1
81 1 207 1 280 1 4194304 4611827030793650184 3377699720527872 274877906944 0 3377702941786112 8 8388608 9223583692843122700 1125899906842624 549755813888 0 1125900980633600 12 12582912 13835129248660062212 2251799813685248 824633720832 0 2251801961185280 4
82 1 104 1 281 1 16777216 564049465049120 13510798882111489 1099511627776 0 13510811767144448 32 33554432 846623953387568 4503599627370498 2199023255552 0 4503603922534400 48 50331648 284773511594000 9007199254740995 3298534883328 0 9007207844741120 16
83 1 105 1 282 1 67108864 2256197860196480 54043195528445956 4398046511104 0 54043247068577792 128 134217728 3386495813550272 18014398509481992 8796093022208 0 18014415690137600 192 201326592 1139094046376000 36028797018963980 13194139533312 0 36028831378964480 64
84 1 106 1 283 1 268435456 9024791440785920 216172782113783824 17592186044416 0 216172988274311168 512 536870912 13545983254201088 72057594037927968 35184372088832 0 72057662760550400 768 805306368 4556376185504000 144115188075855920 52776558133248 0 144115325515857920 256
85 1 107 1 284 1 1073741824 36099165763143680 864691128455135296 70368744177664 0 864691953097244672 2048 2147483648 54183933016804352 288230376151711872 140737488355328 0 288230651042201600 3072 3221225472 18225504742016000 576460752303423680 211106232532992 0 576461302063431680 1024
86 1 108 1 285 1 4294967296 144396663052574720 3458764513820541184 281474976710656 0 3458767812388978688 8192 8589934592 216735732067217408 1152921504606847488 562949953421312 0 1152922604168806400 12288 12884901888 72902018968064000 2305843009213694720 844424930131968 0 2305845208253726720 4096
87 1 109 1 286 1 17179869184 577586652210298880 13835058055282164736 1125899906842624 0 13835071249555914752 32768 34359738368 866942928268869632 4611686018427389952 2251799813685248 0 4611690416675225600 49152 51539607552 291608075872256000 9223372036854778880 3377699720527872 0 9223380833014906880 16384
88 1 110 1 287 1 68719476736 2310346608841195520 4096 4503599627370499 0 52777095004160 131075 137438953472 3467771713075478528 8192 9007199254740993 0 17592991350784 196609 206158430208 1166432303489024000 12288 13510798882111490 0 35184640524288 65538
89 1 111 1 288 1 274877906944 9241386435364782080 16384 18014398509481996 0 211108380016640 524300 549755813888 13871086852301914112 32768 36028797018963972 0 70371965403136 786436 824633720832 4665729213956096000 49152 54043195528445960 0 140738562097152 262152
90 1 112 1 289 1 1099511627776 72057594040025088 65538 72057594037927984 0 844433520066560 2097200 2199023255552 144115188079001600 131075 144115188075855888 0 281487861612544 3145744 3298534883328 216172782114832384 196609 216172782113783840 0 562954248388608 1048608
91 1 113 1 290 1 4398046511104 288230376160100352 262152 288230376151711936 0 3377734080266240 8388800 8796093022208 576460752316006400 524300 576460752303423552 0 1125951446450176 12582976 13194139533312 864691128459329536 786436 864691128455135360 0 2251816993554432 4194432
92 1 114 1 291 1 17592186044416 1152921504640401408 1048608 1152921504606847744 0 13510936321064960 33555200 35184372088832 2305843009264025600 2097200 2305843009213694208 0 4503805785800704 50331904 52776558133248 3458764513837318144 3145744 3458764513820541440 0 9007267974217728 16777728
93 1 115 1 292 1 70368744177664 4611686018561605632 4194432 4611686018427390976 0 54043745284259840 134220800 140737488355328 9223372037056102400 8388800 9223372036854776832 0 18015223143202816 201327616 211106232532992 13835058055349272576 12582976 13835058055282165760 0 36029071896870912 67110912
94 1 116 1 293 1 281474976710656 536870912 16777729 12288 1 216174981137039360 536883200 562949953421312 805306368 33555202 4096 2 72060892572811264 805310464 844424930131968 268435456 50331907 8192 3 144116287587483648 268443648
95 1 117 1 294 1 1125899906842624 2147483648 67110916 49152 4 864699924548157440 2147532800 2251799813685248 3221225472 134220808 16384 8 288243570291245056 3221241856 3377699720527872 1073741824 201327628 32768 12 576465150349934592 1073774592
96 1 118 1 295 1 4503599627370499 8589934592 268443664 131072 16 3458799698192629760 196608 9007199254740993 12884901888 536883232 196608 32 1152974281164980224 65536 13510798882111490 4294967296 805310512 65536 48 2305860601399738368 131072
97 1 119 1 296 1 18014398509481996 34359738368 1073774656 524288 64 13835198792770519040 786432 36028797018963972 51539607552 2147532928 786432 128 4611897124659920896 262144 54043195528445960 17179869184 3221242048 262144 192 9223442405598953472 524288
98 1 120 1 297 1 72057594037927984 137438953472 4295098624 2097152 256 562949953421312 3145731 144115188075855888 206158430208 8590131712 3145728 512 844424930131968 1048577 216172782113783840 68719476736 12884968192 1048576 768 281474976710656 2097154
99 1 121 1 298 1 288230376151711936 549755813888 17180394496 8388608 1024 2251799813685248 12582924 576460752303423552 824633720832 34360526848 12582912 2048 3377699720527872 4194308 864691128455135360 274877906944 51539872768 4194304 3072 1125899906842624 8388616
100 1 122 1 299 1 1152921504606847744 2199023255552 68721577984 33554432 4096 9007199254740992 50331696 2305843009213694208 3298534883328 137442107392 50331648 8192 13510798882111488 16777232 3458764513820541440 1099511627776 206159491072 16777216 12288 4503599627370496 33554464
101 1 123 1 300 1 4611686018427390976 8796093022208 274886311936 134217728 16384 36028797018963968 201326784 9223372036854776832 13194139533312 549768429568 201326592 32768 54043195528445952 67108928 13835058055282165760 4398046511104 824637964288 67108864 49152 18014398509481984 134217856
102 1 124 1 301 1 12288 35184372088833 1099545247744 536870912 65536 144115188075855872 805307136 4096 52776558133250 2199073718272 805306368 131072 216172782113783808 268435712 8192 17592186044419 3298551857152 268435456 196608 72057594037927936 536871424
103 1 125 1 302 1 49152 140737488355332 4398180990976 2147483648 262144 576460752303423488 3221228544 16384 211106232533000 8796294873088 3221225472 524288 864691128455135232 1073742848 32768 70368744177676 13194207428608 1073741824 786432 288230376151711744 2147485696
0 1 200 1 274 1 0 0 0 0 3145728 1152921504606846976 0 0 0 0 0 1048576 2305843009213693952 0 0 0 0 0 2097152 3458764513820540928 0
1 1 201 1 275 1 0 0 0 0 12582912 4611686018427387904 0 0 0 0 0 4194304 9223372036854775808 0 0 0 0 0 8388608 13835058055282163712 0
2 1 202 1 276 1 0 0 0 0 50331648 0 1 0 0 0 0 16777216 0 2 0 0 0 0 33554432 0 3
3 1 203 1 277 1 0 0 0 0 201326592 0 4 0 0 0 0 67108864 0 8 0 0 0 0 134217728 0 12
4 1 204 1 278 1 0 0 0 0 805306368 0 16 0 0 0 0 268435456 0 32 0 0 0 0 536870912 0 48
5 1 205 1 279 1 0 0 0 0 3221225472 0 64 0 0 0 0 1073741824 0 128 0 0 0 0 2147483648 0 192
6 1 206 1 280 1 0 0 0 0 12884901888 0 256 0 0 0 0 4294967296 0 512 0 0 0 0 8589934592 0 768
7 1 207 1 281 1 0 0 0 0 51539607552 0 1024 0 0 0 0 17179869184 0 2048 0 0 0 0 34359738368 0 3072
8 1 104 1 282 1 0 0 0 0 206158430208 0 4096 0 0 0 0 68719476736 0 8192 0 0 0 0 137438953472 0 12288
9 1 105 1 283 1 0 0 0 0 824633720832 0 16384 0 0 0 0 274877906944 0 32768 0 0 0 0 549755813888 0 49152
10 1 106 1 284 1 0 0 0 0 3298534883328 0 65536 0 0 0 0 1099511627776 0 131072 0 0 0 0 2199023255552 0 196608
11 1 107 1 285 1 0 0 0 0 13194139533312 0 262144 0 0 0 0 4398046511104 0 524288 0 0 0 0 8796093022208 0 786432
12 1 108 1 286 1 0 0 0 0 52776558133248 0 1048576 0 0 0 0 17592186044416 0 2097152 0 0 0 0 35184372088832 0 3145728
13 1 109 1 287 1 0 0 0 0 211106232532992 0 4194304 0 0 0 0 70368744177664 0 8388608 0 0 0 0 140737488355328 0 12582912
14 1 110 1 288 1 0 0 0 0 844424930131968 0 16777216 0 0 0 0 281474976710656 0 33554432 0 0 0 0 562949953421312 0 50331648
15 1 111 1 289 1 0 0 0 0 3377699720527872 0 67108864 0 0 0 0 1125899906842624 0 134217728 0 0 0 0 2251799813685248 0 201326592
16 1 112 1 290 1 0 0 0 0 13510798882111488 0 268435456 0 0 0 0 4503599627370496 0 536870912 0 0 0 0 9007199254740992 0 805306368
17 1 113 1 291 1 0 0 0 0 54043195528445952 0 1073741824 0 0 0 0 18014398509481984 0 2147483648 0 0 0 0 36028797018963968 0 3221225472
18 1 114 1 292 1 0 0 0 65536 216172782113783808 0 0 0 0 0 131072 72057594037927936 0 0 0 0 0 196608 144115188075855872 0 0
19 1 115 1 293 1 0 0 0 262144 864691128455135232 0 0 0 0 0 524288 288230376151711744 0 0 0 0 0 786432 576460752303423488 0 0
20 1 116 1 294 1 0 0 0 1048576 3458764513820540928 0 0 0 0 0 2097152 1152921504606846976 0 0 0 0 0 3145728 2305843009213693952 0 0
21 1 117 1 295 1 0 0 0 4194304 13835058055282163712 0 0 0 0 0 8388608 4611686018427387904 0 0 0 0 0 12582912 9223372036854775808 0 0
22 1 118 1 296 1 0 0 0 16777216 0 3 0 0 0 0 33554432 0 1 0 0 0 0 50331648 0 2 0
23 1 119 1 297 1 0 0 0 67108864 0 12 0 0 0 0 134217728 0 4 0 0 0 0 201326592 0 8 0
24 1 120 1 298 1 0 0 0 268435456 0 48 0 0 0 0 536870912 0 16 0 0 0 0 805306368 0 32 0
25 1 121 1 299 1 0 0 0 1073741824 0 192 0 0 0 0 2147483648 0 64 0 0 0 0 3221225472 0 128 0
26 1 122 1 300 1 0 0 0 4294967296 0 768 0 0 0 0 8589934592 0 256 0 0 0 0 12884901888 0 512 0
27 1 123 1 301 1 0 0 0 17179869184 0 3072 0 0 0 0 34359738368 0 1024 0 0 0 0 51539607552 0 2048 0
28 1 124 1 302 1 0 0 0 68719476736 0 12288 0 0 0 0 137438953472 0 4096 0 0 0 0 206158430208 0 8192 0
29 1 125 1 303 1 0 0 0 274877906944 0 49152 0 0 0 0 549755813888 0 16384 0 0 0 0 824633720832 0 32768 0
30 1 126 1 304 1 0 0 0 1099511627776 0 196608 0 0 0 0 2199023255552 0 65536 0 0 0 0 3298534883328 0 131072 0
31 1 127 1 305 1 0 0 0 4398046511104 0 786432 0 0 0 0 8796093022208 0 262144 0 0 0 0 13194139533312 0 524288 0
32 1 128 1 306 1 0 0 0 17592186044416 0 3145728 0 0 0 0 35184372088832 0 1048576 0 0 0 0 52776558133248 0 2097152 0
33 1 129 1 307 1 0 0 0 70368744177664 0 12582912 0 0 0 0 140737488355328 0 4194304 0 0 0 0 211106232532992 0 8388608 0
34 1 130 1 308 1 0 0 0 281474976710656 0 50331648 0 0 0 0 562949953421312 0 16777216 0 0 0 0 844424930131968 0 33554432 0
35 1 131 1 309 1 0 0 0 1125899906842624 0 201326592 0 0 0 0 2251799813685248 0 67108864 0 0 0 0 3377699720527872 0 134217728 0
36 1 132 1 310 1 0 0 0 4503599627370496 0 805306368 0 0 0 0 9007199254740992 0 268435456 0 0 0 0 13510798882111488 0 536870912 0
37 1 133 1 311 1 0 0 0 18014398509481984 0 3221225472 0 0 0 0 36028797018963968 0 1073741824 0 0 0 0 54043195528445952 0 2147483648 0
38 1 134 1 208 1 0 0 0 72057594037927936 0 12884901888 0 0 0 0 144115188075855872 0 4294967296 0 0 0 0 216172782113783808 0 8589934592 0
39 1 135 1 209 1 0 0 0 288230376151711744 0 51539607552 0 0 0 0 576460752303423488 0 17179869184 0 0 0 0 864691128455135232 0 34359738368 0
40 1 136 1 210 1 0 0 0 1152921504606846976 0 206158430208 0 0 0 0 2305843009213693952 0 68719476736 0 0 0 0 3458764513820540928 0 137438953472 0
41 1 137 1 211 1 0 0 0 4611686018427387904 0 824633720832 0 0 0 0 9223372036854775808 0 274877906944 0 0 0 0 13835058055282163712 0 549755813888 0
42 1 138 1 212 1 0 0 0 0 1 3298534883328 0 0 0 0 0 2 1099511627776 0 0 0 0 0 3 2199023255552 0
43 1 139 1 213 1 0 0 0 0 4 13194139533312 0 0 0 0 0 8 4398046511104 0 0 0 0 0 12 8796093022208 0
44 1 140 1 214 1 0 0 0 0 16 52776558133248 0 0 0 0 0 32 17592186044416 0 0 0 0 0 48 35184372088832 0
45 1 141 1 215 1 0 0 0 0 64 211106232532992 0 0 0 0 0 128 70368744177664 0 0 0 0 0 192 140737488355328 0
46 1 142 1 216 1 0 0 0 0 256 844424930131968 0 0 0 0 0 512 281474976710656 0 0 0 0 0 768 562949953421312 0
47 1 143 1 217 1 0 0 0 0 1024 3377699720527872 0 0 0 0 0 2048 1125899906842624 0 0 0 0 0 3072 2251799813685248 0
48 1 144 1 218 1 0 0 0 0 4096 13510798882111488 0 0 0 0 0 8192 4503599627370496 0 0 0 0 0 12288 9007199254740992 0
49 1 145 1 219 1 0 0 0 0 16384 54043195528445952 0 0 0 0 0 32768 18014398509481984 0 0 0 0 0 49152 36028797018963968 0
50 1 146 1 220 1 0 0 0 0 65536 216172782113783808 0 0 0 0 0 131072 72057594037927936 0 0 0 0 0 196608 144115188075855872 0
51 1 147 1 221 1 0 0 0 0 262144 864691128455135232 0 0 0 0 0 524288 288230376151711744 0 0 0 0 0 786432 576460752303423488 0
52 1 148 1 222 1 0 0 0 0 1048576 3458764513820540928 0 0 0 0 0 2097152 1152921504606846976 0 0 0 0 0 3145728 2305843009213693952 0
53 1 149 1 223 1 0 0 0 0 4194304 13835058055282163712 0 0 0 0 0 8388608 4611686018427387904 0 0 0 0 0 12582912 9223372036854775808 0
54 1 150 1 224 1 0 0 0 0 16777216 0 3 0 0 0 0 33554432 0 1 0 0 0 0 50331648 0 2
55 1 151 1 225 1 0 0 0 0 67108864 0 12 0 0 0 0 134217728 0 4 0 0 0 0 201326592 0 8
56 1 152 1 226 1 0 0 0 0 268435456 0 48 0 0 0 0 536870912 0 16 0 0 0 0 805306368 0 32
57 1 153 1 227 1 0 0 0 0 1073741824 0 192 0 0 0 0 2147483648 0 64 0 0 0 0 3221225472 0 128
58 1 154 1 228 1 0 0 0 0 4294967296 0 768 0 0 0 0 8589934592 0 256 0 0 0 0 12884901888 0 512
59 1 155 1 229 1 0 0 0 0 17179869184 0 3072 0 0 0 0 34359738368 0 1024 0 0 0 0 51539607552 0 2048
60 1 156 1 230 1 0 0 0 0 68719476736 0 12288 0 0 0 0 137438953472 0 4096 0 0 0 0 206158430208 0 8192
61 1 157 1 231 1 0 0 0 0 274877906944 0 49152 0 0 0 0 549755813888 0 16384 0 0 0 0 824633720832 0 32768
62 1 158 1 232 1 0 0 0 0 1099511627776 0 196608 0 0 0 0 2199023255552 0 65536 0 0 0 0 3298534883328 0 131072
63 1 159 1 233 1 0 0 0 0 4398046511104 0 786432 0 0 0 0 8796093022208 0 262144 0 0 0 0 13194139533312 0 524288
64 1 160 1 234 1 0 0 0 0 17592186044416 0 3145728 0 0 0 0 35184372088832 0 1048576 0 0 0 0 52776558133248 0 2097152
65 1 161 1 235 1 0 0 0 0 70368744177664 0 12582912 0 0 0 0 140737488355328 0 4194304 0 0 0 0 211106232532992 0 8388608
66 1 162 1 236 1 0 0 0 0 281474976710656 0 50331648 0 0 0 0 562949953421312 0 16777216 0 0 0 0 844424930131968 0 33554432
67 1 163 1 237 1 0 0 0 0 1125899906842624 0 201326592 0 0 0 0 2251799813685248 0 67108864 0 0 0 0 3377699720527872 0 134217728
68 1 164 1 238 1 0 0 0 0 4503599627370496 0 805306368 0 0 0 0 9007199254740992 0 268435456 0 0 0 0 13510798882111488 0 536870912
69 1 165 1 239 1 0 0 0 0 18014398509481984 0 3221225472 0 0 0 0 36028797018963968 0 1073741824 0 0 0 0 54043195528445952 0 2147483648
70 1 166 1 240 1 0 0 0 196608 72057594037927936 0 0 0 0 0 65536 144115188075855872 0 0 0 0 0 131072 216172782113783808 0 0
71 1 167 1 241 1 0 0 0 786432 288230376151711744 0 0 0 0 0 262144 576460752303423488 0 0 0 0 0 524288 864691128455135232 0 0
72 1 168 1 242 1 0 0 0 3145728 1152921504606846976 0 0 0 0 0 1048576 2305843009213693952 0 0 0 0 0 2097152 3458764513820540928 0 0
73 1 169 1 243 1 0 0 0 12582912 4611686018427387904 0 0 0 0 0 4194304 9223372036854775808 0 0 0 0 0 8388608 13835058055282163712 0 0
74 1 170 1 244 1 0 0 0 50331648 0 1 0 0 0 0 16777216 0 2 0 0 0 0 33554432 0 3 0
75 1 171 1 245 1 0 0 0 201326592 0 4 0 0 0 0 67108864 0 8 0 0 0 0 134217728 0 12 0
76 1 172 1 246 1 0 0 0 805306368 0 16 0 0 0 0 268435456 0 32 0 0 0 0 536870912 0 48 0
77 1 173 1 247 1 0 0 0 3221225472 0 64 0 0 0 0 1073741824 0 128 0 0 0 0 2147483648 0 192 0
78 1 174 1 248 1 0 0 0 12884901888 0 256 0 0 0 0 4294967296 0 512 0 0 0 0 8589934592 0 768 0
79 1 175 1 249 1 0 0 0 51539607552 0 1024 0 0 0 0 17179869184 0 2048 0 0 0 0 34359738368 0 3072 0
80 1 176 1 250 1 0 0 0 206158430208 0 4096 0 0 0 0 68719476736 0 8192 0 0 0 0 137438953472 0 12288 0
81 1 177 1 251 1 0 0 0 824633720832 0 16384 0 0 0 0 274877906944 0 32768 0 0 0 0 549755813888 0 49152 0
82 1 178 1 252 1 0 0 0 3298534883328 0 65536 0 0 0 0 1099511627776 0 131072 0 0 0 0 2199023255552 0 196608 0
83 1 179 1 253 1 0 0 0 13194139533312 0 262144 0 0 0 0 4398046511104 0 524288 0 0 0 0 8796093022208 0 786432 0
84 1 180 1 254 1 0 0 0 52776558133248 0 1048576 0 0 0 0 17592186044416 0 2097152 0 0 0 0 35184372088832 0 3145728 0
85 1 181 1 255 1 0 0 0 211106232532992 0 4194304 0 0 0 0 70368744177664 0 8388608 0 0 0 0 140737488355328 0 12582912 0
86 1 182 1 256 1 0 0 0 844424930131968 0 16777216 0 0 0 0 281474976710656 0 33554432 0 0 0 0 562949953421312 0 50331648 0
87 1 183 1 257 1 0 0 0 3377699720527872 0 67108864 0 0 0 0 1125899906842624 0 134217728 0 0 0 0 2251799813685248 0 201326592 0
88 1 184 1 258 1 0 0 0 13510798882111488 0 268435456 0 0 0 0 4503599627370496 0 536870912 0 0 0 0 9007199254740992 0 805306368 0
89 1 185 1 259 1 0 0 0 54043195528445952 0 1073741824 0 0 0 0 18014398509481984 0 2147483648 0 0 0 0 36028797018963968 0 3221225472 0
90 1 186 1 260 1 0 0 0 216172782113783808 0 4294967296 0 0 0 0 72057594037927936 0 8589934592 0 0 0 0 144115188075855872 0 12884901888 0
91 1 187 1 261 1 0 0 0 864691128455135232 0 17179869184 0 0 0 0 288230376151711744 0 34359738368 0 0 0 0 576460752303423488 0 51539607552 0
92 1 188 1 262 1 0 0 0 3458764513820540928 0 68719476736 0 0 0 0 1152921504606846976 0 137438953472 0 0 0 0 2305843009213693952 0 206158430208 0
93 1 189 1 263 1 0 0 0 13835058055282163712 0 274877906944 0 0 0 0 4611686018427387904 0 549755813888 0 0 0 0 9223372036854775808 0 824633720832 0
94 1 190 1 264 1 0 0 0 0 3 1099511627776 0 0 0 0 0 1 2199023255552 0 0 0 0 0 2 3298534883328 0
95 1 191 1 265 1 0 0 0 0 12 4398046511104 0 0 0 0 0 4 8796093022208 0 0 0 0 0 8 13194139533312 0
96 1 192 1 266 1 0 0 0 0 48 17592186044416 0 0 0 0 0 16 35184372088832 0 0 0 0 0 32 52776558133248 0
97 1 193 1 267 1 0 0 0 0 192 70368744177664 0 0 0 0 0 64 140737488355328 0 0 0 0 0 128 211106232532992 0
98 1 194 1 268 1 0 0 0 0 768 281474976710656 0 0 0 0 0 256 562949953421312 0 0 0 0 0 512 844424930131968 0
99 1 195 1 269 1 0 0 0 0 3072 1125899906842624 0 0 0 0 0 1024 2251799813685248 0 0 0 0 0 2048 3377699720527872 0
100 1 196 1 270 1 0 0 0 0 12288 4503599627370496 0 0 0 0 0 4096 9007199254740992 0 0 0 0 0 8192 13510798882111488 0
101 1 197 1 271 1 0 0 0 0 49152 18014398509481984 0 0 0 0 0 16384 36028797018963968 0 0 0 0 0 32768 54043195528445952 0
102 1 198 1 272 1 0 0 0 0 196608 72057594037927936 0 0 0 0 0 65536 144115188075855872 0 0 0 0 0 131072 216172782113783808 0
103 1 199 1 273 1 0 0 0 0 786432 288230376151711744 0 0 0 0 0 262144 576460752303423488 0 0 0 0 0 524288 864691128455135232 0
