768 288 6 96
0 1 96 1 192 1 33554432 72057594037927936 1099511627776 562949953421314 72057606922830592 3298535079936 50331648 144115188075855872 2199023255552 844424930131971 144115192370823424 1099511693312 16777216 216172782113783808 3298534883328 281474976710657 216172790703718912 2199023386624
1 1 97 1 193 1 134217728 288230376151711744 4398046511104 2251799813685256 288230427691322368 13194140319744 201326592 576460752303423488 8796093022208 3377699720527884 576460769483293696 4398046773248 67108864 864691128455135232 13194139533312 1125899906842628 864691162814875648 8796093546496
2 1 98 1 194 1 536870912 1152921504606846976 17592186044416 9007199254741024 1152921710765289472 52776561278976 805306368 2305843009213693952 35184372088832 13510798882111536 2305843077933174784 17592187092992 268435456 3458764513820540928 52776558133248 4503599627370512 3458764651259502592 35184374185984
3 1 99 1 195 1 2147483648 4611686018427387904 70368744177664 36028797018964096 4611686843061157888 211106245115904 3221225472 9223372036854775808 140737488355328 54043195528446144 9223372311732699136 70368748371968 1073741824 13835058055282163712 211106232532992 18014398509482048 13835058605038010368 140737496743936
4 1 100 1 196 1 8589934592 0 281474976710657 144115188075856384 3298535079936 844424980463617 12884901888 0 562949953421314 216172782113784576 1099511693312 281474993487874 4294967296 0 844424930131971 72057594037928192 2199023386624 562949986975747
5 1 101 1 197 1 34359738368 0 1125899906842628 576460752303425536 13194140319744 3377699921854468 51539607552 0 2251799813685256 864691128455138304 4398046773248 1125899973951496 17179869184 0 3377699720527884 288230376151712768 8796093546496 2251799947902988
6 1 102 1 198 1 137438953472 0 4503599627370512 2305843009213702144 52776561278976 13510799687417872 206158430208 0 9007199254741024 3458764513820553216 17592187092992 4503599895805984 68719476736 0 13510798882111536 1152921504606851072 35184374185984 9007199791611952
7 1 103 1 199 1 549755813888 0 18014398509482048 9223372036854808576 211106245115904 54043198749671488 824633720832 0 36028797018964096 13835058055282212864 70368748371968 18014399583223936 274877906944 0 54043195528446144 4611686018427404288 140737496743936 36028799166447808
8 1 104 1 200 1 2199023255552 0 72057594037928192 131072 844424980463618 216172794998685952 3298534883328 0 144115188075856384 196608 281474993487875 72057598332895744 1099511627776 0 216172782113784576 65536 562949986975745 144115196665791232
9 1 105 1 201 1 8796093022208 0 288230376151712768 524288 3377699921854472 864691179994743808 13194139533312 0 576460752303425536 786432 1125899973951500 288230393331582976 4398046511104 0 864691128455138304 262144 2251799947902980 576460786663164928
10 1 106 1 202 1 35184372088832 0 1152921504606851072 2097152 13510799687417888 3458764719978975232 52776558133248 0 2305843009213702144 3145728 4503599895806000 1152921573326331904 17592186044416 0 3458764513820553216 1048576 9007199791611920 2305843146652659712
11 1 107 1 203 1 140737488355328 0 4611686018427404288 8388608 54043198749671552 13835058879915900928 211106232532992 0 9223372036854808576 12582912 18014399583224000 4611686293305327616 70368744177664 0 13835058055282212864 4194304 36028799166447680 9223372586610638848
12 1 108 1 204 1 562949953421313 0 65536 33554435 216172794998686208 3298534948864 844424930131970 0 131072 50331649 72057598332896000 1099511758848 281474976710659 0 196608 16777218 144115196665790720 2199023452160
13 1 109 1 205 1 2251799813685252 0 262144 134217740 864691179994744832 13194139795456 3377699720527880 0 524288 201326596 288230393331584000 4398047035392 1125899906842636 0 786432 67108872 576460786663162880 8796093808640
14 1 110 1 206 1 9007199254741008 0 1048576 536870960 3458764719978979328 52776559181824 13510798882111520 0 2097152 805306384 1152921573326336000 17592188141568 4503599627370544 0 3145728 268435488 2305843146652651520 35184375234560
15 1 111 1 207 1 36028797018964032 0 4194304 2147483840 13835058879915917312 211106236727296 54043195528446080 0 8388608 3221225536 4611686293305344000 70368752566272 18014398509482176 0 12582912 1073741952 9223372586610606080 140737500938240
16 1 112 1 208 1 144115188075856128 0 16777216 8589935360 3298535014400 844424946909187 216172782113784320 0 33554432 12884902144 1099511824384 281475010265089 72057594037928704 0 50331648 4294967808 2199023321088 562950003752962
17 1 113 1 209 1 576460752303424512 0 67108864 34359741440 13194140057600 3377699787636748 864691128455137280 0 134217728 51539608576 4398047297536 1125900041060356 288230376151714816 0 201326592 17179871232 8796093284352 2251800015011848
18 1 114 1 210 1 2305843009213698048 0 268435456 137438965760 52776560230400 13510799150546992 3458764513820549120 0 536870912 206158434304 17592189190144 4503600164241424 1152921504606859264 0 805306368 68719484928 35184373137408 9007200060047392
19 1 115 1 211 1 9223372036854792192 0 1073741824 549755863040 211106240921600 54043196602187968 13835058055282196480 0 2147483648 824633737216 70368756760576 18014400656965696 4611686018427437056 0 3221225472 274877939712 140737492549632 36028800240189568
20 1 116 1 212 1 65536 2 4294967296 2199023452160 844424963686400 216172786408751872 131072 3 8589934592 3298534948864 281475027042304 72057602627862784 196608 1 12884901888 1099511758848 562949970198528 144115200960758272
21 1 117 1 213 1 262144 8 17179869184 8796093808640 3377699854745600 864691145635007488 524288 12 34359738368 13194139795456 1125900108169216 288230410511451136 786432 4 51539607552 4398047035392 2251799880794112 576460803843033088
22 1 118 1 214 1 1048576 32 68719476736 35184375234560 13510799418982400 3458764582540029952 2097152 48 137438953472 52776559181824 4503600432676864 1152921642045804544 3145728 16 206158430208 17592188141568 9007199523176448 2305843215372132352
23 1 119 1 215 1 4194304 128 274877906944 140737500938240 54043197675929600 13835058330160119808 8388608 192 549755813888 211106236727296 18014401730707456 4611686568183218176 12582912 64 824633720832 70368752566272 36028798092705792 9223372861488529408
24 1 120 1 216 1 16777216 512 1099511627776 562950003752963 216172790703718400 1099511824384 33554432 768 2199023255552 844424946909185 72057606922829824 2199023321088 50331648 256 3298534883328 281475010265090 144115192370823168 3298535014400
25 1 121 1 217 1 67108864 2048 4398046511104 2251800015011852 864691162814873600 4398047297536 134217728 3072 8796093022208 3377699787636740 288230427691319296 8796093284352 201326592 1024 13194139533312 1125900041060360 576460769483292672 13194140057600
26 1 122 1 218 1 268435456 8192 17592186044416 9007200060047408 3458764651259494400 17592189190144 536870912 12288 35184372088832 13510799150546960 1152921710765277184 35184373137408 805306368 4096 52776558133248 4503600164241440 2305843077933170688 52776560230400
27 1 123 1 219 1 1073741824 32768 70368744177664 36028800240189632 13835058605037977600 70368756760576 2147483648 49152 140737488355328 54043196602187840 4611686843061108736 140737492549632 3221225472 16384 211106232532992 18014400656965760 9223372311732682752 211106240921600
28 1 124 1 220 1 4294967296 131072 281474976710656 144115200960758528 2199023255552 281475027042307 8589934592 196608 562949953421312 216172786408751360 3298534883328 562949970198529 12884901888 65536 844424930131968 72057602627863040 1099511627776 844424963686402
29 1 125 1 221 1 17179869184 524288 1125899906842624 576460803843034112 8796093022208 1125900108169228 34359738368 786432 2251799813685248 864691145635005440 13194139533312 2251799880794116 51539607552 262144 3377699720527872 288230410511452160 4398046511104 3377699854745608
30 1 126 1 222 1 68719476736 2097152 4503599627370496 2305843215372136448 35184372088832 4503600432676912 137438953472 3145728 9007199254740992 3458764582540021760 52776558133248 9007199523176464 206158430208 1048576 13510798882111488 1152921642045808640 17592186044416 13510799418982432
31 1 127 1 223 1 274877906944 8388608 18014398509481984 9223372861488545792 140737488355328 18014401730707648 549755813888 12582912 36028797018963968 13835058330160087040 211106232532992 36028798092705856 824633720832 4194304 54043195528445952 4611686568183234560 70368744177664 54043197675929728
32 1 128 1 224 1 1099511627776 33554432 72057594037927936 3298535079936 562949953421314 72057606922830592 2199023255552 50331648 144115188075855872 1099511693312 844424930131971 144115192370823424 3298534883328 16777216 216172782113783808 2199023386624 281474976710657 216172790703718912
33 1 129 1 225 1 4398046511104 134217728 288230376151711744 13194140319744 2251799813685256 288230427691322368 8796093022208 201326592 576460752303423488 4398046773248 3377699720527884 576460769483293696 13194139533312 67108864 864691128455135232 8796093546496 1125899906842628 864691162814875648
34 1 130 1 226 1 17592186044416 536870912 1152921504606846976 52776561278976 9007199254741024 1152921710765289472 35184372088832 805306368 2305843009213693952 17592187092992 13510798882111536 2305843077933174784 52776558133248 268435456 3458764513820540928 35184374185984 4503599627370512 3458764651259502592
35 1 131 1 227 1 70368744177664 2147483648 4611686018427387904 211106245115904 36028797018964096 4611686843061157888 140737488355328 3221225472 9223372036854775808 70368748371968 54043195528446144 9223372311732699136 211106232532992 1073741824 13835058055282163712 140737496743936 18014398509482048 13835058605038010368
36 1 132 1 228 1 281474976710657 8589934592 0 844424980463617 144115188075856384 3298535079936 562949953421314 12884901888 0 281474993487874 216172782113784576 1099511693312 844424930131971 4294967296 0 562949986975747 72057594037928192 2199023386624
37 1 133 1 229 1 1125899906842628 34359738368 0 3377699921854468 576460752303425536 13194140319744 2251799813685256 51539607552 0 1125899973951496 864691128455138304 4398046773248 3377699720527884 17179869184 0 2251799947902988 288230376151712768 8796093546496
38 1 134 1 230 1 4503599627370512 137438953472 0 13510799687417872 2305843009213702144 52776561278976 9007199254741024 206158430208 0 4503599895805984 3458764513820553216 17592187092992 13510798882111536 68719476736 0 9007199791611952 1152921504606851072 35184374185984
39 1 135 1 231 1 18014398509482048 549755813888 0 54043198749671488 9223372036854808576 211106245115904 36028797018964096 824633720832 0 18014399583223936 13835058055282212864 70368748371968 54043195528446144 274877906944 0 36028799166447808 4611686018427404288 140737496743936
40 1 136 1 232 1 72057594037928192 2199023255552 0 216172794998685952 131072 844424980463618 144115188075856384 3298534883328 0 72057598332895744 196608 281474993487875 216172782113784576 1099511627776 0 144115196665791232 65536 562949986975745
41 1 137 1 233 1 288230376151712768 8796093022208 0 864691179994743808 524288 3377699921854472 576460752303425536 13194139533312 0 288230393331582976 786432 1125899973951500 864691128455138304 4398046511104 0 576460786663164928 262144 2251799947902980
42 1 138 1 234 1 1152921504606851072 35184372088832 0 3458764719978975232 2097152 13510799687417888 2305843009213702144 52776558133248 0 1152921573326331904 3145728 4503599895806000 3458764513820553216 17592186044416 0 2305843146652659712 1048576 9007199791611920
43 1 139 1 235 1 4611686018427404288 140737488355328 0 13835058879915900928 8388608 54043198749671552 9223372036854808576 211106232532992 0 4611686293305327616 12582912 18014399583224000 13835058055282212864 70368744177664 0 9223372586610638848 4194304 36028799166447680
44 1 140 1 236 1 65536 562949953421313 0 3298534948864 33554435 216172794998686208 131072 844424930131970 0 1099511758848 50331649 72057598332896000 196608 281474976710659 0 2199023452160 16777218 144115196665790720
45 1 141 1 237 1 262144 2251799813685252 0 13194139795456 134217740 864691179994744832 524288 3377699720527880 0 4398047035392 201326596 288230393331584000 786432 1125899906842636 0 8796093808640 67108872 576460786663162880
46 1 142 1 238 1 1048576 9007199254741008 0 52776559181824 536870960 3458764719978979328 2097152 13510798882111520 0 17592188141568 805306384 1152921573326336000 3145728 4503599627370544 0 35184375234560 268435488 2305843146652651520
47 1 143 1 239 1 4194304 36028797018964032 0 211106236727296 2147483840 13835058879915917312 8388608 54043195528446080 0 70368752566272 3221225536 4611686293305344000 12582912 18014398509482176 0 140737500938240 1073741952 9223372586610606080
48 1 144 1 240 1 16777216 144115188075856128 0 844424946909187 8589935360 3298535014400 33554432 216172782113784320 0 281475010265089 12884902144 1099511824384 50331648 72057594037928704 0 562950003752962 4294967808 2199023321088
49 1 145 1 241 1 67108864 576460752303424512 0 3377699787636748 34359741440 13194140057600 134217728 864691128455137280 0 1125900041060356 51539608576 4398047297536 201326592 288230376151714816 0 2251800015011848 17179871232 8796093284352
50 1 146 1 242 1 268435456 2305843009213698048 0 13510799150546992 137438965760 52776560230400 536870912 3458764513820549120 0 4503600164241424 206158434304 17592189190144 805306368 1152921504606859264 0 9007200060047392 68719484928 35184373137408
51 1 147 1 243 1 1073741824 9223372036854792192 0 54043196602187968 549755863040 211106240921600 2147483648 13835058055282196480 0 18014400656965696 824633737216 70368756760576 3221225472 4611686018427437056 0 36028800240189568 274877939712 140737492549632
52 1 148 1 244 1 4294967296 65536 2 216172786408751872 2199023452160 844424963686400 8589934592 131072 3 72057602627862784 3298534948864 281475027042304 12884901888 196608 1 144115200960758272 1099511758848 562949970198528
53 1 149 1 245 1 17179869184 262144 8 864691145635007488 8796093808640 3377699854745600 34359738368 524288 12 288230410511451136 13194139795456 1125900108169216 51539607552 786432 4 576460803843033088 4398047035392 2251799880794112
54 1 150 1 246 1 68719476736 1048576 32 3458764582540029952 35184375234560 13510799418982400 137438953472 2097152 48 1152921642045804544 52776559181824 4503600432676864 206158430208 3145728 16 2305843215372132352 17592188141568 9007199523176448
55 1 151 1 247 1 274877906944 4194304 128 13835058330160119808 140737500938240 54043197675929600 549755813888 8388608 192 4611686568183218176 211106236727296 18014401730707456 824633720832 12582912 64 9223372861488529408 70368752566272 36028798092705792
56 1 152 1 248 1 1099511627776 16777216 512 1099511824384 562950003752963 216172790703718400 2199023255552 33554432 768 2199023321088 844424946909185 72057606922829824 3298534883328 50331648 256 3298535014400 281475010265090 144115192370823168
57 1 153 1 249 1 4398046511104 67108864 2048 4398047297536 2251800015011852 864691162814873600 8796093022208 134217728 3072 8796093284352 3377699787636740 288230427691319296 13194139533312 201326592 1024 13194140057600 1125900041060360 576460769483292672
58 1 154 1 250 1 17592186044416 268435456 8192 17592189190144 9007200060047408 3458764651259494400 35184372088832 536870912 12288 35184373137408 13510799150546960 1152921710765277184 52776558133248 805306368 4096 52776560230400 4503600164241440 2305843077933170688
59 1 155 1 251 1 70368744177664 1073741824 32768 70368756760576 36028800240189632 13835058605037977600 140737488355328 2147483648 49152 140737492549632 54043196602187840 4611686843061108736 211106232532992 3221225472 16384 211106240921600 18014400656965760 9223372311732682752
60 1 156 1 252 1 281474976710656 4294967296 131072 281475027042307 144115200960758528 2199023255552 562949953421312 8589934592 196608 562949970198529 216172786408751360 3298534883328 844424930131968 12884901888 65536 844424963686402 72057602627863040 1099511627776
61 1 157 1 253 1 1125899906842624 17179869184 524288 1125900108169228 576460803843034112 8796093022208 2251799813685248 34359738368 786432 2251799880794116 864691145635005440 13194139533312 3377699720527872 51539607552 262144 3377699854745608 288230410511452160 4398046511104
62 1 158 1 254 1 4503599627370496 68719476736 2097152 4503600432676912 2305843215372136448 35184372088832 9007199254740992 137438953472 3145728 9007199523176464 3458764582540021760 52776558133248 13510798882111488 206158430208 1048576 13510799418982432 1152921642045808640 17592186044416
63 1 159 1 255 1 18014398509481984 274877906944 8388608 18014401730707648 9223372861488545792 140737488355328 36028797018963968 549755813888 12582912 36028798092705856 13835058330160087040 211106232532992 54043195528445952 824633720832 4194304 54043197675929728 4611686568183234560 70368744177664
64 1 160 1 256 1 72057594037927936 1099511627776 33554432 72057606922830592 3298535079936 562949953421314 144115188075855872 2199023255552 50331648 144115192370823424 1099511693312 844424930131971 216172782113783808 3298534883328 16777216 216172790703718912 2199023386624 281474976710657
65 1 161 1 257 1 288230376151711744 4398046511104 134217728 288230427691322368 13194140319744 2251799813685256 576460752303423488 8796093022208 201326592 576460769483293696 4398046773248 3377699720527884 864691128455135232 13194139533312 67108864 864691162814875648 8796093546496 1125899906842628
66 1 162 1 258 1 1152921504606846976 17592186044416 536870912 1152921710765289472 52776561278976 9007199254741024 2305843009213693952 35184372088832 805306368 2305843077933174784 17592187092992 13510798882111536 3458764513820540928 52776558133248 268435456 3458764651259502592 35184374185984 4503599627370512
67 1 163 1 259 1 4611686018427387904 70368744177664 2147483648 4611686843061157888 211106245115904 36028797018964096 9223372036854775808 140737488355328 3221225472 9223372311732699136 70368748371968 54043195528446144 13835058055282163712 211106232532992 1073741824 13835058605038010368 140737496743936 18014398509482048
68 1 164 1 260 1 0 281474976710657 8589934592 3298535079936 844424980463617 144115188075856384 0 562949953421314 12884901888 1099511693312 281474993487874 216172782113784576 0 844424930131971 4294967296 2199023386624 562949986975747 72057594037928192
69 1 165 1 261 1 0 1125899906842628 34359738368 13194140319744 3377699921854468 576460752303425536 0 2251799813685256 51539607552 4398046773248 1125899973951496 864691128455138304 0 3377699720527884 17179869184 8796093546496 2251799947902988 288230376151712768
70 1 166 1 262 1 0 4503599627370512 137438953472 52776561278976 13510799687417872 2305843009213702144 0 9007199254741024 206158430208 17592187092992 4503599895805984 3458764513820553216 0 13510798882111536 68719476736 35184374185984 9007199791611952 1152921504606851072
71 1 167 1 263 1 0 18014398509482048 549755813888 211106245115904 54043198749671488 9223372036854808576 0 36028797018964096 824633720832 70368748371968 18014399583223936 13835058055282212864 0 54043195528446144 274877906944 140737496743936 36028799166447808 4611686018427404288
72 1 168 1 264 1 0 72057594037928192 2199023255552 844424980463618 216172794998685952 131072 0 144115188075856384 3298534883328 281474993487875 72057598332895744 196608 0 216172782113784576 1099511627776 562949986975745 144115196665791232 65536
73 1 169 1 265 1 0 288230376151712768 8796093022208 3377699921854472 864691179994743808 524288 0 576460752303425536 13194139533312 1125899973951500 288230393331582976 786432 0 864691128455138304 4398046511104 2251799947902980 576460786663164928 262144
74 1 170 1 266 1 0 1152921504606851072 35184372088832 13510799687417888 3458764719978975232 2097152 0 2305843009213702144 52776558133248 4503599895806000 1152921573326331904 3145728 0 3458764513820553216 17592186044416 9007199791611920 2305843146652659712 1048576
75 1 171 1 267 1 0 4611686018427404288 140737488355328 54043198749671552 13835058879915900928 8388608 0 9223372036854808576 211106232532992 18014399583224000 4611686293305327616 12582912 0 13835058055282212864 70368744177664 36028799166447680 9223372586610638848 4194304
76 1 172 1 268 1 0 65536 562949953421313 216172794998686208 3298534948864 33554435 0 131072 844424930131970 72057598332896000 1099511758848 50331649 0 196608 281474976710659 144115196665790720 2199023452160 16777218
77 1 173 1 269 1 0 262144 2251799813685252 864691179994744832 13194139795456 134217740 0 524288 3377699720527880 288230393331584000 4398047035392 201326596 0 786432 1125899906842636 576460786663162880 8796093808640 67108872
78 1 174 1 270 1 0 1048576 9007199254741008 3458764719978979328 52776559181824 536870960 0 2097152 13510798882111520 1152921573326336000 17592188141568 805306384 0 3145728 4503599627370544 2305843146652651520 35184375234560 268435488
79 1 175 1 271 1 0 4194304 36028797018964032 13835058879915917312 211106236727296 2147483840 0 8388608 54043195528446080 4611686293305344000 70368752566272 3221225536 0 12582912 18014398509482176 9223372586610606080 140737500938240 1073741952
80 1 176 1 272 1 0 16777216 144115188075856128 3298535014400 844424946909187 8589935360 0 33554432 216172782113784320 1099511824384 281475010265089 12884902144 0 50331648 72057594037928704 2199023321088 562950003752962 4294967808
81 1 177 1 273 1 0 67108864 576460752303424512 13194140057600 3377699787636748 34359741440 0 134217728 864691128455137280 4398047297536 1125900041060356 51539608576 0 201326592 288230376151714816 8796093284352 2251800015011848 17179871232
82 1 178 1 274 1 0 268435456 2305843009213698048 52776560230400 13510799150546992 137438965760 0 536870912 3458764513820549120 17592189190144 4503600164241424 206158434304 0 805306368 1152921504606859264 35184373137408 9007200060047392 68719484928
83 1 179 1 275 1 0 1073741824 9223372036854792192 211106240921600 54043196602187968 549755863040 0 2147483648 13835058055282196480 70368756760576 18014400656965696 824633737216 0 3221225472 4611686018427437056 140737492549632 36028800240189568 274877939712
84 1 180 1 276 1 2 4294967296 65536 844424963686400 216172786408751872 2199023452160 3 8589934592 131072 281475027042304 72057602627862784 3298534948864 1 12884901888 196608 562949970198528 144115200960758272 1099511758848
85 1 181 1 277 1 8 17179869184 262144 3377699854745600 864691145635007488 8796093808640 12 34359738368 524288 1125900108169216 288230410511451136 13194139795456 4 51539607552 786432 2251799880794112 576460803843033088 4398047035392
86 1 182 1 278 1 32 68719476736 1048576 13510799418982400 3458764582540029952 35184375234560 48 137438953472 2097152 4503600432676864 1152921642045804544 52776559181824 16 206158430208 3145728 9007199523176448 2305843215372132352 17592188141568
87 1 183 1 279 1 128 274877906944 4194304 54043197675929600 13835058330160119808 140737500938240 192 549755813888 8388608 18014401730707456 4611686568183218176 211106236727296 64 824633720832 12582912 36028798092705792 9223372861488529408 70368752566272
88 1 184 1 280 1 512 1099511627776 16777216 216172790703718400 1099511824384 562950003752963 768 2199023255552 33554432 72057606922829824 2199023321088 844424946909185 256 3298534883328 50331648 144115192370823168 3298535014400 281475010265090
89 1 185 1 281 1 2048 4398046511104 67108864 864691162814873600 4398047297536 2251800015011852 3072 8796093022208 134217728 288230427691319296 8796093284352 3377699787636740 1024 13194139533312 201326592 576460769483292672 13194140057600 1125900041060360
90 1 186 1 282 1 8192 17592186044416 268435456 3458764651259494400 17592189190144 9007200060047408 12288 35184372088832 536870912 1152921710765277184 35184373137408 13510799150546960 4096 52776558133248 805306368 2305843077933170688 52776560230400 4503600164241440
91 1 187 1 283 1 32768 70368744177664 1073741824 13835058605037977600 70368756760576 36028800240189632 49152 140737488355328 2147483648 4611686843061108736 140737492549632 54043196602187840 16384 211106232532992 3221225472 9223372311732682752 211106240921600 18014400656965760
92 1 188 1 284 1 131072 281474976710656 4294967296 2199023255552 281475027042307 144115200960758528 196608 562949953421312 8589934592 3298534883328 562949970198529 216172786408751360 65536 844424930131968 12884901888 1099511627776 844424963686402 72057602627863040
93 1 189 1 285 1 524288 1125899906842624 17179869184 8796093022208 1125900108169228 576460803843034112 786432 2251799813685248 34359738368 13194139533312 2251799880794116 864691145635005440 262144 3377699720527872 51539607552 4398046511104 3377699854745608 288230410511452160
94 1 190 1 286 1 2097152 4503599627370496 68719476736 35184372088832 4503600432676912 2305843215372136448 3145728 9007199254740992 137438953472 52776558133248 9007199523176464 3458764582540021760 1048576 13510798882111488 206158430208 17592186044416 13510799418982432 1152921642045808640
95 1 191 1 287 1 8388608 18014398509481984 274877906944 140737488355328 18014401730707648 9223372861488545792 12582912 36028797018963968 549755813888 211106232532992 36028798092705856 13835058330160087040 4194304 54043195528445952 824633720832 70368744177664 54043197675929728 4611686568183234560
10 1 146 1 276 1 844424946909185 72057606922830080 131072 281474993487872 512 3298534883328 281475010265090 144115192370823680 196608 562949986975744 768 1099511627776 562950003752963 216172790703719168 65536 844424980463616 256 2199023255552
11 1 147 1 277 1 3377699787636740 288230427691320320 524288 1125899973951488 2048 13194139533312 1125900041060360 576460769483294720 786432 2251799947902976 3072 4398046511104 2251800015011852 864691162814876672 262144 3377699921854464 1024 8796093022208
12 1 148 1 278 1 13510799150546960 1152921710765281280 2097152 4503599895805952 8192 52776558133248 4503600164241440 2305843077933178880 3145728 9007199791611904 12288 17592186044416 9007200060047408 3458764651259506688 1048576 13510799687417856 4096 35184372088832
13 1 149 1 279 1 54043196602187840 4611686843061125120 8388608 18014399583223808 32768 211106232532992 18014400656965760 9223372311732715520 12582912 36028799166447616 49152 70368744177664 36028800240189632 13835058605038026752 4194304 54043198749671424 16384 140737488355328
14 1 150 1 280 1 216172786408751360 3298534948864 33554433 72057598332895232 131072 844424930131968 72057602627863040 1099511758848 50331650 144115196665790464 196608 281474976710656 144115200960758528 2199023452160 16777219 216172794998685696 65536 562949953421312
15 1 151 1 281 1 864691145635005440 13194139795456 134217732 288230393331580928 524288 3377699720527872 288230410511452160 4398047035392 201326600 576460786663161856 786432 1125899906842624 576460803843034112 8796093808640 67108876 864691179994742784 262144 2251799813685248
16 1 152 1 282 1 3458764582540021760 52776559181824 536870928 1152921573326323712 2097152 13510798882111488 1152921642045808640 17592188141568 805306400 2305843146652647424 3145728 4503599627370496 2305843215372136448 35184375234560 268435504 3458764719978971136 1048576 9007199254740992
17 1 153 1 283 1 13835058330160087040 211106236727296 2147483712 4611686293305294848 8388608 54043195528445952 4611686568183234560 70368752566272 3221225600 9223372586610589696 12582912 18014398509481984 9223372861488545792 140737500938240 1073742016 13835058879915884544 4194304 36028797018963968
18 1 154 1 284 1 1099511693312 844424946909187 8589934848 1099511627776 33554433 216172782113783808 2199023386624 281475010265089 12884902400 2199023255552 50331650 72057594037927936 3298535079936 562950003752962 4294968064 3298534883328 16777219 144115188075855872
19 1 155 1 285 1 4398046773248 3377699787636748 34359739392 4398046511104 134217732 864691128455135232 8796093546496 1125900041060356 51539609600 8796093022208 201326600 288230376151711744 13194140319744 2251800015011848 17179872256 13194139533312 67108876 576460752303423488
20 1 156 1 286 1 17592187092992 13510799150546992 137438957568 17592186044416 536870928 3458764513820540928 35184374185984 4503600164241424 206158438400 35184372088832 805306400 1152921504606846976 52776561278976 9007200060047392 68719489024 52776558133248 268435504 2305843009213693952
21 1 157 1 287 1 70368748371968 54043196602187968 549755830272 70368744177664 2147483712 13835058055282163712 140737496743936 18014400656965696 824633753600 140737488355328 3221225600 4611686018427387904 211106245115904 36028800240189568 274877956096 211106232532992 1073742016 9223372036854775808
22 1 158 1 192 1 281474993487872 216172786408751872 2199023321088 281474976710659 8589934848 0 562949986975744 72057602627862784 3298535014400 562949953421313 12884902400 0 844424980463616 144115200960758272 1099511824384 844424930131970 4294968064 0
23 1 159 1 193 1 1125899973951488 864691145635007488 8796093284352 1125899906842636 34359739392 0 2251799947902976 288230410511451136 13194140057600 2251799813685252 51539609600 0 3377699921854464 576460803843033088 4398047297536 3377699720527880 17179872256 0
24 1 160 1 194 1 4503599895805952 3458764582540029952 35184373137408 4503599627370544 137438957568 0 9007199791611904 1152921642045804544 52776560230400 9007199254741008 206158438400 0 13510799687417856 2305843215372132352 17592189190144 13510798882111520 68719489024 0
25 1 161 1 195 1 18014399583223808 13835058330160119808 140737492549632 18014398509482176 549755830272 0 36028799166447616 4611686568183218176 211106240921600 36028797018964032 824633753600 0 54043198749671424 9223372861488529408 70368756760576 54043195528446080 274877956096 0
26 1 162 1 196 1 72057598332895232 1099511824384 562949970198531 72057594037928704 2199023321088 0 144115196665790464 2199023321088 844424963686401 144115188075856128 3298535014400 0 216172794998685696 3298535014400 281475027042306 216172782113784320 1099511824384 0
27 1 163 1 197 1 288230393331580928 4398047297536 2251799880794124 288230376151714816 8796093284352 0 576460786663161856 8796093284352 3377699854745604 576460752303424512 13194140057600 0 864691179994742784 13194140057600 1125900108169224 864691128455137280 4398047297536 0
28 1 164 1 198 1 1152921573326323712 17592189190144 9007199523176496 1152921504606859264 35184373137408 0 2305843146652647424 35184373137408 13510799418982416 2305843009213698048 52776560230400 0 3458764719978971136 52776560230400 4503600432676896 3458764513820549120 17592189190144 0
29 1 165 1 199 1 4611686293305294848 70368756760576 36028798092705984 4611686018427437056 140737492549632 0 9223372586610589696 140737492549632 54043197675929664 9223372036854792192 211106240921600 0 13835058879915884544 211106240921600 18014401730707584 13835058055282196480 70368756760576 0
30 1 166 1 200 1 1099511627776 281475027042305 144115192370823936 196608 562949970198529 0 2199023255552 562949970198530 216172790703718656 65536 844424963686402 0 3298534883328 844424963686403 72057606922830336 131072 281475027042307 0
31 1 167 1 201 1 4398046511104 1125900108169220 576460769483295744 786432 2251799880794116 0 8796093022208 2251799880794120 864691162814874624 262144 3377699854745608 0 13194139533312 3377699854745612 288230427691321344 524288 1125900108169228 0
32 1 168 1 202 1 17592186044416 4503600432676880 2305843077933182976 3145728 9007199523176464 0 35184372088832 9007199523176480 3458764651259498496 1048576 13510799418982432 0 52776558133248 13510799418982448 1152921710765285376 2097152 4503600432676912 0
33 1 169 1 203 1 70368744177664 18014401730707520 9223372311732731904 12582912 36028798092705856 0 140737488355328 36028798092705920 13835058605037993984 4194304 54043197675929728 0 211106232532992 54043197675929792 4611686843061141504 8388608 18014401730707648 0
34 1 170 1 204 1 281474976710658 72057606922830080 1099511824384 50331648 144115192370823424 0 562949953421315 144115192370823680 2199023321088 16777216 216172790703718912 0 844424930131969 216172790703719168 3298535014400 33554432 72057606922830592 0
35 1 171 1 205 1 1125899906842632 288230427691320320 4398047297536 201326592 576460769483293696 0 2251799813685260 576460769483294720 8796093284352 67108864 864691162814875648 0 3377699720527876 864691162814876672 13194140057600 134217728 288230427691322368 0
36 1 172 1 206 1 4503599627370528 1152921710765281280 17592189190144 805306368 2305843077933174784 0 9007199254741040 2305843077933178880 35184373137408 268435456 3458764651259502592 0 13510798882111504 3458764651259506688 52776560230400 536870912 1152921710765289472 0
37 1 173 1 207 1 18014398509482112 4611686843061125120 70368756760576 3221225472 9223372311732699136 0 36028797018964160 9223372311732715520 140737492549632 1073741824 13835058605038010368 0 54043195528446016 13835058605038026752 211106240921600 2147483648 4611686843061157888 0
38 1 174 1 208 1 72057594037928448 3298534948864 281475027042305 12884901888 1099511693312 2 144115188075856640 1099511758848 562949970198530 4294967296 2199023386624 3 216172782113784064 2199023452160 844424963686403 8589934592 3298535079936 1
39 1 175 1 209 1 288230376151713792 13194139795456 1125900108169220 51539607552 4398046773248 8 576460752303426560 4398047035392 2251799880794120 17179869184 8796093546496 12 864691128455136256 8796093808640 3377699854745612 34359738368 13194140319744 4
40 1 176 1 210 1 1152921504606855168 52776559181824 4503600432676880 206158430208 17592187092992 32 2305843009213706240 17592188141568 9007199523176480 68719476736 35184374185984 48 3458764513820545024 35184375234560 13510799418982448 137438953472 52776561278976 16
41 1 177 1 211 1 4611686018427420672 211106236727296 18014401730707520 824633720832 70368748371968 128 9223372036854824960 70368752566272 36028798092705920 274877906944 140737496743936 192 13835058055282180096 140737500938240 54043197675929792 549755813888 211106245115904 64
42 1 178 1 212 1 131072 844424946909185 72057606922830080 3298534883328 281474993487872 512 196608 281475010265090 144115192370823680 1099511627776 562949986975744 768 65536 562950003752963 216172790703719168 2199023255552 844424980463616 256
43 1 179 1 213 1 524288 3377699787636740 288230427691320320 13194139533312 1125899973951488 2048 786432 1125900041060360 576460769483294720 4398046511104 2251799947902976 3072 262144 2251800015011852 864691162814876672 8796093022208 3377699921854464 1024
44 1 180 1 214 1 2097152 13510799150546960 1152921710765281280 52776558133248 4503599895805952 8192 3145728 4503600164241440 2305843077933178880 17592186044416 9007199791611904 12288 1048576 9007200060047408 3458764651259506688 35184372088832 13510799687417856 4096
45 1 181 1 215 1 8388608 54043196602187840 4611686843061125120 211106232532992 18014399583223808 32768 12582912 18014400656965760 9223372311732715520 70368744177664 36028799166447616 49152 4194304 36028800240189632 13835058605038026752 140737488355328 54043198749671424 16384
46 1 182 1 216 1 33554433 216172786408751360 3298534948864 844424930131968 72057598332895232 131072 50331650 72057602627863040 1099511758848 281474976710656 144115196665790464 196608 16777219 144115200960758528 2199023452160 562949953421312 216172794998685696 65536
47 1 183 1 217 1 134217732 864691145635005440 13194139795456 3377699720527872 288230393331580928 524288 201326600 288230410511452160 4398047035392 1125899906842624 576460786663161856 786432 67108876 576460803843034112 8796093808640 2251799813685248 864691179994742784 262144
48 1 184 1 218 1 536870928 3458764582540021760 52776559181824 13510798882111488 1152921573326323712 2097152 805306400 1152921642045808640 17592188141568 4503599627370496 2305843146652647424 3145728 268435504 2305843215372136448 35184375234560 9007199254740992 3458764719978971136 1048576
49 1 185 1 219 1 2147483712 13835058330160087040 211106236727296 54043195528445952 4611686293305294848 8388608 3221225600 4611686568183234560 70368752566272 18014398509481984 9223372586610589696 12582912 1073742016 9223372861488545792 140737500938240 36028797018963968 13835058879915884544 4194304
50 1 186 1 220 1 8589934848 1099511693312 844424946909187 216172782113783808 1099511627776 33554433 12884902400 2199023386624 281475010265089 72057594037927936 2199023255552 50331650 4294968064 3298535079936 562950003752962 144115188075855872 3298534883328 16777219
51 1 187 1 221 1 34359739392 4398046773248 3377699787636748 864691128455135232 4398046511104 134217732 51539609600 8796093546496 1125900041060356 288230376151711744 8796093022208 201326600 17179872256 13194140319744 2251800015011848 576460752303423488 13194139533312 67108876
52 1 188 1 222 1 137438957568 17592187092992 13510799150546992 3458764513820540928 17592186044416 536870928 206158438400 35184374185984 4503600164241424 1152921504606846976 35184372088832 805306400 68719489024 52776561278976 9007200060047392 2305843009213693952 52776558133248 268435504
53 1 189 1 223 1 549755830272 70368748371968 54043196602187968 13835058055282163712 70368744177664 2147483712 824633753600 140737496743936 18014400656965696 4611686018427387904 140737488355328 3221225600 274877956096 211106245115904 36028800240189568 9223372036854775808 211106232532992 1073742016
54 1 190 1 224 1 2199023321088 281474993487872 216172786408751872 0 281474976710659 8589934848 3298535014400 562949986975744 72057602627862784 0 562949953421313 12884902400 1099511824384 844424980463616 144115200960758272 0 844424930131970 4294968064
55 1 191 1 225 1 8796093284352 1125899973951488 864691145635007488 0 1125899906842636 34359739392 13194140057600 2251799947902976 288230410511451136 0 2251799813685252 51539609600 4398047297536 3377699921854464 576460803843033088 0 3377699720527880 17179872256
56 1 96 1 226 1 35184373137408 4503599895805952 3458764582540029952 0 4503599627370544 137438957568 52776560230400 9007199791611904 1152921642045804544 0 9007199254741008 206158438400 17592189190144 13510799687417856 2305843215372132352 0 13510798882111520 68719489024
57 1 97 1 227 1 140737492549632 18014399583223808 13835058330160119808 0 18014398509482176 549755830272 211106240921600 36028799166447616 4611686568183218176 0 36028797018964032 824633753600 70368756760576 54043198749671424 9223372861488529408 0 54043195528446080 274877956096
58 1 98 1 228 1 562949970198531 72057598332895232 1099511824384 0 72057594037928704 2199023321088 844424963686401 144115196665790464 2199023321088 0 144115188075856128 3298535014400 281475027042306 216172794998685696 3298535014400 0 216172782113784320 1099511824384
59 1 99 1 229 1 2251799880794124 288230393331580928 4398047297536 0 288230376151714816 8796093284352 3377699854745604 576460786663161856 8796093284352 0 576460752303424512 13194140057600 1125900108169224 864691179994742784 13194140057600 0 864691128455137280 4398047297536
60 1 100 1 230 1 9007199523176496 1152921573326323712 17592189190144 0 1152921504606859264 35184373137408 13510799418982416 2305843146652647424 35184373137408 0 2305843009213698048 52776560230400 4503600432676896 3458764719978971136 52776560230400 0 3458764513820549120 17592189190144
61 1 101 1 231 1 36028798092705984 4611686293305294848 70368756760576 0 4611686018427437056 140737492549632 54043197675929664 9223372586610589696 140737492549632 0 9223372036854792192 211106240921600 18014401730707584 13835058879915884544 211106240921600 0 13835058055282196480 70368756760576
62 1 102 1 232 1 144115192370823936 1099511627776 281475027042305 0 196608 562949970198529 216172790703718656 2199023255552 562949970198530 0 65536 844424963686402 72057606922830336 3298534883328 844424963686403 0 131072 281475027042307
63 1 103 1 233 1 576460769483295744 4398046511104 1125900108169220 0 786432 2251799880794116 864691162814874624 8796093022208 2251799880794120 0 262144 3377699854745608 288230427691321344 13194139533312 3377699854745612 0 524288 1125900108169228
64 1 104 1 234 1 2305843077933182976 17592186044416 4503600432676880 0 3145728 9007199523176464 3458764651259498496 35184372088832 9007199523176480 0 1048576 13510799418982432 1152921710765285376 52776558133248 13510799418982448 0 2097152 4503600432676912
65 1 105 1 235 1 9223372311732731904 70368744177664 18014401730707520 0 12582912 36028798092705856 13835058605037993984 140737488355328 36028798092705920 0 4194304 54043197675929728 4611686843061141504 211106232532992 54043197675929792 0 8388608 18014401730707648
66 1 106 1 236 1 1099511824384 281474976710658 72057606922830080 0 50331648 144115192370823424 2199023321088 562949953421315 144115192370823680 0 16777216 216172790703718912 3298535014400 844424930131969 216172790703719168 0 33554432 72057606922830592
67 1 107 1 237 1 4398047297536 1125899906842632 288230427691320320 0 201326592 576460769483293696 8796093284352 2251799813685260 576460769483294720 0 67108864 864691162814875648 13194140057600 3377699720527876 864691162814876672 0 134217728 288230427691322368
68 1 108 1 238 1 17592189190144 4503599627370528 1152921710765281280 0 805306368 2305843077933174784 35184373137408 9007199254741040 2305843077933178880 0 268435456 3458764651259502592 52776560230400 13510798882111504 3458764651259506688 0 536870912 1152921710765289472
69 1 109 1 239 1 70368756760576 18014398509482112 4611686843061125120 0 3221225472 9223372311732699136 140737492549632 36028797018964160 9223372311732715520 0 1073741824 13835058605038010368 211106240921600 54043195528446016 13835058605038026752 0 2147483648 4611686843061157888
70 1 110 1 240 1 281475027042305 72057594037928448 3298534948864 2 12884901888 1099511693312 562949970198530 144115188075856640 1099511758848 3 4294967296 2199023386624 844424963686403 216172782113784064 2199023452160 1 8589934592 3298535079936
71 1 111 1 241 1 1125900108169220 288230376151713792 13194139795456 8 51539607552 4398046773248 2251799880794120 576460752303426560 4398047035392 12 17179869184 8796093546496 3377699854745612 864691128455136256 8796093808640 4 34359738368 13194140319744
72 1 112 1 242 1 4503600432676880 1152921504606855168 52776559181824 32 206158430208 17592187092992 9007199523176480 2305843009213706240 17592188141568 48 68719476736 35184374185984 13510799418982448 3458764513820545024 35184375234560 16 137438953472 52776561278976
73 1 113 1 243 1 18014401730707520 4611686018427420672 211106236727296 128 824633720832 70368748371968 36028798092705920 9223372036854824960 70368752566272 192 274877906944 140737496743936 54043197675929792 13835058055282180096 140737500938240 64 549755813888 211106245115904
74 1 114 1 244 1 72057606922830080 131072 844424946909185 512 3298534883328 281474993487872 144115192370823680 196608 281475010265090 768 1099511627776 562949986975744 216172790703719168 65536 562950003752963 256 2199023255552 844424980463616
75 1 115 1 245 1 288230427691320320 524288 3377699787636740 2048 13194139533312 1125899973951488 576460769483294720 786432 1125900041060360 3072 4398046511104 2251799947902976 864691162814876672 262144 2251800015011852 1024 8796093022208 3377699921854464
76 1 116 1 246 1 1152921710765281280 2097152 13510799150546960 8192 52776558133248 4503599895805952 2305843077933178880 3145728 4503600164241440 12288 17592186044416 9007199791611904 3458764651259506688 1048576 9007200060047408 4096 35184372088832 13510799687417856
77 1 117 1 247 1 4611686843061125120 8388608 54043196602187840 32768 211106232532992 18014399583223808 9223372311732715520 12582912 18014400656965760 49152 70368744177664 36028799166447616 13835058605038026752 4194304 36028800240189632 16384 140737488355328 54043198749671424
78 1 118 1 248 1 3298534948864 33554433 216172786408751360 131072 844424930131968 72057598332895232 1099511758848 50331650 72057602627863040 196608 281474976710656 144115196665790464 2199023452160 16777219 144115200960758528 65536 562949953421312 216172794998685696
79 1 119 1 249 1 13194139795456 134217732 864691145635005440 524288 3377699720527872 288230393331580928 4398047035392 201326600 288230410511452160 786432 1125899906842624 576460786663161856 8796093808640 67108876 576460803843034112 262144 2251799813685248 864691179994742784
80 1 120 1 250 1 52776559181824 536870928 3458764582540021760 2097152 13510798882111488 1152921573326323712 17592188141568 805306400 1152921642045808640 3145728 4503599627370496 2305843146652647424 35184375234560 268435504 2305843215372136448 1048576 9007199254740992 3458764719978971136
81 1 121 1 251 1 211106236727296 2147483712 13835058330160087040 8388608 54043195528445952 4611686293305294848 70368752566272 3221225600 4611686568183234560 12582912 18014398509481984 9223372586610589696 140737500938240 1073742016 9223372861488545792 4194304 36028797018963968 13835058879915884544
82 1 122 1 252 1 844424946909187 8589934848 1099511693312 33554433 216172782113783808 1099511627776 281475010265089 12884902400 2199023386624 50331650 72057594037927936 2199023255552 562950003752962 4294968064 3298535079936 16777219 144115188075855872 3298534883328
83 1 123 1 253 1 3377699787636748 34359739392 4398046773248 134217732 864691128455135232 4398046511104 1125900041060356 51539609600 8796093546496 201326600 288230376151711744 8796093022208 2251800015011848 17179872256 13194140319744 67108876 576460752303423488 13194139533312
84 1 124 1 254 1 13510799150546992 137438957568 17592187092992 536870928 3458764513820540928 17592186044416 4503600164241424 206158438400 35184374185984 805306400 1152921504606846976 35184372088832 9007200060047392 68719489024 52776561278976 268435504 2305843009213693952 52776558133248
85 1 125 1 255 1 54043196602187968 549755830272 70368748371968 2147483712 13835058055282163712 70368744177664 18014400656965696 824633753600 140737496743936 3221225600 4611686018427387904 140737488355328 36028800240189568 274877956096 211106245115904 1073742016 9223372036854775808 211106232532992
86 1 126 1 256 1 216172786408751872 2199023321088 281474993487872 8589934848 0 281474976710659 72057602627862784 3298535014400 562949986975744 12884902400 0 562949953421313 144115200960758272 1099511824384 844424980463616 4294968064 0 844424930131970
87 1 127 1 257 1 864691145635007488 8796093284352 1125899973951488 34359739392 0 1125899906842636 288230410511451136 13194140057600 2251799947902976 51539609600 0 2251799813685252 576460803843033088 4398047297536 3377699921854464 17179872256 0 3377699720527880
88 1 128 1 258 1 3458764582540029952 35184373137408 4503599895805952 137438957568 0 4503599627370544 1152921642045804544 52776560230400 9007199791611904 206158438400 0 9007199254741008 2305843215372132352 17592189190144 13510799687417856 68719489024 0 13510798882111520
89 1 129 1 259 1 13835058330160119808 140737492549632 18014399583223808 549755830272 0 18014398509482176 4611686568183218176 211106240921600 36028799166447616 824633753600 0 36028797018964032 9223372861488529408 70368756760576 54043198749671424 274877956096 0 54043195528446080
90 1 130 1 260 1 1099511824384 562949970198531 72057598332895232 2199023321088 0 72057594037928704 2199023321088 844424963686401 144115196665790464 3298535014400 0 144115188075856128 3298535014400 281475027042306 216172794998685696 1099511824384 0 216172782113784320
91 1 131 1 261 1 4398047297536 2251799880794124 288230393331580928 8796093284352 0 288230376151714816 8796093284352 3377699854745604 576460786663161856 13194140057600 0 576460752303424512 13194140057600 1125900108169224 864691179994742784 4398047297536 0 864691128455137280
92 1 132 1 262 1 17592189190144 9007199523176496 1152921573326323712 35184373137408 0 1152921504606859264 35184373137408 13510799418982416 2305843146652647424 52776560230400 0 2305843009213698048 52776560230400 4503600432676896 3458764719978971136 17592189190144 0 3458764513820549120
93 1 133 1 263 1 70368756760576 36028798092705984 4611686293305294848 140737492549632 0 4611686018427437056 140737492549632 54043197675929664 9223372586610589696 211106240921600 0 9223372036854792192 211106240921600 18014401730707584 13835058879915884544 70368756760576 0 13835058055282196480
94 1 134 1 264 1 281475027042305 144115192370823936 1099511627776 562949970198529 0 196608 562949970198530 216172790703718656 2199023255552 844424963686402 0 65536 844424963686403 72057606922830336 3298534883328 281475027042307 0 131072
95 1 135 1 265 1 1125900108169220 576460769483295744 4398046511104 2251799880794116 0 786432 2251799880794120 864691162814874624 8796093022208 3377699854745608 0 262144 3377699854745612 288230427691321344 13194139533312 1125900108169228 0 524288
0 1 136 1 266 1 4503600432676880 2305843077933182976 17592186044416 9007199523176464 0 3145728 9007199523176480 3458764651259498496 35184372088832 13510799418982432 0 1048576 13510799418982448 1152921710765285376 52776558133248 4503600432676912 0 2097152
1 1 137 1 267 1 18014401730707520 9223372311732731904 70368744177664 36028798092705856 0 12582912 36028798092705920 13835058605037993984 140737488355328 54043197675929728 0 4194304 54043197675929792 4611686843061141504 211106232532992 18014401730707648 0 8388608
2 1 138 1 268 1 72057606922830080 1099511824384 281474976710658 144115192370823424 0 50331648 144115192370823680 2199023321088 562949953421315 216172790703718912 0 16777216 216172790703719168 3298535014400 844424930131969 72057606922830592 0 33554432
3 1 139 1 269 1 288230427691320320 4398047297536 1125899906842632 576460769483293696 0 201326592 576460769483294720 8796093284352 2251799813685260 864691162814875648 0 67108864 864691162814876672 13194140057600 3377699720527876 288230427691322368 0 134217728
4 1 140 1 270 1 1152921710765281280 17592189190144 4503599627370528 2305843077933174784 0 805306368 2305843077933178880 35184373137408 9007199254741040 3458764651259502592 0 268435456 3458764651259506688 52776560230400 13510798882111504 1152921710765289472 0 536870912
5 1 141 1 271 1 4611686843061125120 70368756760576 18014398509482112 9223372311732699136 0 3221225472 9223372311732715520 140737492549632 36028797018964160 13835058605038010368 0 1073741824 13835058605038026752 211106240921600 54043195528446016 4611686843061157888 0 2147483648
6 1 142 1 272 1 3298534948864 281475027042305 72057594037928448 1099511693312 2 12884901888 1099511758848 562949970198530 144115188075856640 2199023386624 3 4294967296 2199023452160 844424963686403 216172782113784064 3298535079936 1 8589934592
7 1 143 1 273 1 13194139795456 1125900108169220 288230376151713792 4398046773248 8 51539607552 4398047035392 2251799880794120 576460752303426560 8796093546496 12 17179869184 8796093808640 3377699854745612 864691128455136256 13194140319744 4 34359738368
8 1 144 1 274 1 52776559181824 4503600432676880 1152921504606855168 17592187092992 32 206158430208 17592188141568 9007199523176480 2305843009213706240 35184374185984 48 68719476736 35184375234560 13510799418982448 3458764513820545024 52776561278976 16 137438953472
9 1 145 1 275 1 211106236727296 18014401730707520 4611686018427420672 70368748371968 128 824633720832 70368752566272 36028798092705920 9223372036854824960 140737496743936 192 274877906944 140737500938240 54043197675929792 13835058055282180096 211106245115904 64 549755813888
10 1 144 1 218 1 844424963686402 216172794998685952 2199023386624 562949970198529 144115192370823936 2199023321088 281475027042307 72057598332895744 3298535079936 844424963686402 216172790703718656 3298535014400 562949970198529 144115196665791232 1099511693312 281475027042307 72057606922830336 1099511824384
11 1 145 1 219 1 3377699854745608 864691179994743808 8796093546496 2251799880794116 576460769483295744 8796093284352 1125900108169228 288230393331582976 13194140319744 3377699854745608 864691162814874624 13194140057600 2251799880794116 576460786663164928 4398046773248 1125900108169228 288230427691321344 4398047297536
12 1 146 1 220 1 13510799418982432 3458764719978975232 35184374185984 9007199523176464 2305843077933182976 35184373137408 4503600432676912 1152921573326331904 52776561278976 13510799418982432 3458764651259498496 52776560230400 9007199523176464 2305843146652659712 17592187092992 4503600432676912 1152921710765285376 17592189190144
13 1 147 1 221 1 54043197675929728 13835058879915900928 140737496743936 36028798092705856 9223372311732731904 140737492549632 18014401730707648 4611686293305327616 211106245115904 54043197675929728 13835058605037993984 211106240921600 36028798092705856 9223372586610638848 70368748371968 18014401730707648 4611686843061141504 70368756760576
14 1 148 1 222 1 216172790703718912 3298534948864 562949986975747 144115192370823424 1099511824384 562949970198530 72057606922830592 1099511758848 844424980463617 216172790703718912 2199023321088 844424963686403 144115192370823424 2199023452160 281474993487874 72057606922830592 3298535014400 281475027042305
15 1 149 1 223 1 864691162814875648 13194139795456 2251799947902988 576460769483293696 4398047297536 2251799880794120 288230427691322368 4398047035392 3377699921854468 864691162814875648 8796093284352 3377699854745612 576460769483293696 8796093808640 1125899973951496 288230427691322368 13194140057600 1125900108169220
16 1 150 1 224 1 3458764651259502592 52776559181824 9007199791611952 2305843077933174784 17592189190144 9007199523176480 1152921710765289472 17592188141568 13510799687417872 3458764651259502592 35184373137408 13510799418982448 2305843077933174784 35184375234560 4503599895805984 1152921710765289472 52776560230400 4503600432676880
17 1 151 1 225 1 13835058605038010368 211106236727296 36028799166447808 9223372311732699136 70368756760576 36028798092705920 4611686843061157888 70368752566272 54043198749671488 13835058605038010368 140737492549632 54043197675929792 9223372311732699136 140737500938240 18014399583223936 4611686843061157888 211106240921600 18014401730707520
18 1 152 1 226 1 2199023386624 844424946909187 144115196665791232 1099511693312 281475027042306 144115192370823680 3298535079936 281475010265089 216172794998685952 2199023386624 562949970198531 216172790703719168 1099511693312 562950003752962 72057598332895744 3298535079936 844424963686401 72057606922830080
19 1 153 1 227 1 8796093546496 3377699787636748 576460786663164928 4398046773248 1125900108169224 576460769483294720 13194140319744 1125900041060356 864691179994743808 8796093546496 2251799880794124 864691162814876672 4398046773248 2251800015011848 288230393331582976 13194140319744 3377699854745604 288230427691320320
20 1 154 1 228 1 35184374185984 13510799150546992 2305843146652659712 17592187092992 4503600432676896 2305843077933178880 52776561278976 4503600164241424 3458764719978975232 35184374185984 9007199523176496 3458764651259506688 17592187092992 9007200060047392 1152921573326331904 52776561278976 13510799418982416 1152921710765281280
21 1 155 1 229 1 140737496743936 54043196602187968 9223372586610638848 70368748371968 18014401730707584 9223372311732715520 211106245115904 18014400656965696 13835058879915900928 140737496743936 36028798092705984 13835058605038026752 70368748371968 36028800240189568 4611686293305327616 211106245115904 54043197675929664 4611686843061125120
22 1 156 1 230 1 562949986975746 216172786408751872 2199023452160 281474993487874 72057606922830336 1099511758848 844424980463619 72057602627862784 3298534948864 562949986975747 144115192370823936 2199023452160 281474993487873 144115200960758272 1099511758848 844424980463617 216172790703718656 3298534948864
23 1 157 1 231 1 2251799947902984 864691145635007488 8796093808640 1125899973951496 288230427691321344 4398047035392 3377699921854476 288230410511451136 13194139795456 2251799947902988 576460769483295744 8796093808640 1125899973951492 576460803843033088 4398047035392 3377699921854468 864691162814874624 13194139795456
24 1 158 1 232 1 9007199791611936 3458764582540029952 35184375234560 4503599895805984 1152921710765285376 17592188141568 13510799687417904 1152921642045804544 52776559181824 9007199791611952 2305843077933182976 35184375234560 4503599895805968 2305843215372132352 17592188141568 13510799687417872 3458764651259498496 52776559181824
25 1 159 1 233 1 36028799166447744 13835058330160119808 140737500938240 18014399583223936 4611686843061141504 70368752566272 54043198749671616 4611686568183218176 211106236727296 36028799166447808 9223372311732731904 140737500938240 18014399583223872 9223372861488529408 70368752566272 54043198749671488 13835058605037993984 211106236727296
26 1 160 1 234 1 144115196665790976 1099511824384 562950003752963 72057598332895744 3298535014400 281475010265089 216172794998686464 2199023321088 844424946909185 144115196665791232 1099511824384 562950003752962 72057598332895488 3298535014400 281475010265090 216172794998685952 2199023321088 844424946909187
27 1 161 1 235 1 576460786663163904 4398047297536 2251800015011852 288230393331582976 13194140057600 1125900041060356 864691179994745856 8796093284352 3377699787636740 576460786663164928 4398047297536 2251800015011848 288230393331581952 13194140057600 1125900041060360 864691179994743808 8796093284352 3377699787636748
28 1 162 1 236 1 2305843146652655616 17592189190144 9007200060047408 1152921573326331904 52776560230400 4503600164241424 3458764719978983424 35184373137408 13510799150546960 2305843146652659712 17592189190144 9007200060047392 1152921573326327808 52776560230400 4503600164241440 3458764719978975232 35184373137408 13510799150546992
29 1 163 1 237 1 9223372586610622464 70368756760576 36028800240189632 4611686293305327616 211106240921600 18014400656965696 13835058879915933696 140737492549632 54043196602187840 9223372586610638848 70368756760576 36028800240189568 4611686293305311232 211106240921600 18014400656965760 13835058879915900928 140737492549632 54043196602187968
30 1 164 1 238 1 2199023386624 281475027042306 144115200960758528 1099511758848 844424963686401 72057602627862784 3298535079936 562949970198531 216172786408751360 2199023452160 281475027042306 144115200960758272 1099511693312 844424963686401 72057602627863040 3298534948864 562949970198531 216172786408751872
31 1 165 1 239 1 8796093546496 1125900108169224 576460803843034112 4398047035392 3377699854745604 288230410511451136 13194140319744 2251799880794124 864691145635005440 8796093808640 1125900108169224 576460803843033088 4398046773248 3377699854745604 288230410511452160 13194139795456 2251799880794124 864691145635007488
32 1 166 1 240 1 35184374185984 4503600432676896 2305843215372136448 17592188141568 13510799418982416 1152921642045804544 52776561278976 9007199523176496 3458764582540021760 35184375234560 4503600432676896 2305843215372132352 17592187092992 13510799418982416 1152921642045808640 52776559181824 9007199523176496 3458764582540029952
33 1 167 1 241 1 140737496743936 18014401730707584 9223372861488545792 70368752566272 54043197675929664 4611686568183218176 211106245115904 36028798092705984 13835058330160087040 140737500938240 18014401730707584 9223372861488529408 70368748371968 54043197675929664 4611686568183234560 211106236727296 36028798092705984 13835058330160119808
34 1 168 1 242 1 562949986975746 72057606922830336 3298535079936 281475010265089 216172790703718656 2199023321088 844424980463619 144115192370823936 1099511693312 562950003752962 72057606922830336 3298535014400 281474993487873 216172790703718656 2199023386624 844424946909187 144115192370823936 1099511824384
35 1 169 1 243 1 2251799947902984 288230427691321344 13194140319744 1125900041060356 864691162814874624 8796093284352 3377699921854476 576460769483295744 4398046773248 2251800015011848 288230427691321344 13194140057600 1125899973951492 864691162814874624 8796093546496 3377699787636748 576460769483295744 4398047297536
36 1 170 1 244 1 9007199791611936 1152921710765285376 52776561278976 4503600164241424 3458764651259498496 35184373137408 13510799687417904 2305843077933182976 17592187092992 9007200060047392 1152921710765285376 52776560230400 4503599895805968 3458764651259498496 35184374185984 13510799150546992 2305843077933182976 17592189190144
37 1 171 1 245 1 36028799166447744 4611686843061141504 211106245115904 18014400656965696 13835058605037993984 140737492549632 54043198749671616 9223372311732731904 70368748371968 36028800240189568 4611686843061141504 211106240921600 18014399583223872 13835058605037993984 140737496743936 54043196602187968 9223372311732731904 70368756760576
38 1 172 1 246 1 144115196665790976 3298535014400 844424980463617 72057602627862784 2199023321088 562949970198531 216172794998686464 1099511824384 281474993487874 144115200960758272 3298535014400 844424963686401 72057598332895488 2199023321088 562949986975747 216172786408751872 1099511824384 281475027042306
39 1 173 1 247 1 576460786663163904 13194140057600 3377699921854468 288230410511451136 8796093284352 2251799880794124 864691179994745856 4398047297536 1125899973951496 576460803843033088 13194140057600 3377699854745604 288230393331581952 8796093284352 2251799947902988 864691145635007488 4398047297536 1125900108169224
40 1 174 1 248 1 2305843146652655616 52776560230400 13510799687417872 1152921642045804544 35184373137408 9007199523176496 3458764719978983424 17592189190144 4503599895805984 2305843215372132352 52776560230400 13510799418982416 1152921573326327808 35184373137408 9007199791611952 3458764582540029952 17592189190144 4503600432676896
41 1 175 1 249 1 9223372586610622464 211106240921600 54043198749671488 4611686568183218176 140737492549632 36028798092705984 13835058879915933696 70368756760576 18014399583223936 9223372861488529408 211106240921600 54043197675929664 4611686293305311232 140737492549632 36028799166447808 13835058330160119808 70368756760576 18014401730707584
42 1 176 1 250 1 2199023386624 844424963686402 216172794998685952 2199023321088 562949970198529 144115192370823936 3298535079936 281475027042307 72057598332895744 3298535014400 844424963686402 216172790703718656 1099511693312 562949970198529 144115196665791232 1099511824384 281475027042307 72057606922830336
43 1 177 1 251 1 8796093546496 3377699854745608 864691179994743808 8796093284352 2251799880794116 576460769483295744 13194140319744 1125900108169228 288230393331582976 13194140057600 3377699854745608 864691162814874624 4398046773248 2251799880794116 576460786663164928 4398047297536 1125900108169228 288230427691321344
44 1 178 1 252 1 35184374185984 13510799418982432 3458764719978975232 35184373137408 9007199523176464 2305843077933182976 52776561278976 4503600432676912 1152921573326331904 52776560230400 13510799418982432 3458764651259498496 17592187092992 9007199523176464 2305843146652659712 17592189190144 4503600432676912 1152921710765285376
45 1 179 1 253 1 140737496743936 54043197675929728 13835058879915900928 140737492549632 36028798092705856 9223372311732731904 211106245115904 18014401730707648 4611686293305327616 211106240921600 54043197675929728 13835058605037993984 70368748371968 36028798092705856 9223372586610638848 70368756760576 18014401730707648 4611686843061141504
46 1 180 1 254 1 562949986975747 216172790703718912 3298534948864 562949970198530 144115192370823424 1099511824384 844424980463617 72057606922830592 1099511758848 844424963686403 216172790703718912 2199023321088 281474993487874 144115192370823424 2199023452160 281475027042305 72057606922830592 3298535014400
47 1 181 1 255 1 2251799947902988 864691162814875648 13194139795456 2251799880794120 576460769483293696 4398047297536 3377699921854468 288230427691322368 4398047035392 3377699854745612 864691162814875648 8796093284352 1125899973951496 576460769483293696 8796093808640 1125900108169220 288230427691322368 13194140057600
48 1 182 1 256 1 9007199791611952 3458764651259502592 52776559181824 9007199523176480 2305843077933174784 17592189190144 13510799687417872 1152921710765289472 17592188141568 13510799418982448 3458764651259502592 35184373137408 4503599895805984 2305843077933174784 35184375234560 4503600432676880 1152921710765289472 52776560230400
49 1 183 1 257 1 36028799166447808 13835058605038010368 211106236727296 36028798092705920 9223372311732699136 70368756760576 54043198749671488 4611686843061157888 70368752566272 54043197675929792 13835058605038010368 140737492549632 18014399583223936 9223372311732699136 140737500938240 18014401730707520 4611686843061157888 211106240921600
50 1 184 1 258 1 144115196665791232 2199023386624 844424946909187 144115192370823680 1099511693312 281475027042306 216172794998685952 3298535079936 281475010265089 216172790703719168 2199023386624 562949970198531 72057598332895744 1099511693312 562950003752962 72057606922830080 3298535079936 844424963686401
51 1 185 1 259 1 576460786663164928 8796093546496 3377699787636748 576460769483294720 4398046773248 1125900108169224 864691179994743808 13194140319744 1125900041060356 864691162814876672 8796093546496 2251799880794124 288230393331582976 4398046773248 2251800015011848 288230427691320320 13194140319744 3377699854745604
52 1 186 1 260 1 2305843146652659712 35184374185984 13510799150546992 2305843077933178880 17592187092992 4503600432676896 3458764719978975232 52776561278976 4503600164241424 3458764651259506688 35184374185984 9007199523176496 1152921573326331904 17592187092992 9007200060047392 1152921710765281280 52776561278976 13510799418982416
53 1 187 1 261 1 9223372586610638848 140737496743936 54043196602187968 9223372311732715520 70368748371968 18014401730707584 13835058879915900928 211106245115904 18014400656965696 13835058605038026752 140737496743936 36028798092705984 4611686293305327616 70368748371968 36028800240189568 4611686843061125120 211106245115904 54043197675929664
54 1 188 1 262 1 2199023452160 562949986975746 216172786408751872 1099511758848 281474993487874 72057606922830336 3298534948864 844424980463619 72057602627862784 2199023452160 562949986975747 144115192370823936 1099511758848 281474993487873 144115200960758272 3298534948864 844424980463617 216172790703718656
55 1 189 1 263 1 8796093808640 2251799947902984 864691145635007488 4398047035392 1125899973951496 288230427691321344 13194139795456 3377699921854476 288230410511451136 8796093808640 2251799947902988 576460769483295744 4398047035392 1125899973951492 576460803843033088 13194139795456 3377699921854468 864691162814874624
56 1 190 1 264 1 35184375234560 9007199791611936 3458764582540029952 17592188141568 4503599895805984 1152921710765285376 52776559181824 13510799687417904 1152921642045804544 35184375234560 9007199791611952 2305843077933182976 17592188141568 4503599895805968 2305843215372132352 52776559181824 13510799687417872 3458764651259498496
57 1 191 1 265 1 140737500938240 36028799166447744 13835058330160119808 70368752566272 18014399583223936 4611686843061141504 211106236727296 54043198749671616 4611686568183218176 140737500938240 36028799166447808 9223372311732731904 70368752566272 18014399583223872 9223372861488529408 211106236727296 54043198749671488 13835058605037993984
58 1 96 1 266 1 562950003752963 144115196665790976 1099511824384 281475010265089 72057598332895744 3298535014400 844424946909185 216172794998686464 2199023321088 562950003752962 144115196665791232 1099511824384 281475010265090 72057598332895488 3298535014400 844424946909187 216172794998685952 2199023321088
59 1 97 1 267 1 2251800015011852 576460786663163904 4398047297536 1125900041060356 288230393331582976 13194140057600 3377699787636740 864691179994745856 8796093284352 2251800015011848 576460786663164928 4398047297536 1125900041060360 288230393331581952 13194140057600 3377699787636748 864691179994743808 8796093284352
60 1 98 1 268 1 9007200060047408 2305843146652655616 17592189190144 4503600164241424 1152921573326331904 52776560230400 13510799150546960 3458764719978983424 35184373137408 9007200060047392 2305843146652659712 17592189190144 4503600164241440 1152921573326327808 52776560230400 13510799150546992 3458764719978975232 35184373137408
61 1 99 1 269 1 36028800240189632 9223372586610622464 70368756760576 18014400656965696 4611686293305327616 211106240921600 54043196602187840 13835058879915933696 140737492549632 36028800240189568 9223372586610638848 70368756760576 18014400656965760 4611686293305311232 211106240921600 54043196602187968 13835058879915900928 140737492549632
62 1 100 1 270 1 144115200960758528 2199023386624 281475027042306 72057602627862784 1099511758848 844424963686401 216172786408751360 3298535079936 562949970198531 144115200960758272 2199023452160 281475027042306 72057602627863040 1099511693312 844424963686401 216172786408751872 3298534948864 562949970198531
63 1 101 1 271 1 576460803843034112 8796093546496 1125900108169224 288230410511451136 4398047035392 3377699854745604 864691145635005440 13194140319744 2251799880794124 576460803843033088 8796093808640 1125900108169224 288230410511452160 4398046773248 3377699854745604 864691145635007488 13194139795456 2251799880794124
64 1 102 1 272 1 2305843215372136448 35184374185984 4503600432676896 1152921642045804544 17592188141568 13510799418982416 3458764582540021760 52776561278976 9007199523176496 2305843215372132352 35184375234560 4503600432676896 1152921642045808640 17592187092992 13510799418982416 3458764582540029952 52776559181824 9007199523176496
65 1 103 1 273 1 9223372861488545792 140737496743936 18014401730707584 4611686568183218176 70368752566272 54043197675929664 13835058330160087040 211106245115904 36028798092705984 9223372861488529408 140737500938240 18014401730707584 4611686568183234560 70368748371968 54043197675929664 13835058330160119808 211106236727296 36028798092705984
66 1 104 1 274 1 3298535079936 562949986975746 72057606922830336 2199023321088 281475010265089 216172790703718656 1099511693312 844424980463619 144115192370823936 3298535014400 562950003752962 72057606922830336 2199023386624 281474993487873 216172790703718656 1099511824384 844424946909187 144115192370823936
67 1 105 1 275 1 13194140319744 2251799947902984 288230427691321344 8796093284352 1125900041060356 864691162814874624 4398046773248 3377699921854476 576460769483295744 13194140057600 2251800015011848 288230427691321344 8796093546496 1125899973951492 864691162814874624 4398047297536 3377699787636748 576460769483295744
68 1 106 1 276 1 52776561278976 9007199791611936 1152921710765285376 35184373137408 4503600164241424 3458764651259498496 17592187092992 13510799687417904 2305843077933182976 52776560230400 9007200060047392 1152921710765285376 35184374185984 4503599895805968 3458764651259498496 17592189190144 13510799150546992 2305843077933182976
69 1 107 1 277 1 211106245115904 36028799166447744 4611686843061141504 140737492549632 18014400656965696 13835058605037993984 70368748371968 54043198749671616 9223372311732731904 211106240921600 36028800240189568 4611686843061141504 140737496743936 18014399583223872 13835058605037993984 70368756760576 54043196602187968 9223372311732731904
70 1 108 1 278 1 844424980463617 144115196665790976 3298535014400 562949970198531 72057602627862784 2199023321088 281474993487874 216172794998686464 1099511824384 844424963686401 144115200960758272 3298535014400 562949986975747 72057598332895488 2199023321088 281475027042306 216172786408751872 1099511824384
71 1 109 1 279 1 3377699921854468 576460786663163904 13194140057600 2251799880794124 288230410511451136 8796093284352 1125899973951496 864691179994745856 4398047297536 3377699854745604 576460803843033088 13194140057600 2251799947902988 288230393331581952 8796093284352 1125900108169224 864691145635007488 4398047297536
72 1 110 1 280 1 13510799687417872 2305843146652655616 52776560230400 9007199523176496 1152921642045804544 35184373137408 4503599895805984 3458764719978983424 17592189190144 13510799418982416 2305843215372132352 52776560230400 9007199791611952 1152921573326327808 35184373137408 4503600432676896 3458764582540029952 17592189190144
73 1 111 1 281 1 54043198749671488 9223372586610622464 211106240921600 36028798092705984 4611686568183218176 140737492549632 18014399583223936 13835058879915933696 70368756760576 54043197675929664 9223372861488529408 211106240921600 36028799166447808 4611686293305311232 140737492549632 18014401730707584 13835058330160119808 70368756760576
74 1 112 1 282 1 216172794998685952 2199023386624 844424963686402 144115192370823936 2199023321088 562949970198529 72057598332895744 3298535079936 281475027042307 216172790703718656 3298535014400 844424963686402 144115196665791232 1099511693312 562949970198529 72057606922830336 1099511824384 281475027042307
75 1 113 1 283 1 864691179994743808 8796093546496 3377699854745608 576460769483295744 8796093284352 2251799880794116 288230393331582976 13194140319744 1125900108169228 864691162814874624 13194140057600 3377699854745608 576460786663164928 4398046773248 2251799880794116 288230427691321344 4398047297536 1125900108169228
76 1 114 1 284 1 3458764719978975232 35184374185984 13510799418982432 2305843077933182976 35184373137408 9007199523176464 1152921573326331904 52776561278976 4503600432676912 3458764651259498496 52776560230400 13510799418982432 2305843146652659712 17592187092992 9007199523176464 1152921710765285376 17592189190144 4503600432676912
77 1 115 1 285 1 13835058879915900928 140737496743936 54043197675929728 9223372311732731904 140737492549632 36028798092705856 4611686293305327616 211106245115904 18014401730707648 13835058605037993984 211106240921600 54043197675929728 9223372586610638848 70368748371968 36028798092705856 4611686843061141504 70368756760576 18014401730707648
78 1 116 1 286 1 3298534948864 562949986975747 216172790703718912 1099511824384 562949970198530 144115192370823424 1099511758848 844424980463617 72057606922830592 2199023321088 844424963686403 216172790703718912 2199023452160 281474993487874 144115192370823424 3298535014400 281475027042305 72057606922830592
79 1 117 1 287 1 13194139795456 2251799947902988 864691162814875648 4398047297536 2251799880794120 576460769483293696 4398047035392 3377699921854468 288230427691322368 8796093284352 3377699854745612 864691162814875648 8796093808640 1125899973951496 576460769483293696 13194140057600 1125900108169220 288230427691322368
80 1 118 1 192 1 52776559181824 9007199791611952 3458764651259502592 17592189190144 9007199523176480 2305843077933174784 17592188141568 13510799687417872 1152921710765289472 35184373137408 13510799418982448 3458764651259502592 35184375234560 4503599895805984 2305843077933174784 52776560230400 4503600432676880 1152921710765289472
81 1 119 1 193 1 211106236727296 36028799166447808 13835058605038010368 70368756760576 36028798092705920 9223372311732699136 70368752566272 54043198749671488 4611686843061157888 140737492549632 54043197675929792 13835058605038010368 140737500938240 18014399583223936 9223372311732699136 211106240921600 18014401730707520 4611686843061157888
82 1 120 1 194 1 844424946909187 144115196665791232 2199023386624 281475027042306 144115192370823680 1099511693312 281475010265089 216172794998685952 3298535079936 562949970198531 216172790703719168 2199023386624 562950003752962 72057598332895744 1099511693312 844424963686401 72057606922830080 3298535079936
83 1 121 1 195 1 3377699787636748 576460786663164928 8796093546496 1125900108169224 576460769483294720 4398046773248 1125900041060356 864691179994743808 13194140319744 2251799880794124 864691162814876672 8796093546496 2251800015011848 288230393331582976 4398046773248 3377699854745604 288230427691320320 13194140319744
84 1 122 1 196 1 13510799150546992 2305843146652659712 35184374185984 4503600432676896 2305843077933178880 17592187092992 4503600164241424 3458764719978975232 52776561278976 9007199523176496 3458764651259506688 35184374185984 9007200060047392 1152921573326331904 17592187092992 13510799418982416 1152921710765281280 52776561278976
85 1 123 1 197 1 54043196602187968 9223372586610638848 140737496743936 18014401730707584 9223372311732715520 70368748371968 18014400656965696 13835058879915900928 211106245115904 36028798092705984 13835058605038026752 140737496743936 36028800240189568 4611686293305327616 70368748371968 54043197675929664 4611686843061125120 211106245115904
86 1 124 1 198 1 216172786408751872 2199023452160 562949986975746 72057606922830336 1099511758848 281474993487874 72057602627862784 3298534948864 844424980463619 144115192370823936 2199023452160 562949986975747 144115200960758272 1099511758848 281474993487873 216172790703718656 3298534948864 844424980463617
87 1 125 1 199 1 864691145635007488 8796093808640 2251799947902984 288230427691321344 4398047035392 1125899973951496 288230410511451136 13194139795456 3377699921854476 576460769483295744 8796093808640 2251799947902988 576460803843033088 4398047035392 1125899973951492 864691162814874624 13194139795456 3377699921854468
88 1 126 1 200 1 3458764582540029952 35184375234560 9007199791611936 1152921710765285376 17592188141568 4503599895805984 1152921642045804544 52776559181824 13510799687417904 2305843077933182976 35184375234560 9007199791611952 2305843215372132352 17592188141568 4503599895805968 3458764651259498496 52776559181824 13510799687417872
89 1 127 1 201 1 13835058330160119808 140737500938240 36028799166447744 4611686843061141504 70368752566272 18014399583223936 4611686568183218176 211106236727296 54043198749671616 9223372311732731904 140737500938240 36028799166447808 9223372861488529408 70368752566272 18014399583223872 13835058605037993984 211106236727296 54043198749671488
90 1 128 1 202 1 1099511824384 562950003752963 144115196665790976 3298535014400 281475010265089 72057598332895744 2199023321088 844424946909185 216172794998686464 1099511824384 562950003752962 144115196665791232 3298535014400 281475010265090 72057598332895488 2199023321088 844424946909187 216172794998685952
91 1 129 1 203 1 4398047297536 2251800015011852 576460786663163904 13194140057600 1125900041060356 288230393331582976 8796093284352 3377699787636740 864691179994745856 4398047297536 2251800015011848 576460786663164928 13194140057600 1125900041060360 288230393331581952 8796093284352 3377699787636748 864691179994743808
92 1 130 1 204 1 17592189190144 9007200060047408 2305843146652655616 52776560230400 4503600164241424 1152921573326331904 35184373137408 13510799150546960 3458764719978983424 17592189190144 9007200060047392 2305843146652659712 52776560230400 4503600164241440 1152921573326327808 35184373137408 13510799150546992 3458764719978975232
93 1 131 1 205 1 70368756760576 36028800240189632 9223372586610622464 211106240921600 18014400656965696 4611686293305327616 140737492549632 54043196602187840 13835058879915933696 70368756760576 36028800240189568 9223372586610638848 211106240921600 18014400656965760 4611686293305311232 140737492549632 54043196602187968 13835058879915900928
94 1 132 1 206 1 281475027042306 144115200960758528 2199023386624 844424963686401 72057602627862784 1099511758848 562949970198531 216172786408751360 3298535079936 281475027042306 144115200960758272 2199023452160 844424963686401 72057602627863040 1099511693312 562949970198531 216172786408751872 3298534948864
95 1 133 1 207 1 1125900108169224 576460803843034112 8796093546496 3377699854745604 288230410511451136 4398047035392 2251799880794124 864691145635005440 13194140319744 1125900108169224 576460803843033088 8796093808640 3377699854745604 288230410511452160 4398046773248 2251799880794124 864691145635007488 13194139795456
0 1 134 1 208 1 4503600432676896 2305843215372136448 35184374185984 13510799418982416 1152921642045804544 17592188141568 9007199523176496 3458764582540021760 52776561278976 4503600432676896 2305843215372132352 35184375234560 13510799418982416 1152921642045808640 17592187092992 9007199523176496 3458764582540029952 52776559181824
1 1 135 1 209 1 18014401730707584 9223372861488545792 140737496743936 54043197675929664 4611686568183218176 70368752566272 36028798092705984 13835058330160087040 211106245115904 18014401730707584 9223372861488529408 140737500938240 54043197675929664 4611686568183234560 70368748371968 36028798092705984 13835058330160119808 211106236727296
2 1 136 1 210 1 72057606922830336 3298535079936 562949986975746 216172790703718656 2199023321088 281475010265089 144115192370823936 1099511693312 844424980463619 72057606922830336 3298535014400 562950003752962 216172790703718656 2199023386624 281474993487873 144115192370823936 1099511824384 844424946909187
3 1 137 1 211 1 288230427691321344 13194140319744 2251799947902984 864691162814874624 8796093284352 1125900041060356 576460769483295744 4398046773248 3377699921854476 288230427691321344 13194140057600 2251800015011848 864691162814874624 8796093546496 1125899973951492 576460769483295744 4398047297536 3377699787636748
4 1 138 1 212 1 1152921710765285376 52776561278976 9007199791611936 3458764651259498496 35184373137408 4503600164241424 2305843077933182976 17592187092992 13510799687417904 1152921710765285376 52776560230400 9007200060047392 3458764651259498496 35184374185984 4503599895805968 2305843077933182976 17592189190144 13510799150546992
5 1 139 1 213 1 4611686843061141504 211106245115904 36028799166447744 13835058605037993984 140737492549632 18014400656965696 9223372311732731904 70368748371968 54043198749671616 4611686843061141504 211106240921600 36028800240189568 13835058605037993984 140737496743936 18014399583223872 9223372311732731904 70368756760576 54043196602187968
6 1 140 1 214 1 3298535014400 844424980463617 144115196665790976 2199023321088 562949970198531 72057602627862784 1099511824384 281474993487874 216172794998686464 3298535014400 844424963686401 144115200960758272 2199023321088 562949986975747 72057598332895488 1099511824384 281475027042306 216172786408751872
7 1 141 1 215 1 13194140057600 3377699921854468 576460786663163904 8796093284352 2251799880794124 288230410511451136 4398047297536 1125899973951496 864691179994745856 13194140057600 3377699854745604 576460803843033088 8796093284352 2251799947902988 288230393331581952 4398047297536 1125900108169224 864691145635007488
8 1 142 1 216 1 52776560230400 13510799687417872 2305843146652655616 35184373137408 9007199523176496 1152921642045804544 17592189190144 4503599895805984 3458764719978983424 52776560230400 13510799418982416 2305843215372132352 35184373137408 9007199791611952 1152921573326327808 17592189190144 4503600432676896 3458764582540029952
9 1 143 1 217 1 211106240921600 54043198749671488 9223372586610622464 140737492549632 36028798092705984 4611686568183218176 70368756760576 18014399583223936 13835058879915933696 211106240921600 54043197675929664 9223372861488529408 140737492549632 36028799166447808 4611686293305311232 70368756760576 18014401730707584 13835058330160119808
22 2 180 2 204 2 1 0 0 0 0 0 2 0 0 0 0 0 3 0 0 0 0 0
23 2 181 2 205 2 4 0 0 0 0 0 8 0 0 0 0 0 12 0 0 0 0 0
24 2 182 2 206 2 16 0 0 0 0 0 32 0 0 0 0 0 48 0 0 0 0 0
25 2 183 2 207 2 64 0 0 0 0 0 128 0 0 0 0 0 192 0 0 0 0 0
26 2 184 2 208 2 256 0 0 0 0 0 512 0 0 0 0 0 768 0 0 0 0 0
27 2 185 2 209 2 1024 0 0 0 0 0 2048 0 0 0 0 0 3072 0 0 0 0 0
28 2 186 2 210 2 4096 0 0 0 0 0 8192 0 0 0 0 0 12288 0 0 0 0 0
29 2 187 2 211 2 16384 0 0 0 0 0 32768 0 0 0 0 0 49152 0 0 0 0 0
30 2 188 2 212 2 65536 0 0 0 0 0 131072 0 0 0 0 0 196608 0 0 0 0 0
31 2 189 2 213 2 262144 0 0 0 0 0 524288 0 0 0 0 0 786432 0 0 0 0 0
32 2 190 2 214 2 1048576 0 0 0 0 0 2097152 0 0 0 0 0 3145728 0 0 0 0 0
33 2 191 2 215 2 4194304 0 0 0 0 0 8388608 0 0 0 0 0 12582912 0 0 0 0 0
34 2 96 2 216 2 16777216 0 0 0 0 0 33554432 0 0 0 0 0 50331648 0 0 0 0 0
35 2 97 2 217 2 67108864 0 0 0 0 0 134217728 0 0 0 0 0 201326592 0 0 0 0 0
36 2 98 2 218 2 268435456 0 0 0 0 0 536870912 0 0 0 0 0 805306368 0 0 0 0 0
37 2 99 2 219 2 1073741824 0 0 0 0 0 2147483648 0 0 0 0 0 3221225472 0 0 0 0 0
38 2 100 2 220 2 4294967296 0 0 0 0 0 8589934592 0 0 0 0 0 12884901888 0 0 0 0 0
39 2 101 2 221 2 17179869184 0 0 0 0 0 34359738368 0 0 0 0 0 51539607552 0 0 0 0 0
40 2 102 2 222 2 68719476736 0 0 0 0 0 137438953472 0 0 0 0 0 206158430208 0 0 0 0 0
41 2 103 2 223 2 274877906944 0 0 0 0 0 549755813888 0 0 0 0 0 824633720832 0 0 0 0 0
42 2 104 2 224 2 1099511627776 0 0 0 0 0 2199023255552 0 0 0 0 0 3298534883328 0 0 0 0 0
43 2 105 2 225 2 4398046511104 0 0 0 0 0 8796093022208 0 0 0 0 0 13194139533312 0 0 0 0 0
44 2 106 2 226 2 17592186044416 0 0 0 0 0 35184372088832 0 0 0 0 0 52776558133248 0 0 0 0 0
45 2 107 2 227 2 70368744177664 0 0 0 0 0 140737488355328 0 0 0 0 0 211106232532992 0 0 0 0 0
46 2 108 2 228 2 281474976710656 0 0 0 0 0 562949953421312 0 0 0 0 0 844424930131968 0 0 0 0 0
47 2 109 2 229 2 1125899906842624 0 0 0 0 0 2251799813685248 0 0 0 0 0 3377699720527872 0 0 0 0 0
48 2 110 2 230 2 4503599627370496 0 0 0 0 0 9007199254740992 0 0 0 0 0 13510798882111488 0 0 0 0 0
49 2 111 2 231 2 18014398509481984 0 0 0 0 0 36028797018963968 0 0 0 0 0 54043195528445952 0 0 0 0 0
50 2 112 2 232 2 72057594037927936 0 0 0 0 0 144115188075855872 0 0 0 0 0 216172782113783808 0 0 0 0 0
51 2 113 2 233 2 288230376151711744 0 0 0 0 0 576460752303423488 0 0 0 0 0 864691128455135232 0 0 0 0 0
52 2 114 2 234 2 1152921504606846976 0 0 0 0 0 2305843009213693952 0 0 0 0 0 3458764513820540928 0 0 0 0 0
53 2 115 2 235 2 4611686018427387904 0 0 0 0 0 9223372036854775808 0 0 0 0 0 13835058055282163712 0 0 0 0 0
54 2 116 2 236 2 0 1 0 0 0 0 0 2 0 0 0 0 0 3 0 0 0 0
55 2 117 2 237 2 0 4 0 0 0 0 0 8 0 0 0 0 0 12 0 0 0 0
56 2 118 2 238 2 0 16 0 0 0 0 0 32 0 0 0 0 0 48 0 0 0 0
57 2 119 2 239 2 0 64 0 0 0 0 0 128 0 0 0 0 0 192 0 0 0 0
58 2 120 2 240 2 0 256 0 0 0 0 0 512 0 0 0 0 0 768 0 0 0 0
59 2 121 2 241 2 0 1024 0 0 0 0 0 2048 0 0 0 0 0 3072 0 0 0 0
60 2 122 2 242 2 0 4096 0 0 0 0 0 8192 0 0 0 0 0 12288 0 0 0 0
61 2 123 2 243 2 0 16384 0 0 0 0 0 32768 0 0 0 0 0 49152 0 0 0 0
62 2 124 2 244 2 0 65536 0 0 0 0 0 131072 0 0 0 0 0 196608 0 0 0 0
63 2 125 2 245 2 0 262144 0 0 0 0 0 524288 0 0 0 0 0 786432 0 0 0 0
64 2 126 2 246 2 0 1048576 0 0 0 0 0 2097152 0 0 0 0 0 3145728 0 0 0 0
65 2 127 2 247 2 0 4194304 0 0 0 0 0 8388608 0 0 0 0 0 12582912 0 0 0 0
66 2 128 2 248 2 0 16777216 0 0 0 0 0 33554432 0 0 0 0 0 50331648 0 0 0 0
67 2 129 2 249 2 0 67108864 0 0 0 0 0 134217728 0 0 0 0 0 201326592 0 0 0 0
68 2 130 2 250 2 0 268435456 0 0 0 0 0 536870912 0 0 0 0 0 805306368 0 0 0 0
69 2 131 2 251 2 0 1073741824 0 0 0 0 0 2147483648 0 0 0 0 0 3221225472 0 0 0 0
70 2 132 2 252 2 0 4294967296 0 0 0 0 0 8589934592 0 0 0 0 0 12884901888 0 0 0 0
71 2 133 2 253 2 0 17179869184 0 0 0 0 0 34359738368 0 0 0 0 0 51539607552 0 0 0 0
72 2 134 2 254 2 0 68719476736 0 0 0 0 0 137438953472 0 0 0 0 0 206158430208 0 0 0 0
73 2 135 2 255 2 0 274877906944 0 0 0 0 0 549755813888 0 0 0 0 0 824633720832 0 0 0 0
74 2 136 2 256 2 0 1099511627776 0 0 0 0 0 2199023255552 0 0 0 0 0 3298534883328 0 0 0 0
75 2 137 2 257 2 0 4398046511104 0 0 0 0 0 8796093022208 0 0 0 0 0 13194139533312 0 0 0 0
76 2 138 2 258 2 0 17592186044416 0 0 0 0 0 35184372088832 0 0 0 0 0 52776558133248 0 0 0 0
77 2 139 2 259 2 0 70368744177664 0 0 0 0 0 140737488355328 0 0 0 0 0 211106232532992 0 0 0 0
78 2 140 2 260 2 0 281474976710656 0 0 0 0 0 562949953421312 0 0 0 0 0 844424930131968 0 0 0 0
79 2 141 2 261 2 0 1125899906842624 0 0 0 0 0 2251799813685248 0 0 0 0 0 3377699720527872 0 0 0 0
80 2 142 2 262 2 0 4503599627370496 0 0 0 0 0 9007199254740992 0 0 0 0 0 13510798882111488 0 0 0 0
81 2 143 2 263 2 0 18014398509481984 0 0 0 0 0 36028797018963968 0 0 0 0 0 54043195528445952 0 0 0 0
82 2 144 2 264 2 0 72057594037927936 0 0 0 0 0 144115188075855872 0 0 0 0 0 216172782113783808 0 0 0 0
83 2 145 2 265 2 0 288230376151711744 0 0 0 0 0 576460752303423488 0 0 0 0 0 864691128455135232 0 0 0 0
84 2 146 2 266 2 0 1152921504606846976 0 0 0 0 0 2305843009213693952 0 0 0 0 0 3458764513820540928 0 0 0 0
85 2 147 2 267 2 0 4611686018427387904 0 0 0 0 0 9223372036854775808 0 0 0 0 0 13835058055282163712 0 0 0 0
86 2 148 2 268 2 0 0 1 0 0 0 0 0 2 0 0 0 0 0 3 0 0 0
87 2 149 2 269 2 0 0 4 0 0 0 0 0 8 0 0 0 0 0 12 0 0 0
88 2 150 2 270 2 0 0 16 0 0 0 0 0 32 0 0 0 0 0 48 0 0 0
89 2 151 2 271 2 0 0 64 0 0 0 0 0 128 0 0 0 0 0 192 0 0 0
90 2 152 2 272 2 0 0 256 0 0 0 0 0 512 0 0 0 0 0 768 0 0 0
91 2 153 2 273 2 0 0 1024 0 0 0 0 0 2048 0 0 0 0 0 3072 0 0 0
92 2 154 2 274 2 0 0 4096 0 0 0 0 0 8192 0 0 0 0 0 12288 0 0 0
93 2 155 2 275 2 0 0 16384 0 0 0 0 0 32768 0 0 0 0 0 49152 0 0 0
94 2 156 2 276 2 0 0 65536 0 0 0 0 0 131072 0 0 0 0 0 196608 0 0 0
95 2 157 2 277 2 0 0 262144 0 0 0 0 0 524288 0 0 0 0 0 786432 0 0 0
0 2 158 2 278 2 0 0 1048576 0 0 0 0 0 2097152 0 0 0 0 0 3145728 0 0 0
1 2 159 2 279 2 0 0 4194304 0 0 0 0 0 8388608 0 0 0 0 0 12582912 0 0 0
2 2 160 2 280 2 0 0 16777216 0 0 0 0 0 33554432 0 0 0 0 0 50331648 0 0 0
3 2 161 2 281 2 0 0 67108864 0 0 0 0 0 134217728 0 0 0 0 0 201326592 0 0 0
4 2 162 2 282 2 0 0 268435456 0 0 0 0 0 536870912 0 0 0 0 0 805306368 0 0 0
5 2 163 2 283 2 0 0 1073741824 0 0 0 0 0 2147483648 0 0 0 0 0 3221225472 0 0 0
6 2 164 2 284 2 0 0 4294967296 0 0 0 0 0 8589934592 0 0 0 0 0 12884901888 0 0 0
7 2 165 2 285 2 0 0 17179869184 0 0 0 0 0 34359738368 0 0 0 0 0 51539607552 0 0 0
8 2 166 2 286 2 0 0 68719476736 0 0 0 0 0 137438953472 0 0 0 0 0 206158430208 0 0 0
9 2 167 2 287 2 0 0 274877906944 0 0 0 0 0 549755813888 0 0 0 0 0 824633720832 0 0 0
10 2 168 2 192 2 0 0 1099511627776 0 0 0 0 0 2199023255552 0 0 0 0 0 3298534883328 0 0 0
11 2 169 2 193 2 0 0 4398046511104 0 0 0 0 0 8796093022208 0 0 0 0 0 13194139533312 0 0 0
12 2 170 2 194 2 0 0 17592186044416 0 0 0 0 0 35184372088832 0 0 0 0 0 52776558133248 0 0 0
13 2 171 2 195 2 0 0 70368744177664 0 0 0 0 0 140737488355328 0 0 0 0 0 211106232532992 0 0 0
14 2 172 2 196 2 0 0 281474976710656 0 0 0 0 0 562949953421312 0 0 0 0 0 844424930131968 0 0 0
15 2 173 2 197 2 0 0 1125899906842624 0 0 0 0 0 2251799813685248 0 0 0 0 0 3377699720527872 0 0 0
16 2 174 2 198 2 0 0 4503599627370496 0 0 0 0 0 9007199254740992 0 0 0 0 0 13510798882111488 0 0 0
17 2 175 2 199 2 0 0 18014398509481984 0 0 0 0 0 36028797018963968 0 0 0 0 0 54043195528445952 0 0 0
18 2 176 2 200 2 0 0 72057594037927936 0 0 0 0 0 144115188075855872 0 0 0 0 0 216172782113783808 0 0 0
19 2 177 2 201 2 0 0 288230376151711744 0 0 0 0 0 576460752303423488 0 0 0 0 0 864691128455135232 0 0 0
20 2 178 2 202 2 0 0 1152921504606846976 0 0 0 0 0 2305843009213693952 0 0 0 0 0 3458764513820540928 0 0 0
21 2 179 2 203 2 0 0 4611686018427387904 0 0 0 0 0 9223372036854775808 0 0 0 0 0 13835058055282163712 0 0 0
0 2 146 1 218 1 0 0 0 0 0 0 0 0 0 0 0 0 0 0 0 0 0 0
1 2 147 1 219 1 0 0 0 0 0 0 0 0 0 0 0 0 0 0 0 0 0 0
2 2 148 1 220 1 0 0 0 0 0 0 0 0 0 0 0 0 0 0 0 0 0 0
3 2 149 1 221 1 0 0 0 0 0 0 0 0 0 0 0 0 0 0 0 0 0 0
4 2 150 1 222 1 0 0 0 0 0 0 0 0 0 0 0 0 0 0 0 0 0 0
5 2 151 1 223 1 0 0 0 0 0 0 0 0 0 0 0 0 0 0 0 0 0 0
6 2 152 1 224 1 0 0 0 0 0 0 0 0 0 0 0 0 0 0 0 0 0 0
7 2 153 1 225 1 0 0 0 0 0 0 0 0 0 0 0 0 0 0 0 0 0 0
8 2 154 1 226 1 0 0 0 0 0 0 0 0 0 0 0 0 0 0 0 0 0 0
9 2 155 1 227 1 0 0 0 0 0 0 0 0 0 0 0 0 0 0 0 0 0 0
10 2 156 1 228 1 0 0 0 0 0 0 0 0 0 0 0 0 0 0 0 0 0 0
11 2 157 1 229 1 0 0 0 0 0 0 0 0 0 0 0 0 0 0 0 0 0 0
12 2 158 1 230 1 0 0 0 0 0 0 0 0 0 0 0 0 0 0 0 0 0 0
13 2 159 1 231 1 0 0 0 0 0 0 0 0 0 0 0 0 0 0 0 0 0 0
14 2 160 1 232 1 0 0 0 0 0 0 0 0 0 0 0 0 0 0 0 0 0 0
15 2 161 1 233 1 0 0 0 0 0 0 0 0 0 0 0 0 0 0 0 0 0 0
16 2 162 1 234 1 0 0 0 0 0 0 0 0 0 0 0 0 0 0 0 0 0 0
17 2 163 1 235 1 0 0 0 0 0 0 0 0 0 0 0 0 0 0 0 0 0 0
18 2 164 1 236 1 0 0 0 0 0 0 0 0 0 0 0 0 0 0 0 0 0 0
19 2 165 1 237 1 0 0 0 0 0 0 0 0 0 0 0 0 0 0 0 0 0 0
20 2 166 1 238 1 0 0 0 0 0 0 0 0 0 0 0 0 0 0 0 0 0 0
21 2 167 1 239 1 0 0 0 0 0 0 0 0 0 0 0 0 0 0 0 0 0 0
22 2 168 1 240 1 0 0 0 0 0 0 0 0 0 0 0 0 0 0 0 0 0 0
23 2 169 1 241 1 0 0 0 0 0 0 0 0 0 0 0 0 0 0 0 0 0 0
24 2 170 1 242 1 0 0 0 0 0 0 0 0 0 0 0 0 0 0 0 0 0 0
25 2 171 1 243 1 0 0 0 0 0 0 0 0 0 0 0 0 0 0 0 0 0 0
26 2 172 1 244 1 0 0 0 0 0 0 0 0 0 0 0 0 0 0 0 0 0 0
27 2 173 1 245 1 0 0 0 0 0 0 0 0 0 0 0 0 0 0 0 0 0 0
28 2 174 1 246 1 0 0 0 0 0 0 0 0 0 0 0 0 0 0 0 0 0 0
29 2 175 1 247 1 0 0 0 0 0 0 0 0 0 0 0 0 0 0 0 0 0 0
30 2 176 1 248 1 0 0 0 0 0 0 0 0 0 0 0 0 0 0 0 0 0 0
31 2 177 1 249 1 0 0 0 0 0 0 0 0 0 0 0 0 0 0 0 0 0 0
32 2 178 1 250 1 0 0 0 0 0 0 0 0 0 0 0 0 0 0 0 0 0 0
33 2 179 1 251 1 0 0 0 0 0 0 0 0 0 0 0 0 0 0 0 0 0 0
34 2 180 1 252 1 0 0 0 0 0 0 0 0 0 0 0 0 0 0 0 0 0 0
35 2 181 1 253 1 0 0 0 0 0 0 0 0 0 0 0 0 0 0 0 0 0 0
36 2 182 1 254 1 0 0 0 0 0 0 0 0 0 0 0 0 0 0 0 0 0 0
37 2 183 1 255 1 0 0 0 0 0 0 0 0 0 0 0 0 0 0 0 0 0 0
38 2 184 1 256 1 0 0 0 0 0 0 0 0 0 0 0 0 0 0 0 0 0 0
39 2 185 1 257 1 0 0 0 0 0 0 0 0 0 0 0 0 0 0 0 0 0 0
40 2 186 1 258 1 0 0 0 0 0 0 0 0 0 0 0 0 0 0 0 0 0 0
41 2 187 1 259 1 0 0 0 0 0 0 0 0 0 0 0 0 0 0 0 0 0 0
42 2 188 1 260 1 0 0 0 0 0 0 0 0 0 0 0 0 0 0 0 0 0 0
43 2 189 1 261 1 0 0 0 0 0 0 0 0 0 0 0 0 0 0 0 0 0 0
44 2 190 1 262 1 0 0 0 0 0 0 0 0 0 0 0 0 0 0 0 0 0 0
45 2 191 1 263 1 0 0 0 0 0 0 0 0 0 0 0 0 0 0 0 0 0 0
46 2 96 1 264 1 0 0 0 0 0 0 0 0 0 0 0 0 0 0 0 0 0 0
47 2 97 1 265 1 0 0 0 0 0 0 0 0 0 0 0 0 0 0 0 0 0 0
48 2 98 1 266 1 0 0 0 0 0 0 0 0 0 0 0 0 0 0 0 0 0 0
49 2 99 1 267 1 0 0 0 0 0 0 0 0 0 0 0 0 0 0 0 0 0 0
50 2 100 1 268 1 0 0 0 0 0 0 0 0 0 0 0 0 0 0 0 0 0 0
51 2 101 1 269 1 0 0 0 0 0 0 0 0 0 0 0 0 0 0 0 0 0 0
52 2 102 1 270 1 0 0 0 0 0 0 0 0 0 0 0 0 0 0 0 0 0 0
53 2 103 1 271 1 0 0 0 0 0 0 0 0 0 0 0 0 0 0 0 0 0 0
54 2 104 1 272 1 0 0 0 0 0 0 0 0 0 0 0 0 0 0 0 0 0 0
55 2 105 1 273 1 0 0 0 0 0 0 0 0 0 0 0 0 0 0 0 0 0 0
56 2 106 1 274 1 0 0 0 0 0 0 0 0 0 0 0 0 0 0 0 0 0 0
57 2 107 1 275 1 0 0 0 0 0 0 0 0 0 0 0 0 0 0 0 0 0 0
58 2 108 1 276 1 0 0 0 0 0 0 0 0 0 0 0 0 0 0 0 0 0 0
59 2 109 1 277 1 0 0 0 0 0 0 0 0 0 0 0 0 0 0 0 0 0 0
60 2 110 1 278 1 0 0 0 0 0 0 0 0 0 0 0 0 0 0 0 0 0 0
61 2 111 1 279 1 0 0 0 0 0 0 0 0 0 0 0 0 0 0 0 0 0 0
62 2 112 1 280 1 0 0 0 0 0 0 0 0 0 0 0 0 0 0 0 0 0 0
63 2 113 1 281 1 0 0 0 0 0 0 0 0 0 0 0 0 0 0 0 0 0 0
64 2 114 1 282 1 0 0 0 0 0 0 0 0 0 0 0 0 0 0 0 0 0 0
65 2 115 1 283 1 0 0 0 0 0 0 0 0 0 0 0 0 0 0 0 0 0 0
66 2 116 1 284 1 0 0 0 0 0 0 0 0 0 0 0 0 0 0 0 0 0 0
67 2 117 1 285 1 0 0 0 0 0 0 0 0 0 0 0 0 0 0 0 0 0 0
68 2 118 1 286 1 0 0 0 0 0 0 0 0 0 0 0 0 0 0 0 0 0 0
69 2 119 1 287 1 0 0 0 0 0 0 0 0 0 0 0 0 0 0 0 0 0 0
70 2 120 1 192 1 0 0 0 0 0 0 0 0 0 0 0 0 0 0 0 0 0 0
71 2 121 1 193 1 0 0 0 0 0 0 0 0 0 0 0 0 0 0 0 0 0 0
72 2 122 1 194 1 0 0 0 0 0 0 0 0 0 0 0 0 0 0 0 0 0 0
73 2 123 1 195 1 0 0 0 0 0 0 0 0 0 0 0 0 0 0 0 0 0 0
74 2 124 1 196 1 0 0 0 0 0 0 0 0 0 0 0 0 0 0 0 0 0 0
75 2 125 1 197 1 0 0 0 0 0 0 0 0 0 0 0 0 0 0 0 0 0 0
76 2 126 1 198 1 0 0 0 0 0 0 0 0 0 0 0 0 0 0 0 0 0 0
77 2 127 1 199 1 0 0 0 0 0 0 0 0 0 0 0 0 0 0 0 0 0 0
78 2 128 1 200 1 0 0 0 0 0 0 0 0 0 0 0 0 0 0 0 0 0 0
79 2 129 1 201 1 0 0 0 0 0 0 0 0 0 0 0 0 0 0 0 0 0 0
80 2 130 1 202 1 0 0 0 0 0 0 0 0 0 0 0 0 0 0 0 0 0 0
81 2 131 1 203 1 0 0 0 0 0 0 0 0 0 0 0 0 0 0 0 0 0 0
82 2 132 1 204 1 0 0 0 0 0 0 0 0 0 0 0 0 0 0 0 0 0 0
83 2 133 1 205 1 0 0 0 0 0 0 0 0 0 0 0 0 0 0 0 0 0 0
84 2 134 1 206 1 0 0 0 0 0 0 0 0 0 0 0 0 0 0 0 0 0 0
85 2 135 1 207 1 0 0 0 0 0 0 0 0 0 0 0 0 0 0 0 0 0 0
86 2 136 1 208 1 0 0 0 0 0 0 0 0 0 0 0 0 0 0 0 0 0 0
87 2 137 1 209 1 0 0 0 0 0 0 0 0 0 0 0 0 0 0 0 0 0 0
88 2 138 1 210 1 0 0 0 0 0 0 0 0 0 0 0 0 0 0 0 0 0 0
89 2 139 1 211 1 0 0 0 0 0 0 0 0 0 0 0 0 0 0 0 0 0 0
90 2 140 1 212 1 0 0 0 0 0 0 0 0 0 0 0 0 0 0 0 0 0 0
91 2 141 1 213 1 0 0 0 0 0 0 0 0 0 0 0 0 0 0 0 0 0 0
92 2 142 1 214 1 0 0 0 0 0 0 0 0 0 0 0 0 0 0 0 0 0 0
93 2 143 1 215 1 0 0 0 0 0 0 0 0 0 0 0 0 0 0 0 0 0 0
94 2 144 1 216 1 0 0 0 0 0 0 0 0 0 0 0 0 0 0 0 0 0 0
95 2 145 1 217 1 0 0 0 0 0 0 0 0 0 0 0 0 0 0 0 0 0 0
22 1 96 2 276 1 0 0 0 0 0 0 0 0 0 0 0 0 0 0 0 0 0 0
23 1 97 2 277 1 0 0 0 0 0 0 0 0 0 0 0 0 0 0 0 0 0 0
24 1 98 2 278 1 0 0 0 0 0 0 0 0 0 0 0 0 0 0 0 0 0 0
25 1 99 2 279 1 0 0 0 0 0 0 0 0 0 0 0 0 0 0 0 0 0 0
26 1 100 2 280 1 0 0 0 0 0 0 0 0 0 0 0 0 0 0 0 0 0 0
27 1 101 2 281 1 0 0 0 0 0 0 0 0 0 0 0 0 0 0 0 0 0 0
28 1 102 2 282 1 0 0 0 0 0 0 0 0 0 0 0 0 0 0 0 0 0 0
29 1 103 2 283 1 0 0 0 0 0 0 0 0 0 0 0 0 0 0 0 0 0 0
30 1 104 2 284 1 0 0 0 0 0 0 0 0 0 0 0 0 0 0 0 0 0 0
31 1 105 2 285 1 0 0 0 0 0 0 0 0 0 0 0 0 0 0 0 0 0 0
32 1 106 2 286 1 0 0 0 0 0 0 0 0 0 0 0 0 0 0 0 0 0 0
33 1 107 2 287 1 0 0 0 0 0 0 0 0 0 0 0 0 0 0 0 0 0 0
34 1 108 2 192 1 0 0 0 0 0 0 0 0 0 0 0 0 0 0 0 0 0 0
35 1 109 2 193 1 0 0 0 0 0 0 0 0 0 0 0 0 0 0 0 0 0 0
36 1 110 2 194 1 0 0 0 0 0 0 0 0 0 0 0 0 0 0 0 0 0 0
37 1 111 2 195 1 0 0 0 0 0 0 0 0 0 0 0 0 0 0 0 0 0 0
38 1 112 2 196 1 0 0 0 0 0 0 0 0 0 0 0 0 0 0 0 0 0 0
39 1 113 2 197 1 0 0 0 0 0 0 0 0 0 0 0 0 0 0 0 0 0 0
40 1 114 2 198 1 0 0 0 0 0 0 0 0 0 0 0 0 0 0 0 0 0 0
41 1 115 2 199 1 0 0 0 0 0 0 0 0 0 0 0 0 0 0 0 0 0 0
42 1 116 2 200 1 0 0 0 0 0 0 0 0 0 0 0 0 0 0 0 0 0 0
43 1 117 2 201 1 0 0 0 0 0 0 0 0 0 0 0 0 0 0 0 0 0 0
44 1 118 2 202 1 0 0 0 0 0 0 0 0 0 0 0 0 0 0 0 0 0 0
45 1 119 2 203 1 0 0 0 0 0 0 0 0 0 0 0 0 0 0 0 0 0 0
46 1 120 2 204 1 0 0 0 0 0 0 0 0 0 0 0 0 0 0 0 0 0 0
47 1 121 2 205 1 0 0 0 0 0 0 0 0 0 0 0 0 0 0 0 0 0 0
48 1 122 2 206 1 0 0 0 0 0 0 0 0 0 0 0 0 0 0 0 0 0 0
49 1 123 2 207 1 0 0 0 0 0 0 0 0 0 0 0 0 0 0 0 0 0 0
50 1 124 2 208 1 0 0 0 0 0 0 0 0 0 0 0 0 0 0 0 0 0 0
51 1 125 2 209 1 0 0 0 0 0 0 0 0 0 0 0 0 0 0 0 0 0 0
52 1 126 2 210 1 0 0 0 0 0 0 0 0 0 0 0 0 0 0 0 0 0 0
53 1 127 2 211 1 0 0 0 0 0 0 0 0 0 0 0 0 0 0 0 0 0 0
54 1 128 2 212 1 0 0 0 0 0 0 0 0 0 0 0 0 0 0 0 0 0 0
55 1 129 2 213 1 0 0 0 0 0 0 0 0 0 0 0 0 0 0 0 0 0 0
56 1 130 2 214 1 0 0 0 0 0 0 0 0 0 0 0 0 0 0 0 0 0 0
57 1 131 2 215 1 0 0 0 0 0 0 0 0 0 0 0 0 0 0 0 0 0 0
58 1 132 2 216 1 0 0 0 0 0 0 0 0 0 0 0 0 0 0 0 0 0 0
59 1 133 2 217 1 0 0 0 0 0 0 0 0 0 0 0 0 0 0 0 0 0 0
60 1 134 2 218 1 0 0 0 0 0 0 0 0 0 0 0 0 0 0 0 0 0 0
61 1 135 2 219 1 0 0 0 0 0 0 0 0 0 0 0 0 0 0 0 0 0 0
62 1 136 2 220 1 0 0 0 0 0 0 0 0 0 0 0 0 0 0 0 0 0 0
63 1 137 2 221 1 0 0 0 0 0 0 0 0 0 0 0 0 0 0 0 0 0 0
64 1 138 2 222 1 0 0 0 0 0 0 0 0 0 0 0 0 0 0 0 0 0 0
65 1 139 2 223 1 0 0 0 0 0 0 0 0 0 0 0 0 0 0 0 0 0 0
66 1 140 2 224 1 0 0 0 0 0 0 0 0 0 0 0 0 0 0 0 0 0 0
67 1 141 2 225 1 0 0 0 0 0 0 0 0 0 0 0 0 0 0 0 0 0 0
68 1 142 2 226 1 0 0 0 0 0 0 0 0 0 0 0 0 0 0 0 0 0 0
69 1 143 2 227 1 0 0 0 0 0 0 0 0 0 0 0 0 0 0 0 0 0 0
70 1 144 2 228 1 0 0 0 0 0 0 0 0 0 0 0 0 0 0 0 0 0 0
71 1 145 2 229 1 0 0 0 0 0 0 0 0 0 0 0 0 0 0 0 0 0 0
72 1 146 2 230 1 0 0 0 0 0 0 0 0 0 0 0 0 0 0 0 0 0 0
73 1 147 2 231 1 0 0 0 0 0 0 0 0 0 0 0 0 0 0 0 0 0 0
74 1 148 2 232 1 0 0 0 0 0 0 0 0 0 0 0 0 0 0 0 0 0 0
75 1 149 2 233 1 0 0 0 0 0 0 0 0 0 0 0 0 0 0 0 0 0 0
76 1 150 2 234 1 0 0 0 0 0 0 0 0 0 0 0 0 0 0 0 0 0 0
77 1 151 2 235 1 0 0 0 0 0 0 0 0 0 0 0 0 0 0 0 0 0 0
78 1 152 2 236 1 0 0 0 0 0 0 0 0 0 0 0 0 0 0 0 0 0 0
79 1 153 2 237 1 0 0 0 0 0 0 0 0 0 0 0 0 0 0 0 0 0 0
80 1 154 2 238 1 0 0 0 0 0 0 0 0 0 0 0 0 0 0 0 0 0 0
81 1 155 2 239 1 0 0 0 0 0 0 0 0 0 0 0 0 0 0 0 0 0 0
82 1 156 2 240 1 0 0 0 0 0 0 0 0 0 0 0 0 0 0 0 0 0 0
83 1 157 2 241 1 0 0 0 0 0 0 0 0 0 0 0 0 0 0 0 0 0 0
84 1 158 2 242 1 0 0 0 0 0 0 0 0 0 0 0 0 0 0 0 0 0 0
85 1 159 2 243 1 0 0 0 0 0 0 0 0 0 0 0 0 0 0 0 0 0 0
86 1 160 2 244 1 0 0 0 0 0 0 0 0 0 0 0 0 0 0 0 0 0 0
87 1 161 2 245 1 0 0 0 0 0 0 0 0 0 0 0 0 0 0 0 0 0 0
88 1 162 2 246 1 0 0 0 0 0 0 0 0 0 0 0 0 0 0 0 0 0 0
89 1 163 2 247 1 0 0 0 0 0 0 0 0 0 0 0 0 0 0 0 0 0 0
90 1 164 2 248 1 0 0 0 0 0 0 0 0 0 0 0 0 0 0 0 0 0 0
91 1 165 2 249 1 0 0 0 0 0 0 0 0 0 0 0 0 0 0 0 0 0 0
92 1 166 2 250 1 0 0 0 0 0 0 0 0 0 0 0 0 0 0 0 0 0 0
93 1 167 2 251 1 0 0 0 0 0 0 0 0 0 0 0 0 0 0 0 0 0 0
94 1 168 2 252 1 0 0 0 0 0 0 0 0 0 0 0 0 0 0 0 0 0 0
95 1 169 2 253 1 0 0 0 0 0 0 0 0 0 0 0 0 0 0 0 0 0 0
0 1 170 2 254 1 0 0 0 0 0 0 0 0 0 0 0 0 0 0 0 0 0 0
1 1 171 2 255 1 0 0 0 0 0 0 0 0 0 0 0 0 0 0 0 0 0 0
2 1 172 2 256 1 0 0 0 0 0 0 0 0 0 0 0 0 0 0 0 0 0 0
3 1 173 2 257 1 0 0 0 0 0 0 0 0 0 0 0 0 0 0 0 0 0 0
4 1 174 2 258 1 0 0 0 0 0 0 0 0 0 0 0 0 0 0 0 0 0 0
5 1 175 2 259 1 0 0 0 0 0 0 0 0 0 0 0 0 0 0 0 0 0 0
6 1 176 2 260 1 0 0 0 0 0 0 0 0 0 0 0 0 0 0 0 0 0 0
7 1 177 2 261 1 0 0 0 0 0 0 0 0 0 0 0 0 0 0 0 0 0 0
8 1 178 2 262 1 0 0 0 0 0 0 0 0 0 0 0 0 0 0 0 0 0 0
9 1 179 2 263 1 0 0 0 0 0 0 0 0 0 0 0 0 0 0 0 0 0 0
10 1 180 2 264 1 0 0 0 0 0 0 0 0 0 0 0 0 0 0 0 0 0 0
11 1 181 2 265 1 0 0 0 0 0 0 0 0 0 0 0 0 0 0 0 0 0 0
12 1 182 2 266 1 0 0 0 0 0 0 0 0 0 0 0 0 0 0 0 0 0 0
13 1 183 2 267 1 0 0 0 0 0 0 0 0 0 0 0 0 0 0 0 0 0 0
14 1 184 2 268 1 0 0 0 0 0 0 0 0 0 0 0 0 0 0 0 0 0 0
15 1 185 2 269 1 0 0 0 0 0 0 0 0 0 0 0 0 0 0 0 0 0 0
16 1 186 2 270 1 0 0 0 0 0 0 0 0 0 0 0 0 0 0 0 0 0 0
17 1 187 2 271 1 0 0 0 0 0 0 0 0 0 0 0 0 0 0 0 0 0 0
18 1 188 2 272 1 0 0 0 0 0 0 0 0 0 0 0 0 0 0 0 0 0 0
19 1 189 2 273 1 0 0 0 0 0 0 0 0 0 0 0 0 0 0 0 0 0 0
20 1 190 2 274 1 0 0 0 0 0 0 0 0 0 0 0 0 0 0 0 0 0 0
21 1 191 2 275 1 0 0 0 0 0 0 0 0 0 0 0 0 0 0 0 0 0 0
58 1 180 1 192 2 0 0 0 0 0 0 0 0 0 0 0 0 0 0 0 0 0 0
59 1 181 1 193 2 0 0 0 0 0 0 0 0 0 0 0 0 0 0 0 0 0 0
60 1 182 1 194 2 0 0 0 0 0 0 0 0 0 0 0 0 0 0 0 0 0 0
61 1 183 1 195 2 0 0 0 0 0 0 0 0 0 0 0 0 0 0 0 0 0 0
62 1 184 1 196 2 0 0 0 0 0 0 0 0 0 0 0 0 0 0 0 0 0 0
63 1 185 1 197 2 0 0 0 0 0 0 0 0 0 0 0 0 0 0 0 0 0 0
64 1 186 1 198 2 0 0 0 0 0 0 0 0 0 0 0 0 0 0 0 0 0 0
65 1 187 1 199 2 0 0 0 0 0 0 0 0 0 0 0 0 0 0 0 0 0 0
66 1 188 1 200 2 0 0 0 0 0 0 0 0 0 0 0 0 0 0 0 0 0 0
67 1 189 1 201 2 0 0 0 0 0 0 0 0 0 0 0 0 0 0 0 0 0 0
68 1 190 1 202 2 0 0 0 0 0 0 0 0 0 0 0 0 0 0 0 0 0 0
69 1 191 1 203 2 0 0 0 0 0 0 0 0 0 0 0 0 0 0 0 0 0 0
70 1 96 1 204 2 0 0 0 0 0 0 0 0 0 0 0 0 0 0 0 0 0 0
71 1 97 1 205 2 0 0 0 0 0 0 0 0 0 0 0 0 0 0 0 0 0 0
72 1 98 1 206 2 0 0 0 0 0 0 0 0 0 0 0 0 0 0 0 0 0 0
73 1 99 1 207 2 0 0 0 0 0 0 0 0 0 0 0 0 0 0 0 0 0 0
74 1 100 1 208 2 0 0 0 0 0 0 0 0 0 0 0 0 0 0 0 0 0 0
75 1 101 1 209 2 0 0 0 0 0 0 0 0 0 0 0 0 0 0 0 0 0 0
76 1 102 1 210 2 0 0 0 0 0 0 0 0 0 0 0 0 0 0 0 0 0 0
77 1 103 1 211 2 0 0 0 0 0 0 0 0 0 0 0 0 0 0 0 0 0 0
78 1 104 1 212 2 0 0 0 0 0 0 0 0 0 0 0 0 0 0 0 0 0 0
79 1 105 1 213 2 0 0 0 0 0 0 0 0 0 0 0 0 0 0 0 0 0 0
80 1 106 1 214 2 0 0 0 0 0 0 0 0 0 0 0 0 0 0 0 0 0 0
81 1 107 1 215 2 0 0 0 0 0 0 0 0 0 0 0 0 0 0 0 0 0 0
82 1 108 1 216 2 0 0 0 0 0 0 0 0 0 0 0 0 0 0 0 0 0 0
83 1 109 1 217 2 0 0 0 0 0 0 0 0 0 0 0 0 0 0 0 0 0 0
84 1 110 1 218 2 0 0 0 0 0 0 0 0 0 0 0 0 0 0 0 0 0 0
85 1 111 1 219 2 0 0 0 0 0 0 0 0 0 0 0 0 0 0 0 0 0 0
86 1 112 1 220 2 0 0 0 0 0 0 0 0 0 0 0 0 0 0 0 0 0 0
87 1 113 1 221 2 0 0 0 0 0 0 0 0 0 0 0 0 0 0 0 0 0 0
88 1 114 1 222 2 0 0 0 0 0 0 0 0 0 0 0 0 0 0 0 0 0 0
89 1 115 1 223 2 0 0 0 0 0 0 0 0 0 0 0 0 0 0 0 0 0 0
90 1 116 1 224 2 0 0 0 0 0 0 0 0 0 0 0 0 0 0 0 0 0 0
91 1 117 1 225 2 0 0 0 0 0 0 0 0 0 0 0 0 0 0 0 0 0 0
92 1 118 1 226 2 0 0 0 0 0 0 0 0 0 0 0 0 0 0 0 0 0 0
93 1 119 1 227 2 0 0 0 0 0 0 0 0 0 0 0 0 0 0 0 0 0 0
94 1 120 1 228 2 0 0 0 0 0 0 0 0 0 0 0 0 0 0 0 0 0 0
95 1 121 1 229 2 0 0 0 0 0 0 0 0 0 0 0 0 0 0 0 0 0 0
0 1 122 1 230 2 0 0 0 0 0 0 0 0 0 0 0 0 0 0 0 0 0 0
1 1 123 1 231 2 0 0 0 0 0 0 0 0 0 0 0 0 0 0 0 0 0 0
2 1 124 1 232 2 0 0 0 0 0 0 0 0 0 0 0 0 0 0 0 0 0 0
3 1 125 1 233 2 0 0 0 0 0 0 0 0 0 0 0 0 0 0 0 0 0 0
4 1 126 1 234 2 0 0 0 0 0 0 0 0 0 0 0 0 0 0 0 0 0 0
5 1 127 1 235 2 0 0 0 0 0 0 0 0 0 0 0 0 0 0 0 0 0 0
6 1 128 1 236 2 0 0 0 0 0 0 0 0 0 0 0 0 0 0 0 0 0 0
7 1 129 1 237 2 0 0 0 0 0 0 0 0 0 0 0 0 0 0 0 0 0 0
8 1 130 1 238 2 0 0 0 0 0 0 0 0 0 0 0 0 0 0 0 0 0 0
9 1 131 1 239 2 0 0 0 0 0 0 0 0 0 0 0 0 0 0 0 0 0 0
10 1 132 1 240 2 0 0 0 0 0 0 0 0 0 0 0 0 0 0 0 0 0 0
11 1 133 1 241 2 0 0 0 0 0 0 0 0 0 0 0 0 0 0 0 0 0 0
12 1 134 1 242 2 0 0 0 0 0 0 0 0 0 0 0 0 0 0 0 0 0 0
13 1 135 1 243 2 0 0 0 0 0 0 0 0 0 0 0 0 0 0 0 0 0 0
14 1 136 1 244 2 0 0 0 0 0 0 0 0 0 0 0 0 0 0 0 0 0 0
15 1 137 1 245 2 0 0 0 0 0 0 0 0 0 0 0 0 0 0 0 0 0 0
16 1 138 1 246 2 0 0 0 0 0 0 0 0 0 0 0 0 0 0 0 0 0 0
17 1 139 1 247 2 0 0 0 0 0 0 0 0 0 0 0 0 0 0 0 0 0 0
18 1 140 1 248 2 0 0 0 0 0 0 0 0 0 0 0 0 0 0 0 0 0 0
19 1 141 1 249 2 0 0 0 0 0 0 0 0 0 0 0 0 0 0 0 0 0 0
20 1 142 1 250 2 0 0 0 0 0 0 0 0 0 0 0 0 0 0 0 0 0 0
21 1 143 1 251 2 0 0 0 0 0 0 0 0 0 0 0 0 0 0 0 0 0 0
22 1 144 1 252 2 0 0 0 0 0 0 0 0 0 0 0 0 0 0 0 0 0 0
23 1 145 1 253 2 0 0 0 0 0 0 0 0 0 0 0 0 0 0 0 0 0 0
24 1 146 1 254 2 0 0 0 0 0 0 0 0 0 0 0 0 0 0 0 0 0 0
25 1 147 1 255 2 0 0 0 0 0 0 0 0 0 0 0 0 0 0 0 0 0 0
26 1 148 1 256 2 0 0 0 0 0 0 0 0 0 0 0 0 0 0 0 0 0 0
27 1 149 1 257 2 0 0 0 0 0 0 0 0 0 0 0 0 0 0 0 0 0 0
28 1 150 1 258 2 0 0 0 0 0 0 0 0 0 0 0 0 0 0 0 0 0 0
29 1 151 1 259 2 0 0 0 0 0 0 0 0 0 0 0 0 0 0 0 0 0 0
30 1 152 1 260 2 0 0 0 0 0 0 0 0 0 0 0 0 0 0 0 0 0 0
31 1 153 1 261 2 0 0 0 0 0 0 0 0 0 0 0 0 0 0 0 0 0 0
32 1 154 1 262 2 0 0 0 0 0 0 0 0 0 0 0 0 0 0 0 0 0 0
33 1 155 1 263 2 0 0 0 0 0 0 0 0 0 0 0 0 0 0 0 0 0 0
34 1 156 1 264 2 0 0 0 0 0 0 0 0 0 0 0 0 0 0 0 0 0 0
35 1 157 1 265 2 0 0 0 0 0 0 0 0 0 0 0 0 0 0 0 0 0 0
36 1 158 1 266 2 0 0 0 0 0 0 0 0 0 0 0 0 0 0 0 0 0 0
37 1 159 1 267 2 0 0 0 0 0 0 0 0 0 0 0 0 0 0 0 0 0 0
38 1 160 1 268 2 0 0 0 0 0 0 0 0 0 0 0 0 0 0 0 0 0 0
39 1 161 1 269 2 0 0 0 0 0 0 0 0 0 0 0 0 0 0 0 0 0 0
40 1 162 1 270 2 0 0 0 0 0 0 0 0 0 0 0 0 0 0 0 0 0 0
41 1 163 1 271 2 0 0 0 0 0 0 0 0 0 0 0 0 0 0 0 0 0 0
42 1 164 1 272 2 0 0 0 0 0 0 0 0 0 0 0 0 0 0 0 0 0 0
43 1 165 1 273 2 0 0 0 0 0 0 0 0 0 0 0 0 0 0 0 0 0 0
44 1 166 1 274 2 0 0 0 0 0 0 0 0 0 0 0 0 0 0 0 0 0 0
45 1 167 1 275 2 0 0 0 0 0 0 0 0 0 0 0 0 0 0 0 0 0 0
46 1 168 1 276 2 0 0 0 0 0 0 0 0 0 0 0 0 0 0 0 0 0 0
47 1 169 1 277 2 0 0 0 0 0 0 0 0 0 0 0 0 0 0 0 0 0 0
48 1 170 1 278 2 0 0 0 0 0 0 0 0 0 0 0 0 0 0 0 0 0 0
49 1 171 1 279 2 0 0 0 0 0 0 0 0 0 0 0 0 0 0 0 0 0 0
50 1 172 1 280 2 0 0 0 0 0 0 0 0 0 0 0 0 0 0 0 0 0 0
51 1 173 1 281 2 0 0 0 0 0 0 0 0 0 0 0 0 0 0 0 0 0 0
52 1 174 1 282 2 0 0 0 0 0 0 0 0 0 0 0 0 0 0 0 0 0 0
53 1 175 1 283 2 0 0 0 0 0 0 0 0 0 0 0 0 0 0 0 0 0 0
54 1 176 1 284 2 0 0 0 0 0 0 0 0 0 0 0 0 0 0 0 0 0 0
55 1 177 1 285 2 0 0 0 0 0 0 0 0 0 0 0 0 0 0 0 0 0 0
56 1 178 1 286 2 0 0 0 0 0 0 0 0 0 0 0 0 0 0 0 0 0 0
57 1 179 1 287 2 0 0 0 0 0 0 0 0 0 0 0 0 0 0 0 0 0 0
58 3 144 3 204 3 0 0 0 1 0 0 0 0 0 2 0 0 0 0 0 3 0 0
59 3 145 3 205 3 0 0 0 4 0 0 0 0 0 8 0 0 0 0 0 12 0 0
60 3 146 3 206 3 0 0 0 16 0 0 0 0 0 32 0 0 0 0 0 48 0 0
61 3 147 3 207 3 0 0 0 64 0 0 0 0 0 128 0 0 0 0 0 192 0 0
62 3 148 3 208 3 0 0 0 256 0 0 0 0 0 512 0 0 0 0 0 768 0 0
63 3 149 3 209 3 0 0 0 1024 0 0 0 0 0 2048 0 0 0 0 0 3072 0 0
64 3 150 3 210 3 0 0 0 4096 0 0 0 0 0 8192 0 0 0 0 0 12288 0 0
65 3 151 3 211 3 0 0 0 16384 0 0 0 0 0 32768 0 0 0 0 0 49152 0 0
66 3 152 3 212 3 0 0 0 65536 0 0 0 0 0 131072 0 0 0 0 0 196608 0 0
67 3 153 3 213 3 0 0 0 262144 0 0 0 0 0 524288 0 0 0 0 0 786432 0 0
68 3 154 3 214 3 0 0 0 1048576 0 0 0 0 0 2097152 0 0 0 0 0 3145728 0 0
69 3 155 3 215 3 0 0 0 4194304 0 0 0 0 0 8388608 0 0 0 0 0 12582912 0 0
70 3 156 3 216 3 0 0 0 16777216 0 0 0 0 0 33554432 0 0 0 0 0 50331648 0 0
71 3 157 3 217 3 0 0 0 67108864 0 0 0 0 0 134217728 0 0 0 0 0 201326592 0 0
72 3 158 3 218 3 0 0 0 268435456 0 0 0 0 0 536870912 0 0 0 0 0 805306368 0 0
73 3 159 3 219 3 0 0 0 1073741824 0 0 0 0 0 2147483648 0 0 0 0 0 3221225472 0 0
74 3 160 3 220 3 0 0 0 4294967296 0 0 0 0 0 8589934592 0 0 0 0 0 12884901888 0 0
75 3 161 3 221 3 0 0 0 17179869184 0 0 0 0 0 34359738368 0 0 0 0 0 51539607552 0 0
76 3 162 3 222 3 0 0 0 68719476736 0 0 0 0 0 137438953472 0 0 0 0 0 206158430208 0 0
77 3 163 3 223 3 0 0 0 274877906944 0 0 0 0 0 549755813888 0 0 0 0 0 824633720832 0 0
78 3 164 3 224 3 0 0 0 1099511627776 0 0 0 0 0 2199023255552 0 0 0 0 0 3298534883328 0 0
79 3 165 3 225 3 0 0 0 4398046511104 0 0 0 0 0 8796093022208 0 0 0 0 0 13194139533312 0 0
80 3 166 3 226 3 0 0 0 17592186044416 0 0 0 0 0 35184372088832 0 0 0 0 0 52776558133248 0 0
81 3 167 3 227 3 0 0 0 70368744177664 0 0 0 0 0 140737488355328 0 0 0 0 0 211106232532992 0 0
82 3 168 3 228 3 0 0 0 281474976710656 0 0 0 0 0 562949953421312 0 0 0 0 0 844424930131968 0 0
83 3 169 3 229 3 0 0 0 1125899906842624 0 0 0 0 0 2251799813685248 0 0 0 0 0 3377699720527872 0 0
84 3 170 3 230 3 0 0 0 4503599627370496 0 0 0 0 0 9007199254740992 0 0 0 0 0 13510798882111488 0 0
85 3 171 3 231 3 0 0 0 18014398509481984 0 0 0 0 0 36028797018963968 0 0 0 0 0 54043195528445952 0 0
86 3 172 3 232 3 0 0 0 72057594037927936 0 0 0 0 0 144115188075855872 0 0 0 0 0 216172782113783808 0 0
87 3 173 3 233 3 0 0 0 288230376151711744 0 0 0 0 0 576460752303423488 0 0 0 0 0 864691128455135232 0 0
88 3 174 3 234 3 0 0 0 1152921504606846976 0 0 0 0 0 2305843009213693952 0 0 0 0 0 3458764513820540928 0 0
89 3 175 3 235 3 0 0 0 4611686018427387904 0 0 0 0 0 9223372036854775808 0 0 0 0 0 13835058055282163712 0 0
90 3 176 3 236 3 0 0 0 0 1 0 0 0 0 0 2 0 0 0 0 0 3 0
91 3 177 3 237 3 0 0 0 0 4 0 0 0 0 0 8 0 0 0 0 0 12 0
92 3 178 3 238 3 0 0 0 0 16 0 0 0 0 0 32 0 0 0 0 0 48 0
93 3 179 3 239 3 0 0 0 0 64 0 0 0 0 0 128 0 0 0 0 0 192 0
94 3 180 3 240 3 0 0 0 0 256 0 0 0 0 0 512 0 0 0 0 0 768 0
95 3 181 3 241 3 0 0 0 0 1024 0 0 0 0 0 2048 0 0 0 0 0 3072 0
0 3 182 3 242 3 0 0 0 0 4096 0 0 0 0 0 8192 0 0 0 0 0 12288 0
1 3 183 3 243 3 0 0 0 0 16384 0 0 0 0 0 32768 0 0 0 0 0 49152 0
2 3 184 3 244 3 0 0 0 0 65536 0 0 0 0 0 131072 0 0 0 0 0 196608 0
3 3 185 3 245 3 0 0 0 0 262144 0 0 0 0 0 524288 0 0 0 0 0 786432 0
4 3 186 3 246 3 0 0 0 0 1048576 0 0 0 0 0 2097152 0 0 0 0 0 3145728 0
5 3 187 3 247 3 0 0 0 0 4194304 0 0 0 0 0 8388608 0 0 0 0 0 12582912 0
6 3 188 3 248 3 0 0 0 0 16777216 0 0 0 0 0 33554432 0 0 0 0 0 50331648 0
7 3 189 3 249 3 0 0 0 0 67108864 0 0 0 0 0 134217728 0 0 0 0 0 201326592 0
8 3 190 3 250 3 0 0 0 0 268435456 0 0 0 0 0 536870912 0 0 0 0 0 805306368 0
9 3 191 3 251 3 0 0 0 0 1073741824 0 0 0 0 0 2147483648 0 0 0 0 0 3221225472 0
10 3 96 3 252 3 0 0 0 0 4294967296 0 0 0 0 0 8589934592 0 0 0 0 0 12884901888 0
11 3 97 3 253 3 0 0 0 0 17179869184 0 0 0 0 0 34359738368 0 0 0 0 0 51539607552 0
12 3 98 3 254 3 0 0 0 0 68719476736 0 0 0 0 0 137438953472 0 0 0 0 0 206158430208 0
13 3 99 3 255 3 0 0 0 0 274877906944 0 0 0 0 0 549755813888 0 0 0 0 0 824633720832 0
14 3 100 3 256 3 0 0 0 0 1099511627776 0 0 0 0 0 2199023255552 0 0 0 0 0 3298534883328 0
15 3 101 3 257 3 0 0 0 0 4398046511104 0 0 0 0 0 8796093022208 0 0 0 0 0 13194139533312 0
16 3 102 3 258 3 0 0 0 0 17592186044416 0 0 0 0 0 35184372088832 0 0 0 0 0 52776558133248 0
17 3 103 3 259 3 0 0 0 0 70368744177664 0 0 0 0 0 140737488355328 0 0 0 0 0 211106232532992 0
18 3 104 3 260 3 0 0 0 0 281474976710656 0 0 0 0 0 562949953421312 0 0 0 0 0 844424930131968 0
19 3 105 3 261 3 0 0 0 0 1125899906842624 0 0 0 0 0 2251799813685248 0 0 0 0 0 3377699720527872 0
20 3 106 3 262 3 0 0 0 0 4503599627370496 0 0 0 0 0 9007199254740992 0 0 0 0 0 13510798882111488 0
21 3 107 3 263 3 0 0 0 0 18014398509481984 0 0 0 0 0 36028797018963968 0 0 0 0 0 54043195528445952 0
22 3 108 3 264 3 0 0 0 0 72057594037927936 0 0 0 0 0 144115188075855872 0 0 0 0 0 216172782113783808 0
23 3 109 3 265 3 0 0 0 0 288230376151711744 0 0 0 0 0 576460752303423488 0 0 0 0 0 864691128455135232 0
24 3 110 3 266 3 0 0 0 0 1152921504606846976 0 0 0 0 0 2305843009213693952 0 0 0 0 0 3458764513820540928 0
25 3 111 3 267 3 0 0 0 0 4611686018427387904 0 0 0 0 0 9223372036854775808 0 0 0 0 0 13835058055282163712 0
26 3 112 3 268 3 0 0 0 0 0 1 0 0 0 0 0 2 0 0 0 0 0 3
27 3 113 3 269 3 0 0 0 0 0 4 0 0 0 0 0 8 0 0 0 0 0 12
28 3 114 3 270 3 0 0 0 0 0 16 0 0 0 0 0 32 0 0 0 0 0 48
29 3 115 3 271 3 0 0 0 0 0 64 0 0 0 0 0 128 0 0 0 0 0 192
30 3 116 3 272 3 0 0 0 0 0 256 0 0 0 0 0 512 0 0 0 0 0 768
31 3 117 3 273 3 0 0 0 0 0 1024 0 0 0 0 0 2048 0 0 0 0 0 3072
32 3 118 3 274 3 0 0 0 0 0 4096 0 0 0 0 0 8192 0 0 0 0 0 12288
33 3 119 3 275 3 0 0 0 0 0 16384 0 0 0 0 0 32768 0 0 0 0 0 49152
34 3 120 3 276 3 0 0 0 0 0 65536 0 0 0 0 0 131072 0 0 0 0 0 196608
35 3 121 3 277 3 0 0 0 0 0 262144 0 0 0 0 0 524288 0 0 0 0 0 786432
36 3 122 3 278 3 0 0 0 0 0 1048576 0 0 0 0 0 2097152 0 0 0 0 0 3145728
37 3 123 3 279 3 0 0 0 0 0 4194304 0 0 0 0 0 8388608 0 0 0 0 0 12582912
38 3 124 3 280 3 0 0 0 0 0 16777216 0 0 0 0 0 33554432 0 0 0 0 0 50331648
39 3 125 3 281 3 0 0 0 0 0 67108864 0 0 0 0 0 134217728 0 0 0 0 0 201326592
40 3 126 3 282 3 0 0 0 0 0 268435456 0 0 0 0 0 536870912 0 0 0 0 0 805306368
41 3 127 3 283 3 0 0 0 0 0 1073741824 0 0 0 0 0 2147483648 0 0 0 0 0 3221225472
42 3 128 3 284 3 0 0 0 0 0 4294967296 0 0 0 0 0 8589934592 0 0 0 0 0 12884901888
43 3 129 3 285 3 0 0 0 0 0 17179869184 0 0 0 0 0 34359738368 0 0 0 0 0 51539607552
44 3 130 3 286 3 0 0 0 0 0 68719476736 0 0 0 0 0 137438953472 0 0 0 0 0 206158430208
45 3 131 3 287 3 0 0 0 0 0 274877906944 0 0 0 0 0 549755813888 0 0 0 0 0 824633720832
46 3 132 3 192 3 0 0 0 0 0 1099511627776 0 0 0 0 0 2199023255552 0 0 0 0 0 3298534883328
47 3 133 3 193 3 0 0 0 0 0 4398046511104 0 0 0 0 0 8796093022208 0 0 0 0 0 13194139533312
48 3 134 3 194 3 0 0 0 0 0 17592186044416 0 0 0 0 0 35184372088832 0 0 0 0 0 52776558133248
49 3 135 3 195 3 0 0 0 0 0 70368744177664 0 0 0 0 0 140737488355328 0 0 0 0 0 211106232532992
50 3 136 3 196 3 0 0 0 0 0 281474976710656 0 0 0 0 0 562949953421312 0 0 0 0 0 844424930131968
51 3 137 3 197 3 0 0 0 0 0 1125899906842624 0 0 0 0 0 2251799813685248 0 0 0 0 0 3377699720527872
52 3 138 3 198 3 0 0 0 0 0 4503599627370496 0 0 0 0 0 9007199254740992 0 0 0 0 0 13510798882111488
53 3 139 3 199 3 0 0 0 0 0 18014398509481984 0 0 0 0 0 36028797018963968 0 0 0 0 0 54043195528445952
54 3 140 3 200 3 0 0 0 0 0 72057594037927936 0 0 0 0 0 144115188075855872 0 0 0 0 0 216172782113783808
55 3 141 3 201 3 0 0 0 0 0 288230376151711744 0 0 0 0 0 576460752303423488 0 0 0 0 0 864691128455135232
56 3 142 3 202 3 0 0 0 0 0 1152921504606846976 0 0 0 0 0 2305843009213693952 0 0 0 0 0 3458764513820540928
57 3 143 3 203 3 0 0 0 0 0 4611686018427387904 0 0 0 0 0 9223372036854775808 0 0 0 0 0 13835058055282163712
