768 288 6 96
0 2 96 1 192 1 0 0 0 0 0 0 0 0 0 0 0 0 0 0 0 0 0 0
1 2 97 1 193 1 0 0 0 0 0 0 0 0 0 0 0 0 0 0 0 0 0 0
2 2 98 1 194 1 0 0 0 0 0 0 0 0 0 0 0 0 0 0 0 0 0 0
3 2 99 1 195 1 0 0 0 0 0 0 0 0 0 0 0 0 0 0 0 0 0 0
4 2 100 1 196 1 0 0 0 0 0 0 0 0 0 0 0 0 0 0 0 0 0 0
5 2 101 1 197 1 0 0 0 0 0 0 0 0 0 0 0 0 0 0 0 0 0 0
6 2 102 1 198 1 0 0 0 0 0 0 0 0 0 0 0 0 0 0 0 0 0 0
7 2 103 1 199 1 0 0 0 0 0 0 0 0 0 0 0 0 0 0 0 0 0 0
8 2 104 1 200 1 0 0 0 0 0 0 0 0 0 0 0 0 0 0 0 0 0 0
9 2 105 1 201 1 0 0 0 0 0 0 0 0 0 0 0 0 0 0 0 0 0 0
10 2 106 1 202 1 0 0 0 0 0 0 0 0 0 0 0 0 0 0 0 0 0 0
11 2 107 1 203 1 0 0 0 0 0 0 0 0 0 0 0 0 0 0 0 0 0 0
12 2 108 1 204 1 0 0 0 0 0 0 0 0 0 0 0 0 0 0 0 0 0 0
13 2 109 1 205 1 0 0 0 0 0 0 0 0 0 0 0 0 0 0 0 0 0 0
14 2 110 1 206 1 0 0 0 0 0 0 0 0 0 0 0 0 0 0 0 0 0 0
15 2 111 1 207 1 0 0 0 0 0 0 0 0 0 0 0 0 0 0 0 0 0 0
16 2 112 1 208 1 0 0 0 0 0 0 0 0 0 0 0 0 0 0 0 0 0 0
17 2 113 1 209 1 0 0 0 0 0 0 0 0 0 0 0 0 0 0 0 0 0 0
18 2 114 1 210 1 0 0 0 0 0 0 0 0 0 0 0 0 0 0 0 0 0 0
19 2 115 1 211 1 0 0 0 0 0 0 0 0 0 0 0 0 0 0 0 0 0 0
20 2 116 1 212 1 0 0 0 0 0 0 0 0 0 0 0 0 0 0 0 0 0 0
21 2 117 1 213 1 0 0 0 0 0 0 0 0 0 0 0 0 0 0 0 0 0 0
22 2 118 1 214 1 0 0 0 0 0 0 0 0 0 0 0 0 0 0 0 0 0 0
23 2 119 1 215 1 0 0 0 0 0 0 0 0 0 0 0 0 0 0 0 0 0 0
24 2 120 1 216 1 0 0 0 0 0 0 0 0 0 0 0 0 0 0 0 0 0 0
25 2 121 1 217 1 0 0 0 0 0 0 0 0 0 0 0 0 0 0 0 0 0 0
26 2 122 1 218 1 0 0 0 0 0 0 0 0 0 0 0 0 0 0 0 0 0 0
27 2 123 1 219 1 0 0 0 0 0 0 0 0 0 0 0 0 0 0 0 0 0 0
28 2 124 1 220 1 0 0 0 0 0 0 0 0 0 0 0 0 0 0 0 0 0 0
29 2 125 1 221 1 0 0 0 0 0 0 0 0 0 0 0 0 0 0 0 0 0 0
30 2 126 1 222 1 0 0 0 0 0 0 0 0 0 0 0 0 0 0 0 0 0 0
31 2 127 1 223 1 0 0 0 0 0 0 0 0 0 0 0 0 0 0 0 0 0 0
32 2 128 1 224 1 0 0 0 0 0 0 0 0 0 0 0 0 0 0 0 0 0 0
33 2 129 1 225 1 0 0 0 0 0 0 0 0 0 0 0 0 0 0 0 0 0 0
34 2 130 1 226 1 0 0 0 0 0 0 0 0 0 0 0 0 0 0 0 0 0 0
35 2 131 1 227 1 0 0 0 0 0 0 0 0 0 0 0 0 0 0 0 0 0 0
36 2 132 1 228 1 0 0 0 0 0 0 0 0 0 0 0 0 0 0 0 0 0 0
37 2 133 1 229 1 0 0 0 0 0 0 0 0 0 0 0 0 0 0 0 0 0 0
38 2 134 1 230 1 0 0 0 0 0 0 0 0 0 0 0 0 0 0 0 0 0 0
39 2 135 1 231 1 0 0 0 0 0 0 0 0 0 0 0 0 0 0 0 0 0 0
40 2 136 1 232 1 0 0 0 0 0 0 0 0 0 0 0 0 0 0 0 0 0 0
41 2 137 1 233 1 0 0 0 0 0 0 0 0 0 0 0 0 0 0 0 0 0 0
42 2 138 1 234 1 0 0 0 0 0 0 0 0 0 0 0 0 0 0 0 0 0 0
43 2 139 1 235 1 0 0 0 0 0 0 0 0 0 0 0 0 0 0 0 0 0 0
44 2 140 1 236 1 0 0 0 0 0 0 0 0 0 0 0 0 0 0 0 0 0 0
45 2 141 1 237 1 0 0 0 0 0 0 0 0 0 0 0 0 0 0 0 0 0 0
46 2 142 1 238 1 0 0 0 0 0 0 0 0 0 0 0 0 0 0 0 0 0 0
47 2 143 1 239 1 0 0 0 0 0 0 0 0 0 0 0 0 0 0 0 0 0 0
48 2 144 1 240 1 0 0 0 0 0 0 0 0 0 0 0 0 0 0 0 0 0 0
49 2 145 1 241 1 0 0 0 0 0 0 0 0 0 0 0 0 0 0 0 0 0 0
50 2 146 1 242 1 0 0 0 0 0 0 0 0 0 0 0 0 0 0 0 0 0 0
51 2 147 1 243 1 0 0 0 0 0 0 0 0 0 0 0 0 0 0 0 0 0 0
52 2 148 1 244 1 0 0 0 0 0 0 0 0 0 0 0 0 0 0 0 0 0 0
53 2 149 1 245 1 0 0 0 0 0 0 0 0 0 0 0 0 0 0 0 0 0 0
54 2 150 1 246 1 0 0 0 0 0 0 0 0 0 0 0 0 0 0 0 0 0 0
55 2 151 1 247 1 0 0 0 0 0 0 0 0 0 0 0 0 0 0 0 0 0 0
56 2 152 1 248 1 0 0 0 0 0 0 0 0 0 0 0 0 0 0 0 0 0 0
57 2 153 1 249 1 0 0 0 0 0 0 0 0 0 0 0 0 0 0 0 0 0 0
58 2 154 1 250 1 0 0 0 0 0 0 0 0 0 0 0 0 0 0 0 0 0 0
59 2 155 1 251 1 0 0 0 0 0 0 0 0 0 0 0 0 0 0 0 0 0 0
60 2 156 1 252 1 0 0 0 0 0 0 0 0 0 0 0 0 0 0 0 0 0 0
61 2 157 1 253 1 0 0 0 0 0 0 0 0 0 0 0 0 0 0 0 0 0 0
62 2 158 1 254 1 0 0 0 0 0 0 0 0 0 0 0 0 0 0 0 0 0 0
63 2 159 1 255 1 0 0 0 0 0 0 0 0 0 0 0 0 0 0 0 0 0 0
64 2 160 1 256 1 0 0 0 0 0 0 0 0 0 0 0 0 0 0 0 0 0 0
65 2 161 1 257 1 0 0 0 0 0 0 0 0 0 0 0 0 0 0 0 0 0 0
66 2 162 1 258 1 0 0 0 0 0 0 0 0 0 0 0 0 0 0 0 0 0 0
67 2 163 1 259 1 0 0 0 0 0 0 0 0 0 0 0 0 0 0 0 0 0 0
68 2 164 1 260 1 0 0 0 0 0 0 0 0 0 0 0 0 0 0 0 0 0 0
69 2 165 1 261 1 0 0 0 0 0 0 0 0 0 0 0 0 0 0 0 0 0 0
70 2 166 1 262 1 0 0 0 0 0 0 0 0 0 0 0 0 0 0 0 0 0 0
71 2 167 1 263 1 0 0 0 0 0 0 0 0 0 0 0 0 0 0 0 0 0 0
72 2 168 1 264 1 0 0 0 0 0 0 0 0 0 0 0 0 0 0 0 0 0 0
73 2 169 1 265 1 0 0 0 0 0 0 0 0 0 0 0 0 0 0 0 0 0 0
74 2 170 1 266 1 0 0 0 0 0 0 0 0 0 0 0 0 0 0 0 0 0 0
75 2 171 1 267 1 0 0 0 0 0 0 0 0 0 0 0 0 0 0 0 0 0 0
76 2 172 1 268 1 0 0 0 0 0 0 0 0 0 0 0 0 0 0 0 0 0 0
77 2 173 1 269 1 0 0 0 0 0 0 0 0 0 0 0 0 0 0 0 0 0 0
78 2 174 1 270 1 0 0 0 0 0 0 0 0 0 0 0 0 0 0 0 0 0 0
79 2 175 1 271 1 0 0 0 0 0 0 0 0 0 0 0 0 0 0 0 0 0 0
80 2 176 1 272 1 0 0 0 0 0 0 0 0 0 0 0 0 0 0 0 0 0 0
81 2 177 1 273 1 0 0 0 0 0 0 0 0 0 0 0 0 0 0 0 0 0 0
82 2 178 1 274 1 0 0 0 0 0 0 0 0 0 0 0 0 0 0 0 0 0 0
83 2 179 1 275 1 0 0 0 0 0 0 0 0 0 0 0 0 0 0 0 0 0 0
84 2 180 1 276 1 0 0 0 0 0 0 0 0 0 0 0 0 0 0 0 0 0 0
85 2 181 1 277 1 0 0 0 0 0 0 0 0 0 0 0 0 0 0 0 0 0 0
86 2 182 1 278 1 0 0 0 0 0 0 0 0 0 0 0 0 0 0 0 0 0 0
87 2 183 1 279 1 0 0 0 0 0 0 0 0 0 0 0 0 0 0 0 0 0 0
88 2 184 1 280 1 0 0 0 0 0 0 0 0 0 0 0 0 0 0 0 0 0 0
89 2 185 1 281 1 0 0 0 0 0 0 0 0 0 0 0 0 0 0 0 0 0 0
90 2 186 1 282 1 0 0 0 0 0 0 0 0 0 0 0 0 0 0 0 0 0 0
91 2 187 1 283 1 0 0 0 0 0 0 0 0 0 0 0 0 0 0 0 0 0 0
92 2 188 1 284 1 0 0 0 0 0 0 0 0 0 0 0 0 0 0 0 0 0 0
93 2 189 1 285 1 0 0 0 0 0 0 0 0 0 0 0 0 0 0 0 0 0 0
94 2 190 1 286 1 0 0 0 0 0 0 0 0 0 0 0 0 0 0 0 0 0 0
95 2 191 1 287 1 0 0 0 0 0 0 0 0 0 0 0 0 0 0 0 0 0 0
0 1 168 2 216 1 0 0 0 0 0 0 0 0 0 0 0 0 0 0 0 0 0 0
1 1 169 2 217 1 0 0 0 0 0 0 0 0 0 0 0 0 0 0 0 0 0 0
2 1 170 2 218 1 0 0 0 0 0 0 0 0 0 0 0 0 0 0 0 0 0 0
3 1 171 2 219 1 0 0 0 0 0 0 0 0 0 0 0 0 0 0 0 0 0 0
4 1 172 2 220 1 0 0 0 0 0 0 0 0 0 0 0 0 0 0 0 0 0 0
5 1 173 2 221 1 0 0 0 0 0 0 0 0 0 0 0 0 0 0 0 0 0 0
6 1 174 2 222 1 0 0 0 0 0 0 0 0 0 0 0 0 0 0 0 0 0 0
7 1 175 2 223 1 0 0 0 0 0 0 0 0 0 0 0 0 0 0 0 0 0 0
8 1 176 2 224 1 0 0 0 0 0 0 0 0 0 0 0 0 0 0 0 0 0 0
9 1 177 2 225 1 0 0 0 0 0 0 0 0 0 0 0 0 0 0 0 0 0 0
10 1 178 2 226 1 0 0 0 0 0 0 0 0 0 0 0 0 0 0 0 0 0 0
11 1 179 2 227 1 0 0 0 0 0 0 0 0 0 0 0 0 0 0 0 0 0 0
12 1 180 2 228 1 0 0 0 0 0 0 0 0 0 0 0 0 0 0 0 0 0 0
13 1 181 2 229 1 0 0 0 0 0 0 0 0 0 0 0 0 0 0 0 0 0 0
14 1 182 2 230 1 0 0 0 0 0 0 0 0 0 0 0 0 0 0 0 0 0 0
15 1 183 2 231 1 0 0 0 0 0 0 0 0 0 0 0 0 0 0 0 0 0 0
16 1 184 2 232 1 0 0 0 0 0 0 0 0 0 0 0 0 0 0 0 0 0 0
17 1 185 2 233 1 0 0 0 0 0 0 0 0 0 0 0 0 0 0 0 0 0 0
18 1 186 2 234 1 0 0 0 0 0 0 0 0 0 0 0 0 0 0 0 0 0 0
19 1 187 2 235 1 0 0 0 0 0 0 0 0 0 0 0 0 0 0 0 0 0 0
20 1 188 2 236 1 0 0 0 0 0 0 0 0 0 0 0 0 0 0 0 0 0 0
21 1 189 2 237 1 0 0 0 0 0 0 0 0 0 0 0 0 0 0 0 0 0 0
22 1 190 2 238 1 0 0 0 0 0 0 0 0 0 0 0 0 0 0 0 0 0 0
23 1 191 2 239 1 0 0 0 0 0 0 0 0 0 0 0 0 0 0 0 0 0 0
24 1 96 2 240 1 0 0 0 0 0 0 0 0 0 0 0 0 0 0 0 0 0 0
25 1 97 2 241 1 0 0 0 0 0 0 0 0 0 0 0 0 0 0 0 0 0 0
26 1 98 2 242 1 0 0 0 0 0 0 0 0 0 0 0 0 0 0 0 0 0 0
27 1 99 2 243 1 0 0 0 0 0 0 0 0 0 0 0 0 0 0 0 0 0 0
28 1 100 2 244 1 0 0 0 0 0 0 0 0 0 0 0 0 0 0 0 0 0 0
29 1 101 2 245 1 0 0 0 0 0 0 0 0 0 0 0 0 0 0 0 0 0 0
30 1 102 2 246 1 0 0 0 0 0 0 0 0 0 0 0 0 0 0 0 0 0 0
31 1 103 2 247 1 0 0 0 0 0 0 0 0 0 0 0 0 0 0 0 0 0 0
32 1 104 2 248 1 0 0 0 0 0 0 0 0 0 0 0 0 0 0 0 0 0 0
33 1 105 2 249 1 0 0 0 0 0 0 0 0 0 0 0 0 0 0 0 0 0 0
34 1 106 2 250 1 0 0 0 0 0 0 0 0 0 0 0 0 0 0 0 0 0 0
35 1 107 2 251 1 0 0 0 0 0 0 0 0 0 0 0 0 0 0 0 0 0 0
36 1 108 2 252 1 0 0 0 0 0 0 0 0 0 0 0 0 0 0 0 0 0 0
37 1 109 2 253 1 0 0 0 0 0 0 0 0 0 0 0 0 0 0 0 0 0 0
38 1 110 2 254 1 0 0 0 0 0 0 0 0 0 0 0 0 0 0 0 0 0 0
39 1 111 2 255 1 0 0 0 0 0 0 0 0 0 0 0 0 0 0 0 0 0 0
40 1 112 2 256 1 0 0 0 0 0 0 0 0 0 0 0 0 0 0 0 0 0 0
41 1 113 2 257 1 0 0 0 0 0 0 0 0 0 0 0 0 0 0 0 0 0 0
42 1 114 2 258 1 0 0 0 0 0 0 0 0 0 0 0 0 0 0 0 0 0 0
43 1 115 2 259 1 0 0 0 0 0 0 0 0 0 0 0 0 0 0 0 0 0 0
44 1 116 2 260 1 0 0 0 0 0 0 0 0 0 0 0 0 0 0 0 0 0 0
45 1 117 2 261 1 0 0 0 0 0 0 0 0 0 0 0 0 0 0 0 0 0 0
46 1 118 2 262 1 0 0 0 0 0 0 0 0 0 0 0 0 0 0 0 0 0 0
47 1 119 2 263 1 0 0 0 0 0 0 0 0 0 0 0 0 0 0 0 0 0 0
48 1 120 2 264 1 0 0 0 0 0 0 0 0 0 0 0 0 0 0 0 0 0 0
49 1 121 2 265 1 0 0 0 0 0 0 0 0 0 0 0 0 0 0 0 0 0 0
50 1 122 2 266 1 0 0 0 0 0 0 0 0 0 0 0 0 0 0 0 0 0 0
51 1 123 2 267 1 0 0 0 0 0 0 0 0 0 0 0 0 0 0 0 0 0 0
52 1 124 2 268 1 0 0 0 0 0 0 0 0 0 0 0 0 0 0 0 0 0 0
53 1 125 2 269 1 0 0 0 0 0 0 0 0 0 0 0 0 0 0 0 0 0 0
54 1 126 2 270 1 0 0 0 0 0 0 0 0 0 0 0 0 0 0 0 0 0 0
55 1 127 2 271 1 0 0 0 0 0 0 0 0 0 0 0 0 0 0 0 0 0 0
56 1 128 2 272 1 0 0 0 0 0 0 0 0 0 0 0 0 0 0 0 0 0 0
57 1 129 2 273 1 0 0 0 0 0 0 0 0 0 0 0 0 0 0 0 0 0 0
58 1 130 2 274 1 0 0 0 0 0 0 0 0 0 0 0 0 0 0 0 0 0 0
59 1 131 2 275 1 0 0 0 0 0 0 0 0 0 0 0 0 0 0 0 0 0 0
60 1 132 2 276 1 0 0 0 0 0 0 0 0 0 0 0 0 0 0 0 0 0 0
61 1 133 2 277 1 0 0 0 0 0 0 0 0 0 0 0 0 0 0 0 0 0 0
62 1 134 2 278 1 0 0 0 0 0 0 0 0 0 0 0 0 0 0 0 0 0 0
63 1 135 2 279 1 0 0 0 0 0 0 0 0 0 0 0 0 0 0 0 0 0 0
64 1 136 2 280 1 0 0 0 0 0 0 0 0 0 0 0 0 0 0 0 0 0 0
65 1 137 2 281 1 0 0 0 0 0 0 0 0 0 0 0 0 0 0 0 0 0 0
66 1 138 2 282 1 0 0 0 0 0 0 0 0 0 0 0 0 0 0 0 0 0 0
67 1 139 2 283 1 0 0 0 0 0 0 0 0 0 0 0 0 0 0 0 0 0 0
68 1 140 2 284 1 0 0 0 0 0 0 0 0 0 0 0 0 0 0 0 0 0 0
69 1 141 2 285 1 0 0 0 0 0 0 0 0 0 0 0 0 0 0 0 0 0 0
70 1 142 2 286 1 0 0 0 0 0 0 0 0 0 0 0 0 0 0 0 0 0 0
71 1 143 2 287 1 0 0 0 0 0 0 0 0 0 0 0 0 0 0 0 0 0 0
72 1 144 2 192 1 0 0 0 0 0 0 0 0 0 0 0 0 0 0 0 0 0 0
73 1 145 2 193 1 0 0 0 0 0 0 0 0 0 0 0 0 0 0 0 0 0 0
74 1 146 2 194 1 0 0 0 0 0 0 0 0 0 0 0 0 0 0 0 0 0 0
75 1 147 2 195 1 0 0 0 0 0 0 0 0 0 0 0 0 0 0 0 0 0 0
76 1 148 2 196 1 0 0 0 0 0 0 0 0 0 0 0 0 0 0 0 0 0 0
77 1 149 2 197 1 0 0 0 0 0 0 0 0 0 0 0 0 0 0 0 0 0 0
78 1 150 2 198 1 0 0 0 0 0 0 0 0 0 0 0 0 0 0 0 0 0 0
79 1 151 2 199 1 0 0 0 0 0 0 0 0 0 0 0 0 0 0 0 0 0 0
80 1 152 2 200 1 0 0 0 0 0 0 0 0 0 0 0 0 0 0 0 0 0 0
81 1 153 2 201 1 0 0 0 0 0 0 0 0 0 0 0 0 0 0 0 0 0 0
82 1 154 2 202 1 0 0 0 0 0 0 0 0 0 0 0 0 0 0 0 0 0 0
83 1 155 2 203 1 0 0 0 0 0 0 0 0 0 0 0 0 0 0 0 0 0 0
84 1 156 2 204 1 0 0 0 0 0 0 0 0 0 0 0 0 0 0 0 0 0 0
85 1 157 2 205 1 0 0 0 0 0 0 0 0 0 0 0 0 0 0 0 0 0 0
86 1 158 2 206 1 0 0 0 0 0 0 0 0 0 0 0 0 0 0 0 0 0 0
87 1 159 2 207 1 0 0 0 0 0 0 0 0 0 0 0 0 0 0 0 0 0 0
88 1 160 2 208 1 0 0 0 0 0 0 0 0 0 0 0 0 0 0 0 0 0 0
89 1 161 2 209 1 0 0 0 0 0 0 0 0 0 0 0 0 0 0 0 0 0 0
90 1 162 2 210 1 0 0 0 0 0 0 0 0 0 0 0 0 0 0 0 0 0 0
91 1 163 2 211 1 0 0 0 0 0 0 0 0 0 0 0 0 0 0 0 0 0 0
92 1 164 2 212 1 0 0 0 0 0 0 0 0 0 0 0 0 0 0 0 0 0 0
93 1 165 2 213 1 0 0 0 0 0 0 0 0 0 0 0 0 0 0 0 0 0 0
94 1 166 2 214 1 0 0 0 0 0 0 0 0 0 0 0 0 0 0 0 0 0 0
95 1 167 2 215 1 0 0 0 0 0 0 0 0 0 0 0 0 0 0 0 0 0 0
0 1 156 1 276 2 0 0 0 0 0 0 0 0 0 0 0 0 0 0 0 0 0 0
1 1 157 1 277 2 0 0 0 0 0 0 0 0 0 0 0 0 0 0 0 0 0 0
2 1 158 1 278 2 0 0 0 0 0 0 0 0 0 0 0 0 0 0 0 0 0 0
3 1 159 1 279 2 0 0 0 0 0 0 0 0 0 0 0 0 0 0 0 0 0 0
4 1 160 1 280 2 0 0 0 0 0 0 0 0 0 0 0 0 0 0 0 0 0 0
5 1 161 1 281 2 0 0 0 0 0 0 0 0 0 0 0 0 0 0 0 0 0 0
6 1 162 1 282 2 0 0 0 0 0 0 0 0 0 0 0 0 0 0 0 0 0 0
7 1 163 1 283 2 0 0 0 0 0 0 0 0 0 0 0 0 0 0 0 0 0 0
8 1 164 1 284 2 0 0 0 0 0 0 0 0 0 0 0 0 0 0 0 0 0 0
9 1 165 1 285 2 0 0 0 0 0 0 0 0 0 0 0 0 0 0 0 0 0 0
10 1 166 1 286 2 0 0 0 0 0 0 0 0 0 0 0 0 0 0 0 0 0 0
11 1 167 1 287 2 0 0 0 0 0 0 0 0 0 0 0 0 0 0 0 0 0 0
12 1 168 1 192 2 0 0 0 0 0 0 0 0 0 0 0 0 0 0 0 0 0 0
13 1 169 1 193 2 0 0 0 0 0 0 0 0 0 0 0 0 0 0 0 0 0 0
14 1 170 1 194 2 0 0 0 0 0 0 0 0 0 0 0 0 0 0 0 0 0 0
15 1 171 1 195 2 0 0 0 0 0 0 0 0 0 0 0 0 0 0 0 0 0 0
16 1 172 1 196 2 0 0 0 0 0 0 0 0 0 0 0 0 0 0 0 0 0 0
17 1 173 1 197 2 0 0 0 0 0 0 0 0 0 0 0 0 0 0 0 0 0 0
18 1 174 1 198 2 0 0 0 0 0 0 0 0 0 0 0 0 0 0 0 0 0 0
19 1 175 1 199 2 0 0 0 0 0 0 0 0 0 0 0 0 0 0 0 0 0 0
20 1 176 1 200 2 0 0 0 0 0 0 0 0 0 0 0 0 0 0 0 0 0 0
21 1 177 1 201 2 0 0 0 0 0 0 0 0 0 0 0 0 0 0 0 0 0 0
22 1 178 1 202 2 0 0 0 0 0 0 0 0 0 0 0 0 0 0 0 0 0 0
23 1 179 1 203 2 0 0 0 0 0 0 0 0 0 0 0 0 0 0 0 0 0 0
24 1 180 1 204 2 0 0 0 0 0 0 0 0 0 0 0 0 0 0 0 0 0 0
25 1 181 1 205 2 0 0 0 0 0 0 0 0 0 0 0 0 0 0 0 0 0 0
26 1 182 1 206 2 0 0 0 0 0 0 0 0 0 0 0 0 0 0 0 0 0 0
27 1 183 1 207 2 0 0 0 0 0 0 0 0 0 0 0 0 0 0 0 0 0 0
28 1 184 1 208 2 0 0 0 0 0 0 0 0 0 0 0 0 0 0 0 0 0 0
29 1 185 1 209 2 0 0 0 0 0 0 0 0 0 0 0 0 0 0 0 0 0 0
30 1 186 1 210 2 0 0 0 0 0 0 0 0 0 0 0 0 0 0 0 0 0 0
31 1 187 1 211 2 0 0 0 0 0 0 0 0 0 0 0 0 0 0 0 0 0 0
32 1 188 1 212 2 0 0 0 0 0 0 0 0 0 0 0 0 0 0 0 0 0 0
33 1 189 1 213 2 0 0 0 0 0 0 0 0 0 0 0 0 0 0 0 0 0 0
34 1 190 1 214 2 0 0 0 0 0 0 0 0 0 0 0 0 0 0 0 0 0 0
35 1 191 1 215 2 0 0 0 0 0 0 0 0 0 0 0 0 0 0 0 0 0 0
36 1 96 1 216 2 0 0 0 0 0 0 0 0 0 0 0 0 0 0 0 0 0 0
37 1 97 1 217 2 0 0 0 0 0 0 0 0 0 0 0 0 0 0 0 0 0 0
38 1 98 1 218 2 0 0 0 0 0 0 0 0 0 0 0 0 0 0 0 0 0 0
39 1 99 1 219 2 0 0 0 0 0 0 0 0 0 0 0 0 0 0 0 0 0 0
40 1 100 1 220 2 0 0 0 0 0 0 0 0 0 0 0 0 0 0 0 0 0 0
41 1 101 1 221 2 0 0 0 0 0 0 0 0 0 0 0 0 0 0 0 0 0 0
42 1 102 1 222 2 0 0 0 0 0 0 0 0 0 0 0 0 0 0 0 0 0 0
43 1 103 1 223 2 0 0 0 0 0 0 0 0 0 0 0 0 0 0 0 0 0 0
44 1 104 1 224 2 0 0 0 0 0 0 0 0 0 0 0 0 0 0 0 0 0 0
45 1 105 1 225 2 0 0 0 0 0 0 0 0 0 0 0 0 0 0 0 0 0 0
46 1 106 1 226 2 0 0 0 0 0 0 0 0 0 0 0 0 0 0 0 0 0 0
47 1 107 1 227 2 0 0 0 0 0 0 0 0 0 0 0 0 0 0 0 0 0 0
48 1 108 1 228 2 0 0 0 0 0 0 0 0 0 0 0 0 0 0 0 0 0 0
49 1 109 1 229 2 0 0 0 0 0 0 0 0 0 0 0 0 0 0 0 0 0 0
50 1 110 1 230 2 0 0 0 0 0 0 0 0 0 0 0 0 0 0 0 0 0 0
51 1 111 1 231 2 0 0 0 0 0 0 0 0 0 0 0 0 0 0 0 0 0 0
52 1 112 1 232 2 0 0 0 0 0 0 0 0 0 0 0 0 0 0 0 0 0 0
53 1 113 1 233 2 0 0 0 0 0 0 0 0 0 0 0 0 0 0 0 0 0 0
54 1 114 1 234 2 0 0 0 0 0 0 0 0 0 0 0 0 0 0 0 0 0 0
55 1 115 1 235 2 0 0 0 0 0 0 0 0 0 0 0 0 0 0 0 0 0 0
56 1 116 1 236 2 0 0 0 0 0 0 0 0 0 0 0 0 0 0 0 0 0 0
57 1 117 1 237 2 0 0 0 0 0 0 0 0 0 0 0 0 0 0 0 0 0 0
58 1 118 1 238 2 0 0 0 0 0 0 0 0 0 0 0 0 0 0 0 0 0 0
59 1 119 1 239 2 0 0 0 0 0 0 0 0 0 0 0 0 0 0 0 0 0 0
60 1 120 1 240 2 0 0 0 0 0 0 0 0 0 0 0 0 0 0 0 0 0 0
61 1 121 1 241 2 0 0 0 0 0 0 0 0 0 0 0 0 0 0 0 0 0 0
62 1 122 1 242 2 0 0 0 0 0 0 0 0 0 0 0 0 0 0 0 0 0 0
63 1 123 1 243 2 0 0 0 0 0 0 0 0 0 0 0 0 0 0 0 0 0 0
64 1 124 1 244 2 0 0 0 0 0 0 0 0 0 0 0 0 0 0 0 0 0 0
65 1 125 1 245 2 0 0 0 0 0 0 0 0 0 0 0 0 0 0 0 0 0 0
66 1 126 1 246 2 0 0 0 0 0 0 0 0 0 0 0 0 0 0 0 0 0 0
67 1 127 1 247 2 0 0 0 0 0 0 0 0 0 0 0 0 0 0 0 0 0 0
68 1 128 1 248 2 0 0 0 0 0 0 0 0 0 0 0 0 0 0 0 0 0 0
69 1 129 1 249 2 0 0 0 0 0 0 0 0 0 0 0 0 0 0 0 0 0 0
70 1 130 1 250 2 0 0 0 0 0 0 0 0 0 0 0 0 0 0 0 0 0 0
71 1 131 1 251 2 0 0 0 0 0 0 0 0 0 0 0 0 0 0 0 0 0 0
72 1 132 1 252 2 0 0 0 0 0 0 0 0 0 0 0 0 0 0 0 0 0 0
73 1 133 1 253 2 0 0 0 0 0 0 0 0 0 0 0 0 0 0 0 0 0 0
74 1 134 1 254 2 0 0 0 0 0 0 0 0 0 0 0 0 0 0 0 0 0 0
75 1 135 1 255 2 0 0 0 0 0 0 0 0 0 0 0 0 0 0 0 0 0 0
76 1 136 1 256 2 0 0 0 0 0 0 0 0 0 0 0 0 0 0 0 0 0 0
77 1 137 1 257 2 0 0 0 0 0 0 0 0 0 0 0 0 0 0 0 0 0 0
78 1 138 1 258 2 0 0 0 0 0 0 0 0 0 0 0 0 0 0 0 0 0 0
79 1 139 1 259 2 0 0 0 0 0 0 0 0 0 0 0 0 0 0 0 0 0 0
80 1 140 1 260 2 0 0 0 0 0 0 0 0 0 0 0 0 0 0 0 0 0 0
81 1 141 1 261 2 0 0 0 0 0 0 0 0 0 0 0 0 0 0 0 0 0 0
82 1 142 1 262 2 0 0 0 0 0 0 0 0 0 0 0 0 0 0 0 0 0 0
83 1 143 1 263 2 0 0 0 0 0 0 0 0 0 0 0 0 0 0 0 0 0 0
84 1 144 1 264 2 0 0 0 0 0 0 0 0 0 0 0 0 0 0 0 0 0 0
85 1 145 1 265 2 0 0 0 0 0 0 0 0 0 0 0 0 0 0 0 0 0 0
86 1 146 1 266 2 0 0 0 0 0 0 0 0 0 0 0 0 0 0 0 0 0 0
87 1 147 1 267 2 0 0 0 0 0 0 0 0 0 0 0 0 0 0 0 0 0 0
88 1 148 1 268 2 0 0 0 0 0 0 0 0 0 0 0 0 0 0 0 0 0 0
89 1 149 1 269 2 0 0 0 0 0 0 0 0 0 0 0 0 0 0 0 0 0 0
90 1 150 1 270 2 0 0 0 0 0 0 0 0 0 0 0 0 0 0 0 0 0 0
91 1 151 1 271 2 0 0 0 0 0 0 0 0 0 0 0 0 0 0 0 0 0 0
92 1 152 1 272 2 0 0 0 0 0 0 0 0 0 0 0 0 0 0 0 0 0 0
93 1 153 1 273 2 0 0 0 0 0 0 0 0 0 0 0 0 0 0 0 0 0 0
94 1 154 1 274 2 0 0 0 0 0 0 0 0 0 0 0 0 0 0 0 0 0 0
95 1 155 1 275 2 0 0 0 0 0 0 0 0 0 0 0 0 0 0 0 0 0 0
0 3 144 3 204 3 1 0 0 0 0 0 2 0 0 0 0 0 3 0 0 0 0 0
1 3 145 3 205 3 4 0 0 0 0 0 8 0 0 0 0 0 12 0 0 0 0 0
2 3 146 3 206 3 16 0 0 0 0 0 32 0 0 0 0 0 48 0 0 0 0 0
3 3 147 3 207 3 64 0 0 0 0 0 128 0 0 0 0 0 192 0 0 0 0 0
4 3 148 3 208 3 256 0 0 0 0 0 512 0 0 0 0 0 768 0 0 0 0 0
5 3 149 3 209 3 1024 0 0 0 0 0 2048 0 0 0 0 0 3072 0 0 0 0 0
6 3 150 3 210 3 4096 0 0 0 0 0 8192 0 0 0 0 0 12288 0 0 0 0 0
7 3 151 3 211 3 16384 0 0 0 0 0 32768 0 0 0 0 0 49152 0 0 0 0 0
8 3 152 3 212 3 65536 0 0 0 0 0 131072 0 0 0 0 0 196608 0 0 0 0 0
9 3 153 3 213 3 262144 0 0 0 0 0 524288 0 0 0 0 0 786432 0 0 0 0 0
10 3 154 3 214 3 1048576 0 0 0 0 0 2097152 0 0 0 0 0 3145728 0 0 0 0 0
11 3 155 3 215 3 4194304 0 0 0 0 0 8388608 0 0 0 0 0 12582912 0 0 0 0 0
12 3 156 3 216 3 16777216 0 0 0 0 0 33554432 0 0 0 0 0 50331648 0 0 0 0 0
13 3 157 3 217 3 67108864 0 0 0 0 0 134217728 0 0 0 0 0 201326592 0 0 0 0 0
14 3 158 3 218 3 268435456 0 0 0 0 0 536870912 0 0 0 0 0 805306368 0 0 0 0 0
15 3 159 3 219 3 1073741824 0 0 0 0 0 2147483648 0 0 0 0 0 3221225472 0 0 0 0 0
16 3 160 3 220 3 4294967296 0 0 0 0 0 8589934592 0 0 0 0 0 12884901888 0 0 0 0 0
17 3 161 3 221 3 17179869184 0 0 0 0 0 34359738368 0 0 0 0 0 51539607552 0 0 0 0 0
18 3 162 3 222 3 68719476736 0 0 0 0 0 137438953472 0 0 0 0 0 206158430208 0 0 0 0 0
19 3 163 3 223 3 274877906944 0 0 0 0 0 549755813888 0 0 0 0 0 824633720832 0 0 0 0 0
20 3 164 3 224 3 1099511627776 0 0 0 0 0 2199023255552 0 0 0 0 0 3298534883328 0 0 0 0 0
21 3 165 3 225 3 4398046511104 0 0 0 0 0 8796093022208 0 0 0 0 0 13194139533312 0 0 0 0 0
22 3 166 3 226 3 17592186044416 0 0 0 0 0 35184372088832 0 0 0 0 0 52776558133248 0 0 0 0 0
23 3 167 3 227 3 70368744177664 0 0 0 0 0 140737488355328 0 0 0 0 0 211106232532992 0 0 0 0 0
24 3 168 3 228 3 281474976710656 0 0 0 0 0 562949953421312 0 0 0 0 0 844424930131968 0 0 0 0 0
25 3 169 3 229 3 1125899906842624 0 0 0 0 0 2251799813685248 0 0 0 0 0 3377699720527872 0 0 0 0 0
26 3 170 3 230 3 4503599627370496 0 0 0 0 0 9007199254740992 0 0 0 0 0 13510798882111488 0 0 0 0 0
27 3 171 3 231 3 18014398509481984 0 0 0 0 0 36028797018963968 0 0 0 0 0 54043195528445952 0 0 0 0 0
28 3 172 3 232 3 72057594037927936 0 0 0 0 0 144115188075855872 0 0 0 0 0 216172782113783808 0 0 0 0 0
29 3 173 3 233 3 288230376151711744 0 0 0 0 0 576460752303423488 0 0 0 0 0 864691128455135232 0 0 0 0 0
30 3 174 3 234 3 1152921504606846976 0 0 0 0 0 2305843009213693952 0 0 0 0 0 3458764513820540928 0 0 0 0 0
31 3 175 3 235 3 4611686018427387904 0 0 0 0 0 9223372036854775808 0 0 0 0 0 13835058055282163712 0 0 0 0 0
32 3 176 3 236 3 0 1 0 0 0 0 0 2 0 0 0 0 0 3 0 0 0 0
33 3 177 3 237 3 0 4 0 0 0 0 0 8 0 0 0 0 0 12 0 0 0 0
34 3 178 3 238 3 0 16 0 0 0 0 0 32 0 0 0 0 0 48 0 0 0 0
35 3 179 3 239 3 0 64 0 0 0 0 0 128 0 0 0 0 0 192 0 0 0 0
36 3 180 3 240 3 0 256 0 0 0 0 0 512 0 0 0 0 0 768 0 0 0 0
37 3 181 3 241 3 0 1024 0 0 0 0 0 2048 0 0 0 0 0 3072 0 0 0 0
38 3 182 3 242 3 0 4096 0 0 0 0 0 8192 0 0 0 0 0 12288 0 0 0 0
39 3 183 3 243 3 0 16384 0 0 0 0 0 32768 0 0 0 0 0 49152 0 0 0 0
40 3 184 3 244 3 0 65536 0 0 0 0 0 131072 0 0 0 0 0 196608 0 0 0 0
41 3 185 3 245 3 0 262144 0 0 0 0 0 524288 0 0 0 0 0 786432 0 0 0 0
42 3 186 3 246 3 0 1048576 0 0 0 0 0 2097152 0 0 0 0 0 3145728 0 0 0 0
43 3 187 3 247 3 0 4194304 0 0 0 0 0 8388608 0 0 0 0 0 12582912 0 0 0 0
44 3 188 3 248 3 0 16777216 0 0 0 0 0 33554432 0 0 0 0 0 50331648 0 0 0 0
45 3 189 3 249 3 0 67108864 0 0 0 0 0 134217728 0 0 0 0 0 201326592 0 0 0 0
46 3 190 3 250 3 0 268435456 0 0 0 0 0 536870912 0 0 0 0 0 805306368 0 0 0 0
47 3 191 3 251 3 0 1073741824 0 0 0 0 0 2147483648 0 0 0 0 0 3221225472 0 0 0 0
48 3 96 3 252 3 0 4294967296 0 0 0 0 0 8589934592 0 0 0 0 0 12884901888 0 0 0 0
49 3 97 3 253 3 0 17179869184 0 0 0 0 0 34359738368 0 0 0 0 0 51539607552 0 0 0 0
50 3 98 3 254 3 0 68719476736 0 0 0 0 0 137438953472 0 0 0 0 0 206158430208 0 0 0 0
51 3 99 3 255 3 0 274877906944 0 0 0 0 0 549755813888 0 0 0 0 0 824633720832 0 0 0 0
52 3 100 3 256 3 0 1099511627776 0 0 0 0 0 2199023255552 0 0 0 0 0 3298534883328 0 0 0 0
53 3 101 3 257 3 0 4398046511104 0 0 0 0 0 8796093022208 0 0 0 0 0 13194139533312 0 0 0 0
54 3 102 3 258 3 0 17592186044416 0 0 0 0 0 35184372088832 0 0 0 0 0 52776558133248 0 0 0 0
55 3 103 3 259 3 0 70368744177664 0 0 0 0 0 140737488355328 0 0 0 0 0 211106232532992 0 0 0 0
56 3 104 3 260 3 0 281474976710656 0 0 0 0 0 562949953421312 0 0 0 0 0 844424930131968 0 0 0 0
57 3 105 3 261 3 0 1125899906842624 0 0 0 0 0 2251799813685248 0 0 0 0 0 3377699720527872 0 0 0 0
58 3 106 3 262 3 0 4503599627370496 0 0 0 0 0 9007199254740992 0 0 0 0 0 13510798882111488 0 0 0 0
59 3 107 3 263 3 0 18014398509481984 0 0 0 0 0 36028797018963968 0 0 0 0 0 54043195528445952 0 0 0 0
60 3 108 3 264 3 0 72057594037927936 0 0 0 0 0 144115188075855872 0 0 0 0 0 216172782113783808 0 0 0 0
61 3 109 3 265 3 0 288230376151711744 0 0 0 0 0 576460752303423488 0 0 0 0 0 864691128455135232 0 0 0 0
62 3 110 3 266 3 0 1152921504606846976 0 0 0 0 0 2305843009213693952 0 0 0 0 0 3458764513820540928 0 0 0 0
63 3 111 3 267 3 0 4611686018427387904 0 0 0 0 0 9223372036854775808 0 0 0 0 0 13835058055282163712 0 0 0 0
64 3 112 3 268 3 0 0 1 0 0 0 0 0 2 0 0 0 0 0 3 0 0 0
65 3 113 3 269 3 0 0 4 0 0 0 0 0 8 0 0 0 0 0 12 0 0 0
66 3 114 3 270 3 0 0 16 0 0 0 0 0 32 0 0 0 0 0 48 0 0 0
67 3 115 3 271 3 0 0 64 0 0 0 0 0 128 0 0 0 0 0 192 0 0 0
68 3 116 3 272 3 0 0 256 0 0 0 0 0 512 0 0 0 0 0 768 0 0 0
69 3 117 3 273 3 0 0 1024 0 0 0 0 0 2048 0 0 0 0 0 3072 0 0 0
70 3 118 3 274 3 0 0 4096 0 0 0 0 0 8192 0 0 0 0 0 12288 0 0 0
71 3 119 3 275 3 0 0 16384 0 0 0 0 0 32768 0 0 0 0 0 49152 0 0 0
72 3 120 3 276 3 0 0 65536 0 0 0 0 0 131072 0 0 0 0 0 196608 0 0 0
73 3 121 3 277 3 0 0 262144 0 0 0 0 0 524288 0 0 0 0 0 786432 0 0 0
74 3 122 3 278 3 0 0 1048576 0 0 0 0 0 2097152 0 0 0 0 0 3145728 0 0 0
75 3 123 3 279 3 0 0 4194304 0 0 0 0 0 8388608 0 0 0 0 0 12582912 0 0 0
76 3 124 3 280 3 0 0 16777216 0 0 0 0 0 33554432 0 0 0 0 0 50331648 0 0 0
77 3 125 3 281 3 0 0 67108864 0 0 0 0 0 134217728 0 0 0 0 0 201326592 0 0 0
78 3 126 3 282 3 0 0 268435456 0 0 0 0 0 536870912 0 0 0 0 0 805306368 0 0 0
79 3 127 3 283 3 0 0 1073741824 0 0 0 0 0 2147483648 0 0 0 0 0 3221225472 0 0 0
80 3 128 3 284 3 0 0 4294967296 0 0 0 0 0 8589934592 0 0 0 0 0 12884901888 0 0 0
81 3 129 3 285 3 0 0 17179869184 0 0 0 0 0 34359738368 0 0 0 0 0 51539607552 0 0 0
82 3 130 3 286 3 0 0 68719476736 0 0 0 0 0 137438953472 0 0 0 0 0 206158430208 0 0 0
83 3 131 3 287 3 0 0 274877906944 0 0 0 0 0 549755813888 0 0 0 0 0 824633720832 0 0 0
84 3 132 3 192 3 0 0 1099511627776 0 0 0 0 0 2199023255552 0 0 0 0 0 3298534883328 0 0 0
85 3 133 3 193 3 0 0 4398046511104 0 0 0 0 0 8796093022208 0 0 0 0 0 13194139533312 0 0 0
86 3 134 3 194 3 0 0 17592186044416 0 0 0 0 0 35184372088832 0 0 0 0 0 52776558133248 0 0 0
87 3 135 3 195 3 0 0 70368744177664 0 0 0 0 0 140737488355328 0 0 0 0 0 211106232532992 0 0 0
88 3 136 3 196 3 0 0 281474976710656 0 0 0 0 0 562949953421312 0 0 0 0 0 844424930131968 0 0 0
89 3 137 3 197 3 0 0 1125899906842624 0 0 0 0 0 2251799813685248 0 0 0 0 0 3377699720527872 0 0 0
90 3 138 3 198 3 0 0 4503599627370496 0 0 0 0 0 9007199254740992 0 0 0 0 0 13510798882111488 0 0 0
91 3 139 3 199 3 0 0 18014398509481984 0 0 0 0 0 36028797018963968 0 0 0 0 0 54043195528445952 0 0 0
92 3 140 3 200 3 0 0 72057594037927936 0 0 0 0 0 144115188075855872 0 0 0 0 0 216172782113783808 0 0 0
93 3 141 3 201 3 0 0 288230376151711744 0 0 0 0 0 576460752303423488 0 0 0 0 0 864691128455135232 0 0 0
94 3 142 3 202 3 0 0 1152921504606846976 0 0 0 0 0 2305843009213693952 0 0 0 0 0 3458764513820540928 0 0 0
95 3 143 3 203 3 0 0 4611686018427387904 0 0 0 0 0 9223372036854775808 0 0 0 0 0 13835058055282163712 0 0 0
0 1 177 1 285 1 4398047035392 1125900041060356 864691145635006464 8796093808640 2251799947902984 288230427691322368 8796093808640 2251800015011848 288230410511453184 13194139795456 3377699921854476 576460769483293696 13194139795456 3377699787636748 576460803843032064 4398047035392 1125899973951492 864691162814875648
1 1 178 1 286 1 17592188141568 4503600164241424 3458764582540025856 35184375234560 9007199791611936 1152921710765289472 35184375234560 9007200060047392 1152921642045812736 52776559181824 13510799687417904 2305843077933174784 52776559181824 13510799150546992 2305843215372128256 17592188141568 4503599895805968 3458764651259502592
2 1 179 1 287 1 70368752566272 18014400656965696 13835058330160103424 140737500938240 36028799166447744 4611686843061157888 140737500938240 36028800240189568 4611686568183250944 211106236727296 54043198749671616 9223372311732699136 211106236727296 54043196602187968 9223372861488513024 70368752566272 18014399583223872 13835058605038010368
3 1 180 1 192 1 281475010265091 72057602627862784 1099511758848 562950003752961 144115196665790976 3298535079936 562950003752961 144115200960758272 2199023452160 844424946909186 216172794998686464 1099511693312 844424946909186 216172786408751872 3298534948864 281475010265091 72057598332895488 2199023386624
4 1 181 1 193 1 1125900041060364 288230410511451136 4398047035392 2251800015011844 576460786663163904 13194140319744 2251800015011844 576460803843033088 8796093808640 3377699787636744 864691179994745856 4398046773248 3377699787636744 864691145635007488 13194139795456 1125900041060364 288230393331581952 8796093546496
5 1 182 1 194 1 4503600164241456 1152921642045804544 17592188141568 9007200060047376 2305843146652655616 52776561278976 9007200060047376 2305843215372132352 35184375234560 13510799150546976 3458764719978983424 17592187092992 13510799150546976 3458764582540029952 52776559181824 4503600164241456 1152921573326327808 35184374185984
6 1 183 1 195 1 18014400656965824 4611686568183218176 70368752566272 36028800240189504 9223372586610622464 211106245115904 36028800240189504 9223372861488529408 140737500938240 54043196602187904 13835058879915933696 70368748371968 54043196602187904 13835058330160119808 211106236727296 18014400656965824 4611686293305311232 140737496743936
7 1 184 1 196 1 72057602627863296 2199023321088 281475010265089 144115200960758016 2199023386624 844424980463618 144115200960758016 3298535014400 562950003752962 216172786408751616 3298535079936 281474993487875 216172786408751616 1099511824384 844424946909187 72057602627863296 1099511693312 562949986975745
8 1 185 1 197 1 288230410511453184 8796093284352 1125900041060356 576460803843032064 8796093546496 3377699921854472 576460803843032064 13194140057600 2251800015011848 864691145635006464 13194140319744 1125899973951500 864691145635006464 4398047297536 3377699787636748 288230410511453184 4398046773248 2251799947902980
9 1 186 1 198 1 1152921642045812736 35184373137408 4503600164241424 2305843215372128256 35184374185984 13510799687417888 2305843215372128256 52776560230400 9007200060047392 3458764582540025856 52776561278976 4503599895806000 3458764582540025856 17592189190144 13510799150546992 1152921642045812736 17592187092992 9007199791611920
10 1 187 1 199 1 4611686568183250944 140737492549632 18014400656965696 9223372861488513024 140737496743936 54043198749671552 9223372861488513024 211106240921600 36028800240189568 13835058330160103424 211106245115904 18014399583224000 13835058330160103424 70368756760576 54043196602187968 4611686568183250944 70368748371968 36028799166447680
11 1 188 1 200 1 2199023452160 562949970198529 72057602627862784 3298534948864 562949986975746 216172794998686208 3298534948864 844424963686402 144115200960758272 1099511758848 844424980463619 72057598332896000 1099511758848 281475027042307 216172786408751872 2199023452160 281474993487873 144115196665790720
12 1 189 1 201 1 8796093808640 2251799880794116 288230410511451136 13194139795456 2251799947902984 864691179994744832 13194139795456 3377699854745608 576460803843033088 4398047035392 3377699921854476 288230393331584000 4398047035392 1125900108169228 864691145635007488 8796093808640 1125899973951492 576460786663162880
13 1 190 1 202 1 35184375234560 9007199523176464 1152921642045804544 52776559181824 9007199791611936 3458764719978979328 52776559181824 13510799418982432 2305843215372132352 17592188141568 13510799687417904 1152921573326336000 17592188141568 4503600432676912 3458764582540029952 35184375234560 4503599895805968 2305843146652651520
14 1 191 1 203 1 140737500938240 36028798092705856 4611686568183218176 211106236727296 36028799166447744 13835058879915917312 211106236727296 54043197675929728 9223372861488529408 70368752566272 54043198749671616 4611686293305344000 70368752566272 18014401730707648 13835058330160119808 140737500938240 18014399583223872 9223372586610606080
15 1 96 1 204 1 562950003752961 144115192370823424 2199023321088 844424946909187 144115196665790976 3298535014400 844424946909186 216172790703718912 3298535014400 281475010265089 216172794998686464 1099511824384 281475010265091 72057606922830592 1099511824384 562950003752962 72057598332895488 2199023321088
16 1 97 1 205 1 2251800015011844 576460769483293696 8796093284352 3377699787636748 576460786663163904 13194140057600 3377699787636744 864691162814875648 13194140057600 1125900041060356 864691179994745856 4398047297536 1125900041060364 288230427691322368 4398047297536 2251800015011848 288230393331581952 8796093284352
17 1 98 1 206 1 9007200060047376 2305843077933174784 35184373137408 13510799150546992 2305843146652655616 52776560230400 13510799150546976 3458764651259502592 52776560230400 4503600164241424 3458764719978983424 17592189190144 4503600164241456 1152921710765289472 17592189190144 9007200060047392 1152921573326327808 35184373137408
18 1 99 1 207 1 36028800240189504 9223372311732699136 140737492549632 54043196602187968 9223372586610622464 211106240921600 54043196602187904 13835058605038010368 211106240921600 18014400656965696 13835058879915933696 70368756760576 18014400656965824 4611686843061157888 70368756760576 36028800240189568 4611686293305311232 140737492549632
19 1 100 1 208 1 144115200960758016 1099511693312 562949970198530 216172786408751872 2199023386624 844424963686402 216172786408751616 2199023386624 844424963686403 72057602627862784 3298535079936 281475027042307 72057602627863296 3298535079936 281475027042305 144115200960758272 1099511693312 562949970198529
20 1 101 1 209 1 576460803843032064 4398046773248 2251799880794120 864691145635007488 8796093546496 3377699854745608 864691145635006464 8796093546496 3377699854745612 288230410511451136 13194140319744 1125900108169228 288230410511453184 13194140319744 1125900108169220 576460803843033088 4398046773248 2251799880794116
21 1 102 1 210 1 2305843215372128256 17592187092992 9007199523176480 3458764582540029952 35184374185984 13510799418982432 3458764582540025856 35184374185984 13510799418982448 1152921642045804544 52776561278976 4503600432676912 1152921642045812736 52776561278976 4503600432676880 2305843215372132352 17592187092992 9007199523176464
22 1 103 1 211 1 9223372861488513024 70368748371968 36028798092705920 13835058330160119808 140737496743936 54043197675929728 13835058330160103424 140737496743936 54043197675929792 4611686568183218176 211106245115904 18014401730707648 4611686568183250944 211106245115904 18014401730707520 9223372861488529408 70368748371968 36028798092705856
23 1 104 1 212 1 3298534948864 281474993487874 144115192370823680 1099511824384 562949986975747 216172790703718912 1099511758848 562949986975747 216172790703719168 2199023321088 844424980463617 72057606922830592 2199023452160 844424980463617 72057606922830080 3298535014400 281474993487874 144115192370823424
24 1 105 1 213 1 13194139795456 1125899973951496 576460769483294720 4398047297536 2251799947902988 864691162814875648 4398047035392 2251799947902988 864691162814876672 8796093284352 3377699921854468 288230427691322368 8796093808640 3377699921854468 288230427691320320 13194140057600 1125899973951496 576460769483293696
25 1 106 1 214 1 52776559181824 4503599895805984 2305843077933178880 17592189190144 9007199791611952 3458764651259502592 17592188141568 9007199791611952 3458764651259506688 35184373137408 13510799687417872 1152921710765289472 35184375234560 13510799687417872 1152921710765281280 52776560230400 4503599895805984 2305843077933174784
26 1 107 1 215 1 211106236727296 18014399583223936 9223372311732715520 70368756760576 36028799166447808 13835058605038010368 70368752566272 36028799166447808 13835058605038026752 140737492549632 54043198749671488 4611686843061157888 140737500938240 54043198749671488 4611686843061125120 211106240921600 18014399583223936 9223372311732699136
27 1 108 1 216 1 844424946909186 72057598332895744 1099511758848 281475027042307 144115196665791232 2199023386624 281475010265091 144115196665791232 2199023452160 562949970198529 216172794998685952 3298535079936 562950003752961 216172794998685952 3298534948864 844424963686402 72057598332895744 1099511693312
28 1 109 1 217 1 3377699787636744 288230393331582976 4398047035392 1125900108169228 576460786663164928 8796093546496 1125900041060364 576460786663164928 8796093808640 2251799880794116 864691179994743808 13194140319744 2251800015011844 864691179994743808 13194139795456 3377699854745608 288230393331582976 4398046773248
29 1 110 1 218 1 13510799150546976 1152921573326331904 17592188141568 4503600432676912 2305843146652659712 35184374185984 4503600164241456 2305843146652659712 35184375234560 9007199523176464 3458764719978975232 52776561278976 9007200060047376 3458764719978975232 52776559181824 13510799418982432 1152921573326331904 17592187092992
30 1 111 1 219 1 54043196602187904 4611686293305327616 70368752566272 18014401730707648 9223372586610638848 140737496743936 18014400656965824 9223372586610638848 140737500938240 36028798092705856 13835058879915900928 211106245115904 36028800240189504 13835058879915900928 211106236727296 54043197675929728 4611686293305327616 70368748371968
31 1 112 1 220 1 216172786408751616 1099511758848 281475010265089 72057606922830592 2199023452160 562949986975746 72057602627863296 2199023452160 562950003752962 144115192370823424 3298534948864 844424980463619 144115200960758016 3298534948864 844424946909187 216172790703718912 1099511758848 281474993487873
32 1 113 1 221 1 864691145635006464 4398047035392 1125900041060356 288230427691322368 8796093808640 2251799947902984 288230410511453184 8796093808640 2251800015011848 576460769483293696 13194139795456 3377699921854476 576460803843032064 13194139795456 3377699787636748 864691162814875648 4398047035392 1125899973951492
33 1 114 1 222 1 3458764582540025856 17592188141568 4503600164241424 1152921710765289472 35184375234560 9007199791611936 1152921642045812736 35184375234560 9007200060047392 2305843077933174784 52776559181824 13510799687417904 2305843215372128256 52776559181824 13510799150546992 3458764651259502592 17592188141568 4503599895805968
34 1 115 1 223 1 13835058330160103424 70368752566272 18014400656965696 4611686843061157888 140737500938240 36028799166447744 4611686568183250944 140737500938240 36028800240189568 9223372311732699136 211106236727296 54043198749671616 9223372861488513024 211106236727296 54043196602187968 13835058605038010368 70368752566272 18014399583223872
35 1 116 1 224 1 1099511758848 281475010265091 72057602627862784 3298535079936 562950003752961 144115196665790976 2199023452160 562950003752961 144115200960758272 1099511693312 844424946909186 216172794998686464 3298534948864 844424946909186 216172786408751872 2199023386624 281475010265091 72057598332895488
36 1 117 1 225 1 4398047035392 1125900041060364 288230410511451136 13194140319744 2251800015011844 576460786663163904 8796093808640 2251800015011844 576460803843033088 4398046773248 3377699787636744 864691179994745856 13194139795456 3377699787636744 864691145635007488 8796093546496 1125900041060364 288230393331581952
37 1 118 1 226 1 17592188141568 4503600164241456 1152921642045804544 52776561278976 9007200060047376 2305843146652655616 35184375234560 9007200060047376 2305843215372132352 17592187092992 13510799150546976 3458764719978983424 52776559181824 13510799150546976 3458764582540029952 35184374185984 4503600164241456 1152921573326327808
38 1 119 1 227 1 70368752566272 18014400656965824 4611686568183218176 211106245115904 36028800240189504 9223372586610622464 140737500938240 36028800240189504 9223372861488529408 70368748371968 54043196602187904 13835058879915933696 211106236727296 54043196602187904 13835058330160119808 140737496743936 18014400656965824 4611686293305311232
39 1 120 1 228 1 281475010265089 72057602627863296 2199023321088 844424980463618 144115200960758016 2199023386624 562950003752962 144115200960758016 3298535014400 281474993487875 216172786408751616 3298535079936 844424946909187 216172786408751616 1099511824384 562949986975745 72057602627863296 1099511693312
40 1 121 1 229 1 1125900041060356 288230410511453184 8796093284352 3377699921854472 576460803843032064 8796093546496 2251800015011848 576460803843032064 13194140057600 1125899973951500 864691145635006464 13194140319744 3377699787636748 864691145635006464 4398047297536 2251799947902980 288230410511453184 4398046773248
41 1 122 1 230 1 4503600164241424 1152921642045812736 35184373137408 13510799687417888 2305843215372128256 35184374185984 9007200060047392 2305843215372128256 52776560230400 4503599895806000 3458764582540025856 52776561278976 13510799150546992 3458764582540025856 17592189190144 9007199791611920 1152921642045812736 17592187092992
42 1 123 1 231 1 18014400656965696 4611686568183250944 140737492549632 54043198749671552 9223372861488513024 140737496743936 36028800240189568 9223372861488513024 211106240921600 18014399583224000 13835058330160103424 211106245115904 54043196602187968 13835058330160103424 70368756760576 36028799166447680 4611686568183250944 70368748371968
43 1 124 1 232 1 72057602627862784 2199023452160 562949970198529 216172794998686208 3298534948864 562949986975746 144115200960758272 3298534948864 844424963686402 72057598332896000 1099511758848 844424980463619 216172786408751872 1099511758848 281475027042307 144115196665790720 2199023452160 281474993487873
44 1 125 1 233 1 288230410511451136 8796093808640 2251799880794116 864691179994744832 13194139795456 2251799947902984 576460803843033088 13194139795456 3377699854745608 288230393331584000 4398047035392 3377699921854476 864691145635007488 4398047035392 1125900108169228 576460786663162880 8796093808640 1125899973951492
45 1 126 1 234 1 1152921642045804544 35184375234560 9007199523176464 3458764719978979328 52776559181824 9007199791611936 2305843215372132352 52776559181824 13510799418982432 1152921573326336000 17592188141568 13510799687417904 3458764582540029952 17592188141568 4503600432676912 2305843146652651520 35184375234560 4503599895805968
46 1 127 1 235 1 4611686568183218176 140737500938240 36028798092705856 13835058879915917312 211106236727296 36028799166447744 9223372861488529408 211106236727296 54043197675929728 4611686293305344000 70368752566272 54043198749671616 13835058330160119808 70368752566272 18014401730707648 9223372586610606080 140737500938240 18014399583223872
47 1 128 1 236 1 2199023321088 562950003752961 144115192370823424 3298535014400 844424946909187 144115196665790976 3298535014400 844424946909186 216172790703718912 1099511824384 281475010265089 216172794998686464 1099511824384 281475010265091 72057606922830592 2199023321088 562950003752962 72057598332895488
48 1 129 1 237 1 8796093284352 2251800015011844 576460769483293696 13194140057600 3377699787636748 576460786663163904 13194140057600 3377699787636744 864691162814875648 4398047297536 1125900041060356 864691179994745856 4398047297536 1125900041060364 288230427691322368 8796093284352 2251800015011848 288230393331581952
49 1 130 1 238 1 35184373137408 9007200060047376 2305843077933174784 52776560230400 13510799150546992 2305843146652655616 52776560230400 13510799150546976 3458764651259502592 17592189190144 4503600164241424 3458764719978983424 17592189190144 4503600164241456 1152921710765289472 35184373137408 9007200060047392 1152921573326327808
50 1 131 1 239 1 140737492549632 36028800240189504 9223372311732699136 211106240921600 54043196602187968 9223372586610622464 211106240921600 54043196602187904 13835058605038010368 70368756760576 18014400656965696 13835058879915933696 70368756760576 18014400656965824 4611686843061157888 140737492549632 36028800240189568 4611686293305311232
51 1 132 1 240 1 562949970198530 144115200960758016 1099511693312 844424963686402 216172786408751872 2199023386624 844424963686403 216172786408751616 2199023386624 281475027042307 72057602627862784 3298535079936 281475027042305 72057602627863296 3298535079936 562949970198529 144115200960758272 1099511693312
52 1 133 1 241 1 2251799880794120 576460803843032064 4398046773248 3377699854745608 864691145635007488 8796093546496 3377699854745612 864691145635006464 8796093546496 1125900108169228 288230410511451136 13194140319744 1125900108169220 288230410511453184 13194140319744 2251799880794116 576460803843033088 4398046773248
53 1 134 1 242 1 9007199523176480 2305843215372128256 17592187092992 13510799418982432 3458764582540029952 35184374185984 13510799418982448 3458764582540025856 35184374185984 4503600432676912 1152921642045804544 52776561278976 4503600432676880 1152921642045812736 52776561278976 9007199523176464 2305843215372132352 17592187092992
54 1 135 1 243 1 36028798092705920 9223372861488513024 70368748371968 54043197675929728 13835058330160119808 140737496743936 54043197675929792 13835058330160103424 140737496743936 18014401730707648 4611686568183218176 211106245115904 18014401730707520 4611686568183250944 211106245115904 36028798092705856 9223372861488529408 70368748371968
55 1 136 1 244 1 144115192370823680 3298534948864 281474993487874 216172790703718912 1099511824384 562949986975747 216172790703719168 1099511758848 562949986975747 72057606922830592 2199023321088 844424980463617 72057606922830080 2199023452160 844424980463617 144115192370823424 3298535014400 281474993487874
56 1 137 1 245 1 576460769483294720 13194139795456 1125899973951496 864691162814875648 4398047297536 2251799947902988 864691162814876672 4398047035392 2251799947902988 288230427691322368 8796093284352 3377699921854468 288230427691320320 8796093808640 3377699921854468 576460769483293696 13194140057600 1125899973951496
57 1 138 1 246 1 2305843077933178880 52776559181824 4503599895805984 3458764651259502592 17592189190144 9007199791611952 3458764651259506688 17592188141568 9007199791611952 1152921710765289472 35184373137408 13510799687417872 1152921710765281280 35184375234560 13510799687417872 2305843077933174784 52776560230400 4503599895805984
58 1 139 1 247 1 9223372311732715520 211106236727296 18014399583223936 13835058605038010368 70368756760576 36028799166447808 13835058605038026752 70368752566272 36028799166447808 4611686843061157888 140737492549632 54043198749671488 4611686843061125120 140737500938240 54043198749671488 9223372311732699136 211106240921600 18014399583223936
59 1 140 1 248 1 1099511758848 844424946909186 72057598332895744 2199023386624 281475027042307 144115196665791232 2199023452160 281475010265091 144115196665791232 3298535079936 562949970198529 216172794998685952 3298534948864 562950003752961 216172794998685952 1099511693312 844424963686402 72057598332895744
60 1 141 1 249 1 4398047035392 3377699787636744 288230393331582976 8796093546496 1125900108169228 576460786663164928 8796093808640 1125900041060364 576460786663164928 13194140319744 2251799880794116 864691179994743808 13194139795456 2251800015011844 864691179994743808 4398046773248 3377699854745608 288230393331582976
61 1 142 1 250 1 17592188141568 13510799150546976 1152921573326331904 35184374185984 4503600432676912 2305843146652659712 35184375234560 4503600164241456 2305843146652659712 52776561278976 9007199523176464 3458764719978975232 52776559181824 9007200060047376 3458764719978975232 17592187092992 13510799418982432 1152921573326331904
62 1 143 1 251 1 70368752566272 54043196602187904 4611686293305327616 140737496743936 18014401730707648 9223372586610638848 140737500938240 18014400656965824 9223372586610638848 211106245115904 36028798092705856 13835058879915900928 211106236727296 36028800240189504 13835058879915900928 70368748371968 54043197675929728 4611686293305327616
63 1 144 1 252 1 281475010265089 216172786408751616 1099511758848 562949986975746 72057606922830592 2199023452160 562950003752962 72057602627863296 2199023452160 844424980463619 144115192370823424 3298534948864 844424946909187 144115200960758016 3298534948864 281474993487873 216172790703718912 1099511758848
64 1 145 1 253 1 1125900041060356 864691145635006464 4398047035392 2251799947902984 288230427691322368 8796093808640 2251800015011848 288230410511453184 8796093808640 3377699921854476 576460769483293696 13194139795456 3377699787636748 576460803843032064 13194139795456 1125899973951492 864691162814875648 4398047035392
65 1 146 1 254 1 4503600164241424 3458764582540025856 17592188141568 9007199791611936 1152921710765289472 35184375234560 9007200060047392 1152921642045812736 35184375234560 13510799687417904 2305843077933174784 52776559181824 13510799150546992 2305843215372128256 52776559181824 4503599895805968 3458764651259502592 17592188141568
66 1 147 1 255 1 18014400656965696 13835058330160103424 70368752566272 36028799166447744 4611686843061157888 140737500938240 36028800240189568 4611686568183250944 140737500938240 54043198749671616 9223372311732699136 211106236727296 54043196602187968 9223372861488513024 211106236727296 18014399583223872 13835058605038010368 70368752566272
67 1 148 1 256 1 72057602627862784 1099511758848 281475010265091 144115196665790976 3298535079936 562950003752961 144115200960758272 2199023452160 562950003752961 216172794998686464 1099511693312 844424946909186 216172786408751872 3298534948864 844424946909186 72057598332895488 2199023386624 281475010265091
68 1 149 1 257 1 288230410511451136 4398047035392 1125900041060364 576460786663163904 13194140319744 2251800015011844 576460803843033088 8796093808640 2251800015011844 864691179994745856 4398046773248 3377699787636744 864691145635007488 13194139795456 3377699787636744 288230393331581952 8796093546496 1125900041060364
69 1 150 1 258 1 1152921642045804544 17592188141568 4503600164241456 2305843146652655616 52776561278976 9007200060047376 2305843215372132352 35184375234560 9007200060047376 3458764719978983424 17592187092992 13510799150546976 3458764582540029952 52776559181824 13510799150546976 1152921573326327808 35184374185984 4503600164241456
70 1 151 1 259 1 4611686568183218176 70368752566272 18014400656965824 9223372586610622464 211106245115904 36028800240189504 9223372861488529408 140737500938240 36028800240189504 13835058879915933696 70368748371968 54043196602187904 13835058330160119808 211106236727296 54043196602187904 4611686293305311232 140737496743936 18014400656965824
71 1 152 1 260 1 2199023321088 281475010265089 72057602627863296 2199023386624 844424980463618 144115200960758016 3298535014400 562950003752962 144115200960758016 3298535079936 281474993487875 216172786408751616 1099511824384 844424946909187 216172786408751616 1099511693312 562949986975745 72057602627863296
72 1 153 1 261 1 8796093284352 1125900041060356 288230410511453184 8796093546496 3377699921854472 576460803843032064 13194140057600 2251800015011848 576460803843032064 13194140319744 1125899973951500 864691145635006464 4398047297536 3377699787636748 864691145635006464 4398046773248 2251799947902980 288230410511453184
73 1 154 1 262 1 35184373137408 4503600164241424 1152921642045812736 35184374185984 13510799687417888 2305843215372128256 52776560230400 9007200060047392 2305843215372128256 52776561278976 4503599895806000 3458764582540025856 17592189190144 13510799150546992 3458764582540025856 17592187092992 9007199791611920 1152921642045812736
74 1 155 1 263 1 140737492549632 18014400656965696 4611686568183250944 140737496743936 54043198749671552 9223372861488513024 211106240921600 36028800240189568 9223372861488513024 211106245115904 18014399583224000 13835058330160103424 70368756760576 54043196602187968 13835058330160103424 70368748371968 36028799166447680 4611686568183250944
75 1 156 1 264 1 562949970198529 72057602627862784 2199023452160 562949986975746 216172794998686208 3298534948864 844424963686402 144115200960758272 3298534948864 844424980463619 72057598332896000 1099511758848 281475027042307 216172786408751872 1099511758848 281474993487873 144115196665790720 2199023452160
76 1 157 1 265 1 2251799880794116 288230410511451136 8796093808640 2251799947902984 864691179994744832 13194139795456 3377699854745608 576460803843033088 13194139795456 3377699921854476 288230393331584000 4398047035392 1125900108169228 864691145635007488 4398047035392 1125899973951492 576460786663162880 8796093808640
77 1 158 1 266 1 9007199523176464 1152921642045804544 35184375234560 9007199791611936 3458764719978979328 52776559181824 13510799418982432 2305843215372132352 52776559181824 13510799687417904 1152921573326336000 17592188141568 4503600432676912 3458764582540029952 17592188141568 4503599895805968 2305843146652651520 35184375234560
78 1 159 1 267 1 36028798092705856 4611686568183218176 140737500938240 36028799166447744 13835058879915917312 211106236727296 54043197675929728 9223372861488529408 211106236727296 54043198749671616 4611686293305344000 70368752566272 18014401730707648 13835058330160119808 70368752566272 18014399583223872 9223372586610606080 140737500938240
79 1 160 1 268 1 144115192370823424 2199023321088 562950003752961 144115196665790976 3298535014400 844424946909187 216172790703718912 3298535014400 844424946909186 216172794998686464 1099511824384 281475010265089 72057606922830592 1099511824384 281475010265091 72057598332895488 2199023321088 562950003752962
80 1 161 1 269 1 576460769483293696 8796093284352 2251800015011844 576460786663163904 13194140057600 3377699787636748 864691162814875648 13194140057600 3377699787636744 864691179994745856 4398047297536 1125900041060356 288230427691322368 4398047297536 1125900041060364 288230393331581952 8796093284352 2251800015011848
81 1 162 1 270 1 2305843077933174784 35184373137408 9007200060047376 2305843146652655616 52776560230400 13510799150546992 3458764651259502592 52776560230400 13510799150546976 3458764719978983424 17592189190144 4503600164241424 1152921710765289472 17592189190144 4503600164241456 1152921573326327808 35184373137408 9007200060047392
82 1 163 1 271 1 9223372311732699136 140737492549632 36028800240189504 9223372586610622464 211106240921600 54043196602187968 13835058605038010368 211106240921600 54043196602187904 13835058879915933696 70368756760576 18014400656965696 4611686843061157888 70368756760576 18014400656965824 4611686293305311232 140737492549632 36028800240189568
83 1 164 1 272 1 1099511693312 562949970198530 144115200960758016 2199023386624 844424963686402 216172786408751872 2199023386624 844424963686403 216172786408751616 3298535079936 281475027042307 72057602627862784 3298535079936 281475027042305 72057602627863296 1099511693312 562949970198529 144115200960758272
84 1 165 1 273 1 4398046773248 2251799880794120 576460803843032064 8796093546496 3377699854745608 864691145635007488 8796093546496 3377699854745612 864691145635006464 13194140319744 1125900108169228 288230410511451136 13194140319744 1125900108169220 288230410511453184 4398046773248 2251799880794116 576460803843033088
85 1 166 1 274 1 17592187092992 9007199523176480 2305843215372128256 35184374185984 13510799418982432 3458764582540029952 35184374185984 13510799418982448 3458764582540025856 52776561278976 4503600432676912 1152921642045804544 52776561278976 4503600432676880 1152921642045812736 17592187092992 9007199523176464 2305843215372132352
86 1 167 1 275 1 70368748371968 36028798092705920 9223372861488513024 140737496743936 54043197675929728 13835058330160119808 140737496743936 54043197675929792 13835058330160103424 211106245115904 18014401730707648 4611686568183218176 211106245115904 18014401730707520 4611686568183250944 70368748371968 36028798092705856 9223372861488529408
87 1 168 1 276 1 281474993487874 144115192370823680 3298534948864 562949986975747 216172790703718912 1099511824384 562949986975747 216172790703719168 1099511758848 844424980463617 72057606922830592 2199023321088 844424980463617 72057606922830080 2199023452160 281474993487874 144115192370823424 3298535014400
88 1 169 1 277 1 1125899973951496 576460769483294720 13194139795456 2251799947902988 864691162814875648 4398047297536 2251799947902988 864691162814876672 4398047035392 3377699921854468 288230427691322368 8796093284352 3377699921854468 288230427691320320 8796093808640 1125899973951496 576460769483293696 13194140057600
89 1 170 1 278 1 4503599895805984 2305843077933178880 52776559181824 9007199791611952 3458764651259502592 17592189190144 9007199791611952 3458764651259506688 17592188141568 13510799687417872 1152921710765289472 35184373137408 13510799687417872 1152921710765281280 35184375234560 4503599895805984 2305843077933174784 52776560230400
90 1 171 1 279 1 18014399583223936 9223372311732715520 211106236727296 36028799166447808 13835058605038010368 70368756760576 36028799166447808 13835058605038026752 70368752566272 54043198749671488 4611686843061157888 140737492549632 54043198749671488 4611686843061125120 140737500938240 18014399583223936 9223372311732699136 211106240921600
91 1 172 1 280 1 72057598332895744 1099511758848 844424946909186 144115196665791232 2199023386624 281475027042307 144115196665791232 2199023452160 281475010265091 216172794998685952 3298535079936 562949970198529 216172794998685952 3298534948864 562950003752961 72057598332895744 1099511693312 844424963686402
92 1 173 1 281 1 288230393331582976 4398047035392 3377699787636744 576460786663164928 8796093546496 1125900108169228 576460786663164928 8796093808640 1125900041060364 864691179994743808 13194140319744 2251799880794116 864691179994743808 13194139795456 2251800015011844 288230393331582976 4398046773248 3377699854745608
93 1 174 1 282 1 1152921573326331904 17592188141568 13510799150546976 2305843146652659712 35184374185984 4503600432676912 2305843146652659712 35184375234560 4503600164241456 3458764719978975232 52776561278976 9007199523176464 3458764719978975232 52776559181824 9007200060047376 1152921573326331904 17592187092992 13510799418982432
94 1 175 1 283 1 4611686293305327616 70368752566272 54043196602187904 9223372586610638848 140737496743936 18014401730707648 9223372586610638848 140737500938240 18014400656965824 13835058879915900928 211106245115904 36028798092705856 13835058879915900928 211106236727296 36028800240189504 4611686293305327616 70368748371968 54043197675929728
95 1 176 1 284 1 1099511758848 281475010265089 216172786408751616 2199023452160 562949986975746 72057606922830592 2199023452160 562950003752962 72057602627863296 3298534948864 844424980463619 144115192370823424 3298534948864 844424946909187 144115200960758016 1099511758848 281474993487873 216172790703718912
0 1 99 1 228 1 0 72057598332895744 3298534883328 844424946909186 72057606922830080 65536 0 144115196665791232 1099511627776 281475010265091 144115192370823680 131072 0 216172794998685952 2199023255552 562950003752961 216172790703719168 196608
1 1 100 1 229 1 0 288230393331582976 13194139533312 3377699787636744 288230427691320320 262144 0 576460786663164928 4398046511104 1125900041060364 576460769483294720 524288 0 864691179994743808 8796093022208 2251800015011844 864691162814876672 786432
2 1 101 1 230 1 0 1152921573326331904 52776558133248 13510799150546976 1152921710765281280 1048576 0 2305843146652659712 17592186044416 4503600164241456 2305843077933178880 2097152 0 3458764719978975232 35184372088832 9007200060047376 3458764651259506688 3145728
3 1 102 1 231 1 0 4611686293305327616 211106232532992 54043196602187904 4611686843061125120 4194304 0 9223372586610638848 70368744177664 18014400656965824 9223372311732715520 8388608 0 13835058879915900928 140737488355328 36028800240189504 13835058605038026752 12582912
4 1 103 1 232 1 0 1099511758848 844424930131969 216172786408751616 3298534948864 16777217 0 2199023452160 281474976710658 72057602627863296 1099511758848 33554434 0 3298534948864 562949953421315 144115200960758016 2199023452160 50331651
5 1 104 1 233 1 0 4398047035392 3377699720527876 864691145635006464 13194139795456 67108868 0 8796093808640 1125899906842632 288230410511453184 4398047035392 134217736 0 13194139795456 2251799813685260 576460803843032064 8796093808640 201326604
6 1 105 1 234 1 0 17592188141568 13510798882111504 3458764582540025856 52776559181824 268435472 0 35184375234560 4503599627370528 1152921642045812736 17592188141568 536870944 0 52776559181824 9007199254741040 2305843215372128256 35184375234560 805306416
7 1 106 1 235 1 0 70368752566272 54043195528446016 13835058330160103424 211106236727296 1073741888 0 140737500938240 18014398509482112 4611686568183250944 70368752566272 2147483776 0 211106236727296 36028797018964160 9223372861488513024 140737500938240 3221225664
8 1 107 1 236 1 0 281475010265088 216172782113784064 1099511758848 844424946909187 4294967552 0 562950003752960 72057594037928448 2199023452160 281475010265089 8589935104 0 844424946909184 144115188075856640 3298534948864 562950003752962 12884902656
9 1 108 1 237 1 0 1125900041060352 864691128455136256 4398047035392 3377699787636748 17179870208 0 2251800015011840 288230376151713792 8796093808640 1125900041060356 34359740416 0 3377699787636736 576460752303426560 13194139795456 2251800015011848 51539610624
10 1 109 1 238 1 0 4503600164241408 3458764513820545024 17592188141568 13510799150546992 68719480832 0 9007200060047360 1152921504606855168 35184375234560 4503600164241424 137438961664 0 13510799150546944 2305843009213706240 52776559181824 9007200060047392 206158442496
11 1 110 1 239 1 0 18014400656965632 13835058055282180096 70368752566272 54043196602187968 274877923328 0 36028800240189440 4611686018427420672 140737500938240 18014400656965696 549755846656 0 54043196602187776 9223372036854824960 211106236727296 36028800240189568 824633769984
12 1 111 1 240 1 3 72057602627862528 65536 281475010265088 216172786408751872 1099511693312 1 144115200960757760 131072 562950003752960 72057602627862784 2199023386624 2 216172786408751104 196608 844424946909184 144115200960758272 3298535079936
13 1 112 1 241 1 12 288230410511450112 262144 1125900041060352 864691145635007488 4398046773248 4 576460803843031040 524288 2251800015011840 288230410511451136 8796093546496 8 864691145635004416 786432 3377699787636736 576460803843033088 13194140319744
14 1 113 1 242 1 48 1152921642045800448 1048576 4503600164241408 3458764582540029952 17592187092992 16 2305843215372124160 2097152 9007200060047360 1152921642045804544 35184374185984 32 3458764582540017664 3145728 13510799150546944 2305843215372132352 52776561278976
15 1 114 1 243 1 192 4611686568183201792 4194304 18014400656965632 13835058330160119808 70368748371968 64 9223372861488496640 8388608 36028800240189440 4611686568183218176 140737496743936 128 13835058330160070656 12582912 54043196602187776 9223372861488529408 211106245115904
16 1 115 1 244 1 768 2199023255552 16777217 72057602627862528 1099511824384 281474993487875 256 3298534883328 33554434 144115200960757760 2199023321088 562949986975745 512 1099511627776 50331651 216172786408751104 3298535014400 844424980463618
17 1 116 1 245 1 3072 8796093022208 67108868 288230410511450112 4398047297536 1125899973951500 1024 13194139533312 134217736 576460803843031040 8796093284352 2251799947902980 2048 4398046511104 201326604 864691145635004416 13194140057600 3377699921854472
18 1 117 1 246 1 12288 35184372088832 268435472 1152921642045800448 17592189190144 4503599895806000 4096 52776558133248 536870944 2305843215372124160 35184373137408 9007199791611920 8192 17592186044416 805306416 3458764582540017664 52776560230400 13510799687417888
19 1 118 1 247 1 49152 140737488355328 1073741888 4611686568183201792 70368756760576 18014399583224000 16384 211106232532992 2147483776 9223372861488496640 140737492549632 36028799166447680 32768 70368744177664 3221225664 13835058330160070656 211106240921600 54043198749671552
20 1 119 1 248 1 196608 562949953421312 4294967552 2199023255552 281475027042305 72057598332896000 65536 844424930131968 8589935104 3298534883328 562949970198530 144115196665790720 131072 281474976710656 12884902656 1099511627776 844424963686403 216172794998686208
21 1 120 1 249 1 786432 2251799813685248 17179870208 8796093022208 1125900108169220 288230393331584000 262144 3377699720527872 34359740416 13194139533312 2251799880794120 576460786663162880 524288 1125899906842624 51539610624 4398046511104 3377699854745612 864691179994744832
22 1 121 1 250 1 3145728 9007199254740992 68719480832 35184372088832 4503600432676880 1152921573326336000 1048576 13510798882111488 137438961664 52776558133248 9007199523176480 2305843146652651520 2097152 4503599627370496 206158442496 17592186044416 13510799418982448 3458764719978979328
23 1 122 1 251 1 12582912 36028797018963968 274877923328 140737488355328 18014401730707520 4611686293305344000 4194304 54043195528445952 549755846656 211106232532992 36028798092705920 9223372586610606080 8388608 18014398509481984 824633769984 70368744177664 54043197675929792 13835058879915917312
24 1 123 1 252 1 50331648 144115188075855872 1099511693312 562949953421313 72057606922830080 1099511824384 16777216 216172782113783808 2199023386624 844424930131970 144115192370823680 2199023321088 33554432 72057594037927936 3298535079936 281474976710659 216172790703719168 3298535014400
25 1 124 1 253 1 201326592 576460752303423488 4398046773248 2251799813685252 288230427691320320 4398047297536 67108864 864691128455135232 8796093546496 3377699720527880 576460769483294720 8796093284352 134217728 288230376151711744 13194140319744 1125899906842636 864691162814876672 13194140057600
26 1 125 1 254 1 805306368 2305843009213693952 17592187092992 9007199254741008 1152921710765281280 17592189190144 268435456 3458764513820540928 35184374185984 13510798882111520 2305843077933178880 35184373137408 536870912 1152921504606846976 52776561278976 4503599627370544 3458764651259506688 52776560230400
27 1 126 1 255 1 3221225472 9223372036854775808 70368748371968 36028797018964032 4611686843061125120 70368756760576 1073741824 13835058055282163712 140737496743936 54043195528446080 9223372311732715520 140737492549632 2147483648 4611686018427387904 211106245115904 18014398509482176 13835058605038026752 211106240921600
28 1 127 1 256 1 12884901888 0 281474993487874 144115188075856128 3298534948864 281475027042305 4294967296 0 562949986975747 216172782113784320 1099511758848 562949970198530 8589934592 0 844424980463617 72057594037928704 2199023452160 844424963686403
29 1 128 1 257 1 51539607552 0 1125899973951496 576460752303424512 13194139795456 1125900108169220 17179869184 0 2251799947902988 864691128455137280 4398047035392 2251799880794120 34359738368 0 3377699921854468 288230376151714816 8796093808640 3377699854745612
30 1 129 1 258 1 206158430208 0 4503599895805984 2305843009213698048 52776559181824 4503600432676880 68719476736 0 9007199791611952 3458764513820549120 17592188141568 9007199523176480 137438953472 0 13510799687417872 1152921504606859264 35184375234560 13510799418982448
31 1 130 1 259 1 824633720832 0 18014399583223936 9223372036854792192 211106236727296 18014401730707520 274877906944 0 36028799166447808 13835058055282196480 70368752566272 36028798092705920 549755813888 0 54043198749671488 4611686018427437056 140737500938240 54043197675929792
32 1 131 1 260 1 3298534883328 0 72057598332895744 65536 844424946909186 72057606922830080 1099511627776 0 144115196665791232 131072 281475010265091 144115192370823680 2199023255552 0 216172794998685952 196608 562950003752961 216172790703719168
33 1 132 1 261 1 13194139533312 0 288230393331582976 262144 3377699787636744 288230427691320320 4398046511104 0 576460786663164928 524288 1125900041060364 576460769483294720 8796093022208 0 864691179994743808 786432 2251800015011844 864691162814876672
34 1 133 1 262 1 52776558133248 0 1152921573326331904 1048576 13510799150546976 1152921710765281280 17592186044416 0 2305843146652659712 2097152 4503600164241456 2305843077933178880 35184372088832 0 3458764719978975232 3145728 9007200060047376 3458764651259506688
35 1 134 1 263 1 211106232532992 0 4611686293305327616 4194304 54043196602187904 4611686843061125120 70368744177664 0 9223372586610638848 8388608 18014400656965824 9223372311732715520 140737488355328 0 13835058879915900928 12582912 36028800240189504 13835058605038026752
36 1 135 1 264 1 844424930131969 0 1099511758848 16777217 216172786408751616 3298534948864 281474976710658 0 2199023452160 33554434 72057602627863296 1099511758848 562949953421315 0 3298534948864 50331651 144115200960758016 2199023452160
37 1 136 1 265 1 3377699720527876 0 4398047035392 67108868 864691145635006464 13194139795456 1125899906842632 0 8796093808640 134217736 288230410511453184 4398047035392 2251799813685260 0 13194139795456 201326604 576460803843032064 8796093808640
38 1 137 1 266 1 13510798882111504 0 17592188141568 268435472 3458764582540025856 52776559181824 4503599627370528 0 35184375234560 536870944 1152921642045812736 17592188141568 9007199254741040 0 52776559181824 805306416 2305843215372128256 35184375234560
39 1 138 1 267 1 54043195528446016 0 70368752566272 1073741888 13835058330160103424 211106236727296 18014398509482112 0 140737500938240 2147483776 4611686568183250944 70368752566272 36028797018964160 0 211106236727296 3221225664 9223372861488513024 140737500938240
40 1 139 1 268 1 216172782113784064 0 281475010265088 4294967552 1099511758848 844424946909187 72057594037928448 0 562950003752960 8589935104 2199023452160 281475010265089 144115188075856640 0 844424946909184 12884902656 3298534948864 562950003752962
41 1 140 1 269 1 864691128455136256 0 1125900041060352 17179870208 4398047035392 3377699787636748 288230376151713792 0 2251800015011840 34359740416 8796093808640 1125900041060356 576460752303426560 0 3377699787636736 51539610624 13194139795456 2251800015011848
42 1 141 1 270 1 3458764513820545024 0 4503600164241408 68719480832 17592188141568 13510799150546992 1152921504606855168 0 9007200060047360 137438961664 35184375234560 4503600164241424 2305843009213706240 0 13510799150546944 206158442496 52776559181824 9007200060047392
43 1 142 1 271 1 13835058055282180096 0 18014400656965632 274877923328 70368752566272 54043196602187968 4611686018427420672 0 36028800240189440 549755846656 140737500938240 18014400656965696 9223372036854824960 0 54043196602187776 824633769984 211106236727296 36028800240189568
44 1 143 1 272 1 65536 3 72057602627862528 1099511693312 281475010265088 216172786408751872 131072 1 144115200960757760 2199023386624 562950003752960 72057602627862784 196608 2 216172786408751104 3298535079936 844424946909184 144115200960758272
45 1 144 1 273 1 262144 12 288230410511450112 4398046773248 1125900041060352 864691145635007488 524288 4 576460803843031040 8796093546496 2251800015011840 288230410511451136 786432 8 864691145635004416 13194140319744 3377699787636736 576460803843033088
46 1 145 1 274 1 1048576 48 1152921642045800448 17592187092992 4503600164241408 3458764582540029952 2097152 16 2305843215372124160 35184374185984 9007200060047360 1152921642045804544 3145728 32 3458764582540017664 52776561278976 13510799150546944 2305843215372132352
47 1 146 1 275 1 4194304 192 4611686568183201792 70368748371968 18014400656965632 13835058330160119808 8388608 64 9223372861488496640 140737496743936 36028800240189440 4611686568183218176 12582912 128 13835058330160070656 211106245115904 54043196602187776 9223372861488529408
48 1 147 1 276 1 16777217 768 2199023255552 281474993487875 72057602627862528 1099511824384 33554434 256 3298534883328 562949986975745 144115200960757760 2199023321088 50331651 512 1099511627776 844424980463618 216172786408751104 3298535014400
49 1 148 1 277 1 67108868 3072 8796093022208 1125899973951500 288230410511450112 4398047297536 134217736 1024 13194139533312 2251799947902980 576460803843031040 8796093284352 201326604 2048 4398046511104 3377699921854472 864691145635004416 13194140057600
50 1 149 1 278 1 268435472 12288 35184372088832 4503599895806000 1152921642045800448 17592189190144 536870944 4096 52776558133248 9007199791611920 2305843215372124160 35184373137408 805306416 8192 17592186044416 13510799687417888 3458764582540017664 52776560230400
51 1 150 1 279 1 1073741888 49152 140737488355328 18014399583224000 4611686568183201792 70368756760576 2147483776 16384 211106232532992 36028799166447680 9223372861488496640 140737492549632 3221225664 32768 70368744177664 54043198749671552 13835058330160070656 211106240921600
52 1 151 1 280 1 4294967552 196608 562949953421312 72057598332896000 2199023255552 281475027042305 8589935104 65536 844424930131968 144115196665790720 3298534883328 562949970198530 12884902656 131072 281474976710656 216172794998686208 1099511627776 844424963686403
53 1 152 1 281 1 17179870208 786432 2251799813685248 288230393331584000 8796093022208 1125900108169220 34359740416 262144 3377699720527872 576460786663162880 13194139533312 2251799880794120 51539610624 524288 1125899906842624 864691179994744832 4398046511104 3377699854745612
54 1 153 1 282 1 68719480832 3145728 9007199254740992 1152921573326336000 35184372088832 4503600432676880 137438961664 1048576 13510798882111488 2305843146652651520 52776558133248 9007199523176480 206158442496 2097152 4503599627370496 3458764719978979328 17592186044416 13510799418982448
55 1 154 1 283 1 274877923328 12582912 36028797018963968 4611686293305344000 140737488355328 18014401730707520 549755846656 4194304 54043195528445952 9223372586610606080 211106232532992 36028798092705920 824633769984 8388608 18014398509481984 13835058879915917312 70368744177664 54043197675929792
56 1 155 1 284 1 1099511693312 50331648 144115188075855872 1099511824384 562949953421313 72057606922830080 2199023386624 16777216 216172782113783808 2199023321088 844424930131970 144115192370823680 3298535079936 33554432 72057594037927936 3298535014400 281474976710659 216172790703719168
57 1 156 1 285 1 4398046773248 201326592 576460752303423488 4398047297536 2251799813685252 288230427691320320 8796093546496 67108864 864691128455135232 8796093284352 3377699720527880 576460769483294720 13194140319744 134217728 288230376151711744 13194140057600 1125899906842636 864691162814876672
58 1 157 1 286 1 17592187092992 805306368 2305843009213693952 17592189190144 9007199254741008 1152921710765281280 35184374185984 268435456 3458764513820540928 35184373137408 13510798882111520 2305843077933178880 52776561278976 536870912 1152921504606846976 52776560230400 4503599627370544 3458764651259506688
59 1 158 1 287 1 70368748371968 3221225472 9223372036854775808 70368756760576 36028797018964032 4611686843061125120 140737496743936 1073741824 13835058055282163712 140737492549632 54043195528446080 9223372311732715520 211106245115904 2147483648 4611686018427387904 211106240921600 18014398509482176 13835058605038026752
60 1 159 1 192 1 281474993487874 12884901888 0 281475027042305 144115188075856128 3298534948864 562949986975747 4294967296 0 562949970198530 216172782113784320 1099511758848 844424980463617 8589934592 0 844424963686403 72057594037928704 2199023452160
61 1 160 1 193 1 1125899973951496 51539607552 0 1125900108169220 576460752303424512 13194139795456 2251799947902988 17179869184 0 2251799880794120 864691128455137280 4398047035392 3377699921854468 34359738368 0 3377699854745612 288230376151714816 8796093808640
62 1 161 1 194 1 4503599895805984 206158430208 0 4503600432676880 2305843009213698048 52776559181824 9007199791611952 68719476736 0 9007199523176480 3458764513820549120 17592188141568 13510799687417872 137438953472 0 13510799418982448 1152921504606859264 35184375234560
63 1 162 1 195 1 18014399583223936 824633720832 0 18014401730707520 9223372036854792192 211106236727296 36028799166447808 274877906944 0 36028798092705920 13835058055282196480 70368752566272 54043198749671488 549755813888 0 54043197675929792 4611686018427437056 140737500938240
64 1 163 1 196 1 72057598332895744 3298534883328 0 72057606922830080 65536 844424946909186 144115196665791232 1099511627776 0 144115192370823680 131072 281475010265091 216172794998685952 2199023255552 0 216172790703719168 196608 562950003752961
65 1 164 1 197 1 288230393331582976 13194139533312 0 288230427691320320 262144 3377699787636744 576460786663164928 4398046511104 0 576460769483294720 524288 1125900041060364 864691179994743808 8796093022208 0 864691162814876672 786432 2251800015011844
66 1 165 1 198 1 1152921573326331904 52776558133248 0 1152921710765281280 1048576 13510799150546976 2305843146652659712 17592186044416 0 2305843077933178880 2097152 4503600164241456 3458764719978975232 35184372088832 0 3458764651259506688 3145728 9007200060047376
67 1 166 1 199 1 4611686293305327616 211106232532992 0 4611686843061125120 4194304 54043196602187904 9223372586610638848 70368744177664 0 9223372311732715520 8388608 18014400656965824 13835058879915900928 140737488355328 0 13835058605038026752 12582912 36028800240189504
68 1 167 1 200 1 1099511758848 844424930131969 0 3298534948864 16777217 216172786408751616 2199023452160 281474976710658 0 1099511758848 33554434 72057602627863296 3298534948864 562949953421315 0 2199023452160 50331651 144115200960758016
69 1 168 1 201 1 4398047035392 3377699720527876 0 13194139795456 67108868 864691145635006464 8796093808640 1125899906842632 0 4398047035392 134217736 288230410511453184 13194139795456 2251799813685260 0 8796093808640 201326604 576460803843032064
70 1 169 1 202 1 17592188141568 13510798882111504 0 52776559181824 268435472 3458764582540025856 35184375234560 4503599627370528 0 17592188141568 536870944 1152921642045812736 52776559181824 9007199254741040 0 35184375234560 805306416 2305843215372128256
71 1 170 1 203 1 70368752566272 54043195528446016 0 211106236727296 1073741888 13835058330160103424 140737500938240 18014398509482112 0 70368752566272 2147483776 4611686568183250944 211106236727296 36028797018964160 0 140737500938240 3221225664 9223372861488513024
72 1 171 1 204 1 281475010265088 216172782113784064 0 844424946909187 4294967552 1099511758848 562950003752960 72057594037928448 0 281475010265089 8589935104 2199023452160 844424946909184 144115188075856640 0 562950003752962 12884902656 3298534948864
73 1 172 1 205 1 1125900041060352 864691128455136256 0 3377699787636748 17179870208 4398047035392 2251800015011840 288230376151713792 0 1125900041060356 34359740416 8796093808640 3377699787636736 576460752303426560 0 2251800015011848 51539610624 13194139795456
74 1 173 1 206 1 4503600164241408 3458764513820545024 0 13510799150546992 68719480832 17592188141568 9007200060047360 1152921504606855168 0 4503600164241424 137438961664 35184375234560 13510799150546944 2305843009213706240 0 9007200060047392 206158442496 52776559181824
75 1 174 1 207 1 18014400656965632 13835058055282180096 0 54043196602187968 274877923328 70368752566272 36028800240189440 4611686018427420672 0 18014400656965696 549755846656 140737500938240 54043196602187776 9223372036854824960 0 36028800240189568 824633769984 211106236727296
76 1 175 1 208 1 72057602627862528 65536 3 216172786408751872 1099511693312 281475010265088 144115200960757760 131072 1 72057602627862784 2199023386624 562950003752960 216172786408751104 196608 2 144115200960758272 3298535079936 844424946909184
77 1 176 1 209 1 288230410511450112 262144 12 864691145635007488 4398046773248 1125900041060352 576460803843031040 524288 4 288230410511451136 8796093546496 2251800015011840 864691145635004416 786432 8 576460803843033088 13194140319744 3377699787636736
78 1 177 1 210 1 1152921642045800448 1048576 48 3458764582540029952 17592187092992 4503600164241408 2305843215372124160 2097152 16 1152921642045804544 35184374185984 9007200060047360 3458764582540017664 3145728 32 2305843215372132352 52776561278976 13510799150546944
79 1 178 1 211 1 4611686568183201792 4194304 192 13835058330160119808 70368748371968 18014400656965632 9223372861488496640 8388608 64 4611686568183218176 140737496743936 36028800240189440 13835058330160070656 12582912 128 9223372861488529408 211106245115904 54043196602187776
80 1 179 1 212 1 2199023255552 16777217 768 1099511824384 281474993487875 72057602627862528 3298534883328 33554434 256 2199023321088 562949986975745 144115200960757760 1099511627776 50331651 512 3298535014400 844424980463618 216172786408751104
81 1 180 1 213 1 8796093022208 67108868 3072 4398047297536 1125899973951500 288230410511450112 13194139533312 134217736 1024 8796093284352 2251799947902980 576460803843031040 4398046511104 201326604 2048 13194140057600 3377699921854472 864691145635004416
82 1 181 1 214 1 35184372088832 268435472 12288 17592189190144 4503599895806000 1152921642045800448 52776558133248 536870944 4096 35184373137408 9007199791611920 2305843215372124160 17592186044416 805306416 8192 52776560230400 13510799687417888 3458764582540017664
83 1 182 1 215 1 140737488355328 1073741888 49152 70368756760576 18014399583224000 4611686568183201792 211106232532992 2147483776 16384 140737492549632 36028799166447680 9223372861488496640 70368744177664 3221225664 32768 211106240921600 54043198749671552 13835058330160070656
84 1 183 1 216 1 562949953421312 4294967552 196608 281475027042305 72057598332896000 2199023255552 844424930131968 8589935104 65536 562949970198530 144115196665790720 3298534883328 281474976710656 12884902656 131072 844424963686403 216172794998686208 1099511627776
85 1 184 1 217 1 2251799813685248 17179870208 786432 1125900108169220 288230393331584000 8796093022208 3377699720527872 34359740416 262144 2251799880794120 576460786663162880 13194139533312 1125899906842624 51539610624 524288 3377699854745612 864691179994744832 4398046511104
86 1 185 1 218 1 9007199254740992 68719480832 3145728 4503600432676880 1152921573326336000 35184372088832 13510798882111488 137438961664 1048576 9007199523176480 2305843146652651520 52776558133248 4503599627370496 206158442496 2097152 13510799418982448 3458764719978979328 17592186044416
87 1 186 1 219 1 36028797018963968 274877923328 12582912 18014401730707520 4611686293305344000 140737488355328 54043195528445952 549755846656 4194304 36028798092705920 9223372586610606080 211106232532992 18014398509481984 824633769984 8388608 54043197675929792 13835058879915917312 70368744177664
88 1 187 1 220 1 144115188075855872 1099511693312 50331648 72057606922830080 1099511824384 562949953421313 216172782113783808 2199023386624 16777216 144115192370823680 2199023321088 844424930131970 72057594037927936 3298535079936 33554432 216172790703719168 3298535014400 281474976710659
89 1 188 1 221 1 576460752303423488 4398046773248 201326592 288230427691320320 4398047297536 2251799813685252 864691128455135232 8796093546496 67108864 576460769483294720 8796093284352 3377699720527880 288230376151711744 13194140319744 134217728 864691162814876672 13194140057600 1125899906842636
90 1 189 1 222 1 2305843009213693952 17592187092992 805306368 1152921710765281280 17592189190144 9007199254741008 3458764513820540928 35184374185984 268435456 2305843077933178880 35184373137408 13510798882111520 1152921504606846976 52776561278976 536870912 3458764651259506688 52776560230400 4503599627370544
91 1 190 1 223 1 9223372036854775808 70368748371968 3221225472 4611686843061125120 70368756760576 36028797018964032 13835058055282163712 140737496743936 1073741824 9223372311732715520 140737492549632 54043195528446080 4611686018427387904 211106245115904 2147483648 13835058605038026752 211106240921600 18014398509482176
92 1 191 1 224 1 0 281474993487874 12884901888 3298534948864 281475027042305 144115188075856128 0 562949986975747 4294967296 1099511758848 562949970198530 216172782113784320 0 844424980463617 8589934592 2199023452160 844424963686403 72057594037928704
93 1 96 1 225 1 0 1125899973951496 51539607552 13194139795456 1125900108169220 576460752303424512 0 2251799947902988 17179869184 4398047035392 2251799880794120 864691128455137280 0 3377699921854468 34359738368 8796093808640 3377699854745612 288230376151714816
94 1 97 1 226 1 0 4503599895805984 206158430208 52776559181824 4503600432676880 2305843009213698048 0 9007199791611952 68719476736 17592188141568 9007199523176480 3458764513820549120 0 13510799687417872 137438953472 35184375234560 13510799418982448 1152921504606859264
95 1 98 1 227 1 0 18014399583223936 824633720832 211106236727296 18014401730707520 9223372036854792192 0 36028799166447808 274877906944 70368752566272 36028798092705920 13835058055282196480 0 54043198749671488 549755813888 140737500938240 54043197675929792 4611686018427437056
0 1 180 1 231 1 281475027042307 144115200960758528 2199023255552 281474976710657 0 131072 562949970198529 216172786408751360 3298534883328 562949953421314 0 196608 844424963686402 72057602627863040 1099511627776 844424930131971 0 65536
1 1 181 1 232 1 1125900108169228 576460803843034112 8796093022208 1125899906842628 0 524288 2251799880794116 864691145635005440 13194139533312 2251799813685256 0 786432 3377699854745608 288230410511452160 4398046511104 3377699720527884 0 262144
2 1 182 1 233 1 4503600432676912 2305843215372136448 35184372088832 4503599627370512 0 2097152 9007199523176464 3458764582540021760 52776558133248 9007199254741024 0 3145728 13510799418982432 1152921642045808640 17592186044416 13510798882111536 0 1048576
3 1 183 1 234 1 18014401730707648 9223372861488545792 140737488355328 18014398509482048 0 8388608 36028798092705856 13835058330160087040 211106232532992 36028797018964096 0 12582912 54043197675929728 4611686568183234560 70368744177664 54043195528446144 0 4194304
4 1 184 1 235 1 72057606922830592 3298535079936 562949953421314 72057594037928192 0 33554432 144115192370823424 1099511693312 844424930131971 144115188075856384 0 50331648 216172790703718912 2199023386624 281474976710657 216172782113784576 0 16777216
5 1 185 1 236 1 288230427691322368 13194140319744 2251799813685256 288230376151712768 0 134217728 576460769483293696 4398046773248 3377699720527884 576460752303425536 0 201326592 864691162814875648 8796093546496 1125899906842628 864691128455138304 0 67108864
6 1 186 1 237 1 1152921710765289472 52776561278976 9007199254741024 1152921504606851072 0 536870912 2305843077933174784 17592187092992 13510798882111536 2305843009213702144 0 805306368 3458764651259502592 35184374185984 4503599627370512 3458764513820553216 0 268435456
7 1 187 1 238 1 4611686843061157888 211106245115904 36028797018964096 4611686018427404288 0 2147483648 9223372311732699136 70368748371968 54043195528446144 9223372036854808576 0 3221225472 13835058605038010368 140737496743936 18014398509482048 13835058055282212864 0 1073741824
8 1 188 1 239 1 3298535079936 844424980463617 144115188075856384 65536 1 8589934592 1099511693312 281474993487874 216172782113784576 131072 2 12884901888 2199023386624 562949986975747 72057594037928192 196608 3 4294967296
9 1 189 1 240 1 13194140319744 3377699921854468 576460752303425536 262144 4 34359738368 4398046773248 1125899973951496 864691128455138304 524288 8 51539607552 8796093546496 2251799947902988 288230376151712768 786432 12 17179869184
10 1 190 1 241 1 52776561278976 13510799687417872 2305843009213702144 1048576 16 137438953472 17592187092992 4503599895805984 3458764513820553216 2097152 32 206158430208 35184374185984 9007199791611952 1152921504606851072 3145728 48 68719476736
11 1 191 1 242 1 211106245115904 54043198749671488 9223372036854808576 4194304 64 549755813888 70368748371968 18014399583223936 13835058055282212864 8388608 128 824633720832 140737496743936 36028799166447808 4611686018427404288 12582912 192 274877906944
12 1 96 1 243 1 844424980463618 216172794998685952 131072 16777216 256 2199023255552 281474993487875 72057598332895744 196608 33554432 512 3298534883328 562949986975745 144115196665791232 65536 50331648 768 1099511627776
13 1 97 1 244 1 3377699921854472 864691179994743808 524288 67108864 1024 8796093022208 1125899973951500 288230393331582976 786432 134217728 2048 13194139533312 2251799947902980 576460786663164928 262144 201326592 3072 4398046511104
14 1 98 1 245 1 13510799687417888 3458764719978975232 2097152 268435456 4096 35184372088832 4503599895806000 1152921573326331904 3145728 536870912 8192 52776558133248 9007199791611920 2305843146652659712 1048576 805306368 12288 17592186044416
15 1 99 1 246 1 54043198749671552 13835058879915900928 8388608 1073741824 16384 140737488355328 18014399583224000 4611686293305327616 12582912 2147483648 32768 211106232532992 36028799166447680 9223372586610638848 4194304 3221225472 49152 70368744177664
16 1 100 1 247 1 216172794998686208 3298534948864 33554435 4294967296 65536 562949953421312 72057598332896000 1099511758848 50331649 8589934592 131072 844424930131968 144115196665790720 2199023452160 16777218 12884901888 196608 281474976710656
17 1 101 1 248 1 864691179994744832 13194139795456 134217740 17179869184 262144 2251799813685248 288230393331584000 4398047035392 201326596 34359738368 524288 3377699720527872 576460786663162880 8796093808640 67108872 51539607552 786432 1125899906842624
18 1 102 1 249 1 3458764719978979328 52776559181824 536870960 68719476736 1048576 9007199254740992 1152921573326336000 17592188141568 805306384 137438953472 2097152 13510798882111488 2305843146652651520 35184375234560 268435488 206158430208 3145728 4503599627370496
19 1 103 1 250 1 13835058879915917312 211106236727296 2147483840 274877906944 4194304 36028797018963968 4611686293305344000 70368752566272 3221225536 549755813888 8388608 54043195528445952 9223372586610606080 140737500938240 1073741952 824633720832 12582912 18014398509481984
20 1 104 1 251 1 3298535014400 844424946909187 8589935360 1099511627776 16777216 144115188075855872 1099511824384 281475010265089 12884902144 2199023255552 33554432 216172782113783808 2199023321088 562950003752962 4294967808 3298534883328 50331648 72057594037927936
21 1 105 1 252 1 13194140057600 3377699787636748 34359741440 4398046511104 67108864 576460752303423488 4398047297536 1125900041060356 51539608576 8796093022208 134217728 864691128455135232 8796093284352 2251800015011848 17179871232 13194139533312 201326592 288230376151711744
22 1 106 1 253 1 52776560230400 13510799150546992 137438965760 17592186044416 268435456 2305843009213693952 17592189190144 4503600164241424 206158434304 35184372088832 536870912 3458764513820540928 35184373137408 9007200060047392 68719484928 52776558133248 805306368 1152921504606846976
23 1 107 1 254 1 211106240921600 54043196602187968 549755863040 70368744177664 1073741824 9223372036854775808 70368756760576 18014400656965696 824633737216 140737488355328 2147483648 13835058055282163712 140737492549632 36028800240189568 274877939712 211106232532992 3221225472 4611686018427387904
24 1 108 1 255 1 844424963686400 216172786408751872 2199023452160 281474976710658 4294967296 0 281475027042304 72057602627862784 3298534948864 562949953421315 8589934592 0 562949970198528 144115200960758272 1099511758848 844424930131969 12884901888 0
25 1 109 1 256 1 3377699854745600 864691145635007488 8796093808640 1125899906842632 17179869184 0 1125900108169216 288230410511451136 13194139795456 2251799813685260 34359738368 0 2251799880794112 576460803843033088 4398047035392 3377699720527876 51539607552 0
26 1 110 1 257 1 13510799418982400 3458764582540029952 35184375234560 4503599627370528 68719476736 0 4503600432676864 1152921642045804544 52776559181824 9007199254741040 137438953472 0 9007199523176448 2305843215372132352 17592188141568 13510798882111504 206158430208 0
27 1 111 1 258 1 54043197675929600 13835058330160119808 140737500938240 18014398509482112 274877906944 0 18014401730707456 4611686568183218176 211106236727296 36028797018964160 549755813888 0 36028798092705792 9223372861488529408 70368752566272 54043195528446016 824633720832 0
28 1 112 1 259 1 216172790703718400 1099511824384 562950003752963 72057594037928448 1099511627776 0 72057606922829824 2199023321088 844424946909185 144115188075856640 2199023255552 0 144115192370823168 3298535014400 281475010265090 216172782113784064 3298534883328 0
29 1 113 1 260 1 864691162814873600 4398047297536 2251800015011852 288230376151713792 4398046511104 0 288230427691319296 8796093284352 3377699787636740 576460752303426560 8796093022208 0 576460769483292672 13194140057600 1125900041060360 864691128455136256 13194139533312 0
30 1 114 1 261 1 3458764651259494400 17592189190144 9007200060047408 1152921504606855168 17592186044416 0 1152921710765277184 35184373137408 13510799150546960 2305843009213706240 35184372088832 0 2305843077933170688 52776560230400 4503600164241440 3458764513820545024 52776558133248 0
31 1 115 1 262 1 13835058605037977600 70368756760576 36028800240189632 4611686018427420672 70368744177664 0 4611686843061108736 140737492549632 54043196602187840 9223372036854824960 140737488355328 0 9223372311732682752 211106240921600 18014400656965760 13835058055282180096 211106232532992 0
32 1 116 1 263 1 2199023255552 281475027042307 144115200960758528 131072 281474976710657 0 3298534883328 562949970198529 216172786408751360 196608 562949953421314 0 1099511627776 844424963686402 72057602627863040 65536 844424930131971 0
33 1 117 1 264 1 8796093022208 1125900108169228 576460803843034112 524288 1125899906842628 0 13194139533312 2251799880794116 864691145635005440 786432 2251799813685256 0 4398046511104 3377699854745608 288230410511452160 262144 3377699720527884 0
34 1 118 1 265 1 35184372088832 4503600432676912 2305843215372136448 2097152 4503599627370512 0 52776558133248 9007199523176464 3458764582540021760 3145728 9007199254741024 0 17592186044416 13510799418982432 1152921642045808640 1048576 13510798882111536 0
35 1 119 1 266 1 140737488355328 18014401730707648 9223372861488545792 8388608 18014398509482048 0 211106232532992 36028798092705856 13835058330160087040 12582912 36028797018964096 0 70368744177664 54043197675929728 4611686568183234560 4194304 54043195528446144 0
36 1 120 1 267 1 562949953421314 72057606922830592 3298535079936 33554432 72057594037928192 0 844424930131971 144115192370823424 1099511693312 50331648 144115188075856384 0 281474976710657 216172790703718912 2199023386624 16777216 216172782113784576 0
37 1 121 1 268 1 2251799813685256 288230427691322368 13194140319744 134217728 288230376151712768 0 3377699720527884 576460769483293696 4398046773248 201326592 576460752303425536 0 1125899906842628 864691162814875648 8796093546496 67108864 864691128455138304 0
38 1 122 1 269 1 9007199254741024 1152921710765289472 52776561278976 536870912 1152921504606851072 0 13510798882111536 2305843077933174784 17592187092992 805306368 2305843009213702144 0 4503599627370512 3458764651259502592 35184374185984 268435456 3458764513820553216 0
39 1 123 1 270 1 36028797018964096 4611686843061157888 211106245115904 2147483648 4611686018427404288 0 54043195528446144 9223372311732699136 70368748371968 3221225472 9223372036854808576 0 18014398509482048 13835058605038010368 140737496743936 1073741824 13835058055282212864 0
40 1 124 1 271 1 144115188075856384 3298535079936 844424980463617 8589934592 65536 1 216172782113784576 1099511693312 281474993487874 12884901888 131072 2 72057594037928192 2199023386624 562949986975747 4294967296 196608 3
41 1 125 1 272 1 576460752303425536 13194140319744 3377699921854468 34359738368 262144 4 864691128455138304 4398046773248 1125899973951496 51539607552 524288 8 288230376151712768 8796093546496 2251799947902988 17179869184 786432 12
42 1 126 1 273 1 2305843009213702144 52776561278976 13510799687417872 137438953472 1048576 16 3458764513820553216 17592187092992 4503599895805984 206158430208 2097152 32 1152921504606851072 35184374185984 9007199791611952 68719476736 3145728 48
43 1 127 1 274 1 9223372036854808576 211106245115904 54043198749671488 549755813888 4194304 64 13835058055282212864 70368748371968 18014399583223936 824633720832 8388608 128 4611686018427404288 140737496743936 36028799166447808 274877906944 12582912 192
44 1 128 1 275 1 131072 844424980463618 216172794998685952 2199023255552 16777216 256 196608 281474993487875 72057598332895744 3298534883328 33554432 512 65536 562949986975745 144115196665791232 1099511627776 50331648 768
45 1 129 1 276 1 524288 3377699921854472 864691179994743808 8796093022208 67108864 1024 786432 1125899973951500 288230393331582976 13194139533312 134217728 2048 262144 2251799947902980 576460786663164928 4398046511104 201326592 3072
46 1 130 1 277 1 2097152 13510799687417888 3458764719978975232 35184372088832 268435456 4096 3145728 4503599895806000 1152921573326331904 52776558133248 536870912 8192 1048576 9007199791611920 2305843146652659712 17592186044416 805306368 12288
47 1 131 1 278 1 8388608 54043198749671552 13835058879915900928 140737488355328 1073741824 16384 12582912 18014399583224000 4611686293305327616 211106232532992 2147483648 32768 4194304 36028799166447680 9223372586610638848 70368744177664 3221225472 49152
48 1 132 1 279 1 33554435 216172794998686208 3298534948864 562949953421312 4294967296 65536 50331649 72057598332896000 1099511758848 844424930131968 8589934592 131072 16777218 144115196665790720 2199023452160 281474976710656 12884901888 196608
49 1 133 1 280 1 134217740 864691179994744832 13194139795456 2251799813685248 17179869184 262144 201326596 288230393331584000 4398047035392 3377699720527872 34359738368 524288 67108872 576460786663162880 8796093808640 1125899906842624 51539607552 786432
50 1 134 1 281 1 536870960 3458764719978979328 52776559181824 9007199254740992 68719476736 1048576 805306384 1152921573326336000 17592188141568 13510798882111488 137438953472 2097152 268435488 2305843146652651520 35184375234560 4503599627370496 206158430208 3145728
51 1 135 1 282 1 2147483840 13835058879915917312 211106236727296 36028797018963968 274877906944 4194304 3221225536 4611686293305344000 70368752566272 54043195528445952 549755813888 8388608 1073741952 9223372586610606080 140737500938240 18014398509481984 824633720832 12582912
52 1 136 1 283 1 8589935360 3298535014400 844424946909187 144115188075855872 1099511627776 16777216 12884902144 1099511824384 281475010265089 216172782113783808 2199023255552 33554432 4294967808 2199023321088 562950003752962 72057594037927936 3298534883328 50331648
53 1 137 1 284 1 34359741440 13194140057600 3377699787636748 576460752303423488 4398046511104 67108864 51539608576 4398047297536 1125900041060356 864691128455135232 8796093022208 134217728 17179871232 8796093284352 2251800015011848 288230376151711744 13194139533312 201326592
54 1 138 1 285 1 137438965760 52776560230400 13510799150546992 2305843009213693952 17592186044416 268435456 206158434304 17592189190144 4503600164241424 3458764513820540928 35184372088832 536870912 68719484928 35184373137408 9007200060047392 1152921504606846976 52776558133248 805306368
55 1 139 1 286 1 549755863040 211106240921600 54043196602187968 9223372036854775808 70368744177664 1073741824 824633737216 70368756760576 18014400656965696 13835058055282163712 140737488355328 2147483648 274877939712 140737492549632 36028800240189568 4611686018427387904 211106232532992 3221225472
56 1 140 1 287 1 2199023452160 844424963686400 216172786408751872 0 281474976710658 4294967296 3298534948864 281475027042304 72057602627862784 0 562949953421315 8589934592 1099511758848 562949970198528 144115200960758272 0 844424930131969 12884901888
57 1 141 1 192 1 8796093808640 3377699854745600 864691145635007488 0 1125899906842632 17179869184 13194139795456 1125900108169216 288230410511451136 0 2251799813685260 34359738368 4398047035392 2251799880794112 576460803843033088 0 3377699720527876 51539607552
58 1 142 1 193 1 35184375234560 13510799418982400 3458764582540029952 0 4503599627370528 68719476736 52776559181824 4503600432676864 1152921642045804544 0 9007199254741040 137438953472 17592188141568 9007199523176448 2305843215372132352 0 13510798882111504 206158430208
59 1 143 1 194 1 140737500938240 54043197675929600 13835058330160119808 0 18014398509482112 274877906944 211106236727296 18014401730707456 4611686568183218176 0 36028797018964160 549755813888 70368752566272 36028798092705792 9223372861488529408 0 54043195528446016 824633720832
60 1 144 1 195 1 562950003752963 216172790703718400 1099511824384 0 72057594037928448 1099511627776 844424946909185 72057606922829824 2199023321088 0 144115188075856640 2199023255552 281475010265090 144115192370823168 3298535014400 0 216172782113784064 3298534883328
61 1 145 1 196 1 2251800015011852 864691162814873600 4398047297536 0 288230376151713792 4398046511104 3377699787636740 288230427691319296 8796093284352 0 576460752303426560 8796093022208 1125900041060360 576460769483292672 13194140057600 0 864691128455136256 13194139533312
62 1 146 1 197 1 9007200060047408 3458764651259494400 17592189190144 0 1152921504606855168 17592186044416 13510799150546960 1152921710765277184 35184373137408 0 2305843009213706240 35184372088832 4503600164241440 2305843077933170688 52776560230400 0 3458764513820545024 52776558133248
63 1 147 1 198 1 36028800240189632 13835058605037977600 70368756760576 0 4611686018427420672 70368744177664 54043196602187840 4611686843061108736 140737492549632 0 9223372036854824960 140737488355328 18014400656965760 9223372311732682752 211106240921600 0 13835058055282180096 211106232532992
64 1 148 1 199 1 144115200960758528 2199023255552 281475027042307 0 131072 281474976710657 216172786408751360 3298534883328 562949970198529 0 196608 562949953421314 72057602627863040 1099511627776 844424963686402 0 65536 844424930131971
65 1 149 1 200 1 576460803843034112 8796093022208 1125900108169228 0 524288 1125899906842628 864691145635005440 13194139533312 2251799880794116 0 786432 2251799813685256 288230410511452160 4398046511104 3377699854745608 0 262144 3377699720527884
66 1 150 1 201 1 2305843215372136448 35184372088832 4503600432676912 0 2097152 4503599627370512 3458764582540021760 52776558133248 9007199523176464 0 3145728 9007199254741024 1152921642045808640 17592186044416 13510799418982432 0 1048576 13510798882111536
67 1 151 1 202 1 9223372861488545792 140737488355328 18014401730707648 0 8388608 18014398509482048 13835058330160087040 211106232532992 36028798092705856 0 12582912 36028797018964096 4611686568183234560 70368744177664 54043197675929728 0 4194304 54043195528446144
68 1 152 1 203 1 3298535079936 562949953421314 72057606922830592 0 33554432 72057594037928192 1099511693312 844424930131971 144115192370823424 0 50331648 144115188075856384 2199023386624 281474976710657 216172790703718912 0 16777216 216172782113784576
69 1 153 1 204 1 13194140319744 2251799813685256 288230427691322368 0 134217728 288230376151712768 4398046773248 3377699720527884 576460769483293696 0 201326592 576460752303425536 8796093546496 1125899906842628 864691162814875648 0 67108864 864691128455138304
70 1 154 1 205 1 52776561278976 9007199254741024 1152921710765289472 0 536870912 1152921504606851072 17592187092992 13510798882111536 2305843077933174784 0 805306368 2305843009213702144 35184374185984 4503599627370512 3458764651259502592 0 268435456 3458764513820553216
71 1 155 1 206 1 211106245115904 36028797018964096 4611686843061157888 0 2147483648 4611686018427404288 70368748371968 54043195528446144 9223372311732699136 0 3221225472 9223372036854808576 140737496743936 18014398509482048 13835058605038010368 0 1073741824 13835058055282212864
72 1 156 1 207 1 844424980463617 144115188075856384 3298535079936 1 8589934592 65536 281474993487874 216172782113784576 1099511693312 2 12884901888 131072 562949986975747 72057594037928192 2199023386624 3 4294967296 196608
73 1 157 1 208 1 3377699921854468 576460752303425536 13194140319744 4 34359738368 262144 1125899973951496 864691128455138304 4398046773248 8 51539607552 524288 2251799947902988 288230376151712768 8796093546496 12 17179869184 786432
74 1 158 1 209 1 13510799687417872 2305843009213702144 52776561278976 16 137438953472 1048576 4503599895805984 3458764513820553216 17592187092992 32 206158430208 2097152 9007199791611952 1152921504606851072 35184374185984 48 68719476736 3145728
75 1 159 1 210 1 54043198749671488 9223372036854808576 211106245115904 64 549755813888 4194304 18014399583223936 13835058055282212864 70368748371968 128 824633720832 8388608 36028799166447808 4611686018427404288 140737496743936 192 274877906944 12582912
76 1 160 1 211 1 216172794998685952 131072 844424980463618 256 2199023255552 16777216 72057598332895744 196608 281474993487875 512 3298534883328 33554432 144115196665791232 65536 562949986975745 768 1099511627776 50331648
77 1 161 1 212 1 864691179994743808 524288 3377699921854472 1024 8796093022208 67108864 288230393331582976 786432 1125899973951500 2048 13194139533312 134217728 576460786663164928 262144 2251799947902980 3072 4398046511104 201326592
78 1 162 1 213 1 3458764719978975232 2097152 13510799687417888 4096 35184372088832 268435456 1152921573326331904 3145728 4503599895806000 8192 52776558133248 536870912 2305843146652659712 1048576 9007199791611920 12288 17592186044416 805306368
79 1 163 1 214 1 13835058879915900928 8388608 54043198749671552 16384 140737488355328 1073741824 4611686293305327616 12582912 18014399583224000 32768 211106232532992 2147483648 9223372586610638848 4194304 36028799166447680 49152 70368744177664 3221225472
80 1 164 1 215 1 3298534948864 33554435 216172794998686208 65536 562949953421312 4294967296 1099511758848 50331649 72057598332896000 131072 844424930131968 8589934592 2199023452160 16777218 144115196665790720 196608 281474976710656 12884901888
81 1 165 1 216 1 13194139795456 134217740 864691179994744832 262144 2251799813685248 17179869184 4398047035392 201326596 288230393331584000 524288 3377699720527872 34359738368 8796093808640 67108872 576460786663162880 786432 1125899906842624 51539607552
82 1 166 1 217 1 52776559181824 536870960 3458764719978979328 1048576 9007199254740992 68719476736 17592188141568 805306384 1152921573326336000 2097152 13510798882111488 137438953472 35184375234560 268435488 2305843146652651520 3145728 4503599627370496 206158430208
83 1 167 1 218 1 211106236727296 2147483840 13835058879915917312 4194304 36028797018963968 274877906944 70368752566272 3221225536 4611686293305344000 8388608 54043195528445952 549755813888 140737500938240 1073741952 9223372586610606080 12582912 18014398509481984 824633720832
84 1 168 1 219 1 844424946909187 8589935360 3298535014400 16777216 144115188075855872 1099511627776 281475010265089 12884902144 1099511824384 33554432 216172782113783808 2199023255552 562950003752962 4294967808 2199023321088 50331648 72057594037927936 3298534883328
85 1 169 1 220 1 3377699787636748 34359741440 13194140057600 67108864 576460752303423488 4398046511104 1125900041060356 51539608576 4398047297536 134217728 864691128455135232 8796093022208 2251800015011848 17179871232 8796093284352 201326592 288230376151711744 13194139533312
86 1 170 1 221 1 13510799150546992 137438965760 52776560230400 268435456 2305843009213693952 17592186044416 4503600164241424 206158434304 17592189190144 536870912 3458764513820540928 35184372088832 9007200060047392 68719484928 35184373137408 805306368 1152921504606846976 52776558133248
87 1 171 1 222 1 54043196602187968 549755863040 211106240921600 1073741824 9223372036854775808 70368744177664 18014400656965696 824633737216 70368756760576 2147483648 13835058055282163712 140737488355328 36028800240189568 274877939712 140737492549632 3221225472 4611686018427387904 211106232532992
88 1 172 1 223 1 216172786408751872 2199023452160 844424963686400 4294967296 0 281474976710658 72057602627862784 3298534948864 281475027042304 8589934592 0 562949953421315 144115200960758272 1099511758848 562949970198528 12884901888 0 844424930131969
89 1 173 1 224 1 864691145635007488 8796093808640 3377699854745600 17179869184 0 1125899906842632 288230410511451136 13194139795456 1125900108169216 34359738368 0 2251799813685260 576460803843033088 4398047035392 2251799880794112 51539607552 0 3377699720527876
90 1 174 1 225 1 3458764582540029952 35184375234560 13510799418982400 68719476736 0 4503599627370528 1152921642045804544 52776559181824 4503600432676864 137438953472 0 9007199254741040 2305843215372132352 17592188141568 9007199523176448 206158430208 0 13510798882111504
91 1 175 1 226 1 13835058330160119808 140737500938240 54043197675929600 274877906944 0 18014398509482112 4611686568183218176 211106236727296 18014401730707456 549755813888 0 36028797018964160 9223372861488529408 70368752566272 36028798092705792 824633720832 0 54043195528446016
92 1 176 1 227 1 1099511824384 562950003752963 216172790703718400 1099511627776 0 72057594037928448 2199023321088 844424946909185 72057606922829824 2199023255552 0 144115188075856640 3298535014400 281475010265090 144115192370823168 3298534883328 0 216172782113784064
93 1 177 1 228 1 4398047297536 2251800015011852 864691162814873600 4398046511104 0 288230376151713792 8796093284352 3377699787636740 288230427691319296 8796093022208 0 576460752303426560 13194140057600 1125900041060360 576460769483292672 13194139533312 0 864691128455136256
94 1 178 1 229 1 17592189190144 9007200060047408 3458764651259494400 17592186044416 0 1152921504606855168 35184373137408 13510799150546960 1152921710765277184 35184372088832 0 2305843009213706240 52776560230400 4503600164241440 2305843077933170688 52776558133248 0 3458764513820545024
95 1 179 1 230 1 70368756760576 36028800240189632 13835058605037977600 70368744177664 0 4611686018427420672 140737492549632 54043196602187840 4611686843061108736 140737488355328 0 9223372036854824960 211106240921600 18014400656965760 9223372311732682752 211106232532992 0 13835058055282180096
0 2 108 2 240 2 0 0 0 1 0 0 0 0 0 2 0 0 0 0 0 3 0 0
1 2 109 2 241 2 0 0 0 4 0 0 0 0 0 8 0 0 0 0 0 12 0 0
2 2 110 2 242 2 0 0 0 16 0 0 0 0 0 32 0 0 0 0 0 48 0 0
3 2 111 2 243 2 0 0 0 64 0 0 0 0 0 128 0 0 0 0 0 192 0 0
4 2 112 2 244 2 0 0 0 256 0 0 0 0 0 512 0 0 0 0 0 768 0 0
5 2 113 2 245 2 0 0 0 1024 0 0 0 0 0 2048 0 0 0 0 0 3072 0 0
6 2 114 2 246 2 0 0 0 4096 0 0 0 0 0 8192 0 0 0 0 0 12288 0 0
7 2 115 2 247 2 0 0 0 16384 0 0 0 0 0 32768 0 0 0 0 0 49152 0 0
8 2 116 2 248 2 0 0 0 65536 0 0 0 0 0 131072 0 0 0 0 0 196608 0 0
9 2 117 2 249 2 0 0 0 262144 0 0 0 0 0 524288 0 0 0 0 0 786432 0 0
10 2 118 2 250 2 0 0 0 1048576 0 0 0 0 0 2097152 0 0 0 0 0 3145728 0 0
11 2 119 2 251 2 0 0 0 4194304 0 0 0 0 0 8388608 0 0 0 0 0 12582912 0 0
12 2 120 2 252 2 0 0 0 16777216 0 0 0 0 0 33554432 0 0 0 0 0 50331648 0 0
13 2 121 2 253 2 0 0 0 67108864 0 0 0 0 0 134217728 0 0 0 0 0 201326592 0 0
14 2 122 2 254 2 0 0 0 268435456 0 0 0 0 0 536870912 0 0 0 0 0 805306368 0 0
15 2 123 2 255 2 0 0 0 1073741824 0 0 0 0 0 2147483648 0 0 0 0 0 3221225472 0 0
16 2 124 2 256 2 0 0 0 4294967296 0 0 0 0 0 8589934592 0 0 0 0 0 12884901888 0 0
17 2 125 2 257 2 0 0 0 17179869184 0 0 0 0 0 34359738368 0 0 0 0 0 51539607552 0 0
18 2 126 2 258 2 0 0 0 68719476736 0 0 0 0 0 137438953472 0 0 0 0 0 206158430208 0 0
19 2 127 2 259 2 0 0 0 274877906944 0 0 0 0 0 549755813888 0 0 0 0 0 824633720832 0 0
20 2 128 2 260 2 0 0 0 1099511627776 0 0 0 0 0 2199023255552 0 0 0 0 0 3298534883328 0 0
21 2 129 2 261 2 0 0 0 4398046511104 0 0 0 0 0 8796093022208 0 0 0 0 0 13194139533312 0 0
22 2 130 2 262 2 0 0 0 17592186044416 0 0 0 0 0 35184372088832 0 0 0 0 0 52776558133248 0 0
23 2 131 2 263 2 0 0 0 70368744177664 0 0 0 0 0 140737488355328 0 0 0 0 0 211106232532992 0 0
24 2 132 2 264 2 0 0 0 281474976710656 0 0 0 0 0 562949953421312 0 0 0 0 0 844424930131968 0 0
25 2 133 2 265 2 0 0 0 1125899906842624 0 0 0 0 0 2251799813685248 0 0 0 0 0 3377699720527872 0 0
26 2 134 2 266 2 0 0 0 4503599627370496 0 0 0 0 0 9007199254740992 0 0 0 0 0 13510798882111488 0 0
27 2 135 2 267 2 0 0 0 18014398509481984 0 0 0 0 0 36028797018963968 0 0 0 0 0 54043195528445952 0 0
28 2 136 2 268 2 0 0 0 72057594037927936 0 0 0 0 0 144115188075855872 0 0 0 0 0 216172782113783808 0 0
29 2 137 2 269 2 0 0 0 288230376151711744 0 0 0 0 0 576460752303423488 0 0 0 0 0 864691128455135232 0 0
30 2 138 2 270 2 0 0 0 1152921504606846976 0 0 0 0 0 2305843009213693952 0 0 0 0 0 3458764513820540928 0 0
31 2 139 2 271 2 0 0 0 4611686018427387904 0 0 0 0 0 9223372036854775808 0 0 0 0 0 13835058055282163712 0 0
32 2 140 2 272 2 0 0 0 0 1 0 0 0 0 0 2 0 0 0 0 0 3 0
33 2 141 2 273 2 0 0 0 0 4 0 0 0 0 0 8 0 0 0 0 0 12 0
34 2 142 2 274 2 0 0 0 0 16 0 0 0 0 0 32 0 0 0 0 0 48 0
35 2 143 2 275 2 0 0 0 0 64 0 0 0 0 0 128 0 0 0 0 0 192 0
36 2 144 2 276 2 0 0 0 0 256 0 0 0 0 0 512 0 0 0 0 0 768 0
37 2 145 2 277 2 0 0 0 0 1024 0 0 0 0 0 2048 0 0 0 0 0 3072 0
38 2 146 2 278 2 0 0 0 0 4096 0 0 0 0 0 8192 0 0 0 0 0 12288 0
39 2 147 2 279 2 0 0 0 0 16384 0 0 0 0 0 32768 0 0 0 0 0 49152 0
40 2 148 2 280 2 0 0 0 0 65536 0 0 0 0 0 131072 0 0 0 0 0 196608 0
41 2 149 2 281 2 0 0 0 0 262144 0 0 0 0 0 524288 0 0 0 0 0 786432 0
42 2 150 2 282 2 0 0 0 0 1048576 0 0 0 0 0 2097152 0 0 0 0 0 3145728 0
43 2 151 2 283 2 0 0 0 0 4194304 0 0 0 0 0 8388608 0 0 0 0 0 12582912 0
44 2 152 2 284 2 0 0 0 0 16777216 0 0 0 0 0 33554432 0 0 0 0 0 50331648 0
45 2 153 2 285 2 0 0 0 0 67108864 0 0 0 0 0 134217728 0 0 0 0 0 201326592 0
46 2 154 2 286 2 0 0 0 0 268435456 0 0 0 0 0 536870912 0 0 0 0 0 805306368 0
47 2 155 2 287 2 0 0 0 0 1073741824 0 0 0 0 0 2147483648 0 0 0 0 0 3221225472 0
48 2 156 2 192 2 0 0 0 0 4294967296 0 0 0 0 0 8589934592 0 0 0 0 0 12884901888 0
49 2 157 2 193 2 0 0 0 0 17179869184 0 0 0 0 0 34359738368 0 0 0 0 0 51539607552 0
50 2 158 2 194 2 0 0 0 0 68719476736 0 0 0 0 0 137438953472 0 0 0 0 0 206158430208 0
51 2 159 2 195 2 0 0 0 0 274877906944 0 0 0 0 0 549755813888 0 0 0 0 0 824633720832 0
52 2 160 2 196 2 0 0 0 0 1099511627776 0 0 0 0 0 2199023255552 0 0 0 0 0 3298534883328 0
53 2 161 2 197 2 0 0 0 0 4398046511104 0 0 0 0 0 8796093022208 0 0 0 0 0 13194139533312 0
54 2 162 2 198 2 0 0 0 0 17592186044416 0 0 0 0 0 35184372088832 0 0 0 0 0 52776558133248 0
55 2 163 2 199 2 0 0 0 0 70368744177664 0 0 0 0 0 140737488355328 0 0 0 0 0 211106232532992 0
56 2 164 2 200 2 0 0 0 0 281474976710656 0 0 0 0 0 562949953421312 0 0 0 0 0 844424930131968 0
57 2 165 2 201 2 0 0 0 0 1125899906842624 0 0 0 0 0 2251799813685248 0 0 0 0 0 3377699720527872 0
58 2 166 2 202 2 0 0 0 0 4503599627370496 0 0 0 0 0 9007199254740992 0 0 0 0 0 13510798882111488 0
59 2 167 2 203 2 0 0 0 0 18014398509481984 0 0 0 0 0 36028797018963968 0 0 0 0 0 54043195528445952 0
60 2 168 2 204 2 0 0 0 0 72057594037927936 0 0 0 0 0 144115188075855872 0 0 0 0 0 216172782113783808 0
61 2 169 2 205 2 0 0 0 0 288230376151711744 0 0 0 0 0 576460752303423488 0 0 0 0 0 864691128455135232 0
62 2 170 2 206 2 0 0 0 0 1152921504606846976 0 0 0 0 0 2305843009213693952 0 0 0 0 0 3458764513820540928 0
63 2 171 2 207 2 0 0 0 0 4611686018427387904 0 0 0 0 0 9223372036854775808 0 0 0 0 0 13835058055282163712 0
64 2 172 2 208 2 0 0 0 0 0 1 0 0 0 0 0 2 0 0 0 0 0 3
65 2 173 2 209 2 0 0 0 0 0 4 0 0 0 0 0 8 0 0 0 0 0 12
66 2 174 2 210 2 0 0 0 0 0 16 0 0 0 0 0 32 0 0 0 0 0 48
67 2 175 2 211 2 0 0 0 0 0 64 0 0 0 0 0 128 0 0 0 0 0 192
68 2 176 2 212 2 0 0 0 0 0 256 0 0 0 0 0 512 0 0 0 0 0 768
69 2 177 2 213 2 0 0 0 0 0 1024 0 0 0 0 0 2048 0 0 0 0 0 3072
70 2 178 2 214 2 0 0 0 0 0 4096 0 0 0 0 0 8192 0 0 0 0 0 12288
71 2 179 2 215 2 0 0 0 0 0 16384 0 0 0 0 0 32768 0 0 0 0 0 49152
72 2 180 2 216 2 0 0 0 0 0 65536 0 0 0 0 0 131072 0 0 0 0 0 196608
73 2 181 2 217 2 0 0 0 0 0 262144 0 0 0 0 0 524288 0 0 0 0 0 786432
74 2 182 2 218 2 0 0 0 0 0 1048576 0 0 0 0 0 2097152 0 0 0 0 0 3145728
75 2 183 2 219 2 0 0 0 0 0 4194304 0 0 0 0 0 8388608 0 0 0 0 0 12582912
76 2 184 2 220 2 0 0 0 0 0 16777216 0 0 0 0 0 33554432 0 0 0 0 0 50331648
77 2 185 2 221 2 0 0 0 0 0 67108864 0 0 0 0 0 134217728 0 0 0 0 0 201326592
78 2 186 2 222 2 0 0 0 0 0 268435456 0 0 0 0 0 536870912 0 0 0 0 0 805306368
79 2 187 2 223 2 0 0 0 0 0 1073741824 0 0 0 0 0 2147483648 0 0 0 0 0 3221225472
80 2 188 2 224 2 0 0 0 0 0 4294967296 0 0 0 0 0 8589934592 0 0 0 0 0 12884901888
81 2 189 2 225 2 0 0 0 0 0 17179869184 0 0 0 0 0 34359738368 0 0 0 0 0 51539607552
82 2 190 2 226 2 0 0 0 0 0 68719476736 0 0 0 0 0 137438953472 0 0 0 0 0 206158430208
83 2 191 2 227 2 0 0 0 0 0 274877906944 0 0 0 0 0 549755813888 0 0 0 0 0 824633720832
84 2 96 2 228 2 0 0 0 0 0 1099511627776 0 0 0 0 0 2199023255552 0 0 0 0 0 3298534883328
85 2 97 2 229 2 0 0 0 0 0 4398046511104 0 0 0 0 0 8796093022208 0 0 0 0 0 13194139533312
86 2 98 2 230 2 0 0 0 0 0 17592186044416 0 0 0 0 0 35184372088832 0 0 0 0 0 52776558133248
87 2 99 2 231 2 0 0 0 0 0 70368744177664 0 0 0 0 0 140737488355328 0 0 0 0 0 211106232532992
88 2 100 2 232 2 0 0 0 0 0 281474976710656 0 0 0 0 0 562949953421312 0 0 0 0 0 844424930131968
89 2 101 2 233 2 0 0 0 0 0 1125899906842624 0 0 0 0 0 2251799813685248 0 0 0 0 0 3377699720527872
90 2 102 2 234 2 0 0 0 0 0 4503599627370496 0 0 0 0 0 9007199254740992 0 0 0 0 0 13510798882111488
91 2 103 2 235 2 0 0 0 0 0 18014398509481984 0 0 0 0 0 36028797018963968 0 0 0 0 0 54043195528445952
92 2 104 2 236 2 0 0 0 0 0 72057594037927936 0 0 0 0 0 144115188075855872 0 0 0 0 0 216172782113783808
93 2 105 2 237 2 0 0 0 0 0 288230376151711744 0 0 0 0 0 576460752303423488 0 0 0 0 0 864691128455135232
94 2 106 2 238 2 0 0 0 0 0 1152921504606846976 0 0 0 0 0 2305843009213693952 0 0 0 0 0 3458764513820540928
95 2 107 2 239 2 0 0 0 0 0 4611686018427387904 0 0 0 0 0 9223372036854775808 0 0 0 0 0 13835058055282163712
