896 336 7 112
0 1 112 1 224 1 536870912 0 4096 8589934608 13510798915665920 17592186241024 206158430976 805306368 0 8192 12884901920 4503599677702144 35184372154368 68719476992 268435456 0 12288 4294967344 9007199271518208 52776558264320 137438953984
1 1 113 1 225 1 2147483648 0 16384 34359738432 54043195662663680 70368744964096 824633723904 3221225472 0 32768 51539607680 18014398710808576 140737488617472 274877907968 1073741824 0 49152 17179869376 36028797086072832 211106233057280 549755815936
2 1 114 1 226 1 8589934592 0 65536 137438953728 216172782650654720 281474979856384 3298534895616 12884901888 0 131072 206158430720 72057594843234304 562949954469888 1099511631872 4294967296 0 196608 68719477504 144115188344291328 844424932229120 2199023263744
3 1 115 1 227 1 34359738368 0 262144 549755814912 864691130602618880 1125899919425536 13194139582464 51539607552 0 524288 824633722880 288230379372937216 2251799817879552 4398046527488 17179869184 0 786432 274877910016 576460753377165312 3377699728916480 8796093054976
4 1 116 1 228 1 137438953472 0 1048576 2199023259648 3458764522410475520 4503599677702144 52776558329856 206158430208 0 2097152 3298534891520 1152921517491748864 9007199271518208 17592186109952 68719476736 0 3145728 1099511640064 2305843013508661248 13510798915665920 35184372219904
5 1 117 1 229 1 549755813888 0 4194304 8796093038592 13835058089641902080 18014398710808576 211106233319424 824633720832 0 8388608 13194139566080 4611686069966995456 36028797086072832 70368744439808 274877906944 0 12582912 4398046560256 9223372054034644992 54043195662663680 140737488879616
6 1 118 1 230 1 2199023255552 0 16777216 35184372154368 137438953472 72057594843234307 844424933277696 3298534883328 0 33554432 52776558264320 206158430208 144115188344291329 281474977759232 1099511627776 0 50331648 17592186241024 68719476736 216172782650654722 562949955518464
7 1 119 1 231 1 8796093022208 0 67108864 140737488617472 549755813888 288230379372937228 3377699733110784 13194139533312 0 134217728 211106233057280 824633720832 576460753377165316 1125899911036928 4398046511104 0 201326592 70368744964096 274877906944 864691130602618888 2251799822073856
8 1 120 1 232 1 35184372088832 0 268435456 562949954469888 2199023255552 1152921517491748912 13510798932443136 52776558133248 0 536870912 844424932229120 3298534883328 2305843013508661264 4503599644147712 17592186044416 0 805306368 281474979856384 1099511627776 3458764522410475552 9007199288295424
9 1 121 1 233 1 140737488355328 0 1073741824 2251799817879552 8796093022208 4611686069966995648 54043195729772544 211106232532992 0 2147483648 3377699728916480 13194139533312 9223372054034645056 18014398576590848 70368744177664 0 3221225472 1125899919425536 4398046511104 13835058089641902208 36028797153181696
10 1 122 1 234 1 562949953421312 0 4294967296 9007199271518208 35184372088832 206158430976 216172782919090177 844424930131968 0 8589934592 13510798915665920 52776558133248 68719476992 72057594306363394 281474976710656 0 12884901888 4503599677702144 17592186044416 137438953984 144115188612726787
11 1 123 1 235 1 2251799813685248 0 17179869184 36028797086072832 140737488355328 824633723904 864691131676360708 3377699720527872 0 34359738368 54043195662663680 211106232532992 274877907968 288230377225453576 1125899906842624 0 51539607552 18014398710808576 70368744177664 549755815936 576460754450907148
12 1 124 1 236 1 9007199254740992 0 68719476736 144115188344291328 562949953421312 3298534895616 3458764526705442832 13510798882111488 0 137438953472 216172782650654720 844424930131968 1099511631872 1152921508901814304 4503599627370496 0 206158430208 72057594843234304 281474976710656 2199023263744 2305843017803628592
13 1 125 1 237 1 36028797018963968 0 274877906944 576460753377165312 2251799813685248 13194139582464 13835058106821771328 54043195528445952 0 549755813888 864691130602618880 3377699720527872 4398046527488 4611686035607257216 18014398509481984 0 824633720832 288230379372937216 1125899906842624 8796093054976 9223372071214514368
14 1 126 1 238 1 144115188075855873 0 1099511627776 2305843022098595840 9007199254740992 52776558329856 206158430464 216172782113783810 0 2199023255552 3458764518115508224 13510798882111488 17592186109952 68719477248 72057594037927939 0 3298534883328 1152921513196781568 4503599627370496 35184372219904 137438954240
15 1 127 1 239 1 576460752303423492 0 4398046511104 9223372088394383360 36028797018963968 211106233319424 824633721856 864691128455135240 0 8796093022208 13835058072462032896 54043195528445952 70368744439808 274877908992 288230376151711756 0 13194139533312 4611686052787126272 18014398509481984 140737488879616 549755816960
16 1 128 1 240 1 2305843009213693968 0 17592186044416 206158430208 144115188075855874 844424933277696 3298534887424 3458764513820540960 0 35184372088832 68719476736 216172782113783811 281474977759232 1099511635968 1152921504606847024 0 52776558133248 137438953472 72057594037927937 562949955518464 2199023267840
17 1 129 1 241 1 9223372036854775872 0 70368744177664 824633720832 576460752303423496 3377699733110784 13194139549696 13835058055282163840 0 140737488355328 274877906944 864691128455135244 1125899911036928 4398046543872 4611686018427388096 0 211106232532992 549755813888 288230376151711748 2251799822073856 8796093071360
18 1 130 1 242 1 256 2 281474976710656 3298534883328 2305843009213693984 13510798932443136 52776558198784 512 3 562949953421312 1099511627776 3458764513820540976 4503599644147712 17592186175488 768 1 844424930131968 2199023255552 1152921504606846992 9007199288295424 35184372285440
19 1 131 1 243 1 1024 8 1125899906842624 13194139533312 9223372036854775936 54043195729772544 211106232795136 2048 12 2251799813685248 4398046511104 13835058055282163904 18014398576590848 70368744701952 3072 4 3377699720527872 8796093022208 4611686018427387968 36028797153181696 140737489141760
20 1 132 1 244 1 4096 32 4503599627370496 52776558133248 512 216172782919090178 844424931180544 8192 48 9007199254740992 17592186044416 768 72057594306363395 281474978807808 12288 16 13510798882111488 35184372088832 256 144115188612726785 562949956567040
21 1 133 1 245 1 16384 128 18014398509481984 211106232532992 2048 864691131676360712 3377699724722176 32768 192 36028797018963968 70368744177664 3072 288230377225453580 1125899915231232 49152 64 54043195528445952 140737488355328 1024 576460754450907140 2251799826268160
22 1 134 1 246 1 65536 512 72057594037927936 844424930131968 8192 3458764526705442848 13510798898888704 131072 768 144115188075855872 281474976710656 12288 1152921508901814320 4503599660924928 196608 256 216172782113783808 562949953421312 4096 2305843017803628560 9007199305072640
23 1 135 1 247 1 262144 2048 288230376151711744 3377699720527872 32768 13835058106821771392 54043195595554816 524288 3072 576460752303423488 1125899906842624 49152 4611686035607257280 18014398643699712 786432 1024 864691128455135232 2251799813685248 16384 9223372071214514240 36028797220290560
24 1 136 1 248 1 1048576 8192 1152921504606846976 13510798882111488 131072 206158430720 216172782382219267 2097152 12288 2305843009213693952 4503599627370496 196608 68719477504 72057594574798849 3145728 4096 3458764513820540928 9007199254740992 65536 137438953728 144115188881162242
25 1 137 1 249 1 4194304 32768 4611686018427387904 54043195528445952 524288 824633722880 864691129528877068 8388608 49152 9223372036854775808 18014398509481984 786432 274877910016 288230378299195396 12582912 16384 13835058055282163712 36028797018963968 262144 549755814912 576460755524648968
26 1 138 1 250 1 16777216 131072 0 216172782113783809 2097152 3298534891520 3458764518115508272 33554432 196608 0 72057594037927938 3145728 1099511640064 1152921513196781584 50331648 65536 0 144115188075855875 1048576 2199023259648 2305843022098595872
27 1 139 1 251 1 67108864 524288 0 864691128455135236 8388608 13194139566080 13835058072462033088 134217728 786432 0 288230376151711752 12582912 4398046560256 4611686052787126336 201326592 262144 0 576460752303423500 4194304 8796093038592 9223372088394383488
28 1 140 1 252 1 268435456 2097152 0 3458764526705442832 33554432 52776558264320 68719477504 536870912 3145728 0 1152921508901814304 50331648 17592186241024 137438953728 805306368 1048576 0 2305843017803628592 16777216 35184372154368 206158430720
29 1 141 1 253 1 1073741824 8388608 0 13835058106821771328 134217728 211106233057280 274877910016 2147483648 12582912 0 4611686035607257216 201326592 70368744964096 549755814912 3221225472 4194304 0 9223372071214514368 67108864 140737488617472 824633722880
30 1 142 1 254 1 4294967296 33554432 0 206158430464 536870915 844424932229120 1099511640064 8589934592 50331648 0 68719477248 805306369 281474979856384 2199023259648 12884901888 16777216 0 137438954240 268435458 562949954469888 3298534891520
31 1 143 1 255 1 17179869184 134217728 0 824633721856 2147483660 3377699728916480 4398046560256 34359738368 201326592 0 274877908992 3221225476 1125899919425536 8796093038592 51539607552 67108864 0 549755816960 1073741832 2251799817879552 13194139566080
32 1 144 1 256 1 68719476736 536870912 0 3298534887424 8589934640 13510798915665920 17592186241024 137438953472 805306368 0 1099511635968 12884901904 4503599677702144 35184372154368 206158430208 268435456 0 2199023267840 4294967328 9007199271518208 52776558264320
33 1 145 1 257 1 274877906944 2147483648 0 13194139549696 34359738560 54043195662663680 70368744964096 549755813888 3221225472 0 4398046543872 51539607616 18014398710808576 140737488617472 824633720832 1073741824 0 8796093071360 17179869312 36028797086072832 211106233057280
34 1 146 1 258 1 1099511627776 8589934592 0 52776558198784 137438954240 216172782650654720 281474979856384 2199023255552 12884901888 0 17592186175488 206158430464 72057594843234304 562949954469888 3298534883328 4294967296 0 35184372285440 68719477248 144115188344291328 844424932229120
35 1 147 1 259 1 4398046511104 34359738368 0 211106232795136 549755816960 864691130602618880 1125899919425536 8796093022208 51539607552 0 70368744701952 824633721856 288230379372937216 2251799817879552 13194139533312 17179869184 0 140737489141760 274877908992 576460753377165312 3377699728916480
36 1 148 1 260 1 17592186044416 137438953472 0 844424931180544 2199023267840 3458764522410475520 4503599677702144 35184372088832 206158430208 0 281474978807808 3298534887424 1152921517491748864 9007199271518208 52776558133248 68719476736 0 562949956567040 1099511635968 2305843013508661248 13510798915665920
37 1 149 1 261 1 70368744177664 549755813888 0 3377699724722176 8796093071360 13835058089641902080 18014398710808576 140737488355328 824633720832 0 1125899915231232 13194139549696 4611686069966995456 36028797086072832 211106232532992 274877906944 0 2251799826268160 4398046543872 9223372054034644992 54043195662663680
38 1 150 1 262 1 281474976710656 2199023255552 0 13510798898888704 35184372285440 137438953472 72057594843234307 562949953421312 3298534883328 0 4503599660924928 52776558198784 206158430208 144115188344291329 844424930131968 1099511627776 0 9007199305072640 17592186175488 68719476736 216172782650654722
39 1 151 1 263 1 1125899906842624 8796093022208 0 54043195595554816 140737489141760 549755813888 288230379372937228 2251799813685248 13194139533312 0 18014398643699712 211106232795136 824633720832 576460753377165316 3377699720527872 4398046511104 0 36028797220290560 70368744701952 274877906944 864691130602618888
40 1 152 1 264 1 4503599627370496 35184372088832 0 216172782382219264 562949956567040 2199023255552 1152921517491748912 9007199254740992 52776558133248 0 72057594574798848 844424931180544 3298534883328 2305843013508661264 13510798882111488 17592186044416 0 144115188881162240 281474978807808 1099511627776 3458764522410475552
41 1 153 1 265 1 18014398509481984 140737488355328 0 864691129528877056 2251799826268160 8796093022208 4611686069966995648 36028797018963968 211106232532992 0 288230378299195392 3377699724722176 13194139533312 9223372054034645056 54043195528445952 70368744177664 0 576460755524648960 1125899915231232 4398046511104 13835058089641902208
42 1 154 1 266 1 72057594037927937 562949953421312 0 3458764518115508224 9007199305072640 35184372088832 206158430976 144115188075855874 844424930131968 0 1152921513196781568 13510798898888704 52776558133248 68719476992 216172782113783811 281474976710656 0 2305843022098595840 4503599660924928 17592186044416 137438953984
43 1 155 1 267 1 288230376151711748 2251799813685248 0 13835058072462032896 36028797220290560 140737488355328 824633723904 576460752303423496 3377699720527872 0 4611686052787126272 54043195595554816 211106232532992 274877907968 864691128455135244 1125899906842624 0 9223372088394383360 18014398643699712 70368744177664 549755815936
44 1 156 1 268 1 1152921504606846992 9007199254740992 0 68719476736 144115188881162243 562949953421312 3298534895616 2305843009213693984 13510798882111488 0 137438953472 216172782382219265 844424930131968 1099511631872 3458764513820540976 4503599627370496 0 206158430208 72057594574798850 281474976710656 2199023263744
45 1 157 1 269 1 4611686018427387968 36028797018963968 0 274877906944 576460755524648972 2251799813685248 13194139582464 9223372036854775936 54043195528445952 0 549755813888 864691129528877060 3377699720527872 4398046527488 13835058055282163904 18014398509481984 0 824633720832 288230378299195400 1125899906842624 8796093054976
46 1 158 1 270 1 256 144115188075855873 0 1099511627776 2305843022098595888 9007199254740992 52776558329856 512 216172782113783810 0 2199023255552 3458764518115508240 13510798882111488 17592186109952 768 72057594037927939 0 3298534883328 1152921513196781600 4503599627370496 35184372219904
47 1 159 1 271 1 1024 576460752303423492 0 4398046511104 9223372088394383552 36028797018963968 211106233319424 2048 864691128455135240 0 8796093022208 13835058072462032960 54043195528445952 70368744439808 3072 288230376151711756 0 13194139533312 4611686052787126400 18014398509481984 140737488879616
48 1 160 1 272 1 4096 2305843009213693968 0 17592186044416 206158430976 144115188075855874 844424933277696 8192 3458764513820540960 0 35184372088832 68719476992 216172782113783811 281474977759232 12288 1152921504606847024 0 52776558133248 137438953984 72057594037927937 562949955518464
49 1 161 1 273 1 16384 9223372036854775872 0 70368744177664 824633723904 576460752303423496 3377699733110784 32768 13835058055282163840 0 140737488355328 274877907968 864691128455135244 1125899911036928 49152 4611686018427388096 0 211106232532992 549755815936 288230376151711748 2251799822073856
50 1 162 1 274 1 65536 256 2 281474976710656 3298534895616 2305843009213693984 13510798932443136 131072 512 3 562949953421312 1099511631872 3458764513820540976 4503599644147712 196608 768 1 844424930131968 2199023263744 1152921504606846992 9007199288295424
51 1 163 1 275 1 262144 1024 8 1125899906842624 13194139582464 9223372036854775936 54043195729772544 524288 2048 12 2251799813685248 4398046527488 13835058055282163904 18014398576590848 786432 3072 4 3377699720527872 8796093054976 4611686018427387968 36028797153181696
52 1 164 1 276 1 1048576 4096 32 4503599627370496 52776558329856 512 216172782919090178 2097152 8192 48 9007199254740992 17592186109952 768 72057594306363395 3145728 12288 16 13510798882111488 35184372219904 256 144115188612726785
53 1 165 1 277 1 4194304 16384 128 18014398509481984 211106233319424 2048 864691131676360712 8388608 32768 192 36028797018963968 70368744439808 3072 288230377225453580 12582912 49152 64 54043195528445952 140737488879616 1024 576460754450907140
54 1 166 1 278 1 16777216 65536 512 72057594037927936 844424933277696 8192 3458764526705442848 33554432 131072 768 144115188075855872 281474977759232 12288 1152921508901814320 50331648 196608 256 216172782113783808 562949955518464 4096 2305843017803628560
55 1 167 1 279 1 67108864 262144 2048 288230376151711744 3377699733110784 32768 13835058106821771392 134217728 524288 3072 576460752303423488 1125899911036928 49152 4611686035607257280 201326592 786432 1024 864691128455135232 2251799822073856 16384 9223372071214514240
56 1 168 1 280 1 268435456 1048576 8192 1152921517491748864 13510798932443136 131072 206158430720 536870912 2097152 12288 2305843013508661248 4503599644147712 196608 68719477504 805306368 3145728 4096 3458764522410475520 9007199288295424 65536 137438953728
57 1 169 1 281 1 1073741824 4194304 32768 4611686069966995456 54043195729772544 524288 824633722880 2147483648 8388608 49152 9223372054034644992 18014398576590848 786432 274877910016 3221225472 12582912 16384 13835058089641902080 36028797153181696 262144 549755814912
58 1 170 1 282 1 4294967296 16777216 131072 206158430208 216172782919090177 2097152 3298534891520 8589934592 33554432 196608 68719476736 72057594306363394 3145728 1099511640064 12884901888 50331648 65536 137438953472 144115188612726787 1048576 2199023259648
59 1 171 1 283 1 17179869184 67108864 524288 824633720832 864691131676360708 8388608 13194139566080 34359738368 134217728 786432 274877906944 288230377225453576 12582912 4398046560256 51539607552 201326592 262144 549755813888 576460754450907148 4194304 8796093038592
60 1 172 1 284 1 68719476736 268435456 2097152 3298534883328 3458764526705442832 33554432 52776558264320 137438953472 536870912 3145728 1099511627776 1152921508901814304 50331648 17592186241024 206158430208 805306368 1048576 2199023255552 2305843017803628592 16777216 35184372154368
61 1 173 1 285 1 274877906944 1073741824 8388608 13194139533312 13835058106821771328 134217728 211106233057280 549755813888 2147483648 12582912 4398046511104 4611686035607257216 201326592 70368744964096 824633720832 3221225472 4194304 8796093022208 9223372071214514368 67108864 140737488617472
62 1 174 1 286 1 1099511627776 4294967296 33554432 52776558133248 206158430464 536870915 844424932229120 2199023255552 8589934592 50331648 17592186044416 68719477248 805306369 281474979856384 3298534883328 12884901888 16777216 35184372088832 137438954240 268435458 562949954469888
63 1 175 1 287 1 4398046511104 17179869184 134217728 211106232532992 824633721856 2147483660 3377699728916480 8796093022208 34359738368 201326592 70368744177664 274877908992 3221225476 1125899919425536 13194139533312 51539607552 67108864 140737488355328 549755816960 1073741832 2251799817879552
64 1 176 1 288 1 17592186044416 68719476736 536870912 844424930131968 3298534887424 8589934640 13510798915665920 35184372088832 137438953472 805306368 281474976710656 1099511635968 12884901904 4503599677702144 52776558133248 206158430208 268435456 562949953421312 2199023267840 4294967328 9007199271518208
65 1 177 1 289 1 70368744177664 274877906944 2147483648 3377699720527872 13194139549696 34359738560 54043195662663680 140737488355328 549755813888 3221225472 1125899906842624 4398046543872 51539607616 18014398710808576 211106232532992 824633720832 1073741824 2251799813685248 8796093071360 17179869312 36028797086072832
66 1 178 1 290 1 281474976710656 1099511627776 8589934592 13510798882111488 52776558198784 137438954240 216172782650654720 562949953421312 2199023255552 12884901888 4503599627370496 17592186175488 206158430464 72057594843234304 844424930131968 3298534883328 4294967296 9007199254740992 35184372285440 68719477248 144115188344291328
67 1 179 1 291 1 1125899906842624 4398046511104 34359738368 54043195528445952 211106232795136 549755816960 864691130602618880 2251799813685248 8796093022208 51539607552 18014398509481984 70368744701952 824633721856 288230379372937216 3377699720527872 13194139533312 17179869184 36028797018963968 140737489141760 274877908992 576460753377165312
68 1 180 1 292 1 4503599627370496 17592186044416 137438953472 216172782113783808 844424931180544 2199023267840 3458764522410475520 9007199254740992 35184372088832 206158430208 72057594037927936 281474978807808 3298534887424 1152921517491748864 13510798882111488 52776558133248 68719476736 144115188075855872 562949956567040 1099511635968 2305843013508661248
69 1 181 1 293 1 18014398509481984 70368744177664 549755813888 864691128455135232 3377699724722176 8796093071360 13835058089641902080 36028797018963968 140737488355328 824633720832 288230376151711744 1125899915231232 13194139549696 4611686069966995456 54043195528445952 211106232532992 274877906944 576460752303423488 2251799826268160 4398046543872 9223372054034644992
70 1 182 1 294 1 72057594037927936 281474976710656 2199023255552 3458764526705442816 13510798898888704 35184372285440 137438953472 144115188075855872 562949953421312 3298534883328 1152921508901814272 4503599660924928 52776558198784 206158430208 216172782113783808 844424930131968 1099511627776 2305843017803628544 9007199305072640 17592186175488 68719476736
71 1 183 1 295 1 288230376151711744 1125899906842624 8796093022208 13835058106821771264 54043195595554816 140737489141760 549755813888 576460752303423488 2251799813685248 13194139533312 4611686035607257088 18014398643699712 211106232795136 824633720832 864691128455135232 3377699720527872 4398046511104 9223372071214514176 36028797220290560 70368744701952 274877906944
72 1 184 1 296 1 1152921504606846976 4503599627370496 35184372088832 206158430208 216172782382219267 562949956567040 2199023255552 2305843009213693952 9007199254740992 52776558133248 68719476736 72057594574798849 844424931180544 3298534883328 3458764513820540928 13510798882111488 17592186044416 137438953472 144115188881162242 281474978807808 1099511627776
73 1 185 1 297 1 4611686018427387904 18014398509481984 140737488355328 824633720832 864691129528877068 2251799826268160 8796093022208 9223372036854775808 36028797018963968 211106232532992 274877906944 288230378299195396 3377699724722176 13194139533312 13835058055282163712 54043195528445952 70368744177664 549755813888 576460755524648968 1125899915231232 4398046511104
74 1 186 1 298 1 0 72057594037927937 562949953421312 3298534883328 3458764518115508272 9007199305072640 35184372088832 0 144115188075855874 844424930131968 1099511627776 1152921513196781584 13510798898888704 52776558133248 0 216172782113783811 281474976710656 2199023255552 2305843022098595872 4503599660924928 17592186044416
75 1 187 1 299 1 0 288230376151711748 2251799813685248 13194139533312 13835058072462033088 36028797220290560 140737488355328 0 576460752303423496 3377699720527872 4398046511104 4611686052787126336 54043195595554816 211106232532992 0 864691128455135244 1125899906842624 8796093022208 9223372088394383488 18014398643699712 70368744177664
76 1 188 1 300 1 0 1152921504606846992 9007199254740992 52776558133248 68719477504 144115188881162243 562949953421312 0 2305843009213693984 13510798882111488 17592186044416 137438953728 216172782382219265 844424930131968 0 3458764513820540976 4503599627370496 35184372088832 206158430720 72057594574798850 281474976710656
77 1 189 1 301 1 0 4611686018427387968 36028797018963968 211106232532992 274877910016 576460755524648972 2251799813685248 0 9223372036854775936 54043195528445952 70368744177664 549755814912 864691129528877060 3377699720527872 0 13835058055282163904 18014398509481984 140737488355328 824633722880 288230378299195400 1125899906842624
78 1 190 1 302 1 0 256 144115188075855873 844424930131968 1099511640064 2305843022098595888 9007199254740992 0 512 216172782113783810 281474976710656 2199023259648 3458764518115508240 13510798882111488 0 768 72057594037927939 562949953421312 3298534891520 1152921513196781600 4503599627370496
79 1 191 1 303 1 0 1024 576460752303423492 3377699720527872 4398046560256 9223372088394383552 36028797018963968 0 2048 864691128455135240 1125899906842624 8796093038592 13835058072462032960 54043195528445952 0 3072 288230376151711756 2251799813685248 13194139566080 4611686052787126400 18014398509481984
80 1 192 1 304 1 0 4096 2305843009213693968 13510798882111488 17592186241024 206158430976 144115188075855874 0 8192 3458764513820540960 4503599627370496 35184372154368 68719476992 216172782113783811 0 12288 1152921504606847024 9007199254740992 52776558264320 137438953984 72057594037927937
81 1 193 1 305 1 0 16384 9223372036854775872 54043195528445952 70368744964096 824633723904 576460752303423496 0 32768 13835058055282163840 18014398509481984 140737488617472 274877907968 864691128455135244 0 49152 4611686018427388096 36028797018963968 211106233057280 549755815936 288230376151711748
82 1 194 1 306 1 0 65536 256 216172782113783810 281474979856384 3298534895616 2305843009213693984 0 131072 512 72057594037927939 562949954469888 1099511631872 3458764513820540976 0 196608 768 144115188075855873 844424932229120 2199023263744 1152921504606846992
83 1 195 1 307 1 0 262144 1024 864691128455135240 1125899919425536 13194139582464 9223372036854775936 0 524288 2048 288230376151711756 2251799817879552 4398046527488 13835058055282163904 0 786432 3072 576460752303423492 3377699728916480 8796093054976 4611686018427387968
84 1 196 1 308 1 0 1048576 4096 3458764522410475552 4503599677702144 52776558329856 512 0 2097152 8192 1152921517491748912 9007199271518208 17592186109952 768 0 3145728 12288 2305843013508661264 13510798915665920 35184372219904 256
85 1 197 1 309 1 0 4194304 16384 13835058089641902208 18014398710808576 211106233319424 2048 0 8388608 32768 4611686069966995648 36028797086072832 70368744439808 3072 0 12582912 49152 9223372054034645056 54043195662663680 140737488879616 1024
86 1 198 1 310 1 0 16777216 65536 137438953984 72057594843234307 844424933277696 8192 0 33554432 131072 206158430976 144115188344291329 281474977759232 12288 0 50331648 196608 68719476992 216172782650654722 562949955518464 4096
87 1 199 1 311 1 0 67108864 262144 549755815936 288230379372937228 3377699733110784 32768 0 134217728 524288 824633723904 576460753377165316 1125899911036928 49152 0 201326592 786432 274877907968 864691130602618888 2251799822073856 16384
88 1 200 1 312 1 0 268435456 1048576 2199023263744 1152921517491748912 13510798932443136 131072 0 536870912 2097152 3298534895616 2305843013508661264 4503599644147712 196608 0 805306368 3145728 1099511631872 3458764522410475552 9007199288295424 65536
89 1 201 1 313 1 0 1073741824 4194304 8796093054976 4611686069966995648 54043195729772544 524288 0 2147483648 8388608 13194139582464 9223372054034645056 18014398576590848 786432 0 3221225472 12582912 4398046527488 13835058089641902208 36028797153181696 262144
90 1 202 1 314 1 0 4294967296 16777216 35184372219904 206158430976 216172782919090177 2097152 0 8589934592 33554432 52776558329856 68719476992 72057594306363394 3145728 0 12884901888 50331648 17592186109952 137438953984 144115188612726787 1048576
91 1 203 1 315 1 0 17179869184 67108864 140737488879616 824633723904 864691131676360708 8388608 0 34359738368 134217728 211106233319424 274877907968 288230377225453576 12582912 0 51539607552 201326592 70368744439808 549755815936 576460754450907148 4194304
92 1 204 1 316 1 0 68719476736 268435456 562949955518464 3298534895616 3458764526705442832 33554432 0 137438953472 536870912 844424933277696 1099511631872 1152921508901814304 50331648 0 206158430208 805306368 281474977759232 2199023263744 2305843017803628592 16777216
93 1 205 1 317 1 0 274877906944 1073741824 2251799822073856 13194139582464 13835058106821771328 134217728 0 549755813888 2147483648 3377699733110784 4398046527488 4611686035607257216 201326592 0 824633720832 3221225472 1125899911036928 8796093054976 9223372071214514368 67108864
94 1 206 1 318 1 0 1099511627776 4294967296 9007199288295424 52776558329856 206158430464 536870915 0 2199023255552 8589934592 13510798932443136 17592186109952 68719477248 805306369 0 3298534883328 12884901888 4503599644147712 35184372219904 137438954240 268435458
95 1 207 1 319 1 0 4398046511104 17179869184 36028797153181696 211106233319424 824633721856 2147483660 0 8796093022208 34359738368 54043195729772544 70368744439808 274877908992 3221225476 0 13194139533312 51539607552 18014398576590848 140737488879616 549755816960 1073741832
96 1 208 1 320 1 0 17592186044416 68719476736 144115188612726784 844424933277696 3298534887424 8589934640 0 35184372088832 137438953472 216172782919090176 281474977759232 1099511635968 12884901904 0 52776558133248 206158430208 72057594306363392 562949955518464 2199023267840 4294967328
97 1 209 1 321 1 0 70368744177664 274877906944 576460754450907136 3377699733110784 13194139549696 34359738560 0 140737488355328 549755813888 864691131676360704 1125899911036928 4398046543872 51539607616 0 211106232532992 824633720832 288230377225453568 2251799822073856 8796093071360 17179869312
98 1 210 1 322 1 2 281474976710656 1099511627776 2305843009213693952 13510798932443136 52776558198784 137438954240 3 562949953421312 2199023255552 3458764513820540928 4503599644147712 17592186175488 206158430464 1 844424930131968 3298534883328 1152921504606846976 9007199288295424 35184372285440 68719477248
99 1 211 1 323 1 8 1125899906842624 4398046511104 9223372036854775808 54043195729772544 211106232795136 549755816960 12 2251799813685248 8796093022208 13835058055282163712 18014398576590848 70368744701952 824633721856 4 3377699720527872 13194139533312 4611686018427387904 36028797153181696 140737489141760 274877908992
100 1 212 1 324 1 32 4503599627370496 17592186044416 0 216172782919090178 844424931180544 2199023267840 48 9007199254740992 35184372088832 0 72057594306363395 281474978807808 3298534887424 16 13510798882111488 52776558133248 0 144115188612726785 562949956567040 1099511635968
101 1 213 1 325 1 128 18014398509481984 70368744177664 0 864691131676360712 3377699724722176 8796093071360 192 36028797018963968 140737488355328 0 288230377225453580 1125899915231232 13194139549696 64 54043195528445952 211106232532992 0 576460754450907140 2251799826268160 4398046543872
102 1 214 1 326 1 512 72057594037927936 281474976710656 0 3458764526705442848 13510798898888704 35184372285440 768 144115188075855872 562949953421312 0 1152921508901814320 4503599660924928 52776558198784 256 216172782113783808 844424930131968 0 2305843017803628560 9007199305072640 17592186175488
103 1 215 1 327 1 2048 288230376151711744 1125899906842624 0 13835058106821771392 54043195595554816 140737489141760 3072 576460752303423488 2251799813685248 0 4611686035607257280 18014398643699712 211106232795136 1024 864691128455135232 3377699720527872 0 9223372071214514240 36028797220290560 70368744701952
104 1 216 1 328 1 8192 1152921504606846976 4503599627370496 0 206158430720 216172782382219267 562949956567040 12288 2305843009213693952 9007199254740992 0 68719477504 72057594574798849 844424931180544 4096 3458764513820540928 13510798882111488 0 137438953728 144115188881162242 281474978807808
105 1 217 1 329 1 32768 4611686018427387904 18014398509481984 0 824633722880 864691129528877068 2251799826268160 49152 9223372036854775808 36028797018963968 0 274877910016 288230378299195396 3377699724722176 16384 13835058055282163712 54043195528445952 0 549755814912 576460755524648968 1125899915231232
106 1 218 1 330 1 131072 0 72057594037927937 0 3298534891520 3458764518115508272 9007199305072640 196608 0 144115188075855874 0 1099511640064 1152921513196781584 13510798898888704 65536 0 216172782113783811 0 2199023259648 2305843022098595872 4503599660924928
107 1 219 1 331 1 524288 0 288230376151711748 0 13194139566080 13835058072462033088 36028797220290560 786432 0 576460752303423496 0 4398046560256 4611686052787126336 54043195595554816 262144 0 864691128455135244 0 8796093038592 9223372088394383488 18014398643699712
108 1 220 1 332 1 2097152 0 1152921504606846992 0 52776558264320 68719477504 144115188881162243 3145728 0 2305843009213693984 0 17592186241024 137438953728 216172782382219265 1048576 0 3458764513820540976 0 35184372154368 206158430720 72057594574798850
109 1 221 1 333 1 8388608 0 4611686018427387968 0 211106233057280 274877910016 576460755524648972 12582912 0 9223372036854775936 0 70368744964096 549755814912 864691129528877060 4194304 0 13835058055282163904 0 140737488617472 824633722880 288230378299195400
110 1 222 1 334 1 33554432 0 256 1 844424932229120 1099511640064 2305843022098595888 50331648 0 512 2 281474979856384 2199023259648 3458764518115508240 16777216 0 768 3 562949954469888 3298534891520 1152921513196781600
111 1 223 1 335 1 134217728 0 1024 4 3377699728916480 4398046560256 9223372088394383552 201326592 0 2048 8 1125899919425536 8796093038592 13835058072462032960 67108864 0 3072 12 2251799817879552 13194139566080 4611686052787126400
55 1 127 1 322 1 216172782382219265 844424931180544 2199023259648 1152921504606846976 9007199271518208 0 206158430208 72057594574798850 281474978807808 3298534891520 2305843009213693952 13510798915665920 0 68719476736 144115188881162243 562949956567040 1099511640064 3458764513820540928 4503599677702144 0 137438953472
56 1 128 1 323 1 864691129528877060 3377699724722176 8796093038592 4611686018427387904 36028797086072832 0 824633720832 288230378299195400 1125899915231232 13194139566080 9223372036854775808 54043195662663680 0 274877906944 576460755524648972 2251799826268160 4398046560256 13835058055282163712 18014398710808576 0 549755813888
57 1 129 1 324 1 3458764518115508240 13510798898888704 35184372154368 0 144115188344291329 0 3298534883328 1152921513196781600 4503599660924928 52776558264320 0 216172782650654722 0 1099511627776 2305843022098595888 9007199305072640 17592186241024 0 72057594843234307 0 2199023255552
58 1 130 1 325 1 13835058072462032960 54043195595554816 140737488617472 0 576460753377165316 0 13194139533312 4611686052787126400 18014398643699712 211106233057280 0 864691130602618888 0 4398046511104 9223372088394383552 36028797220290560 70368744964096 0 288230379372937228 0 8796093022208
59 1 131 1 326 1 68719476992 216172782382219267 562949954469888 0 2305843013508661264 0 52776558133248 137438953984 72057594574798849 844424932229120 0 3458764522410475552 0 17592186044416 206158430976 144115188881162242 281474979856384 0 1152921517491748912 0 35184372088832
60 1 132 1 327 1 274877907968 864691129528877068 2251799817879552 0 9223372054034645056 0 211106232532992 549755815936 288230378299195396 3377699728916480 0 13835058089641902208 0 70368744177664 824633723904 576460755524648968 1125899919425536 0 4611686069966995648 0 140737488355328
61 1 133 1 328 1 1099511631872 3458764518115508272 9007199271518208 0 68719476992 2 844424930131968 2199023263744 1152921513196781584 13510798915665920 0 137438953984 3 281474976710656 3298534895616 2305843022098595872 4503599677702144 0 206158430976 1 562949953421312
62 1 134 1 329 1 4398046527488 13835058072462033088 36028797086072832 0 274877907968 8 3377699720527872 8796093054976 4611686052787126336 54043195662663680 0 549755815936 12 1125899906842624 13194139582464 9223372088394383488 18014398710808576 0 824633723904 4 2251799813685248
63 1 135 1 330 1 17592186109952 68719477504 144115188344291331 0 1099511631872 32 13510798882111488 35184372219904 137438953728 216172782650654721 0 2199023263744 48 4503599627370496 52776558329856 206158430720 72057594843234306 0 3298534895616 16 9007199254740992
64 1 136 1 331 1 70368744439808 274877910016 576460753377165324 0 4398046527488 128 54043195528445952 140737488879616 549755814912 864691130602618884 0 8796093054976 192 18014398509481984 211106233319424 824633722880 288230379372937224 0 13194139582464 64 36028797018963968
65 1 137 1 332 1 281474977759232 1099511640064 2305843013508661296 0 17592186109952 512 216172782113783808 562949955518464 2199023259648 3458764522410475536 0 35184372219904 768 72057594037927936 844424933277696 3298534891520 1152921517491748896 0 52776558329856 256 144115188075855872
66 1 138 1 333 1 1125899911036928 4398046560256 9223372054034645184 0 70368744439808 2048 864691128455135232 2251799822073856 8796093038592 13835058089641902144 0 140737488879616 3072 288230376151711744 3377699733110784 13194139566080 4611686069966995584 0 211106233319424 1024 576460752303423488
67 1 139 1 334 1 4503599644147712 17592186241024 68719477504 2 281474977759232 8192 3458764513820540928 9007199288295424 35184372154368 137438953728 3 562949955518464 12288 1152921504606846976 13510798932443136 52776558264320 206158430720 1 844424933277696 4096 2305843009213693952
68 1 140 1 335 1 18014398576590848 70368744964096 274877910016 8 1125899911036928 32768 13835058055282163712 36028797153181696 140737488617472 549755814912 12 2251799822073856 49152 4611686018427387904 54043195729772544 211106233057280 824633722880 4 3377699733110784 16384 9223372036854775808
69 1 141 1 224 1 72057594306363392 281474979856384 1099511640064 12884901920 4503599644147712 131072 0 144115188612726784 562949954469888 2199023259648 4294967344 9007199288295424 196608 0 216172782919090176 844424932229120 3298534891520 8589934608 13510798932443136 65536 0
70 1 142 1 225 1 288230377225453568 1125899919425536 4398046560256 51539607680 18014398576590848 524288 0 576460754450907136 2251799817879552 8796093038592 17179869376 36028797153181696 786432 0 864691131676360704 3377699728916480 13194139566080 34359738432 54043195729772544 262144 0
71 1 143 1 226 1 1152921508901814272 4503599677702144 17592186241024 206158430720 72057594306363392 2097152 0 2305843017803628544 9007199271518208 35184372154368 68719477504 144115188612726784 3145728 0 3458764526705442816 13510798915665920 52776558264320 137438953728 216172782919090176 1048576 0
72 1 144 1 227 1 4611686035607257088 18014398710808576 70368744964096 824633722880 288230377225453568 8388608 0 9223372071214514176 36028797086072832 140737488617472 274877910016 576460754450907136 12582912 0 13835058106821771264 54043195662663680 211106233057280 549755814912 864691131676360704 4194304 0
73 1 145 1 228 1 68719476736 72057594843234305 281474979856384 3298534891520 1152921508901814272 33554432 0 137438953472 144115188344291330 562949954469888 1099511640064 2305843017803628544 50331648 0 206158430208 216172782650654723 844424932229120 2199023259648 3458764526705442816 16777216 0
74 1 146 1 229 1 274877906944 288230379372937220 1125899919425536 13194139566080 4611686035607257088 134217728 0 549755813888 576460753377165320 2251799817879552 4398046560256 9223372071214514176 201326592 0 824633720832 864691130602618892 3377699728916480 8796093038592 13835058106821771264 67108864 0
75 1 147 1 230 1 1099511627776 1152921517491748880 4503599677702144 52776558264320 68719476736 536870913 0 2199023255552 2305843013508661280 9007199271518208 17592186241024 137438953472 805306370 0 3298534883328 3458764522410475568 13510798915665920 35184372154368 206158430208 268435459 0
76 1 148 1 231 1 4398046511104 4611686069966995520 18014398710808576 211106233057280 274877906944 2147483652 0 8796093022208 9223372054034645120 36028797086072832 70368744964096 549755813888 3221225480 0 13194139533312 13835058089641902272 54043195662663680 140737488617472 824633720832 1073741836 0
77 1 149 1 232 1 17592186044416 206158430464 72057594843234305 844424932229120 1099511627776 8589934608 0 35184372088832 68719477248 144115188344291330 281474979856384 2199023255552 12884901920 0 52776558133248 137438954240 216172782650654723 562949954469888 3298534883328 4294967344 0
78 1 150 1 233 1 70368744177664 824633721856 288230379372937220 3377699728916480 4398046511104 34359738432 0 140737488355328 274877908992 576460753377165320 1125899919425536 8796093022208 51539607680 0 211106232532992 549755816960 864691130602618892 2251799817879552 13194139533312 17179869376 0
79 1 151 1 234 1 281474976710656 3298534887424 1152921517491748880 13510798915665920 17592186044416 137438953728 0 562949953421312 1099511635968 2305843013508661280 4503599677702144 35184372088832 206158430720 0 844424930131968 2199023267840 3458764522410475568 9007199271518208 52776558133248 68719477504 0
80 1 152 1 235 1 1125899906842624 13194139549696 4611686069966995520 54043195662663680 70368744177664 549755814912 0 2251799813685248 4398046543872 9223372054034645120 18014398710808576 140737488355328 824633722880 0 3377699720527872 8796093071360 13835058089641902272 36028797086072832 211106232532992 274877910016 0
81 1 153 1 236 1 4503599627370496 52776558198784 206158430464 216172782650654721 281474976710656 2199023259648 0 9007199254740992 17592186175488 68719477248 72057594843234306 562949953421312 3298534891520 0 13510798882111488 35184372285440 137438954240 144115188344291331 844424930131968 1099511640064 0
82 1 154 1 237 1 18014398509481984 211106232795136 824633721856 864691130602618884 1125899906842624 8796093038592 0 36028797018963968 70368744701952 274877908992 288230379372937224 2251799813685248 13194139566080 0 54043195528445952 140737489141760 549755816960 576460753377165324 3377699720527872 4398046560256 0
83 1 155 1 238 1 72057594037927938 844424931180544 3298534887424 3458764513820540944 4503599627370496 35184372154368 0 144115188075855875 281474978807808 1099511635968 1152921504606847008 9007199254740992 52776558264320 0 216172782113783809 562949956567040 2199023267840 2305843009213694000 13510798882111488 17592186241024 0
84 1 156 1 239 1 288230376151711752 3377699724722176 13194139549696 13835058055282163776 18014398509481984 140737488617472 0 576460752303423500 1125899915231232 4398046543872 4611686018427388032 36028797018963968 211106233057280 0 864691128455135236 2251799826268160 8796093071360 9223372036854776000 54043195528445952 70368744964096 0
85 1 157 1 240 1 1152921504606847008 13510798898888704 52776558198784 256 72057594037927939 562949954469888 0 2305843009213694000 4503599660924928 17592186175488 512 144115188075855873 844424932229120 0 3458764513820540944 9007199305072640 35184372285440 768 216172782113783810 281474979856384 0
86 1 158 1 241 1 4611686018427388032 54043195595554816 211106232795136 1024 288230376151711756 2251799817879552 0 9223372036854776000 18014398643699712 70368744701952 2048 576460752303423492 3377699728916480 0 13835058055282163776 36028797220290560 140737489141760 3072 864691128455135240 1125899919425536 0
87 1 159 1 242 1 512 216172782382219265 844424931180544 4096 1152921504606847024 9007199271518208 0 768 72057594574798850 281474978807808 8192 2305843009213693968 13510798915665920 0 256 144115188881162243 562949956567040 12288 3458764513820540960 4503599677702144 0
88 1 160 1 243 1 2048 864691129528877060 3377699724722176 16384 4611686018427388096 36028797086072832 0 3072 288230378299195400 1125899915231232 32768 9223372036854775872 54043195662663680 0 1024 576460755524648972 2251799826268160 49152 13835058055282163840 18014398710808576 0
89 1 161 1 244 1 8192 3458764518115508240 13510798898888704 65536 768 144115188344291329 0 12288 1152921513196781600 4503599660924928 131072 256 216172782650654722 0 4096 2305843022098595888 9007199305072640 196608 512 72057594843234307 0
90 1 162 1 245 1 32768 13835058072462032960 54043195595554816 262144 3072 576460753377165316 0 49152 4611686052787126400 18014398643699712 524288 1024 864691130602618888 0 16384 9223372088394383552 36028797220290560 786432 2048 288230379372937228 0
91 1 163 1 246 1 131072 68719476992 216172782382219267 1048576 12288 2305843013508661264 0 196608 137438953984 72057594574798849 2097152 4096 3458764522410475552 0 65536 206158430976 144115188881162242 3145728 8192 1152921517491748912 0
92 1 164 1 247 1 524288 274877907968 864691129528877068 4194304 49152 9223372054034645056 0 786432 549755815936 288230378299195396 8388608 16384 13835058089641902208 0 262144 824633723904 576460755524648968 12582912 32768 4611686069966995648 0
93 1 165 1 248 1 2097152 1099511631872 3458764518115508272 16777216 196608 68719476992 2 3145728 2199023263744 1152921513196781584 33554432 65536 137438953984 3 1048576 3298534895616 2305843022098595872 50331648 131072 206158430976 1
94 1 166 1 249 1 8388608 4398046527488 13835058072462033088 67108864 786432 274877907968 8 12582912 8796093054976 4611686052787126336 134217728 262144 549755815936 12 4194304 13194139582464 9223372088394383488 201326592 524288 824633723904 4
95 1 167 1 250 1 33554432 17592186109952 68719477504 268435459 3145728 1099511631872 32 50331648 35184372219904 137438953728 536870913 1048576 2199023263744 48 16777216 52776558329856 206158430720 805306370 2097152 3298534895616 16
96 1 168 1 251 1 134217728 70368744439808 274877910016 1073741836 12582912 4398046527488 128 201326592 140737488879616 549755814912 2147483652 4194304 8796093054976 192 67108864 211106233319424 824633722880 3221225480 8388608 13194139582464 64
97 1 169 1 252 1 536870913 281474977759232 1099511640064 48 50331648 17592186109952 512 805306370 562949955518464 2199023259648 16 16777216 35184372219904 768 268435459 844424933277696 3298534891520 32 33554432 52776558329856 256
98 1 170 1 253 1 2147483652 1125899911036928 4398046560256 192 201326592 70368744439808 2048 3221225480 2251799822073856 8796093038592 64 67108864 140737488879616 3072 1073741836 3377699733110784 13194139566080 128 134217728 211106233319424 1024
99 1 171 1 254 1 8589934608 4503599644147712 17592186241024 768 805306368 281474977759232 8192 12884901920 9007199288295424 35184372154368 256 268435456 562949955518464 12288 4294967344 13510798932443136 52776558264320 512 536870912 844424933277696 4096
100 1 172 1 255 1 34359738432 18014398576590848 70368744964096 3072 3221225472 1125899911036928 32768 51539607680 36028797153181696 140737488617472 1024 1073741824 2251799822073856 49152 17179869376 54043195729772544 211106233057280 2048 2147483648 3377699733110784 16384
101 1 173 1 256 1 137438953728 72057594306363392 281474979856384 12288 12884901888 4503599644147712 131072 206158430720 144115188612726784 562949954469888 4096 4294967296 9007199288295424 196608 68719477504 216172782919090176 844424932229120 8192 8589934592 13510798932443136 65536
102 1 174 1 257 1 549755814912 288230377225453568 1125899919425536 49152 51539607552 18014398576590848 524288 824633722880 576460754450907136 2251799817879552 16384 17179869184 36028797153181696 786432 274877910016 864691131676360704 3377699728916480 32768 34359738368 54043195729772544 262144
103 1 175 1 258 1 2199023259648 1152921508901814272 4503599677702144 196608 206158430208 72057594306363392 2097152 3298534891520 2305843017803628544 9007199271518208 65536 68719476736 144115188612726784 3145728 1099511640064 3458764526705442816 13510798915665920 131072 137438953472 216172782919090176 1048576
104 1 176 1 259 1 8796093038592 4611686035607257088 18014398710808576 786432 824633720832 288230377225453568 8388608 13194139566080 9223372071214514176 36028797086072832 262144 274877906944 576460754450907136 12582912 4398046560256 13835058106821771264 54043195662663680 524288 549755813888 864691131676360704 4194304
105 1 177 1 260 1 35184372154368 68719476736 72057594843234305 3145728 3298534883328 1152921508901814272 33554432 52776558264320 137438953472 144115188344291330 1048576 1099511627776 2305843017803628544 50331648 17592186241024 206158430208 216172782650654723 2097152 2199023255552 3458764526705442816 16777216
106 1 178 1 261 1 140737488617472 274877906944 288230379372937220 12582912 13194139533312 4611686035607257088 134217728 211106233057280 549755813888 576460753377165320 4194304 4398046511104 9223372071214514176 201326592 70368744964096 824633720832 864691130602618892 8388608 8796093022208 13835058106821771264 67108864
107 1 179 1 262 1 562949954469888 1099511627776 1152921517491748880 50331648 52776558133248 68719476736 536870913 844424932229120 2199023255552 2305843013508661280 16777216 17592186044416 137438953472 805306370 281474979856384 3298534883328 3458764522410475568 33554432 35184372088832 206158430208 268435459
108 1 180 1 263 1 2251799817879552 4398046511104 4611686069966995520 201326592 211106232532992 274877906944 2147483652 3377699728916480 8796093022208 9223372054034645120 67108864 70368744177664 549755813888 3221225480 1125899919425536 13194139533312 13835058089641902272 134217728 140737488355328 824633720832 1073741836
109 1 181 1 264 1 9007199271518208 17592186044416 206158430464 805306369 844424930131968 1099511627776 8589934608 13510798915665920 35184372088832 68719477248 268435458 281474976710656 2199023255552 12884901920 4503599677702144 52776558133248 137438954240 536870915 562949953421312 3298534883328 4294967344
110 1 182 1 265 1 36028797086072832 70368744177664 824633721856 3221225476 3377699720527872 4398046511104 34359738432 54043195662663680 140737488355328 274877908992 1073741832 1125899906842624 8796093022208 51539607680 18014398710808576 211106232532992 549755816960 2147483660 2251799813685248 13194139533312 17179869376
111 1 183 1 266 1 144115188344291331 281474976710656 3298534887424 16 13510798882111488 17592186044416 137438953728 216172782650654721 562949953421312 1099511635968 32 4503599627370496 35184372088832 206158430720 72057594843234306 844424930131968 2199023267840 48 9007199254740992 52776558133248 68719477504
0 1 184 1 267 1 576460753377165324 1125899906842624 13194139549696 64 54043195528445952 70368744177664 549755814912 864691130602618884 2251799813685248 4398046543872 128 18014398509481984 140737488355328 824633722880 288230379372937224 3377699720527872 8796093071360 192 36028797018963968 211106232532992 274877910016
1 1 185 1 268 1 2305843013508661296 4503599627370496 52776558198784 256 216172782113783808 281474976710656 2199023259648 3458764522410475536 9007199254740992 17592186175488 512 72057594037927936 562949953421312 3298534891520 1152921517491748896 13510798882111488 35184372285440 768 144115188075855872 844424930131968 1099511640064
2 1 186 1 269 1 9223372054034645184 18014398509481984 211106232795136 1024 864691128455135232 1125899906842624 8796093038592 13835058089641902144 36028797018963968 70368744701952 2048 288230376151711744 2251799813685248 13194139566080 4611686069966995584 54043195528445952 140737489141760 3072 576460752303423488 3377699720527872 4398046560256
3 1 187 1 270 1 68719477504 72057594037927938 844424931180544 4096 3458764513820540928 4503599627370496 35184372154368 137438953728 144115188075855875 281474978807808 8192 1152921504606846976 9007199254740992 52776558264320 206158430720 216172782113783809 562949956567040 12288 2305843009213693952 13510798882111488 17592186241024
4 1 188 1 271 1 274877910016 288230376151711752 3377699724722176 16384 13835058055282163712 18014398509481984 140737488617472 549755814912 576460752303423500 1125899915231232 32768 4611686018427387904 36028797018963968 211106233057280 824633722880 864691128455135236 2251799826268160 49152 9223372036854775808 54043195528445952 70368744964096
5 1 189 1 272 1 1099511640064 1152921504606847008 13510798898888704 65536 0 72057594037927939 562949954469888 2199023259648 2305843009213694000 4503599660924928 131072 0 144115188075855873 844424932229120 3298534891520 3458764513820540944 9007199305072640 196608 0 216172782113783810 281474979856384
6 1 190 1 273 1 4398046560256 4611686018427388032 54043195595554816 262144 0 288230376151711756 2251799817879552 8796093038592 9223372036854776000 18014398643699712 524288 0 576460752303423492 3377699728916480 13194139566080 13835058055282163776 36028797220290560 786432 0 864691128455135240 1125899919425536
7 1 191 1 274 1 17592186241024 512 216172782382219265 1048576 0 1152921504606847024 9007199271518208 35184372154368 768 72057594574798850 2097152 0 2305843009213693968 13510798915665920 52776558264320 256 144115188881162243 3145728 0 3458764513820540960 4503599677702144
8 1 192 1 275 1 70368744964096 2048 864691129528877060 4194304 0 4611686018427388096 36028797086072832 140737488617472 3072 288230378299195400 8388608 0 9223372036854775872 54043195662663680 211106233057280 1024 576460755524648972 12582912 0 13835058055282163840 18014398710808576
9 1 193 1 276 1 281474979856384 8192 3458764518115508240 16777216 0 768 144115188344291329 562949954469888 12288 1152921513196781600 33554432 0 256 216172782650654722 844424932229120 4096 2305843022098595888 50331648 0 512 72057594843234307
10 1 194 1 277 1 1125899919425536 32768 13835058072462032960 67108864 0 3072 576460753377165316 2251799817879552 49152 4611686052787126400 134217728 0 1024 864691130602618888 3377699728916480 16384 9223372088394383552 201326592 0 2048 288230379372937228
11 1 195 1 278 1 4503599677702144 131072 68719476992 268435459 0 12288 2305843013508661264 9007199271518208 196608 137438953984 536870913 0 4096 3458764522410475552 13510798915665920 65536 206158430976 805306370 0 8192 1152921517491748912
12 1 196 1 279 1 18014398710808576 524288 274877907968 1073741836 0 49152 9223372054034645056 36028797086072832 786432 549755815936 2147483652 0 16384 13835058089641902208 54043195662663680 262144 824633723904 3221225480 0 32768 4611686069966995648
13 1 197 1 280 1 72057594843234305 2097152 1099511631872 8589934640 0 196608 68719476992 144115188344291330 3145728 2199023263744 12884901904 0 65536 137438953984 216172782650654723 1048576 3298534895616 4294967328 0 131072 206158430976
14 1 198 1 281 1 288230379372937220 8388608 4398046527488 34359738560 0 786432 274877907968 576460753377165320 12582912 8796093054976 51539607616 0 262144 549755815936 864691130602618892 4194304 13194139582464 17179869312 0 524288 824633723904
15 1 199 1 282 1 1152921517491748880 33554432 17592186109952 137438954240 0 3145728 1099511631872 2305843013508661280 50331648 35184372219904 206158430464 0 1048576 2199023263744 3458764522410475568 16777216 52776558329856 68719477248 0 2097152 3298534895616
16 1 200 1 283 1 4611686069966995520 134217728 70368744439808 549755816960 0 12582912 4398046527488 9223372054034645120 201326592 140737488879616 824633721856 0 4194304 8796093054976 13835058089641902272 67108864 211106233319424 274877908992 0 8388608 13194139582464
17 1 201 1 284 1 206158430464 536870913 281474977759232 2199023267840 0 50331648 17592186109952 68719477248 805306370 562949955518464 3298534887424 0 16777216 35184372219904 137438954240 268435459 844424933277696 1099511635968 0 33554432 52776558329856
18 1 202 1 285 1 824633721856 2147483652 1125899911036928 8796093071360 0 201326592 70368744439808 274877908992 3221225480 2251799822073856 13194139549696 0 67108864 140737488879616 549755816960 1073741836 3377699733110784 4398046543872 0 134217728 211106233319424
19 1 203 1 286 1 3298534887424 8589934608 4503599644147712 35184372285440 0 805306368 281474977759232 1099511635968 12884901920 9007199288295424 52776558198784 0 268435456 562949955518464 2199023267840 4294967344 13510798932443136 17592186175488 0 536870912 844424933277696
20 1 204 1 287 1 13194139549696 34359738432 18014398576590848 140737489141760 0 3221225472 1125899911036928 4398046543872 51539607680 36028797153181696 211106232795136 0 1073741824 2251799822073856 8796093071360 17179869376 54043195729772544 70368744701952 0 2147483648 3377699733110784
21 1 205 1 288 1 52776558198784 137438953728 72057594306363392 562949956567040 0 12884901888 4503599644147712 17592186175488 206158430720 144115188612726784 844424931180544 0 4294967296 9007199288295424 35184372285440 68719477504 216172782919090176 281474978807808 0 8589934592 13510798932443136
22 1 206 1 289 1 211106232795136 549755814912 288230377225453568 2251799826268160 0 51539607552 18014398576590848 70368744701952 824633722880 576460754450907136 3377699724722176 0 17179869184 36028797153181696 140737489141760 274877910016 864691131676360704 1125899915231232 0 34359738368 54043195729772544
23 1 207 1 290 1 844424931180544 2199023259648 1152921508901814272 9007199305072640 0 206158430208 72057594306363392 281474978807808 3298534891520 2305843017803628544 13510798898888704 0 68719476736 144115188612726784 562949956567040 1099511640064 3458764526705442816 4503599660924928 0 137438953472 216172782919090176
24 1 208 1 291 1 3377699724722176 8796093038592 4611686035607257088 36028797220290560 0 824633720832 288230377225453568 1125899915231232 13194139566080 9223372071214514176 54043195595554816 0 274877906944 576460754450907136 2251799826268160 4398046560256 13835058106821771264 18014398643699712 0 549755813888 864691131676360704
25 1 209 1 292 1 13510798898888704 35184372154368 68719476736 144115188881162241 0 3298534883328 1152921508901814272 4503599660924928 52776558264320 137438953472 216172782382219266 0 1099511627776 2305843017803628544 9007199305072640 17592186241024 206158430208 72057594574798851 0 2199023255552 3458764526705442816
26 1 210 1 293 1 54043195595554816 140737488617472 274877906944 576460755524648964 0 13194139533312 4611686035607257088 18014398643699712 211106233057280 549755813888 864691129528877064 0 4398046511104 9223372071214514176 36028797220290560 70368744964096 824633720832 288230378299195404 0 8796093022208 13835058106821771264
27 1 211 1 294 1 216172782382219267 562949954469888 1099511627776 2305843013508661264 0 52776558133248 68719476736 72057594574798849 844424932229120 2199023255552 3458764522410475552 0 17592186044416 137438953472 144115188881162242 281474979856384 3298534883328 1152921517491748912 0 35184372088832 206158430208
28 1 212 1 295 1 864691129528877068 2251799817879552 4398046511104 9223372054034645056 0 211106232532992 274877906944 288230378299195396 3377699728916480 8796093022208 13835058089641902208 0 70368744177664 549755813888 576460755524648968 1125899919425536 13194139533312 4611686069966995648 0 140737488355328 824633720832
29 1 213 1 296 1 3458764518115508272 9007199271518208 17592186044416 68719476992 2 844424930131968 1099511627776 1152921513196781584 13510798915665920 35184372088832 137438953984 3 281474976710656 2199023255552 2305843022098595872 4503599677702144 52776558133248 206158430976 1 562949953421312 3298534883328
30 1 214 1 297 1 13835058072462033088 36028797086072832 70368744177664 274877907968 8 3377699720527872 4398046511104 4611686052787126336 54043195662663680 140737488355328 549755815936 12 1125899906842624 8796093022208 9223372088394383488 18014398710808576 211106232532992 824633723904 4 2251799813685248 13194139533312
31 1 215 1 298 1 68719477504 144115188344291331 281474976710656 1099511631872 32 13510798882111488 17592186044416 137438953728 216172782650654721 562949953421312 2199023263744 48 4503599627370496 35184372088832 206158430720 72057594843234306 844424930131968 3298534895616 16 9007199254740992 52776558133248
32 1 216 1 299 1 274877910016 576460753377165324 1125899906842624 4398046527488 128 54043195528445952 70368744177664 549755814912 864691130602618884 2251799813685248 8796093054976 192 18014398509481984 140737488355328 824633722880 288230379372937224 3377699720527872 13194139582464 64 36028797018963968 211106232532992
33 1 217 1 300 1 1099511640064 2305843013508661296 4503599627370496 17592186109952 512 216172782113783808 281474976710656 2199023259648 3458764522410475536 9007199254740992 35184372219904 768 72057594037927936 562949953421312 3298534891520 1152921517491748896 13510798882111488 52776558329856 256 144115188075855872 844424930131968
34 1 218 1 301 1 4398046560256 9223372054034645184 18014398509481984 70368744439808 2048 864691128455135232 1125899906842624 8796093038592 13835058089641902144 36028797018963968 140737488879616 3072 288230376151711744 2251799813685248 13194139566080 4611686069966995584 54043195528445952 211106233319424 1024 576460752303423488 3377699720527872
35 1 219 1 302 1 17592186241024 68719477504 72057594037927938 281474977759232 8192 3458764513820540928 4503599627370496 35184372154368 137438953728 144115188075855875 562949955518464 12288 1152921504606846976 9007199254740992 52776558264320 206158430720 216172782113783809 844424933277696 4096 2305843009213693952 13510798882111488
36 1 220 1 303 1 70368744964096 274877910016 288230376151711752 1125899911036928 32768 13835058055282163712 18014398509481984 140737488617472 549755814912 576460752303423500 2251799822073856 49152 4611686018427387904 36028797018963968 211106233057280 824633722880 864691128455135236 3377699733110784 16384 9223372036854775808 54043195528445952
37 1 221 1 304 1 281474979856384 1099511640064 1152921504606847008 4503599644147712 131072 0 72057594037927939 562949954469888 2199023259648 2305843009213694000 9007199288295424 196608 0 144115188075855873 844424932229120 3298534891520 3458764513820540944 13510798932443136 65536 0 216172782113783810
38 1 222 1 305 1 1125899919425536 4398046560256 4611686018427388032 18014398576590848 524288 0 288230376151711756 2251799817879552 8796093038592 9223372036854776000 36028797153181696 786432 0 576460752303423492 3377699728916480 13194139566080 13835058055282163776 54043195729772544 262144 0 864691128455135240
39 1 223 1 306 1 4503599677702144 17592186241024 512 72057594306363393 2097152 0 1152921504606847024 9007199271518208 35184372154368 768 144115188612726786 3145728 0 2305843009213693968 13510798915665920 52776558264320 256 216172782919090179 1048576 0 3458764513820540960
40 1 112 1 307 1 18014398710808576 70368744964096 2048 288230377225453572 8388608 0 4611686018427388096 36028797086072832 140737488617472 3072 576460754450907144 12582912 0 9223372036854775872 54043195662663680 211106233057280 1024 864691131676360716 4194304 0 13835058055282163840
41 1 113 1 308 1 72057594843234305 281474979856384 8192 1152921508901814288 33554432 0 768 144115188344291330 562949954469888 12288 2305843017803628576 50331648 0 256 216172782650654723 844424932229120 4096 3458764526705442864 16777216 0 512
42 1 114 1 309 1 288230379372937220 1125899919425536 32768 4611686035607257152 134217728 0 3072 576460753377165320 2251799817879552 49152 9223372071214514304 201326592 0 1024 864691130602618892 3377699728916480 16384 13835058106821771456 67108864 0 2048
43 1 115 1 310 1 1152921517491748880 4503599677702144 131072 68719476992 536870913 0 12288 2305843013508661280 9007199271518208 196608 137438953984 805306370 0 4096 3458764522410475568 13510798915665920 65536 206158430976 268435459 0 8192
44 1 116 1 311 1 4611686069966995520 18014398710808576 524288 274877907968 2147483652 0 49152 9223372054034645120 36028797086072832 786432 549755815936 3221225480 0 16384 13835058089641902272 54043195662663680 262144 824633723904 1073741836 0 32768
45 1 117 1 312 1 206158430464 72057594843234305 2097152 1099511631872 8589934608 0 196608 68719477248 144115188344291330 3145728 2199023263744 12884901920 0 65536 137438954240 216172782650654723 1048576 3298534895616 4294967344 0 131072
46 1 118 1 313 1 824633721856 288230379372937220 8388608 4398046527488 34359738432 0 786432 274877908992 576460753377165320 12582912 8796093054976 51539607680 0 262144 549755816960 864691130602618892 4194304 13194139582464 17179869376 0 524288
47 1 119 1 314 1 3298534887424 1152921517491748880 33554432 17592186109952 137438953728 0 3145728 1099511635968 2305843013508661280 50331648 35184372219904 206158430720 0 1048576 2199023267840 3458764522410475568 16777216 52776558329856 68719477504 0 2097152
48 1 120 1 315 1 13194139549696 4611686069966995520 134217728 70368744439808 549755814912 0 12582912 4398046543872 9223372054034645120 201326592 140737488879616 824633722880 0 4194304 8796093071360 13835058089641902272 67108864 211106233319424 274877910016 0 8388608
49 1 121 1 316 1 52776558198784 206158430464 536870913 281474977759232 2199023259648 0 50331648 17592186175488 68719477248 805306370 562949955518464 3298534891520 0 16777216 35184372285440 137438954240 268435459 844424933277696 1099511640064 0 33554432
50 1 122 1 317 1 211106232795136 824633721856 2147483652 1125899911036928 8796093038592 0 201326592 70368744701952 274877908992 3221225480 2251799822073856 13194139566080 0 67108864 140737489141760 549755816960 1073741836 3377699733110784 4398046560256 0 134217728
51 1 123 1 318 1 844424931180544 3298534887424 8589934608 4503599644147712 35184372154368 0 805306368 281474978807808 1099511635968 12884901920 9007199288295424 52776558264320 0 268435456 562949956567040 2199023267840 4294967344 13510798932443136 17592186241024 0 536870912
52 1 124 1 319 1 3377699724722176 13194139549696 34359738432 18014398576590848 140737488617472 0 3221225472 1125899915231232 4398046543872 51539607680 36028797153181696 211106233057280 0 1073741824 2251799826268160 8796093071360 17179869376 54043195729772544 70368744964096 0 2147483648
53 1 125 1 320 1 13510798898888704 52776558198784 137438953728 72057594306363392 562949954469888 0 12884901888 4503599660924928 17592186175488 206158430720 144115188612726784 844424932229120 0 4294967296 9007199305072640 35184372285440 68719477504 216172782919090176 281474979856384 0 8589934592
54 1 126 1 321 1 54043195595554816 211106232795136 549755814912 288230377225453568 2251799817879552 0 51539607552 18014398643699712 70368744701952 824633722880 576460754450907136 3377699728916480 0 17179869184 36028797220290560 140737489141760 274877910016 864691131676360704 1125899919425536 0 34359738368
55 1 168 1 323 1 216172782650654722 844424931180544 2199023267840 1152921508901814304 13510798915665920 35184372154368 137438953728 72057594843234307 281474978807808 3298534887424 2305843017803628592 4503599677702144 52776558264320 206158430720 144115188344291329 562949956567040 1099511635968 3458764526705442832 9007199271518208 17592186241024 68719477504
56 1 169 1 324 1 864691130602618888 3377699724722176 8796093071360 4611686035607257216 54043195662663680 140737488617472 549755814912 288230379372937228 1125899915231232 13194139549696 9223372071214514368 18014398710808576 211106233057280 824633722880 576460753377165316 2251799826268160 4398046543872 13835058106821771328 36028797086072832 70368744964096 274877910016
57 1 170 1 325 1 3458764522410475552 13510798898888704 35184372285440 68719477248 216172782650654721 562949954469888 2199023259648 1152921517491748912 4503599660924928 52776558198784 137438954240 72057594843234306 844424932229120 3298534891520 2305843013508661264 9007199305072640 17592186175488 206158430464 144115188344291331 281474979856384 1099511640064
58 1 171 1 326 1 13835058089641902208 54043195595554816 140737489141760 274877908992 864691130602618884 2251799817879552 8796093038592 4611686069966995648 18014398643699712 211106232795136 549755816960 288230379372937224 3377699728916480 13194139566080 9223372054034645056 36028797220290560 70368744701952 824633721856 576460753377165324 1125899919425536 4398046560256
59 1 172 1 327 1 137438953984 216172782382219267 562949956567040 1099511635968 3458764522410475536 9007199271518208 35184372154368 206158430976 72057594574798849 844424931180544 2199023267840 1152921517491748896 13510798915665920 52776558264320 68719476992 144115188881162242 281474978807808 3298534887424 2305843013508661296 4503599677702144 17592186241024
60 1 173 1 328 1 549755815936 864691129528877068 2251799826268160 4398046543872 13835058089641902144 36028797086072832 140737488617472 824633723904 288230378299195396 3377699724722176 8796093071360 4611686069966995584 54043195662663680 211106233057280 274877907968 576460755524648968 1125899915231232 13194139549696 9223372054034645184 18014398710808576 70368744964096
61 1 174 1 329 1 2199023263744 3458764518115508272 9007199305072640 17592186175488 137438953728 144115188344291331 562949954469888 3298534895616 1152921513196781584 13510798898888704 35184372285440 206158430720 216172782650654721 844424932229120 1099511631872 2305843022098595872 4503599660924928 52776558198784 68719477504 72057594843234306 281474979856384
62 1 175 1 330 1 8796093054976 13835058072462033088 36028797220290560 70368744701952 549755814912 576460753377165324 2251799817879552 13194139582464 4611686052787126336 54043195595554816 140737489141760 824633722880 864691130602618884 3377699728916480 4398046527488 9223372088394383488 18014398643699712 211106232795136 274877910016 288230379372937224 1125899919425536
63 1 176 1 331 1 35184372219904 68719477504 144115188881162243 281474978807808 2199023259648 2305843013508661296 9007199271518208 52776558329856 137438953728 216172782382219265 562949956567040 3298534891520 3458764522410475536 13510798915665920 17592186109952 206158430720 72057594574798850 844424931180544 1099511640064 1152921517491748896 4503599677702144
64 1 177 1 332 1 140737488879616 274877910016 576460755524648972 1125899915231232 8796093038592 9223372054034645184 36028797086072832 211106233319424 549755814912 864691129528877060 2251799826268160 13194139566080 13835058089641902144 54043195662663680 70368744439808 824633722880 288230378299195400 3377699724722176 4398046560256 4611686069966995584 18014398710808576
65 1 178 1 333 1 562949955518464 1099511640064 2305843022098595888 4503599660924928 35184372154368 68719477504 144115188344291330 844424933277696 2199023259648 3458764518115508240 9007199305072640 52776558264320 137438953728 216172782650654723 281474977759232 3298534891520 1152921513196781600 13510798898888704 17592186241024 206158430720 72057594843234305
66 1 179 1 334 1 2251799822073856 4398046560256 9223372088394383552 18014398643699712 140737488617472 274877910016 576460753377165320 3377699733110784 8796093038592 13835058072462032960 36028797220290560 211106233057280 549755814912 864691130602618892 1125899911036928 13194139566080 4611686052787126400 54043195595554816 70368744964096 824633722880 288230379372937220
67 1 180 1 335 1 9007199288295424 17592186241024 206158430976 72057594574798850 562949954469888 1099511640064 2305843013508661280 13510798932443136 35184372154368 68719476992 144115188881162243 844424932229120 2199023259648 3458764522410475568 4503599644147712 52776558264320 137438953984 216172782382219265 281474979856384 3298534891520 1152921517491748880
68 1 181 1 224 1 36028797153181696 70368744964096 824633723904 288230378299195400 2251799817879552 4398046560256 9223372054034645120 54043195729772544 140737488617472 274877907968 576460755524648972 3377699728916480 8796093038592 13835058089641902272 18014398576590848 211106233057280 549755815936 864691129528877060 1125899919425536 13194139566080 4611686069966995520
69 1 182 1 225 1 144115188612726786 281474979856384 3298534895616 1152921513196781600 9007199271518208 17592186241024 68719477248 216172782919090179 562949954469888 1099511631872 2305843022098595888 13510798915665920 35184372154368 137438954240 72057594306363393 844424932229120 2199023263744 3458764518115508240 4503599677702144 52776558264320 206158430464
70 1 183 1 226 1 576460754450907144 1125899919425536 13194139582464 4611686052787126400 36028797086072832 70368744964096 274877908992 864691131676360716 2251799817879552 4398046527488 9223372088394383552 54043195662663680 140737488617472 549755816960 288230377225453572 3377699728916480 8796093054976 13835058072462032960 18014398710808576 211106233057280 824633721856
71 1 184 1 227 1 2305843017803628576 4503599677702144 52776558329856 137438953984 144115188344291329 281474979856384 1099511635968 3458764526705442864 9007199271518208 17592186109952 206158430976 216172782650654722 562949954469888 2199023267840 1152921508901814288 13510798915665920 35184372219904 68719476992 72057594843234307 844424932229120 3298534887424
72 1 185 1 228 1 9223372071214514304 18014398710808576 211106233319424 549755815936 576460753377165316 1125899919425536 4398046543872 13835058106821771456 36028797086072832 70368744439808 824633723904 864691130602618888 2251799817879552 8796093071360 4611686035607257152 54043195662663680 140737488879616 274877907968 288230379372937228 3377699728916480 13194139549696
73 1 186 1 229 1 137438953984 72057594843234306 844424933277696 2199023263744 2305843013508661264 4503599677702144 17592186175488 206158430976 144115188344291331 281474977759232 3298534895616 3458764522410475552 9007199271518208 35184372285440 68719476992 216172782650654721 562949955518464 1099511631872 1152921517491748912 13510798915665920 52776558198784
74 1 187 1 230 1 549755815936 288230379372937224 3377699733110784 8796093054976 9223372054034645056 18014398710808576 70368744701952 824633723904 576460753377165324 1125899911036928 13194139582464 13835058089641902208 36028797086072832 140737489141760 274877907968 864691130602618884 2251799822073856 4398046527488 4611686069966995648 54043195662663680 211106232795136
75 1 188 1 231 1 2199023263744 1152921517491748896 13510798932443136 35184372219904 68719476992 72057594843234306 281474978807808 3298534895616 2305843013508661296 4503599644147712 52776558329856 137438953984 144115188344291331 562949956567040 1099511631872 3458764522410475536 9007199288295424 17592186109952 206158430976 216172782650654721 844424931180544
76 1 189 1 232 1 8796093054976 4611686069966995584 54043195729772544 140737488879616 274877907968 288230379372937224 1125899915231232 13194139582464 9223372054034645184 18014398576590848 211106233319424 549755815936 576460753377165324 2251799826268160 4398046527488 13835058089641902144 36028797153181696 70368744439808 824633723904 864691130602618884 3377699724722176
77 1 190 1 233 1 35184372219904 206158430720 216172782919090177 562949955518464 1099511631872 1152921517491748896 4503599660924928 52776558329856 68719477504 72057594306363394 844424933277696 2199023263744 2305843013508661296 9007199305072640 17592186109952 137438953728 144115188612726787 281474977759232 3298534895616 3458764522410475536 13510798898888704
78 1 191 1 234 1 140737488879616 824633722880 864691131676360708 2251799822073856 4398046527488 4611686069966995584 18014398643699712 211106233319424 274877910016 288230377225453576 3377699733110784 8796093054976 9223372054034645184 36028797220290560 70368744439808 549755814912 576460754450907148 1125899911036928 13194139582464 13835058089641902144 54043195595554816
79 1 192 1 235 1 562949955518464 3298534891520 3458764526705442832 9007199288295424 17592186109952 206158430720 72057594574798849 844424933277696 1099511640064 1152921508901814304 13510798932443136 35184372219904 68719477504 144115188881162242 281474977759232 2199023259648 2305843017803628592 4503599644147712 52776558329856 137438953728 216172782382219267
80 1 193 1 236 1 2251799822073856 13194139566080 13835058106821771328 36028797153181696 70368744439808 824633722880 288230378299195396 3377699733110784 4398046560256 4611686035607257216 54043195729772544 140737488879616 274877910016 576460755524648968 1125899911036928 8796093038592 9223372071214514368 18014398576590848 211106233319424 549755814912 864691129528877068
81 1 194 1 237 1 9007199288295424 52776558264320 206158430464 144115188612726787 281474977759232 3298534891520 1152921513196781584 13510798932443136 17592186241024 68719477248 216172782919090177 562949955518464 1099511640064 2305843022098595872 4503599644147712 35184372154368 137438954240 72057594306363394 844424933277696 2199023259648 3458764518115508272
82 1 195 1 238 1 36028797153181696 211106233057280 824633721856 576460754450907148 1125899911036928 13194139566080 4611686052787126336 54043195729772544 70368744964096 274877908992 864691131676360708 2251799822073856 4398046560256 9223372088394383488 18014398576590848 140737488617472 549755816960 288230377225453576 3377699733110784 8796093038592 13835058072462033088
83 1 196 1 239 1 144115188612726786 844424932229120 3298534887424 2305843013508661296 4503599644147712 52776558264320 137438953728 216172782919090179 281474979856384 1099511635968 3458764522410475536 9007199288295424 17592186241024 206158430720 72057594306363393 562949954469888 2199023267840 1152921517491748896 13510798932443136 35184372154368 68719477504
84 1 197 1 240 1 576460754450907144 3377699728916480 13194139549696 9223372054034645184 18014398576590848 211106233057280 549755814912 864691131676360716 1125899919425536 4398046543872 13835058089641902144 36028797153181696 70368744964096 824633722880 288230377225453572 2251799817879552 8796093071360 4611686069966995584 54043195729772544 140737488617472 274877910016
85 1 198 1 241 1 2305843017803628576 13510798915665920 52776558198784 68719477504 72057594306363394 844424932229120 2199023259648 3458764526705442864 4503599677702144 17592186175488 137438953728 144115188612726787 281474979856384 3298534891520 1152921508901814288 9007199271518208 35184372285440 206158430720 216172782919090177 562949954469888 1099511640064
86 1 199 1 242 1 9223372071214514304 54043195662663680 211106232795136 274877910016 288230377225453576 3377699728916480 8796093038592 13835058106821771456 18014398710808576 70368744701952 549755814912 576460754450907148 1125899919425536 13194139566080 4611686035607257152 36028797086072832 140737489141760 824633722880 864691131676360708 2251799817879552 4398046560256
87 1 200 1 243 1 137438953984 216172782650654722 844424931180544 1099511640064 1152921508901814304 13510798915665920 35184372154368 206158430976 72057594843234307 281474978807808 2199023259648 2305843017803628592 4503599677702144 52776558264320 68719476992 144115188344291329 562949956567040 3298534891520 3458764526705442832 9007199271518208 17592186241024
88 1 201 1 244 1 549755815936 864691130602618888 3377699724722176 4398046560256 4611686035607257216 54043195662663680 140737488617472 824633723904 288230379372937228 1125899915231232 8796093038592 9223372071214514368 18014398710808576 211106233057280 274877907968 576460753377165316 2251799826268160 13194139566080 13835058106821771328 36028797086072832 70368744964096
89 1 202 1 245 1 2199023263744 3458764522410475552 13510798898888704 17592186241024 68719477248 216172782650654721 562949954469888 3298534895616 1152921517491748912 4503599660924928 35184372154368 137438954240 72057594843234306 844424932229120 1099511631872 2305843013508661264 9007199305072640 52776558264320 206158430464 144115188344291331 281474979856384
90 1 203 1 246 1 8796093054976 13835058089641902208 54043195595554816 70368744964096 274877908992 864691130602618884 2251799817879552 13194139582464 4611686069966995648 18014398643699712 140737488617472 549755816960 288230379372937224 3377699728916480 4398046527488 9223372054034645056 36028797220290560 211106233057280 824633721856 576460753377165324 1125899919425536
91 1 204 1 247 1 35184372219904 137438953984 216172782382219267 281474979856384 1099511635968 3458764522410475536 9007199271518208 52776558329856 206158430976 72057594574798849 562949954469888 2199023267840 1152921517491748896 13510798915665920 17592186109952 68719476992 144115188881162242 844424932229120 3298534887424 2305843013508661296 4503599677702144
92 1 205 1 248 1 140737488879616 549755815936 864691129528877068 1125899919425536 4398046543872 13835058089641902144 36028797086072832 211106233319424 824633723904 288230378299195396 2251799817879552 8796093071360 4611686069966995584 54043195662663680 70368744439808 274877907968 576460755524648968 3377699728916480 13194139549696 9223372054034645184 18014398710808576
93 1 206 1 249 1 562949955518464 2199023263744 3458764518115508272 4503599677702144 17592186175488 137438953728 144115188344291331 844424933277696 3298534895616 1152921513196781584 9007199271518208 35184372285440 206158430720 216172782650654721 281474977759232 1099511631872 2305843022098595872 13510798915665920 52776558198784 68719477504 72057594843234306
94 1 207 1 250 1 2251799822073856 8796093054976 13835058072462033088 18014398710808576 70368744701952 549755814912 576460753377165324 3377699733110784 13194139582464 4611686052787126336 36028797086072832 140737489141760 824633722880 864691130602618884 1125899911036928 4398046527488 9223372088394383488 54043195662663680 211106232795136 274877910016 288230379372937224
95 1 208 1 251 1 9007199288295424 35184372219904 68719477504 72057594843234307 281474978807808 2199023259648 2305843013508661296 13510798932443136 52776558329856 137438953728 144115188344291329 562949956567040 3298534891520 3458764522410475536 4503599644147712 17592186109952 206158430720 216172782650654722 844424931180544 1099511640064 1152921517491748896
96 1 209 1 252 1 36028797153181696 140737488879616 274877910016 288230379372937228 1125899915231232 8796093038592 9223372054034645184 54043195729772544 211106233319424 549755814912 576460753377165316 2251799826268160 13194139566080 13835058089641902144 18014398576590848 70368744439808 824633722880 864691130602618888 3377699724722176 4398046560256 4611686069966995584
97 1 210 1 253 1 144115188612726787 562949955518464 1099511640064 1152921513196781616 4503599660924928 35184372154368 68719477504 216172782919090177 844424933277696 2199023259648 2305843022098595856 9007199305072640 52776558264320 137438953728 72057594306363394 281474977759232 3298534891520 3458764518115508256 13510798898888704 17592186241024 206158430720
98 1 211 1 254 1 576460754450907148 2251799822073856 4398046560256 4611686052787126464 18014398643699712 140737488617472 274877910016 864691131676360708 3377699733110784 8796093038592 9223372088394383424 36028797220290560 211106233057280 549755814912 288230377225453576 1125899911036928 13194139566080 13835058072462033024 54043195595554816 70368744964096 824633722880
99 1 212 1 255 1 2305843017803628592 9007199288295424 17592186241024 137438954240 72057594574798849 562949954469888 1099511640064 3458764526705442832 13510798932443136 35184372154368 206158430464 144115188881162242 844424932229120 2199023259648 1152921508901814304 4503599644147712 52776558264320 68719477248 216172782382219267 281474979856384 3298534891520
100 1 213 1 256 1 9223372071214514368 36028797153181696 70368744964096 549755816960 288230378299195396 2251799817879552 4398046560256 13835058106821771328 54043195729772544 140737488617472 824633721856 576460755524648968 3377699728916480 8796093038592 4611686035607257216 18014398576590848 211106233057280 274877908992 864691129528877068 1125899919425536 13194139566080
101 1 214 1 257 1 137438954240 144115188612726786 281474979856384 2199023267840 1152921513196781584 9007199271518208 17592186241024 206158430464 216172782919090179 562949954469888 3298534887424 2305843022098595872 13510798915665920 35184372154368 68719477248 72057594306363393 844424932229120 1099511635968 3458764518115508272 4503599677702144 52776558264320
102 1 215 1 258 1 549755816960 576460754450907144 1125899919425536 8796093071360 4611686052787126336 36028797086072832 70368744964096 824633721856 864691131676360716 2251799817879552 13194139549696 9223372088394383488 54043195662663680 140737488617472 274877908992 288230377225453572 3377699728916480 4398046543872 13835058072462033088 18014398710808576 211106233057280
103 1 216 1 259 1 2199023267840 2305843017803628576 4503599677702144 35184372285440 137438953728 144115188344291329 281474979856384 3298534887424 3458764526705442864 9007199271518208 52776558198784 206158430720 216172782650654722 562949954469888 1099511635968 1152921508901814288 13510798915665920 17592186175488 68719477504 72057594843234307 844424932229120
104 1 217 1 260 1 8796093071360 9223372071214514304 18014398710808576 140737489141760 549755814912 576460753377165316 1125899919425536 13194139549696 13835058106821771456 36028797086072832 211106232795136 824633722880 864691130602618888 2251799817879552 4398046543872 4611686035607257152 54043195662663680 70368744701952 274877910016 288230379372937228 3377699728916480
105 1 218 1 261 1 35184372285440 137438953984 72057594843234306 562949956567040 2199023259648 2305843013508661264 4503599677702144 52776558198784 206158430976 144115188344291331 844424931180544 3298534891520 3458764522410475552 9007199271518208 17592186175488 68719476992 216172782650654721 281474978807808 1099511640064 1152921517491748912 13510798915665920
106 1 219 1 262 1 140737489141760 549755815936 288230379372937224 2251799826268160 8796093038592 9223372054034645056 18014398710808576 211106232795136 824633723904 576460753377165324 3377699724722176 13194139566080 13835058089641902208 36028797086072832 70368744701952 274877907968 864691130602618884 1125899915231232 4398046560256 4611686069966995648 54043195662663680
107 1 220 1 263 1 562949956567040 2199023263744 1152921517491748896 9007199305072640 35184372154368 68719476992 72057594843234306 844424931180544 3298534895616 2305843013508661296 13510798898888704 52776558264320 137438953984 144115188344291331 281474978807808 1099511631872 3458764522410475536 4503599660924928 17592186241024 206158430976 216172782650654721
108 1 221 1 264 1 2251799826268160 8796093054976 4611686069966995584 36028797220290560 140737488617472 274877907968 288230379372937224 3377699724722176 13194139582464 9223372054034645184 54043195595554816 211106233057280 549755815936 576460753377165324 1125899915231232 4398046527488 13835058089641902144 18014398643699712 70368744964096 824633723904 864691130602618884
109 1 222 1 265 1 9007199305072640 35184372219904 206158430720 144115188881162241 562949954469888 1099511631872 1152921517491748896 13510798898888704 52776558329856 68719477504 216172782382219266 844424932229120 2199023263744 2305843013508661296 4503599660924928 17592186109952 137438953728 72057594574798851 281474979856384 3298534895616 3458764522410475536
110 1 223 1 266 1 36028797220290560 140737488879616 824633722880 576460755524648964 2251799817879552 4398046527488 4611686069966995584 54043195595554816 211106233319424 274877910016 864691129528877064 3377699728916480 8796093054976 9223372054034645184 18014398643699712 70368744439808 549755814912 288230378299195404 1125899919425536 13194139582464 13835058089641902144
111 1 112 1 267 1 144115188881162243 562949955518464 3298534891520 2305843013508661264 9007199271518208 17592186109952 206158430720 216172782382219265 844424933277696 1099511640064 3458764522410475552 13510798915665920 35184372219904 68719477504 72057594574798850 281474977759232 2199023259648 1152921517491748912 4503599677702144 52776558329856 137438953728
0 1 113 1 268 1 576460755524648972 2251799822073856 13194139566080 9223372054034645056 36028797086072832 70368744439808 824633722880 864691129528877060 3377699733110784 4398046560256 13835058089641902208 54043195662663680 140737488879616 274877910016 288230378299195400 1125899911036928 8796093038592 4611686069966995648 18014398710808576 211106233319424 549755814912
1 1 114 1 269 1 2305843022098595888 9007199288295424 52776558264320 68719476992 144115188344291330 281474977759232 3298534891520 3458764518115508240 13510798932443136 17592186241024 137438953984 216172782650654723 562949955518464 1099511640064 1152921513196781600 4503599644147712 35184372154368 206158430976 72057594843234305 844424933277696 2199023259648
2 1 115 1 270 1 9223372088394383552 36028797153181696 211106233057280 274877907968 576460753377165320 1125899911036928 13194139566080 13835058072462032960 54043195729772544 70368744964096 549755815936 864691130602618892 2251799822073856 4398046560256 4611686052787126400 18014398576590848 140737488617472 824633723904 288230379372937220 3377699733110784 8796093038592
3 1 116 1 271 1 206158430976 144115188612726786 844424932229120 1099511631872 2305843013508661280 4503599644147712 52776558264320 68719476992 216172782919090179 281474979856384 2199023263744 3458764522410475568 9007199288295424 17592186241024 137438953984 72057594306363393 562949954469888 3298534895616 1152921517491748880 13510798932443136 35184372154368
4 1 117 1 272 1 824633723904 576460754450907144 3377699728916480 4398046527488 9223372054034645120 18014398576590848 211106233057280 274877907968 864691131676360716 1125899919425536 8796093054976 13835058089641902272 36028797153181696 70368744964096 549755815936 288230377225453572 2251799817879552 13194139582464 4611686069966995520 54043195729772544 140737488617472
5 1 118 1 273 1 3298534895616 2305843017803628576 13510798915665920 17592186109952 68719477248 72057594306363394 844424932229120 1099511631872 3458764526705442864 4503599677702144 35184372219904 137438954240 144115188612726787 281474979856384 2199023263744 1152921508901814288 9007199271518208 52776558329856 206158430464 216172782919090177 562949954469888
6 1 119 1 274 1 13194139582464 9223372071214514304 54043195662663680 70368744439808 274877908992 288230377225453576 3377699728916480 4398046527488 13835058106821771456 18014398710808576 140737488879616 549755816960 576460754450907148 1125899919425536 8796093054976 4611686035607257152 36028797086072832 211106233319424 824633721856 864691131676360708 2251799817879552
7 1 120 1 275 1 52776558329856 137438953984 216172782650654722 281474977759232 1099511635968 1152921508901814304 13510798915665920 17592186109952 206158430976 72057594843234307 562949955518464 2199023267840 2305843017803628592 4503599677702144 35184372219904 68719476992 144115188344291329 844424933277696 3298534887424 3458764526705442832 9007199271518208
8 1 121 1 276 1 211106233319424 549755815936 864691130602618888 1125899911036928 4398046543872 4611686035607257216 54043195662663680 70368744439808 824633723904 288230379372937228 2251799822073856 8796093071360 9223372071214514368 18014398710808576 140737488879616 274877907968 576460753377165316 3377699733110784 13194139549696 13835058106821771328 36028797086072832
9 1 122 1 277 1 844424933277696 2199023263744 3458764522410475552 4503599644147712 17592186175488 68719477248 216172782650654721 281474977759232 3298534895616 1152921517491748912 9007199288295424 35184372285440 137438954240 72057594843234306 562949955518464 1099511631872 2305843013508661264 13510798932443136 52776558198784 206158430464 144115188344291331
10 1 123 1 278 1 3377699733110784 8796093054976 13835058089641902208 18014398576590848 70368744701952 274877908992 864691130602618884 1125899911036928 13194139582464 4611686069966995648 36028797153181696 140737489141760 549755816960 288230379372937224 2251799822073856 4398046527488 9223372054034645056 54043195729772544 211106232795136 824633721856 576460753377165324
11 1 124 1 279 1 13510798932443136 35184372219904 137438953984 72057594306363395 281474978807808 1099511635968 3458764522410475536 4503599644147712 52776558329856 206158430976 144115188612726785 562949956567040 2199023267840 1152921517491748896 9007199288295424 17592186109952 68719476992 216172782919090178 844424931180544 3298534887424 2305843013508661296
12 1 125 1 280 1 54043195729772544 140737488879616 549755815936 288230377225453580 1125899915231232 4398046543872 13835058089641902144 18014398576590848 211106233319424 824633723904 576460754450907140 2251799826268160 8796093071360 4611686069966995584 36028797153181696 70368744439808 274877907968 864691131676360712 3377699724722176 13194139549696 9223372054034645184
13 1 126 1 281 1 216172782919090177 562949955518464 2199023263744 1152921517491748912 4503599660924928 17592186175488 137438953728 72057594306363394 844424933277696 3298534895616 2305843013508661264 9007199305072640 35184372285440 206158430720 144115188612726787 281474977759232 1099511631872 3458764522410475552 13510798898888704 52776558198784 68719477504
14 1 127 1 282 1 864691131676360708 2251799822073856 8796093054976 4611686069966995648 18014398643699712 70368744701952 549755814912 288230377225453576 3377699733110784 13194139582464 9223372054034645056 36028797220290560 140737489141760 824633722880 576460754450907148 1125899911036928 4398046527488 13835058089641902208 54043195595554816 211106232795136 274877910016
15 1 128 1 283 1 3458764526705442832 9007199288295424 35184372219904 206158430976 72057594574798849 281474978807808 2199023259648 1152921508901814304 13510798932443136 52776558329856 68719476992 144115188881162242 562949956567040 3298534891520 2305843017803628592 4503599644147712 17592186109952 137438953984 216172782382219267 844424931180544 1099511640064
16 1 129 1 284 1 13835058106821771328 36028797153181696 140737488879616 824633723904 288230378299195396 1125899915231232 8796093038592 4611686035607257216 54043195729772544 211106233319424 274877907968 576460755524648968 2251799826268160 13194139566080 9223372071214514368 18014398576590848 70368744439808 549755815936 864691129528877068 3377699724722176 4398046560256
17 1 130 1 285 1 206158430464 144115188612726787 562949955518464 3298534895616 1152921513196781584 4503599660924928 35184372154368 68719477248 216172782919090177 844424933277696 1099511631872 2305843022098595872 9007199305072640 52776558264320 137438954240 72057594306363394 281474977759232 2199023263744 3458764518115508272 13510798898888704 17592186241024
18 1 131 1 286 1 824633721856 576460754450907148 2251799822073856 13194139582464 4611686052787126336 18014398643699712 140737488617472 274877908992 864691131676360708 3377699733110784 4398046527488 9223372088394383488 36028797220290560 211106233057280 549755816960 288230377225453576 1125899911036928 8796093054976 13835058072462033088 54043195595554816 70368744964096
19 1 132 1 287 1 3298534887424 2305843017803628592 9007199288295424 52776558329856 137438953728 72057594574798849 562949954469888 1099511635968 3458764526705442832 13510798932443136 17592186109952 206158430720 144115188881162242 844424932229120 2199023267840 1152921508901814304 4503599644147712 35184372219904 68719477504 216172782382219267 281474979856384
20 1 133 1 288 1 13194139549696 9223372071214514368 36028797153181696 211106233319424 549755814912 288230378299195396 2251799817879552 4398046543872 13835058106821771328 54043195729772544 70368744439808 824633722880 576460755524648968 3377699728916480 8796093071360 4611686035607257216 18014398576590848 140737488879616 274877910016 864691129528877068 1125899919425536
21 1 134 1 289 1 52776558198784 137438954240 144115188612726786 844424933277696 2199023259648 1152921513196781584 9007199271518208 17592186175488 206158430464 216172782919090179 281474977759232 3298534891520 2305843022098595872 13510798915665920 35184372285440 68719477248 72057594306363393 562949955518464 1099511640064 3458764518115508272 4503599677702144
22 1 135 1 290 1 211106232795136 549755816960 576460754450907144 3377699733110784 8796093038592 4611686052787126336 36028797086072832 70368744701952 824633721856 864691131676360716 1125899911036928 13194139566080 9223372088394383488 54043195662663680 140737489141760 274877908992 288230377225453572 2251799822073856 4398046560256 13835058072462033088 18014398710808576
23 1 136 1 291 1 844424931180544 2199023267840 2305843017803628576 13510798932443136 35184372154368 137438953728 144115188344291329 281474978807808 3298534887424 3458764526705442864 4503599644147712 52776558264320 206158430720 216172782650654722 562949956567040 1099511635968 1152921508901814288 9007199288295424 17592186241024 68719477504 72057594843234307
24 1 137 1 292 1 3377699724722176 8796093071360 9223372071214514304 54043195729772544 140737488617472 549755814912 576460753377165316 1125899915231232 13194139549696 13835058106821771456 18014398576590848 211106233057280 824633722880 864691130602618888 2251799826268160 4398046543872 4611686035607257152 36028797153181696 70368744964096 274877910016 288230379372937228
25 1 138 1 293 1 13510798898888704 35184372285440 137438953984 216172782919090178 562949954469888 2199023259648 2305843013508661264 4503599660924928 52776558198784 206158430976 72057594306363395 844424932229120 3298534891520 3458764522410475552 9007199305072640 17592186175488 68719476992 144115188612726785 281474979856384 1099511640064 1152921517491748912
26 1 139 1 294 1 54043195595554816 140737489141760 549755815936 864691131676360712 2251799817879552 8796093038592 9223372054034645056 18014398643699712 211106232795136 824633723904 288230377225453580 3377699728916480 13194139566080 13835058089641902208 36028797220290560 70368744701952 274877907968 576460754450907140 1125899919425536 4398046560256 4611686069966995648
27 1 140 1 295 1 216172782382219267 562949956567040 2199023263744 3458764522410475552 9007199271518208 35184372154368 68719476992 72057594574798849 844424931180544 3298534895616 1152921517491748912 13510798915665920 52776558264320 137438953984 144115188881162242 281474978807808 1099511631872 2305843013508661264 4503599677702144 17592186241024 206158430976
28 1 141 1 296 1 864691129528877068 2251799826268160 8796093054976 13835058089641902208 36028797086072832 140737488617472 274877907968 288230378299195396 3377699724722176 13194139582464 4611686069966995648 54043195662663680 211106233057280 549755815936 576460755524648968 1125899915231232 4398046527488 9223372054034645056 18014398710808576 70368744964096 824633723904
29 1 142 1 297 1 3458764518115508272 9007199305072640 35184372219904 137438953984 144115188344291331 562949954469888 1099511631872 1152921513196781584 13510798898888704 52776558329856 206158430976 216172782650654721 844424932229120 2199023263744 2305843022098595872 4503599660924928 17592186109952 68719476992 72057594843234306 281474979856384 3298534895616
30 1 143 1 298 1 13835058072462033088 36028797220290560 140737488879616 549755815936 576460753377165324 2251799817879552 4398046527488 4611686052787126336 54043195595554816 211106233319424 824633723904 864691130602618884 3377699728916480 8796093054976 9223372088394383488 18014398643699712 70368744439808 274877907968 288230379372937224 1125899919425536 13194139582464
31 1 144 1 299 1 68719477504 144115188881162243 562949955518464 2199023263744 2305843013508661296 9007199271518208 17592186109952 137438953728 216172782382219265 844424933277696 3298534895616 3458764522410475536 13510798915665920 35184372219904 206158430720 72057594574798850 281474977759232 1099511631872 1152921517491748896 4503599677702144 52776558329856
32 1 145 1 300 1 274877910016 576460755524648972 2251799822073856 8796093054976 9223372054034645184 36028797086072832 70368744439808 549755814912 864691129528877060 3377699733110784 13194139582464 13835058089641902144 54043195662663680 140737488879616 824633722880 288230378299195400 1125899911036928 4398046527488 4611686069966995584 18014398710808576 211106233319424
33 1 146 1 301 1 1099511640064 2305843022098595888 9007199288295424 35184372219904 68719477504 144115188344291330 281474977759232 2199023259648 3458764518115508240 13510798932443136 52776558329856 137438953728 216172782650654723 562949955518464 3298534891520 1152921513196781600 4503599644147712 17592186109952 206158430720 72057594843234305 844424933277696
34 1 147 1 302 1 4398046560256 9223372088394383552 36028797153181696 140737488879616 274877910016 576460753377165320 1125899911036928 8796093038592 13835058072462032960 54043195729772544 211106233319424 549755814912 864691130602618892 2251799822073856 13194139566080 4611686052787126400 18014398576590848 70368744439808 824633722880 288230379372937220 3377699733110784
35 1 148 1 303 1 17592186241024 206158430976 144115188612726786 562949955518464 1099511640064 2305843013508661280 4503599644147712 35184372154368 68719476992 216172782919090179 844424933277696 2199023259648 3458764522410475568 9007199288295424 52776558264320 137438953984 72057594306363393 281474977759232 3298534891520 1152921517491748880 13510798932443136
36 1 149 1 304 1 70368744964096 824633723904 576460754450907144 2251799822073856 4398046560256 9223372054034645120 18014398576590848 140737488617472 274877907968 864691131676360716 3377699733110784 8796093038592 13835058089641902272 36028797153181696 211106233057280 549755815936 288230377225453572 1125899911036928 13194139566080 4611686069966995520 54043195729772544
37 1 150 1 305 1 281474979856384 3298534895616 2305843017803628576 9007199288295424 17592186241024 68719477248 72057594306363394 562949954469888 1099511631872 3458764526705442864 13510798932443136 35184372154368 137438954240 144115188612726787 844424932229120 2199023263744 1152921508901814288 4503599644147712 52776558264320 206158430464 216172782919090177
38 1 151 1 306 1 1125899919425536 13194139582464 9223372071214514304 36028797153181696 70368744964096 274877908992 288230377225453576 2251799817879552 4398046527488 13835058106821771456 54043195729772544 140737488617472 549755816960 576460754450907148 3377699728916480 8796093054976 4611686035607257152 18014398576590848 211106233057280 824633721856 864691131676360708
39 1 152 1 307 1 4503599677702144 52776558329856 137438953984 144115188612726786 281474979856384 1099511635968 1152921508901814304 9007199271518208 17592186109952 206158430976 216172782919090179 562949954469888 2199023267840 2305843017803628592 13510798915665920 35184372219904 68719476992 72057594306363393 844424932229120 3298534887424 3458764526705442832
40 1 153 1 308 1 18014398710808576 211106233319424 549755815936 576460754450907144 1125899919425536 4398046543872 4611686035607257216 36028797086072832 70368744439808 824633723904 864691131676360716 2251799817879552 8796093071360 9223372071214514368 54043195662663680 140737488879616 274877907968 288230377225453572 3377699728916480 13194139549696 13835058106821771328
41 1 154 1 309 1 72057594843234306 844424933277696 2199023263744 2305843013508661280 4503599677702144 17592186175488 68719477248 144115188344291331 281474977759232 3298534895616 3458764522410475568 9007199271518208 35184372285440 137438954240 216172782650654721 562949955518464 1099511631872 1152921517491748880 13510798915665920 52776558198784 206158430464
42 1 155 1 310 1 288230379372937224 3377699733110784 8796093054976 9223372054034645120 18014398710808576 70368744701952 274877908992 576460753377165324 1125899911036928 13194139582464 13835058089641902272 36028797086072832 140737489141760 549755816960 864691130602618884 2251799822073856 4398046527488 4611686069966995520 54043195662663680 211106232795136 824633721856
43 1 156 1 311 1 1152921517491748896 13510798932443136 35184372219904 68719477248 72057594843234306 281474978807808 1099511635968 2305843013508661296 4503599644147712 52776558329856 137438954240 144115188344291331 562949956567040 2199023267840 3458764522410475536 9007199288295424 17592186109952 206158430464 216172782650654721 844424931180544 3298534887424
44 1 157 1 312 1 4611686069966995584 54043195729772544 140737488879616 274877908992 288230379372937224 1125899915231232 4398046543872 9223372054034645184 18014398576590848 211106233319424 549755816960 576460753377165324 2251799826268160 8796093071360 13835058089641902144 36028797153181696 70368744439808 824633721856 864691130602618884 3377699724722176 13194139549696
45 1 158 1 313 1 206158430720 216172782919090177 562949955518464 1099511635968 1152921517491748896 4503599660924928 17592186175488 68719477504 72057594306363394 844424933277696 2199023267840 2305843013508661296 9007199305072640 35184372285440 137438953728 144115188612726787 281474977759232 3298534887424 3458764522410475536 13510798898888704 52776558198784
46 1 159 1 314 1 824633722880 864691131676360708 2251799822073856 4398046543872 4611686069966995584 18014398643699712 70368744701952 274877910016 288230377225453576 3377699733110784 8796093071360 9223372054034645184 36028797220290560 140737489141760 549755814912 576460754450907148 1125899911036928 13194139549696 13835058089641902144 54043195595554816 211106232795136
47 1 160 1 315 1 3298534891520 3458764526705442832 9007199288295424 17592186175488 206158430720 72057594574798849 281474978807808 1099511640064 1152921508901814304 13510798932443136 35184372285440 68719477504 144115188881162242 562949956567040 2199023259648 2305843017803628592 4503599644147712 52776558198784 137438953728 216172782382219267 844424931180544
48 1 161 1 316 1 13194139566080 13835058106821771328 36028797153181696 70368744701952 824633722880 288230378299195396 1125899915231232 4398046560256 4611686035607257216 54043195729772544 140737489141760 274877910016 576460755524648968 2251799826268160 8796093038592 9223372071214514368 18014398576590848 211106232795136 549755814912 864691129528877068 3377699724722176
49 1 162 1 317 1 52776558264320 206158430464 144115188612726787 281474978807808 3298534891520 1152921513196781584 4503599660924928 17592186241024 68719477248 216172782919090177 562949956567040 1099511640064 2305843022098595872 9007199305072640 35184372154368 137438954240 72057594306363394 844424931180544 2199023259648 3458764518115508272 13510798898888704
50 1 163 1 318 1 211106233057280 824633721856 576460754450907148 1125899915231232 13194139566080 4611686052787126336 18014398643699712 70368744964096 274877908992 864691131676360708 2251799826268160 4398046560256 9223372088394383488 36028797220290560 140737488617472 549755816960 288230377225453576 3377699724722176 8796093038592 13835058072462033088 54043195595554816
51 1 164 1 319 1 844424932229120 3298534887424 2305843017803628592 4503599660924928 52776558264320 137438953728 72057594574798849 281474979856384 1099511635968 3458764526705442832 9007199305072640 17592186241024 206158430720 144115188881162242 562949954469888 2199023267840 1152921508901814304 13510798898888704 35184372154368 68719477504 216172782382219267
52 1 165 1 320 1 3377699728916480 13194139549696 9223372071214514368 18014398643699712 211106233057280 549755814912 288230378299195396 1125899919425536 4398046543872 13835058106821771328 36028797220290560 70368744964096 824633722880 576460755524648968 2251799817879552 8796093071360 4611686035607257216 54043195595554816 140737488617472 274877910016 864691129528877068
53 1 166 1 321 1 13510798915665920 52776558198784 137438954240 72057594574798850 844424932229120 2199023259648 1152921513196781584 4503599677702144 17592186175488 206158430464 144115188881162243 281474979856384 3298534891520 2305843022098595872 9007199271518208 35184372285440 68719477248 216172782382219265 562949954469888 1099511640064 3458764518115508272
54 1 167 1 322 1 54043195662663680 211106232795136 549755816960 288230378299195400 3377699728916480 8796093038592 4611686052787126336 18014398710808576 70368744701952 824633721856 576460755524648972 1125899919425536 13194139566080 9223372088394383488 36028797086072832 140737489141760 274877908992 864691129528877060 2251799817879552 4398046560256 13835058072462033088
69 2 210 2 238 2 1 0 0 0 0 0 0 2 0 0 0 0 0 0 3 0 0 0 0 0 0
70 2 211 2 239 2 4 0 0 0 0 0 0 8 0 0 0 0 0 0 12 0 0 0 0 0 0
71 2 212 2 240 2 16 0 0 0 0 0 0 32 0 0 0 0 0 0 48 0 0 0 0 0 0
72 2 213 2 241 2 64 0 0 0 0 0 0 128 0 0 0 0 0 0 192 0 0 0 0 0 0
73 2 214 2 242 2 256 0 0 0 0 0 0 512 0 0 0 0 0 0 768 0 0 0 0 0 0
74 2 215 2 243 2 1024 0 0 0 0 0 0 2048 0 0 0 0 0 0 3072 0 0 0 0 0 0
75 2 216 2 244 2 4096 0 0 0 0 0 0 8192 0 0 0 0 0 0 12288 0 0 0 0 0 0
76 2 217 2 245 2 16384 0 0 0 0 0 0 32768 0 0 0 0 0 0 49152 0 0 0 0 0 0
77 2 218 2 246 2 65536 0 0 0 0 0 0 131072 0 0 0 0 0 0 196608 0 0 0 0 0 0
78 2 219 2 247 2 262144 0 0 0 0 0 0 524288 0 0 0 0 0 0 786432 0 0 0 0 0 0
79 2 220 2 248 2 1048576 0 0 0 0 0 0 2097152 0 0 0 0 0 0 3145728 0 0 0 0 0 0
80 2 221 2 249 2 4194304 0 0 0 0 0 0 8388608 0 0 0 0 0 0 12582912 0 0 0 0 0 0
81 2 222 2 250 2 16777216 0 0 0 0 0 0 33554432 0 0 0 0 0 0 50331648 0 0 0 0 0 0
82 2 223 2 251 2 67108864 0 0 0 0 0 0 134217728 0 0 0 0 0 0 201326592 0 0 0 0 0 0
83 2 112 2 252 2 268435456 0 0 0 0 0 0 536870912 0 0 0 0 0 0 805306368 0 0 0 0 0 0
84 2 113 2 253 2 1073741824 0 0 0 0 0 0 2147483648 0 0 0 0 0 0 3221225472 0 0 0 0 0 0
85 2 114 2 254 2 4294967296 0 0 0 0 0 0 8589934592 0 0 0 0 0 0 12884901888 0 0 0 0 0 0
86 2 115 2 255 2 17179869184 0 0 0 0 0 0 34359738368 0 0 0 0 0 0 51539607552 0 0 0 0 0 0
87 2 116 2 256 2 68719476736 0 0 0 0 0 0 137438953472 0 0 0 0 0 0 206158430208 0 0 0 0 0 0
88 2 117 2 257 2 274877906944 0 0 0 0 0 0 549755813888 0 0 0 0 0 0 824633720832 0 0 0 0 0 0
89 2 118 2 258 2 1099511627776 0 0 0 0 0 0 2199023255552 0 0 0 0 0 0 3298534883328 0 0 0 0 0 0
90 2 119 2 259 2 4398046511104 0 0 0 0 0 0 8796093022208 0 0 0 0 0 0 13194139533312 0 0 0 0 0 0
91 2 120 2 260 2 17592186044416 0 0 0 0 0 0 35184372088832 0 0 0 0 0 0 52776558133248 0 0 0 0 0 0
92 2 121 2 261 2 70368744177664 0 0 0 0 0 0 140737488355328 0 0 0 0 0 0 211106232532992 0 0 0 0 0 0
93 2 122 2 262 2 281474976710656 0 0 0 0 0 0 562949953421312 0 0 0 0 0 0 844424930131968 0 0 0 0 0 0
94 2 123 2 263 2 1125899906842624 0 0 0 0 0 0 2251799813685248 0 0 0 0 0 0 3377699720527872 0 0 0 0 0 0
95 2 124 2 264 2 4503599627370496 0 0 0 0 0 0 9007199254740992 0 0 0 0 0 0 13510798882111488 0 0 0 0 0 0
96 2 125 2 265 2 18014398509481984 0 0 0 0 0 0 36028797018963968 0 0 0 0 0 0 54043195528445952 0 0 0 0 0 0
97 2 126 2 266 2 72057594037927936 0 0 0 0 0 0 144115188075855872 0 0 0 0 0 0 216172782113783808 0 0 0 0 0 0
98 2 127 2 267 2 288230376151711744 0 0 0 0 0 0 576460752303423488 0 0 0 0 0 0 864691128455135232 0 0 0 0 0 0
99 2 128 2 268 2 1152921504606846976 0 0 0 0 0 0 2305843009213693952 0 0 0 0 0 0 3458764513820540928 0 0 0 0 0 0
100 2 129 2 269 2 4611686018427387904 0 0 0 0 0 0 9223372036854775808 0 0 0 0 0 0 13835058055282163712 0 0 0 0 0 0
101 2 130 2 270 2 0 1 0 0 0 0 0 0 2 0 0 0 0 0 0 3 0 0 0 0 0
102 2 131 2 271 2 0 4 0 0 0 0 0 0 8 0 0 0 0 0 0 12 0 0 0 0 0
103 2 132 2 272 2 0 16 0 0 0 0 0 0 32 0 0 0 0 0 0 48 0 0 0 0 0
104 2 133 2 273 2 0 64 0 0 0 0 0 0 128 0 0 0 0 0 0 192 0 0 0 0 0
105 2 134 2 274 2 0 256 0 0 0 0 0 0 512 0 0 0 0 0 0 768 0 0 0 0 0
106 2 135 2 275 2 0 1024 0 0 0 0 0 0 2048 0 0 0 0 0 0 3072 0 0 0 0 0
107 2 136 2 276 2 0 4096 0 0 0 0 0 0 8192 0 0 0 0 0 0 12288 0 0 0 0 0
108 2 137 2 277 2 0 16384 0 0 0 0 0 0 32768 0 0 0 0 0 0 49152 0 0 0 0 0
109 2 138 2 278 2 0 65536 0 0 0 0 0 0 131072 0 0 0 0 0 0 196608 0 0 0 0 0
110 2 139 2 279 2 0 262144 0 0 0 0 0 0 524288 0 0 0 0 0 0 786432 0 0 0 0 0
111 2 140 2 280 2 0 1048576 0 0 0 0 0 0 2097152 0 0 0 0 0 0 3145728 0 0 0 0 0
0 2 141 2 281 2 0 4194304 0 0 0 0 0 0 8388608 0 0 0 0 0 0 12582912 0 0 0 0 0
1 2 142 2 282 2 0 16777216 0 0 0 0 0 0 33554432 0 0 0 0 0 0 50331648 0 0 0 0 0
2 2 143 2 283 2 0 67108864 0 0 0 0 0 0 134217728 0 0 0 0 0 0 201326592 0 0 0 0 0
3 2 144 2 284 2 0 268435456 0 0 0 0 0 0 536870912 0 0 0 0 0 0 805306368 0 0 0 0 0
4 2 145 2 285 2 0 1073741824 0 0 0 0 0 0 2147483648 0 0 0 0 0 0 3221225472 0 0 0 0 0
5 2 146 2 286 2 0 4294967296 0 0 0 0 0 0 8589934592 0 0 0 0 0 0 12884901888 0 0 0 0 0
6 2 147 2 287 2 0 17179869184 0 0 0 0 0 0 34359738368 0 0 0 0 0 0 51539607552 0 0 0 0 0
7 2 148 2 288 2 0 68719476736 0 0 0 0 0 0 137438953472 0 0 0 0 0 0 206158430208 0 0 0 0 0
8 2 149 2 289 2 0 274877906944 0 0 0 0 0 0 549755813888 0 0 0 0 0 0 824633720832 0 0 0 0 0
9 2 150 2 290 2 0 1099511627776 0 0 0 0 0 0 2199023255552 0 0 0 0 0 0 3298534883328 0 0 0 0 0
10 2 151 2 291 2 0 4398046511104 0 0 0 0 0 0 8796093022208 0 0 0 0 0 0 13194139533312 0 0 0 0 0
11 2 152 2 292 2 0 17592186044416 0 0 0 0 0 0 35184372088832 0 0 0 0 0 0 52776558133248 0 0 0 0 0
12 2 153 2 293 2 0 70368744177664 0 0 0 0 0 0 140737488355328 0 0 0 0 0 0 211106232532992 0 0 0 0 0
13 2 154 2 294 2 0 281474976710656 0 0 0 0 0 0 562949953421312 0 0 0 0 0 0 844424930131968 0 0 0 0 0
14 2 155 2 295 2 0 1125899906842624 0 0 0 0 0 0 2251799813685248 0 0 0 0 0 0 3377699720527872 0 0 0 0 0
15 2 156 2 296 2 0 4503599627370496 0 0 0 0 0 0 9007199254740992 0 0 0 0 0 0 13510798882111488 0 0 0 0 0
16 2 157 2 297 2 0 18014398509481984 0 0 0 0 0 0 36028797018963968 0 0 0 0 0 0 54043195528445952 0 0 0 0 0
17 2 158 2 298 2 0 72057594037927936 0 0 0 0 0 0 144115188075855872 0 0 0 0 0 0 216172782113783808 0 0 0 0 0
18 2 159 2 299 2 0 288230376151711744 0 0 0 0 0 0 576460752303423488 0 0 0 0 0 0 864691128455135232 0 0 0 0 0
19 2 160 2 300 2 0 1152921504606846976 0 0 0 0 0 0 2305843009213693952 0 0 0 0 0 0 3458764513820540928 0 0 0 0 0
20 2 161 2 301 2 0 4611686018427387904 0 0 0 0 0 0 9223372036854775808 0 0 0 0 0 0 13835058055282163712 0 0 0 0 0
21 2 162 2 302 2 0 0 1 0 0 0 0 0 0 2 0 0 0 0 0 0 3 0 0 0 0
22 2 163 2 303 2 0 0 4 0 0 0 0 0 0 8 0 0 0 0 0 0 12 0 0 0 0
23 2 164 2 304 2 0 0 16 0 0 0 0 0 0 32 0 0 0 0 0 0 48 0 0 0 0
24 2 165 2 305 2 0 0 64 0 0 0 0 0 0 128 0 0 0 0 0 0 192 0 0 0 0
25 2 166 2 306 2 0 0 256 0 0 0 0 0 0 512 0 0 0 0 0 0 768 0 0 0 0
26 2 167 2 307 2 0 0 1024 0 0 0 0 0 0 2048 0 0 0 0 0 0 3072 0 0 0 0
27 2 168 2 308 2 0 0 4096 0 0 0 0 0 0 8192 0 0 0 0 0 0 12288 0 0 0 0
28 2 169 2 309 2 0 0 16384 0 0 0 0 0 0 32768 0 0 0 0 0 0 49152 0 0 0 0
29 2 170 2 310 2 0 0 65536 0 0 0 0 0 0 131072 0 0 0 0 0 0 196608 0 0 0 0
30 2 171 2 311 2 0 0 262144 0 0 0 0 0 0 524288 0 0 0 0 0 0 786432 0 0 0 0
31 2 172 2 312 2 0 0 1048576 0 0 0 0 0 0 2097152 0 0 0 0 0 0 3145728 0 0 0 0
32 2 173 2 313 2 0 0 4194304 0 0 0 0 0 0 8388608 0 0 0 0 0 0 12582912 0 0 0 0
33 2 174 2 314 2 0 0 16777216 0 0 0 0 0 0 33554432 0 0 0 0 0 0 50331648 0 0 0 0
34 2 175 2 315 2 0 0 67108864 0 0 0 0 0 0 134217728 0 0 0 0 0 0 201326592 0 0 0 0
35 2 176 2 316 2 0 0 268435456 0 0 0 0 0 0 536870912 0 0 0 0 0 0 805306368 0 0 0 0
36 2 177 2 317 2 0 0 1073741824 0 0 0 0 0 0 2147483648 0 0 0 0 0 0 3221225472 0 0 0 0
37 2 178 2 318 2 0 0 4294967296 0 0 0 0 0 0 8589934592 0 0 0 0 0 0 12884901888 0 0 0 0
38 2 179 2 319 2 0 0 17179869184 0 0 0 0 0 0 34359738368 0 0 0 0 0 0 51539607552 0 0 0 0
39 2 180 2 320 2 0 0 68719476736 0 0 0 0 0 0 137438953472 0 0 0 0 0 0 206158430208 0 0 0 0
40 2 181 2 321 2 0 0 274877906944 0 0 0 0 0 0 549755813888 0 0 0 0 0 0 824633720832 0 0 0 0
41 2 182 2 322 2 0 0 1099511627776 0 0 0 0 0 0 2199023255552 0 0 0 0 0 0 3298534883328 0 0 0 0
42 2 183 2 323 2 0 0 4398046511104 0 0 0 0 0 0 8796093022208 0 0 0 0 0 0 13194139533312 0 0 0 0
43 2 184 2 324 2 0 0 17592186044416 0 0 0 0 0 0 35184372088832 0 0 0 0 0 0 52776558133248 0 0 0 0
44 2 185 2 325 2 0 0 70368744177664 0 0 0 0 0 0 140737488355328 0 0 0 0 0 0 211106232532992 0 0 0 0
45 2 186 2 326 2 0 0 281474976710656 0 0 0 0 0 0 562949953421312 0 0 0 0 0 0 844424930131968 0 0 0 0
46 2 187 2 327 2 0 0 1125899906842624 0 0 0 0 0 0 2251799813685248 0 0 0 0 0 0 3377699720527872 0 0 0 0
47 2 188 2 328 2 0 0 4503599627370496 0 0 0 0 0 0 9007199254740992 0 0 0 0 0 0 13510798882111488 0 0 0 0
48 2 189 2 329 2 0 0 18014398509481984 0 0 0 0 0 0 36028797018963968 0 0 0 0 0 0 54043195528445952 0 0 0 0
49 2 190 2 330 2 0 0 72057594037927936 0 0 0 0 0 0 144115188075855872 0 0 0 0 0 0 216172782113783808 0 0 0 0
50 2 191 2 331 2 0 0 288230376151711744 0 0 0 0 0 0 576460752303423488 0 0 0 0 0 0 864691128455135232 0 0 0 0
51 2 192 2 332 2 0 0 1152921504606846976 0 0 0 0 0 0 2305843009213693952 0 0 0 0 0 0 3458764513820540928 0 0 0 0
52 2 193 2 333 2 0 0 4611686018427387904 0 0 0 0 0 0 9223372036854775808 0 0 0 0 0 0 13835058055282163712 0 0 0 0
53 2 194 2 334 2 0 0 0 1 0 0 0 0 0 0 2 0 0 0 0 0 0 3 0 0 0
54 2 195 2 335 2 0 0 0 4 0 0 0 0 0 0 8 0 0 0 0 0 0 12 0 0 0
55 2 196 2 224 2 0 0 0 16 0 0 0 0 0 0 32 0 0 0 0 0 0 48 0 0 0
56 2 197 2 225 2 0 0 0 64 0 0 0 0 0 0 128 0 0 0 0 0 0 192 0 0 0
57 2 198 2 226 2 0 0 0 256 0 0 0 0 0 0 512 0 0 0 0 0 0 768 0 0 0
58 2 199 2 227 2 0 0 0 1024 0 0 0 0 0 0 2048 0 0 0 0 0 0 3072 0 0 0
59 2 200 2 228 2 0 0 0 4096 0 0 0 0 0 0 8192 0 0 0 0 0 0 12288 0 0 0
60 2 201 2 229 2 0 0 0 16384 0 0 0 0 0 0 32768 0 0 0 0 0 0 49152 0 0 0
61 2 202 2 230 2 0 0 0 65536 0 0 0 0 0 0 131072 0 0 0 0 0 0 196608 0 0 0
62 2 203 2 231 2 0 0 0 262144 0 0 0 0 0 0 524288 0 0 0 0 0 0 786432 0 0 0
63 2 204 2 232 2 0 0 0 1048576 0 0 0 0 0 0 2097152 0 0 0 0 0 0 3145728 0 0 0
64 2 205 2 233 2 0 0 0 4194304 0 0 0 0 0 0 8388608 0 0 0 0 0 0 12582912 0 0 0
65 2 206 2 234 2 0 0 0 16777216 0 0 0 0 0 0 33554432 0 0 0 0 0 0 50331648 0 0 0
66 2 207 2 235 2 0 0 0 67108864 0 0 0 0 0 0 134217728 0 0 0 0 0 0 201326592 0 0 0
67 2 208 2 236 2 0 0 0 268435456 0 0 0 0 0 0 536870912 0 0 0 0 0 0 805306368 0 0 0
68 2 209 2 237 2 0 0 0 1073741824 0 0 0 0 0 0 2147483648 0 0 0 0 0 0 3221225472 0 0 0
0 2 127 1 323 1 0 0 0 0 0 0 0 0 0 0 0 0 0 0 0 0 0 0 0 0 0
1 2 128 1 324 1 0 0 0 0 0 0 0 0 0 0 0 0 0 0 0 0 0 0 0 0 0
2 2 129 1 325 1 0 0 0 0 0 0 0 0 0 0 0 0 0 0 0 0 0 0 0 0 0
3 2 130 1 326 1 0 0 0 0 0 0 0 0 0 0 0 0 0 0 0 0 0 0 0 0 0
4 2 131 1 327 1 0 0 0 0 0 0 0 0 0 0 0 0 0 0 0 0 0 0 0 0 0
5 2 132 1 328 1 0 0 0 0 0 0 0 0 0 0 0 0 0 0 0 0 0 0 0 0 0
6 2 133 1 329 1 0 0 0 0 0 0 0 0 0 0 0 0 0 0 0 0 0 0 0 0 0
7 2 134 1 330 1 0 0 0 0 0 0 0 0 0 0 0 0 0 0 0 0 0 0 0 0 0
8 2 135 1 331 1 0 0 0 0 0 0 0 0 0 0 0 0 0 0 0 0 0 0 0 0 0
9 2 136 1 332 1 0 0 0 0 0 0 0 0 0 0 0 0 0 0 0 0 0 0 0 0 0
10 2 137 1 333 1 0 0 0 0 0 0 0 0 0 0 0 0 0 0 0 0 0 0 0 0 0
11 2 138 1 334 1 0 0 0 0 0 0 0 0 0 0 0 0 0 0 0 0 0 0 0 0 0
12 2 139 1 335 1 0 0 0 0 0 0 0 0 0 0 0 0 0 0 0 0 0 0 0 0 0
13 2 140 1 224 1 0 0 0 0 0 0 0 0 0 0 0 0 0 0 0 0 0 0 0 0 0
14 2 141 1 225 1 0 0 0 0 0 0 0 0 0 0 0 0 0 0 0 0 0 0 0 0 0
15 2 142 1 226 1 0 0 0 0 0 0 0 0 0 0 0 0 0 0 0 0 0 0 0 0 0
16 2 143 1 227 1 0 0 0 0 0 0 0 0 0 0 0 0 0 0 0 0 0 0 0 0 0
17 2 144 1 228 1 0 0 0 0 0 0 0 0 0 0 0 0 0 0 0 0 0 0 0 0 0
18 2 145 1 229 1 0 0 0 0 0 0 0 0 0 0 0 0 0 0 0 0 0 0 0 0 0
19 2 146 1 230 1 0 0 0 0 0 0 0 0 0 0 0 0 0 0 0 0 0 0 0 0 0
20 2 147 1 231 1 0 0 0 0 0 0 0 0 0 0 0 0 0 0 0 0 0 0 0 0 0
21 2 148 1 232 1 0 0 0 0 0 0 0 0 0 0 0 0 0 0 0 0 0 0 0 0 0
22 2 149 1 233 1 0 0 0 0 0 0 0 0 0 0 0 0 0 0 0 0 0 0 0 0 0
23 2 150 1 234 1 0 0 0 0 0 0 0 0 0 0 0 0 0 0 0 0 0 0 0 0 0
24 2 151 1 235 1 0 0 0 0 0 0 0 0 0 0 0 0 0 0 0 0 0 0 0 0 0
25 2 152 1 236 1 0 0 0 0 0 0 0 0 0 0 0 0 0 0 0 0 0 0 0 0 0
26 2 153 1 237 1 0 0 0 0 0 0 0 0 0 0 0 0 0 0 0 0 0 0 0 0 0
27 2 154 1 238 1 0 0 0 0 0 0 0 0 0 0 0 0 0 0 0 0 0 0 0 0 0
28 2 155 1 239 1 0 0 0 0 0 0 0 0 0 0 0 0 0 0 0 0 0 0 0 0 0
29 2 156 1 240 1 0 0 0 0 0 0 0 0 0 0 0 0 0 0 0 0 0 0 0 0 0
30 2 157 1 241 1 0 0 0 0 0 0 0 0 0 0 0 0 0 0 0 0 0 0 0 0 0
31 2 158 1 242 1 0 0 0 0 0 0 0 0 0 0 0 0 0 0 0 0 0 0 0 0 0
32 2 159 1 243 1 0 0 0 0 0 0 0 0 0 0 0 0 0 0 0 0 0 0 0 0 0
33 2 160 1 244 1 0 0 0 0 0 0 0 0 0 0 0 0 0 0 0 0 0 0 0 0 0
34 2 161 1 245 1 0 0 0 0 0 0 0 0 0 0 0 0 0 0 0 0 0 0 0 0 0
35 2 162 1 246 1 0 0 0 0 0 0 0 0 0 0 0 0 0 0 0 0 0 0 0 0 0
36 2 163 1 247 1 0 0 0 0 0 0 0 0 0 0 0 0 0 0 0 0 0 0 0 0 0
37 2 164 1 248 1 0 0 0 0 0 0 0 0 0 0 0 0 0 0 0 0 0 0 0 0 0
38 2 165 1 249 1 0 0 0 0 0 0 0 0 0 0 0 0 0 0 0 0 0 0 0 0 0
39 2 166 1 250 1 0 0 0 0 0 0 0 0 0 0 0 0 0 0 0 0 0 0 0 0 0
40 2 167 1 251 1 0 0 0 0 0 0 0 0 0 0 0 0 0 0 0 0 0 0 0 0 0
41 2 168 1 252 1 0 0 0 0 0 0 0 0 0 0 0 0 0 0 0 0 0 0 0 0 0
42 2 169 1 253 1 0 0 0 0 0 0 0 0 0 0 0 0 0 0 0 0 0 0 0 0 0
43 2 170 1 254 1 0 0 0 0 0 0 0 0 0 0 0 0 0 0 0 0 0 0 0 0 0
44 2 171 1 255 1 0 0 0 0 0 0 0 0 0 0 0 0 0 0 0 0 0 0 0 0 0
45 2 172 1 256 1 0 0 0 0 0 0 0 0 0 0 0 0 0 0 0 0 0 0 0 0 0
46 2 173 1 257 1 0 0 0 0 0 0 0 0 0 0 0 0 0 0 0 0 0 0 0 0 0
47 2 174 1 258 1 0 0 0 0 0 0 0 0 0 0 0 0 0 0 0 0 0 0 0 0 0
48 2 175 1 259 1 0 0 0 0 0 0 0 0 0 0 0 0 0 0 0 0 0 0 0 0 0
49 2 176 1 260 1 0 0 0 0 0 0 0 0 0 0 0 0 0 0 0 0 0 0 0 0 0
50 2 177 1 261 1 0 0 0 0 0 0 0 0 0 0 0 0 0 0 0 0 0 0 0 0 0
51 2 178 1 262 1 0 0 0 0 0 0 0 0 0 0 0 0 0 0 0 0 0 0 0 0 0
52 2 179 1 263 1 0 0 0 0 0 0 0 0 0 0 0 0 0 0 0 0 0 0 0 0 0
53 2 180 1 264 1 0 0 0 0 0 0 0 0 0 0 0 0 0 0 0 0 0 0 0 0 0
54 2 181 1 265 1 0 0 0 0 0 0 0 0 0 0 0 0 0 0 0 0 0 0 0 0 0
55 2 182 1 266 1 0 0 0 0 0 0 0 0 0 0 0 0 0 0 0 0 0 0 0 0 0
56 2 183 1 267 1 0 0 0 0 0 0 0 0 0 0 0 0 0 0 0 0 0 0 0 0 0
57 2 184 1 268 1 0 0 0 0 0 0 0 0 0 0 0 0 0 0 0 0 0 0 0 0 0
58 2 185 1 269 1 0 0 0 0 0 0 0 0 0 0 0 0 0 0 0 0 0 0 0 0 0
59 2 186 1 270 1 0 0 0 0 0 0 0 0 0 0 0 0 0 0 0 0 0 0 0 0 0
60 2 187 1 271 1 0 0 0 0 0 0 0 0 0 0 0 0 0 0 0 0 0 0 0 0 0
61 2 188 1 272 1 0 0 0 0 0 0 0 0 0 0 0 0 0 0 0 0 0 0 0 0 0
62 2 189 1 273 1 0 0 0 0 0 0 0 0 0 0 0 0 0 0 0 0 0 0 0 0 0
63 2 190 1 274 1 0 0 0 0 0 0 0 0 0 0 0 0 0 0 0 0 0 0 0 0 0
64 2 191 1 275 1 0 0 0 0 0 0 0 0 0 0 0 0 0 0 0 0 0 0 0 0 0
65 2 192 1 276 1 0 0 0 0 0 0 0 0 0 0 0 0 0 0 0 0 0 0 0 0 0
66 2 193 1 277 1 0 0 0 0 0 0 0 0 0 0 0 0 0 0 0 0 0 0 0 0 0
67 2 194 1 278 1 0 0 0 0 0 0 0 0 0 0 0 0 0 0 0 0 0 0 0 0 0
68 2 195 1 279 1 0 0 0 0 0 0 0 0 0 0 0 0 0 0 0 0 0 0 0 0 0
69 2 196 1 280 1 0 0 0 0 0 0 0 0 0 0 0 0 0 0 0 0 0 0 0 0 0
70 2 197 1 281 1 0 0 0 0 0 0 0 0 0 0 0 0 0 0 0 0 0 0 0 0 0
71 2 198 1 282 1 0 0 0 0 0 0 0 0 0 0 0 0 0 0 0 0 0 0 0 0 0
72 2 199 1 283 1 0 0 0 0 0 0 0 0 0 0 0 0 0 0 0 0 0 0 0 0 0
73 2 200 1 284 1 0 0 0 0 0 0 0 0 0 0 0 0 0 0 0 0 0 0 0 0 0
74 2 201 1 285 1 0 0 0 0 0 0 0 0 0 0 0 0 0 0 0 0 0 0 0 0 0
75 2 202 1 286 1 0 0 0 0 0 0 0 0 0 0 0 0 0 0 0 0 0 0 0 0 0
76 2 203 1 287 1 0 0 0 0 0 0 0 0 0 0 0 0 0 0 0 0 0 0 0 0 0
77 2 204 1 288 1 0 0 0 0 0 0 0 0 0 0 0 0 0 0 0 0 0 0 0 0 0
78 2 205 1 289 1 0 0 0 0 0 0 0 0 0 0 0 0 0 0 0 0 0 0 0 0 0
79 2 206 1 290 1 0 0 0 0 0 0 0 0 0 0 0 0 0 0 0 0 0 0 0 0 0
80 2 207 1 291 1 0 0 0 0 0 0 0 0 0 0 0 0 0 0 0 0 0 0 0 0 0
81 2 208 1 292 1 0 0 0 0 0 0 0 0 0 0 0 0 0 0 0 0 0 0 0 0 0
82 2 209 1 293 1 0 0 0 0 0 0 0 0 0 0 0 0 0 0 0 0 0 0 0 0 0
83 2 210 1 294 1 0 0 0 0 0 0 0 0 0 0 0 0 0 0 0 0 0 0 0 0 0
84 2 211 1 295 1 0 0 0 0 0 0 0 0 0 0 0 0 0 0 0 0 0 0 0 0 0
85 2 212 1 296 1 0 0 0 0 0 0 0 0 0 0 0 0 0 0 0 0 0 0 0 0 0
86 2 213 1 297 1 0 0 0 0 0 0 0 0 0 0 0 0 0 0 0 0 0 0 0 0 0
87 2 214 1 298 1 0 0 0 0 0 0 0 0 0 0 0 0 0 0 0 0 0 0 0 0 0
88 2 215 1 299 1 0 0 0 0 0 0 0 0 0 0 0 0 0 0 0 0 0 0 0 0 0
89 2 216 1 300 1 0 0 0 0 0 0 0 0 0 0 0 0 0 0 0 0 0 0 0 0 0
90 2 217 1 301 1 0 0 0 0 0 0 0 0 0 0 0 0 0 0 0 0 0 0 0 0 0
91 2 218 1 302 1 0 0 0 0 0 0 0 0 0 0 0 0 0 0 0 0 0 0 0 0 0
92 2 219 1 303 1 0 0 0 0 0 0 0 0 0 0 0 0 0 0 0 0 0 0 0 0 0
93 2 220 1 304 1 0 0 0 0 0 0 0 0 0 0 0 0 0 0 0 0 0 0 0 0 0
94 2 221 1 305 1 0 0 0 0 0 0 0 0 0 0 0 0 0 0 0 0 0 0 0 0 0
95 2 222 1 306 1 0 0 0 0 0 0 0 0 0 0 0 0 0 0 0 0 0 0 0 0 0
96 2 223 1 307 1 0 0 0 0 0 0 0 0 0 0 0 0 0 0 0 0 0 0 0 0 0
97 2 112 1 308 1 0 0 0 0 0 0 0 0 0 0 0 0 0 0 0 0 0 0 0 0 0
98 2 113 1 309 1 0 0 0 0 0 0 0 0 0 0 0 0 0 0 0 0 0 0 0 0 0
99 2 114 1 310 1 0 0 0 0 0 0 0 0 0 0 0 0 0 0 0 0 0 0 0 0 0
100 2 115 1 311 1 0 0 0 0 0 0 0 0 0 0 0 0 0 0 0 0 0 0 0 0 0
101 2 116 1 312 1 0 0 0 0 0 0 0 0 0 0 0 0 0 0 0 0 0 0 0 0 0
102 2 117 1 313 1 0 0 0 0 0 0 0 0 0 0 0 0 0 0 0 0 0 0 0 0 0
103 2 118 1 314 1 0 0 0 0 0 0 0 0 0 0 0 0 0 0 0 0 0 0 0 0 0
104 2 119 1 315 1 0 0 0 0 0 0 0 0 0 0 0 0 0 0 0 0 0 0 0 0 0
105 2 120 1 316 1 0 0 0 0 0 0 0 0 0 0 0 0 0 0 0 0 0 0 0 0 0
106 2 121 1 317 1 0 0 0 0 0 0 0 0 0 0 0 0 0 0 0 0 0 0 0 0 0
107 2 122 1 318 1 0 0 0 0 0 0 0 0 0 0 0 0 0 0 0 0 0 0 0 0 0
108 2 123 1 319 1 0 0 0 0 0 0 0 0 0 0 0 0 0 0 0 0 0 0 0 0 0
109 2 124 1 320 1 0 0 0 0 0 0 0 0 0 0 0 0 0 0 0 0 0 0 0 0 0
110 2 125 1 321 1 0 0 0 0 0 0 0 0 0 0 0 0 0 0 0 0 0 0 0 0 0
111 2 126 1 322 1 0 0 0 0 0 0 0 0 0 0 0 0 0 0 0 0 0 0 0 0 0
69 1 112 2 322 1 0 0 0 0 0 0 0 0 0 0 0 0 0 0 0 0 0 0 0 0 0
70 1 113 2 323 1 0 0 0 0 0 0 0 0 0 0 0 0 0 0 0 0 0 0 0 0 0
71 1 114 2 324 1 0 0 0 0 0 0 0 0 0 0 0 0 0 0 0 0 0 0 0 0 0
72 1 115 2 325 1 0 0 0 0 0 0 0 0 0 0 0 0 0 0 0 0 0 0 0 0 0
73 1 116 2 326 1 0 0 0 0 0 0 0 0 0 0 0 0 0 0 0 0 0 0 0 0 0
74 1 117 2 327 1 0 0 0 0 0 0 0 0 0 0 0 0 0 0 0 0 0 0 0 0 0
75 1 118 2 328 1 0 0 0 0 0 0 0 0 0 0 0 0 0 0 0 0 0 0 0 0 0
76 1 119 2 329 1 0 0 0 0 0 0 0 0 0 0 0 0 0 0 0 0 0 0 0 0 0
77 1 120 2 330 1 0 0 0 0 0 0 0 0 0 0 0 0 0 0 0 0 0 0 0 0 0
78 1 121 2 331 1 0 0 0 0 0 0 0 0 0 0 0 0 0 0 0 0 0 0 0 0 0
79 1 122 2 332 1 0 0 0 0 0 0 0 0 0 0 0 0 0 0 0 0 0 0 0 0 0
80 1 123 2 333 1 0 0 0 0 0 0 0 0 0 0 0 0 0 0 0 0 0 0 0 0 0
81 1 124 2 334 1 0 0 0 0 0 0 0 0 0 0 0 0 0 0 0 0 0 0 0 0 0
82 1 125 2 335 1 0 0 0 0 0 0 0 0 0 0 0 0 0 0 0 0 0 0 0 0 0
83 1 126 2 224 1 0 0 0 0 0 0 0 0 0 0 0 0 0 0 0 0 0 0 0 0 0
84 1 127 2 225 1 0 0 0 0 0 0 0 0 0 0 0 0 0 0 0 0 0 0 0 0 0
85 1 128 2 226 1 0 0 0 0 0 0 0 0 0 0 0 0 0 0 0 0 0 0 0 0 0
86 1 129 2 227 1 0 0 0 0 0 0 0 0 0 0 0 0 0 0 0 0 0 0 0 0 0
87 1 130 2 228 1 0 0 0 0 0 0 0 0 0 0 0 0 0 0 0 0 0 0 0 0 0
88 1 131 2 229 1 0 0 0 0 0 0 0 0 0 0 0 0 0 0 0 0 0 0 0 0 0
89 1 132 2 230 1 0 0 0 0 0 0 0 0 0 0 0 0 0 0 0 0 0 0 0 0 0
90 1 133 2 231 1 0 0 0 0 0 0 0 0 0 0 0 0 0 0 0 0 0 0 0 0 0
91 1 134 2 232 1 0 0 0 0 0 0 0 0 0 0 0 0 0 0 0 0 0 0 0 0 0
92 1 135 2 233 1 0 0 0 0 0 0 0 0 0 0 0 0 0 0 0 0 0 0 0 0 0
93 1 136 2 234 1 0 0 0 0 0 0 0 0 0 0 0 0 0 0 0 0 0 0 0 0 0
94 1 137 2 235 1 0 0 0 0 0 0 0 0 0 0 0 0 0 0 0 0 0 0 0 0 0
95 1 138 2 236 1 0 0 0 0 0 0 0 0 0 0 0 0 0 0 0 0 0 0 0 0 0
96 1 139 2 237 1 0 0 0 0 0 0 0 0 0 0 0 0 0 0 0 0 0 0 0 0 0
97 1 140 2 238 1 0 0 0 0 0 0 0 0 0 0 0 0 0 0 0 0 0 0 0 0 0
98 1 141 2 239 1 0 0 0 0 0 0 0 0 0 0 0 0 0 0 0 0 0 0 0 0 0
99 1 142 2 240 1 0 0 0 0 0 0 0 0 0 0 0 0 0 0 0 0 0 0 0 0 0
100 1 143 2 241 1 0 0 0 0 0 0 0 0 0 0 0 0 0 0 0 0 0 0 0 0 0
101 1 144 2 242 1 0 0 0 0 0 0 0 0 0 0 0 0 0 0 0 0 0 0 0 0 0
102 1 145 2 243 1 0 0 0 0 0 0 0 0 0 0 0 0 0 0 0 0 0 0 0 0 0
103 1 146 2 244 1 0 0 0 0 0 0 0 0 0 0 0 0 0 0 0 0 0 0 0 0 0
104 1 147 2 245 1 0 0 0 0 0 0 0 0 0 0 0 0 0 0 0 0 0 0 0 0 0
105 1 148 2 246 1 0 0 0 0 0 0 0 0 0 0 0 0 0 0 0 0 0 0 0 0 0
106 1 149 2 247 1 0 0 0 0 0 0 0 0 0 0 0 0 0 0 0 0 0 0 0 0 0
107 1 150 2 248 1 0 0 0 0 0 0 0 0 0 0 0 0 0 0 0 0 0 0 0 0 0
108 1 151 2 249 1 0 0 0 0 0 0 0 0 0 0 0 0 0 0 0 0 0 0 0 0 0
109 1 152 2 250 1 0 0 0 0 0 0 0 0 0 0 0 0 0 0 0 0 0 0 0 0 0
110 1 153 2 251 1 0 0 0 0 0 0 0 0 0 0 0 0 0 0 0 0 0 0 0 0 0
111 1 154 2 252 1 0 0 0 0 0 0 0 0 0 0 0 0 0 0 0 0 0 0 0 0 0
0 1 155 2 253 1 0 0 0 0 0 0 0 0 0 0 0 0 0 0 0 0 0 0 0 0 0
1 1 156 2 254 1 0 0 0 0 0 0 0 0 0 0 0 0 0 0 0 0 0 0 0 0 0
2 1 157 2 255 1 0 0 0 0 0 0 0 0 0 0 0 0 0 0 0 0 0 0 0 0 0
3 1 158 2 256 1 0 0 0 0 0 0 0 0 0 0 0 0 0 0 0 0 0 0 0 0 0
4 1 159 2 257 1 0 0 0 0 0 0 0 0 0 0 0 0 0 0 0 0 0 0 0 0 0
5 1 160 2 258 1 0 0 0 0 0 0 0 0 0 0 0 0 0 0 0 0 0 0 0 0 0
6 1 161 2 259 1 0 0 0 0 0 0 0 0 0 0 0 0 0 0 0 0 0 0 0 0 0
7 1 162 2 260 1 0 0 0 0 0 0 0 0 0 0 0 0 0 0 0 0 0 0 0 0 0
8 1 163 2 261 1 0 0 0 0 0 0 0 0 0 0 0 0 0 0 0 0 0 0 0 0 0
9 1 164 2 262 1 0 0 0 0 0 0 0 0 0 0 0 0 0 0 0 0 0 0 0 0 0
10 1 165 2 263 1 0 0 0 0 0 0 0 0 0 0 0 0 0 0 0 0 0 0 0 0 0
11 1 166 2 264 1 0 0 0 0 0 0 0 0 0 0 0 0 0 0 0 0 0 0 0 0 0
12 1 167 2 265 1 0 0 0 0 0 0 0 0 0 0 0 0 0 0 0 0 0 0 0 0 0
13 1 168 2 266 1 0 0 0 0 0 0 0 0 0 0 0 0 0 0 0 0 0 0 0 0 0
14 1 169 2 267 1 0 0 0 0 0 0 0 0 0 0 0 0 0 0 0 0 0 0 0 0 0
15 1 170 2 268 1 0 0 0 0 0 0 0 0 0 0 0 0 0 0 0 0 0 0 0 0 0
16 1 171 2 269 1 0 0 0 0 0 0 0 0 0 0 0 0 0 0 0 0 0 0 0 0 0
17 1 172 2 270 1 0 0 0 0 0 0 0 0 0 0 0 0 0 0 0 0 0 0 0 0 0
18 1 173 2 271 1 0 0 0 0 0 0 0 0 0 0 0 0 0 0 0 0 0 0 0 0 0
19 1 174 2 272 1 0 0 0 0 0 0 0 0 0 0 0 0 0 0 0 0 0 0 0 0 0
20 1 175 2 273 1 0 0 0 0 0 0 0 0 0 0 0 0 0 0 0 0 0 0 0 0 0
21 1 176 2 274 1 0 0 0 0 0 0 0 0 0 0 0 0 0 0 0 0 0 0 0 0 0
22 1 177 2 275 1 0 0 0 0 0 0 0 0 0 0 0 0 0 0 0 0 0 0 0 0 0
23 1 178 2 276 1 0 0 0 0 0 0 0 0 0 0 0 0 0 0 0 0 0 0 0 0 0
24 1 179 2 277 1 0 0 0 0 0 0 0 0 0 0 0 0 0 0 0 0 0 0 0 0 0
25 1 180 2 278 1 0 0 0 0 0 0 0 0 0 0 0 0 0 0 0 0 0 0 0 0 0
26 1 181 2 279 1 0 0 0 0 0 0 0 0 0 0 0 0 0 0 0 0 0 0 0 0 0
27 1 182 2 280 1 0 0 0 0 0 0 0 0 0 0 0 0 0 0 0 0 0 0 0 0 0
28 1 183 2 281 1 0 0 0 0 0 0 0 0 0 0 0 0 0 0 0 0 0 0 0 0 0
29 1 184 2 282 1 0 0 0 0 0 0 0 0 0 0 0 0 0 0 0 0 0 0 0 0 0
30 1 185 2 283 1 0 0 0 0 0 0 0 0 0 0 0 0 0 0 0 0 0 0 0 0 0
31 1 186 2 284 1 0 0 0 0 0 0 0 0 0 0 0 0 0 0 0 0 0 0 0 0 0
32 1 187 2 285 1 0 0 0 0 0 0 0 0 0 0 0 0 0 0 0 0 0 0 0 0 0
33 1 188 2 286 1 0 0 0 0 0 0 0 0 0 0 0 0 0 0 0 0 0 0 0 0 0
34 1 189 2 287 1 0 0 0 0 0 0 0 0 0 0 0 0 0 0 0 0 0 0 0 0 0
35 1 190 2 288 1 0 0 0 0 0 0 0 0 0 0 0 0 0 0 0 0 0 0 0 0 0
36 1 191 2 289 1 0 0 0 0 0 0 0 0 0 0 0 0 0 0 0 0 0 0 0 0 0
37 1 192 2 290 1 0 0 0 0 0 0 0 0 0 0 0 0 0 0 0 0 0 0 0 0 0
38 1 193 2 291 1 0 0 0 0 0 0 0 0 0 0 0 0 0 0 0 0 0 0 0 0 0
39 1 194 2 292 1 0 0 0 0 0 0 0 0 0 0 0 0 0 0 0 0 0 0 0 0 0
40 1 195 2 293 1 0 0 0 0 0 0 0 0 0 0 0 0 0 0 0 0 0 0 0 0 0
41 1 196 2 294 1 0 0 0 0 0 0 0 0 0 0 0 0 0 0 0 0 0 0 0 0 0
42 1 197 2 295 1 0 0 0 0 0 0 0 0 0 0 0 0 0 0 0 0 0 0 0 0 0
43 1 198 2 296 1 0 0 0 0 0 0 0 0 0 0 0 0 0 0 0 0 0 0 0 0 0
44 1 199 2 297 1 0 0 0 0 0 0 0 0 0 0 0 0 0 0 0 0 0 0 0 0 0
45 1 200 2 298 1 0 0 0 0 0 0 0 0 0 0 0 0 0 0 0 0 0 0 0 0 0
46 1 201 2 299 1 0 0 0 0 0 0 0 0 0 0 0 0 0 0 0 0 0 0 0 0 0
47 1 202 2 300 1 0 0 0 0 0 0 0 0 0 0 0 0 0 0 0 0 0 0 0 0 0
48 1 203 2 301 1 0 0 0 0 0 0 0 0 0 0 0 0 0 0 0 0 0 0 0 0 0
49 1 204 2 302 1 0 0 0 0 0 0 0 0 0 0 0 0 0 0 0 0 0 0 0 0 0
50 1 205 2 303 1 0 0 0 0 0 0 0 0 0 0 0 0 0 0 0 0 0 0 0 0 0
51 1 206 2 304 1 0 0 0 0 0 0 0 0 0 0 0 0 0 0 0 0 0 0 0 0 0
52 1 207 2 305 1 0 0 0 0 0 0 0 0 0 0 0 0 0 0 0 0 0 0 0 0 0
53 1 208 2 306 1 0 0 0 0 0 0 0 0 0 0 0 0 0 0 0 0 0 0 0 0 0
54 1 209 2 307 1 0 0 0 0 0 0 0 0 0 0 0 0 0 0 0 0 0 0 0 0 0
55 1 210 2 308 1 0 0 0 0 0 0 0 0 0 0 0 0 0 0 0 0 0 0 0 0 0
56 1 211 2 309 1 0 0 0 0 0 0 0 0 0 0 0 0 0 0 0 0 0 0 0 0 0
57 1 212 2 310 1 0 0 0 0 0 0 0 0 0 0 0 0 0 0 0 0 0 0 0 0 0
58 1 213 2 311 1 0 0 0 0 0 0 0 0 0 0 0 0 0 0 0 0 0 0 0 0 0
59 1 214 2 312 1 0 0 0 0 0 0 0 0 0 0 0 0 0 0 0 0 0 0 0 0 0
60 1 215 2 313 1 0 0 0 0 0 0 0 0 0 0 0 0 0 0 0 0 0 0 0 0 0
61 1 216 2 314 1 0 0 0 0 0 0 0 0 0 0 0 0 0 0 0 0 0 0 0 0 0
62 1 217 2 315 1 0 0 0 0 0 0 0 0 0 0 0 0 0 0 0 0 0 0 0 0 0
63 1 218 2 316 1 0 0 0 0 0 0 0 0 0 0 0 0 0 0 0 0 0 0 0 0 0
64 1 219 2 317 1 0 0 0 0 0 0 0 0 0 0 0 0 0 0 0 0 0 0 0 0 0
65 1 220 2 318 1 0 0 0 0 0 0 0 0 0 0 0 0 0 0 0 0 0 0 0 0 0
66 1 221 2 319 1 0 0 0 0 0 0 0 0 0 0 0 0 0 0 0 0 0 0 0 0 0
67 1 222 2 320 1 0 0 0 0 0 0 0 0 0 0 0 0 0 0 0 0 0 0 0 0 0
68 1 223 2 321 1 0 0 0 0 0 0 0 0 0 0 0 0 0 0 0 0 0 0 0 0 0
111 1 210 1 224 2 0 0 0 0 0 0 0 0 0 0 0 0 0 0 0 0 0 0 0 0 0
0 1 211 1 225 2 0 0 0 0 0 0 0 0 0 0 0 0 0 0 0 0 0 0 0 0 0
1 1 212 1 226 2 0 0 0 0 0 0 0 0 0 0 0 0 0 0 0 0 0 0 0 0 0
2 1 213 1 227 2 0 0 0 0 0 0 0 0 0 0 0 0 0 0 0 0 0 0 0 0 0
3 1 214 1 228 2 0 0 0 0 0 0 0 0 0 0 0 0 0 0 0 0 0 0 0 0 0
4 1 215 1 229 2 0 0 0 0 0 0 0 0 0 0 0 0 0 0 0 0 0 0 0 0 0
5 1 216 1 230 2 0 0 0 0 0 0 0 0 0 0 0 0 0 0 0 0 0 0 0 0 0
6 1 217 1 231 2 0 0 0 0 0 0 0 0 0 0 0 0 0 0 0 0 0 0 0 0 0
7 1 218 1 232 2 0 0 0 0 0 0 0 0 0 0 0 0 0 0 0 0 0 0 0 0 0
8 1 219 1 233 2 0 0 0 0 0 0 0 0 0 0 0 0 0 0 0 0 0 0 0 0 0
9 1 220 1 234 2 0 0 0 0 0 0 0 0 0 0 0 0 0 0 0 0 0 0 0 0 0
10 1 221 1 235 2 0 0 0 0 0 0 0 0 0 0 0 0 0 0 0 0 0 0 0 0 0
11 1 222 1 236 2 0 0 0 0 0 0 0 0 0 0 0 0 0 0 0 0 0 0 0 0 0
12 1 223 1 237 2 0 0 0 0 0 0 0 0 0 0 0 0 0 0 0 0 0 0 0 0 0
13 1 112 1 238 2 0 0 0 0 0 0 0 0 0 0 0 0 0 0 0 0 0 0 0 0 0
14 1 113 1 239 2 0 0 0 0 0 0 0 0 0 0 0 0 0 0 0 0 0 0 0 0 0
15 1 114 1 240 2 0 0 0 0 0 0 0 0 0 0 0 0 0 0 0 0 0 0 0 0 0
16 1 115 1 241 2 0 0 0 0 0 0 0 0 0 0 0 0 0 0 0 0 0 0 0 0 0
17 1 116 1 242 2 0 0 0 0 0 0 0 0 0 0 0 0 0 0 0 0 0 0 0 0 0
18 1 117 1 243 2 0 0 0 0 0 0 0 0 0 0 0 0 0 0 0 0 0 0 0 0 0
19 1 118 1 244 2 0 0 0 0 0 0 0 0 0 0 0 0 0 0 0 0 0 0 0 0 0
20 1 119 1 245 2 0 0 0 0 0 0 0 0 0 0 0 0 0 0 0 0 0 0 0 0 0
21 1 120 1 246 2 0 0 0 0 0 0 0 0 0 0 0 0 0 0 0 0 0 0 0 0 0
22 1 121 1 247 2 0 0 0 0 0 0 0 0 0 0 0 0 0 0 0 0 0 0 0 0 0
23 1 122 1 248 2 0 0 0 0 0 0 0 0 0 0 0 0 0 0 0 0 0 0 0 0 0
24 1 123 1 249 2 0 0 0 0 0 0 0 0 0 0 0 0 0 0 0 0 0 0 0 0 0
25 1 124 1 250 2 0 0 0 0 0 0 0 0 0 0 0 0 0 0 0 0 0 0 0 0 0
26 1 125 1 251 2 0 0 0 0 0 0 0 0 0 0 0 0 0 0 0 0 0 0 0 0 0
27 1 126 1 252 2 0 0 0 0 0 0 0 0 0 0 0 0 0 0 0 0 0 0 0 0 0
28 1 127 1 253 2 0 0 0 0 0 0 0 0 0 0 0 0 0 0 0 0 0 0 0 0 0
29 1 128 1 254 2 0 0 0 0 0 0 0 0 0 0 0 0 0 0 0 0 0 0 0 0 0
30 1 129 1 255 2 0 0 0 0 0 0 0 0 0 0 0 0 0 0 0 0 0 0 0 0 0
31 1 130 1 256 2 0 0 0 0 0 0 0 0 0 0 0 0 0 0 0 0 0 0 0 0 0
32 1 131 1 257 2 0 0 0 0 0 0 0 0 0 0 0 0 0 0 0 0 0 0 0 0 0
33 1 132 1 258 2 0 0 0 0 0 0 0 0 0 0 0 0 0 0 0 0 0 0 0 0 0
34 1 133 1 259 2 0 0 0 0 0 0 0 0 0 0 0 0 0 0 0 0 0 0 0 0 0
35 1 134 1 260 2 0 0 0 0 0 0 0 0 0 0 0 0 0 0 0 0 0 0 0 0 0
36 1 135 1 261 2 0 0 0 0 0 0 0 0 0 0 0 0 0 0 0 0 0 0 0 0 0
37 1 136 1 262 2 0 0 0 0 0 0 0 0 0 0 0 0 0 0 0 0 0 0 0 0 0
38 1 137 1 263 2 0 0 0 0 0 0 0 0 0 0 0 0 0 0 0 0 0 0 0 0 0
39 1 138 1 264 2 0 0 0 0 0 0 0 0 0 0 0 0 0 0 0 0 0 0 0 0 0
40 1 139 1 265 2 0 0 0 0 0 0 0 0 0 0 0 0 0 0 0 0 0 0 0 0 0
41 1 140 1 266 2 0 0 0 0 0 0 0 0 0 0 0 0 0 0 0 0 0 0 0 0 0
42 1 141 1 267 2 0 0 0 0 0 0 0 0 0 0 0 0 0 0 0 0 0 0 0 0 0
43 1 142 1 268 2 0 0 0 0 0 0 0 0 0 0 0 0 0 0 0 0 0 0 0 0 0
44 1 143 1 269 2 0 0 0 0 0 0 0 0 0 0 0 0 0 0 0 0 0 0 0 0 0
45 1 144 1 270 2 0 0 0 0 0 0 0 0 0 0 0 0 0 0 0 0 0 0 0 0 0
46 1 145 1 271 2 0 0 0 0 0 0 0 0 0 0 0 0 0 0 0 0 0 0 0 0 0
47 1 146 1 272 2 0 0 0 0 0 0 0 0 0 0 0 0 0 0 0 0 0 0 0 0 0
48 1 147 1 273 2 0 0 0 0 0 0 0 0 0 0 0 0 0 0 0 0 0 0 0 0 0
49 1 148 1 274 2 0 0 0 0 0 0 0 0 0 0 0 0 0 0 0 0 0 0 0 0 0
50 1 149 1 275 2 0 0 0 0 0 0 0 0 0 0 0 0 0 0 0 0 0 0 0 0 0
51 1 150 1 276 2 0 0 0 0 0 0 0 0 0 0 0 0 0 0 0 0 0 0 0 0 0
52 1 151 1 277 2 0 0 0 0 0 0 0 0 0 0 0 0 0 0 0 0 0 0 0 0 0
53 1 152 1 278 2 0 0 0 0 0 0 0 0 0 0 0 0 0 0 0 0 0 0 0 0 0
54 1 153 1 279 2 0 0 0 0 0 0 0 0 0 0 0 0 0 0 0 0 0 0 0 0 0
55 1 154 1 280 2 0 0 0 0 0 0 0 0 0 0 0 0 0 0 0 0 0 0 0 0 0
56 1 155 1 281 2 0 0 0 0 0 0 0 0 0 0 0 0 0 0 0 0 0 0 0 0 0
57 1 156 1 282 2 0 0 0 0 0 0 0 0 0 0 0 0 0 0 0 0 0 0 0 0 0
58 1 157 1 283 2 0 0 0 0 0 0 0 0 0 0 0 0 0 0 0 0 0 0 0 0 0
59 1 158 1 284 2 0 0 0 0 0 0 0 0 0 0 0 0 0 0 0 0 0 0 0 0 0
60 1 159 1 285 2 0 0 0 0 0 0 0 0 0 0 0 0 0 0 0 0 0 0 0 0 0
61 1 160 1 286 2 0 0 0 0 0 0 0 0 0 0 0 0 0 0 0 0 0 0 0 0 0
62 1 161 1 287 2 0 0 0 0 0 0 0 0 0 0 0 0 0 0 0 0 0 0 0 0 0
63 1 162 1 288 2 0 0 0 0 0 0 0 0 0 0 0 0 0 0 0 0 0 0 0 0 0
64 1 163 1 289 2 0 0 0 0 0 0 0 0 0 0 0 0 0 0 0 0 0 0 0 0 0
65 1 164 1 290 2 0 0 0 0 0 0 0 0 0 0 0 0 0 0 0 0 0 0 0 0 0
66 1 165 1 291 2 0 0 0 0 0 0 0 0 0 0 0 0 0 0 0 0 0 0 0 0 0
67 1 166 1 292 2 0 0 0 0 0 0 0 0 0 0 0 0 0 0 0 0 0 0 0 0 0
68 1 167 1 293 2 0 0 0 0 0 0 0 0 0 0 0 0 0 0 0 0 0 0 0 0 0
69 1 168 1 294 2 0 0 0 0 0 0 0 0 0 0 0 0 0 0 0 0 0 0 0 0 0
70 1 169 1 295 2 0 0 0 0 0 0 0 0 0 0 0 0 0 0 0 0 0 0 0 0 0
71 1 170 1 296 2 0 0 0 0 0 0 0 0 0 0 0 0 0 0 0 0 0 0 0 0 0
72 1 171 1 297 2 0 0 0 0 0 0 0 0 0 0 0 0 0 0 0 0 0 0 0 0 0
73 1 172 1 298 2 0 0 0 0 0 0 0 0 0 0 0 0 0 0 0 0 0 0 0 0 0
74 1 173 1 299 2 0 0 0 0 0 0 0 0 0 0 0 0 0 0 0 0 0 0 0 0 0
75 1 174 1 300 2 0 0 0 0 0 0 0 0 0 0 0 0 0 0 0 0 0 0 0 0 0
76 1 175 1 301 2 0 0 0 0 0 0 0 0 0 0 0 0 0 0 0 0 0 0 0 0 0
77 1 176 1 302 2 0 0 0 0 0 0 0 0 0 0 0 0 0 0 0 0 0 0 0 0 0
78 1 177 1 303 2 0 0 0 0 0 0 0 0 0 0 0 0 0 0 0 0 0 0 0 0 0
79 1 178 1 304 2 0 0 0 0 0 0 0 0 0 0 0 0 0 0 0 0 0 0 0 0 0
80 1 179 1 305 2 0 0 0 0 0 0 0 0 0 0 0 0 0 0 0 0 0 0 0 0 0
81 1 180 1 306 2 0 0 0 0 0 0 0 0 0 0 0 0 0 0 0 0 0 0 0 0 0
82 1 181 1 307 2 0 0 0 0 0 0 0 0 0 0 0 0 0 0 0 0 0 0 0 0 0
83 1 182 1 308 2 0 0 0 0 0 0 0 0 0 0 0 0 0 0 0 0 0 0 0 0 0
84 1 183 1 309 2 0 0 0 0 0 0 0 0 0 0 0 0 0 0 0 0 0 0 0 0 0
85 1 184 1 310 2 0 0 0 0 0 0 0 0 0 0 0 0 0 0 0 0 0 0 0 0 0
86 1 185 1 311 2 0 0 0 0 0 0 0 0 0 0 0 0 0 0 0 0 0 0 0 0 0
87 1 186 1 312 2 0 0 0 0 0 0 0 0 0 0 0 0 0 0 0 0 0 0 0 0 0
88 1 187 1 313 2 0 0 0 0 0 0 0 0 0 0 0 0 0 0 0 0 0 0 0 0 0
89 1 188 1 314 2 0 0 0 0 0 0 0 0 0 0 0 0 0 0 0 0 0 0 0 0 0
90 1 189 1 315 2 0 0 0 0 0 0 0 0 0 0 0 0 0 0 0 0 0 0 0 0 0
91 1 190 1 316 2 0 0 0 0 0 0 0 0 0 0 0 0 0 0 0 0 0 0 0 0 0
92 1 191 1 317 2 0 0 0 0 0 0 0 0 0 0 0 0 0 0 0 0 0 0 0 0 0
93 1 192 1 318 2 0 0 0 0 0 0 0 0 0 0 0 0 0 0 0 0 0 0 0 0 0
94 1 193 1 319 2 0 0 0 0 0 0 0 0 0 0 0 0 0 0 0 0 0 0 0 0 0
95 1 194 1 320 2 0 0 0 0 0 0 0 0 0 0 0 0 0 0 0 0 0 0 0 0 0
96 1 195 1 321 2 0 0 0 0 0 0 0 0 0 0 0 0 0 0 0 0 0 0 0 0 0
97 1 196 1 322 2 0 0 0 0 0 0 0 0 0 0 0 0 0 0 0 0 0 0 0 0 0
98 1 197 1 323 2 0 0 0 0 0 0 0 0 0 0 0 0 0 0 0 0 0 0 0 0 0
99 1 198 1 324 2 0 0 0 0 0 0 0 0 0 0 0 0 0 0 0 0 0 0 0 0 0
100 1 199 1 325 2 0 0 0 0 0 0 0 0 0 0 0 0 0 0 0 0 0 0 0 0 0
101 1 200 1 326 2 0 0 0 0 0 0 0 0 0 0 0 0 0 0 0 0 0 0 0 0 0
102 1 201 1 327 2 0 0 0 0 0 0 0 0 0 0 0 0 0 0 0 0 0 0 0 0 0
103 1 202 1 328 2 0 0 0 0 0 0 0 0 0 0 0 0 0 0 0 0 0 0 0 0 0
104 1 203 1 329 2 0 0 0 0 0 0 0 0 0 0 0 0 0 0 0 0 0 0 0 0 0
105 1 204 1 330 2 0 0 0 0 0 0 0 0 0 0 0 0 0 0 0 0 0 0 0 0 0
106 1 205 1 331 2 0 0 0 0 0 0 0 0 0 0 0 0 0 0 0 0 0 0 0 0 0
107 1 206 1 332 2 0 0 0 0 0 0 0 0 0 0 0 0 0 0 0 0 0 0 0 0 0
108 1 207 1 333 2 0 0 0 0 0 0 0 0 0 0 0 0 0 0 0 0 0 0 0 0 0
109 1 208 1 334 2 0 0 0 0 0 0 0 0 0 0 0 0 0 0 0 0 0 0 0 0 0
110 1 209 1 335 2 0 0 0 0 0 0 0 0 0 0 0 0 0 0 0 0 0 0 0 0 0
111 3 168 3 238 3 0 0 0 4294967296 0 0 0 0 0 0 8589934592 0 0 0 0 0 0 12884901888 0 0 0
0 3 169 3 239 3 0 0 0 17179869184 0 0 0 0 0 0 34359738368 0 0 0 0 0 0 51539607552 0 0 0
1 3 170 3 240 3 0 0 0 68719476736 0 0 0 0 0 0 137438953472 0 0 0 0 0 0 206158430208 0 0 0
2 3 171 3 241 3 0 0 0 274877906944 0 0 0 0 0 0 549755813888 0 0 0 0 0 0 824633720832 0 0 0
3 3 172 3 242 3 0 0 0 1099511627776 0 0 0 0 0 0 2199023255552 0 0 0 0 0 0 3298534883328 0 0 0
4 3 173 3 243 3 0 0 0 4398046511104 0 0 0 0 0 0 8796093022208 0 0 0 0 0 0 13194139533312 0 0 0
5 3 174 3 244 3 0 0 0 17592186044416 0 0 0 0 0 0 35184372088832 0 0 0 0 0 0 52776558133248 0 0 0
6 3 175 3 245 3 0 0 0 70368744177664 0 0 0 0 0 0 140737488355328 0 0 0 0 0 0 211106232532992 0 0 0
7 3 176 3 246 3 0 0 0 281474976710656 0 0 0 0 0 0 562949953421312 0 0 0 0 0 0 844424930131968 0 0 0
8 3 177 3 247 3 0 0 0 1125899906842624 0 0 0 0 0 0 2251799813685248 0 0 0 0 0 0 3377699720527872 0 0 0
9 3 178 3 248 3 0 0 0 4503599627370496 0 0 0 0 0 0 9007199254740992 0 0 0 0 0 0 13510798882111488 0 0 0
10 3 179 3 249 3 0 0 0 18014398509481984 0 0 0 0 0 0 36028797018963968 0 0 0 0 0 0 54043195528445952 0 0 0
11 3 180 3 250 3 0 0 0 72057594037927936 0 0 0 0 0 0 144115188075855872 0 0 0 0 0 0 216172782113783808 0 0 0
12 3 181 3 251 3 0 0 0 288230376151711744 0 0 0 0 0 0 576460752303423488 0 0 0 0 0 0 864691128455135232 0 0 0
13 3 182 3 252 3 0 0 0 1152921504606846976 0 0 0 0 0 0 2305843009213693952 0 0 0 0 0 0 3458764513820540928 0 0 0
14 3 183 3 253 3 0 0 0 4611686018427387904 0 0 0 0 0 0 9223372036854775808 0 0 0 0 0 0 13835058055282163712 0 0 0
15 3 184 3 254 3 0 0 0 0 1 0 0 0 0 0 0 2 0 0 0 0 0 0 3 0 0
16 3 185 3 255 3 0 0 0 0 4 0 0 0 0 0 0 8 0 0 0 0 0 0 12 0 0
17 3 186 3 256 3 0 0 0 0 16 0 0 0 0 0 0 32 0 0 0 0 0 0 48 0 0
18 3 187 3 257 3 0 0 0 0 64 0 0 0 0 0 0 128 0 0 0 0 0 0 192 0 0
19 3 188 3 258 3 0 0 0 0 256 0 0 0 0 0 0 512 0 0 0 0 0 0 768 0 0
20 3 189 3 259 3 0 0 0 0 1024 0 0 0 0 0 0 2048 0 0 0 0 0 0 3072 0 0
21 3 190 3 260 3 0 0 0 0 4096 0 0 0 0 0 0 8192 0 0 0 0 0 0 12288 0 0
22 3 191 3 261 3 0 0 0 0 16384 0 0 0 0 0 0 32768 0 0 0 0 0 0 49152 0 0
23 3 192 3 262 3 0 0 0 0 65536 0 0 0 0 0 0 131072 0 0 0 0 0 0 196608 0 0
24 3 193 3 263 3 0 0 0 0 262144 0 0 0 0 0 0 524288 0 0 0 0 0 0 786432 0 0
25 3 194 3 264 3 0 0 0 0 1048576 0 0 0 0 0 0 2097152 0 0 0 0 0 0 3145728 0 0
26 3 195 3 265 3 0 0 0 0 4194304 0 0 0 0 0 0 8388608 0 0 0 0 0 0 12582912 0 0
27 3 196 3 266 3 0 0 0 0 16777216 0 0 0 0 0 0 33554432 0 0 0 0 0 0 50331648 0 0
28 3 197 3 267 3 0 0 0 0 67108864 0 0 0 0 0 0 134217728 0 0 0 0 0 0 201326592 0 0
29 3 198 3 268 3 0 0 0 0 268435456 0 0 0 0 0 0 536870912 0 0 0 0 0 0 805306368 0 0
30 3 199 3 269 3 0 0 0 0 1073741824 0 0 0 0 0 0 2147483648 0 0 0 0 0 0 3221225472 0 0
31 3 200 3 270 3 0 0 0 0 4294967296 0 0 0 0 0 0 8589934592 0 0 0 0 0 0 12884901888 0 0
32 3 201 3 271 3 0 0 0 0 17179869184 0 0 0 0 0 0 34359738368 0 0 0 0 0 0 51539607552 0 0
33 3 202 3 272 3 0 0 0 0 68719476736 0 0 0 0 0 0 137438953472 0 0 0 0 0 0 206158430208 0 0
34 3 203 3 273 3 0 0 0 0 274877906944 0 0 0 0 0 0 549755813888 0 0 0 0 0 0 824633720832 0 0
35 3 204 3 274 3 0 0 0 0 1099511627776 0 0 0 0 0 0 2199023255552 0 0 0 0 0 0 3298534883328 0 0
36 3 205 3 275 3 0 0 0 0 4398046511104 0 0 0 0 0 0 8796093022208 0 0 0 0 0 0 13194139533312 0 0
37 3 206 3 276 3 0 0 0 0 17592186044416 0 0 0 0 0 0 35184372088832 0 0 0 0 0 0 52776558133248 0 0
38 3 207 3 277 3 0 0 0 0 70368744177664 0 0 0 0 0 0 140737488355328 0 0 0 0 0 0 211106232532992 0 0
39 3 208 3 278 3 0 0 0 0 281474976710656 0 0 0 0 0 0 562949953421312 0 0 0 0 0 0 844424930131968 0 0
40 3 209 3 279 3 0 0 0 0 1125899906842624 0 0 0 0 0 0 2251799813685248 0 0 0 0 0 0 3377699720527872 0 0
41 3 210 3 280 3 0 0 0 0 4503599627370496 0 0 0 0 0 0 9007199254740992 0 0 0 0 0 0 13510798882111488 0 0
42 3 211 3 281 3 0 0 0 0 18014398509481984 0 0 0 0 0 0 36028797018963968 0 0 0 0 0 0 54043195528445952 0 0
43 3 212 3 282 3 0 0 0 0 72057594037927936 0 0 0 0 0 0 144115188075855872 0 0 0 0 0 0 216172782113783808 0 0
44 3 213 3 283 3 0 0 0 0 288230376151711744 0 0 0 0 0 0 576460752303423488 0 0 0 0 0 0 864691128455135232 0 0
45 3 214 3 284 3 0 0 0 0 1152921504606846976 0 0 0 0 0 0 2305843009213693952 0 0 0 0 0 0 3458764513820540928 0 0
46 3 215 3 285 3 0 0 0 0 4611686018427387904 0 0 0 0 0 0 9223372036854775808 0 0 0 0 0 0 13835058055282163712 0 0
47 3 216 3 286 3 0 0 0 0 0 1 0 0 0 0 0 0 2 0 0 0 0 0 0 3 0
48 3 217 3 287 3 0 0 0 0 0 4 0 0 0 0 0 0 8 0 0 0 0 0 0 12 0
49 3 218 3 288 3 0 0 0 0 0 16 0 0 0 0 0 0 32 0 0 0 0 0 0 48 0
50 3 219 3 289 3 0 0 0 0 0 64 0 0 0 0 0 0 128 0 0 0 0 0 0 192 0
51 3 220 3 290 3 0 0 0 0 0 256 0 0 0 0 0 0 512 0 0 0 0 0 0 768 0
52 3 221 3 291 3 0 0 0 0 0 1024 0 0 0 0 0 0 2048 0 0 0 0 0 0 3072 0
53 3 222 3 292 3 0 0 0 0 0 4096 0 0 0 0 0 0 8192 0 0 0 0 0 0 12288 0
54 3 223 3 293 3 0 0 0 0 0 16384 0 0 0 0 0 0 32768 0 0 0 0 0 0 49152 0
55 3 112 3 294 3 0 0 0 0 0 65536 0 0 0 0 0 0 131072 0 0 0 0 0 0 196608 0
56 3 113 3 295 3 0 0 0 0 0 262144 0 0 0 0 0 0 524288 0 0 0 0 0 0 786432 0
57 3 114 3 296 3 0 0 0 0 0 1048576 0 0 0 0 0 0 2097152 0 0 0 0 0 0 3145728 0
58 3 115 3 297 3 0 0 0 0 0 4194304 0 0 0 0 0 0 8388608 0 0 0 0 0 0 12582912 0
59 3 116 3 298 3 0 0 0 0 0 16777216 0 0 0 0 0 0 33554432 0 0 0 0 0 0 50331648 0
60 3 117 3 299 3 0 0 0 0 0 67108864 0 0 0 0 0 0 134217728 0 0 0 0 0 0 201326592 0
61 3 118 3 300 3 0 0 0 0 0 268435456 0 0 0 0 0 0 536870912 0 0 0 0 0 0 805306368 0
62 3 119 3 301 3 0 0 0 0 0 1073741824 0 0 0 0 0 0 2147483648 0 0 0 0 0 0 3221225472 0
63 3 120 3 302 3 0 0 0 0 0 4294967296 0 0 0 0 0 0 8589934592 0 0 0 0 0 0 12884901888 0
64 3 121 3 303 3 0 0 0 0 0 17179869184 0 0 0 0 0 0 34359738368 0 0 0 0 0 0 51539607552 0
65 3 122 3 304 3 0 0 0 0 0 68719476736 0 0 0 0 0 0 137438953472 0 0 0 0 0 0 206158430208 0
66 3 123 3 305 3 0 0 0 0 0 274877906944 0 0 0 0 0 0 549755813888 0 0 0 0 0 0 824633720832 0
67 3 124 3 306 3 0 0 0 0 0 1099511627776 0 0 0 0 0 0 2199023255552 0 0 0 0 0 0 3298534883328 0
68 3 125 3 307 3 0 0 0 0 0 4398046511104 0 0 0 0 0 0 8796093022208 0 0 0 0 0 0 13194139533312 0
69 3 126 3 308 3 0 0 0 0 0 17592186044416 0 0 0 0 0 0 35184372088832 0 0 0 0 0 0 52776558133248 0
70 3 127 3 309 3 0 0 0 0 0 70368744177664 0 0 0 0 0 0 140737488355328 0 0 0 0 0 0 211106232532992 0
71 3 128 3 310 3 0 0 0 0 0 281474976710656 0 0 0 0 0 0 562949953421312 0 0 0 0 0 0 844424930131968 0
72 3 129 3 311 3 0 0 0 0 0 1125899906842624 0 0 0 0 0 0 2251799813685248 0 0 0 0 0 0 3377699720527872 0
73 3 130 3 312 3 0 0 0 0 0 4503599627370496 0 0 0 0 0 0 9007199254740992 0 0 0 0 0 0 13510798882111488 0
74 3 131 3 313 3 0 0 0 0 0 18014398509481984 0 0 0 0 0 0 36028797018963968 0 0 0 0 0 0 54043195528445952 0
75 3 132 3 314 3 0 0 0 0 0 72057594037927936 0 0 0 0 0 0 144115188075855872 0 0 0 0 0 0 216172782113783808 0
76 3 133 3 315 3 0 0 0 0 0 288230376151711744 0 0 0 0 0 0 576460752303423488 0 0 0 0 0 0 864691128455135232 0
77 3 134 3 316 3 0 0 0 0 0 1152921504606846976 0 0 0 0 0 0 2305843009213693952 0 0 0 0 0 0 3458764513820540928 0
78 3 135 3 317 3 0 0 0 0 0 4611686018427387904 0 0 0 0 0 0 9223372036854775808 0 0 0 0 0 0 13835058055282163712 0
79 3 136 3 318 3 0 0 0 0 0 0 1 0 0 0 0 0 0 2 0 0 0 0 0 0 3
80 3 137 3 319 3 0 0 0 0 0 0 4 0 0 0 0 0 0 8 0 0 0 0 0 0 12
81 3 138 3 320 3 0 0 0 0 0 0 16 0 0 0 0 0 0 32 0 0 0 0 0 0 48
82 3 139 3 321 3 0 0 0 0 0 0 64 0 0 0 0 0 0 128 0 0 0 0 0 0 192
83 3 140 3 322 3 0 0 0 0 0 0 256 0 0 0 0 0 0 512 0 0 0 0 0 0 768
84 3 141 3 323 3 0 0 0 0 0 0 1024 0 0 0 0 0 0 2048 0 0 0 0 0 0 3072
85 3 142 3 324 3 0 0 0 0 0 0 4096 0 0 0 0 0 0 8192 0 0 0 0 0 0 12288
86 3 143 3 325 3 0 0 0 0 0 0 16384 0 0 0 0 0 0 32768 0 0 0 0 0 0 49152
87 3 144 3 326 3 0 0 0 0 0 0 65536 0 0 0 0 0 0 131072 0 0 0 0 0 0 196608
88 3 145 3 327 3 0 0 0 0 0 0 262144 0 0 0 0 0 0 524288 0 0 0 0 0 0 786432
89 3 146 3 328 3 0 0 0 0 0 0 1048576 0 0 0 0 0 0 2097152 0 0 0 0 0 0 3145728
90 3 147 3 329 3 0 0 0 0 0 0 4194304 0 0 0 0 0 0 8388608 0 0 0 0 0 0 12582912
91 3 148 3 330 3 0 0 0 0 0 0 16777216 0 0 0 0 0 0 33554432 0 0 0 0 0 0 50331648
92 3 149 3 331 3 0 0 0 0 0 0 67108864 0 0 0 0 0 0 134217728 0 0 0 0 0 0 201326592
93 3 150 3 332 3 0 0 0 0 0 0 268435456 0 0 0 0 0 0 536870912 0 0 0 0 0 0 805306368
94 3 151 3 333 3 0 0 0 0 0 0 1073741824 0 0 0 0 0 0 2147483648 0 0 0 0 0 0 3221225472
95 3 152 3 334 3 0 0 0 0 0 0 4294967296 0 0 0 0 0 0 8589934592 0 0 0 0 0 0 12884901888
96 3 153 3 335 3 0 0 0 0 0 0 17179869184 0 0 0 0 0 0 34359738368 0 0 0 0 0 0 51539607552
97 3 154 3 224 3 0 0 0 0 0 0 68719476736 0 0 0 0 0 0 137438953472 0 0 0 0 0 0 206158430208
98 3 155 3 225 3 0 0 0 0 0 0 274877906944 0 0 0 0 0 0 549755813888 0 0 0 0 0 0 824633720832
99 3 156 3 226 3 0 0 0 0 0 0 1099511627776 0 0 0 0 0 0 2199023255552 0 0 0 0 0 0 3298534883328
100 3 157 3 227 3 0 0 0 0 0 0 4398046511104 0 0 0 0 0 0 8796093022208 0 0 0 0 0 0 13194139533312
101 3 158 3 228 3 0 0 0 0 0 0 17592186044416 0 0 0 0 0 0 35184372088832 0 0 0 0 0 0 52776558133248
102 3 159 3 229 3 0 0 0 0 0 0 70368744177664 0 0 0 0 0 0 140737488355328 0 0 0 0 0 0 211106232532992
103 3 160 3 230 3 0 0 0 0 0 0 281474976710656 0 0 0 0 0 0 562949953421312 0 0 0 0 0 0 844424930131968
104 3 161 3 231 3 0 0 0 0 0 0 1125899906842624 0 0 0 0 0 0 2251799813685248 0 0 0 0 0 0 3377699720527872
105 3 162 3 232 3 0 0 0 0 0 0 4503599627370496 0 0 0 0 0 0 9007199254740992 0 0 0 0 0 0 13510798882111488
106 3 163 3 233 3 0 0 0 0 0 0 18014398509481984 0 0 0 0 0 0 36028797018963968 0 0 0 0 0 0 54043195528445952
107 3 164 3 234 3 0 0 0 0 0 0 72057594037927936 0 0 0 0 0 0 144115188075855872 0 0 0 0 0 0 216172782113783808
108 3 165 3 235 3 0 0 0 0 0 0 288230376151711744 0 0 0 0 0 0 576460752303423488 0 0 0 0 0 0 864691128455135232
109 3 166 3 236 3 0 0 0 0 0 0 1152921504606846976 0 0 0 0 0 0 2305843009213693952 0 0 0 0 0 0 3458764513820540928
110 3 167 3 237 3 0 0 0 0 0 0 4611686018427387904 0 0 0 0 0 0 9223372036854775808 0 0 0 0 0 0 13835058055282163712
