1024 384 8 128
0 1 128 2 256 1 0 0 0 0 0 0 0 0 0 0 0 0 0 0 0 0 0 0 0 0 0 0 0 0
1 1 129 2 257 1 0 0 0 0 0 0 0 0 0 0 0 0 0 0 0 0 0 0 0 0 0 0 0 0
2 1 130 2 258 1 0 0 0 0 0 0 0 0 0 0 0 0 0 0 0 0 0 0 0 0 0 0 0 0
3 1 131 2 259 1 0 0 0 0 0 0 0 0 0 0 0 0 0 0 0 0 0 0 0 0 0 0 0 0
4 1 132 2 260 1 0 0 0 0 0 0 0 0 0 0 0 0 0 0 0 0 0 0 0 0 0 0 0 0
5 1 133 2 261 1 0 0 0 0 0 0 0 0 0 0 0 0 0 0 0 0 0 0 0 0 0 0 0 0
6 1 134 2 262 1 0 0 0 0 0 0 0 0 0 0 0 0 0 0 0 0 0 0 0 0 0 0 0 0
7 1 135 2 263 1 0 0 0 0 0 0 0 0 0 0 0 0 0 0 0 0 0 0 0 0 0 0 0 0
8 1 136 2 264 1 0 0 0 0 0 0 0 0 0 0 0 0 0 0 0 0 0 0 0 0 0 0 0 0
9 1 137 2 265 1 0 0 0 0 0 0 0 0 0 0 0 0 0 0 0 0 0 0 0 0 0 0 0 0
10 1 138 2 266 1 0 0 0 0 0 0 0 0 0 0 0 0 0 0 0 0 0 0 0 0 0 0 0 0
11 1 139 2 267 1 0 0 0 0 0 0 0 0 0 0 0 0 0 0 0 0 0 0 0 0 0 0 0 0
12 1 140 2 268 1 0 0 0 0 0 0 0 0 0 0 0 0 0 0 0 0 0 0 0 0 0 0 0 0
13 1 141 2 269 1 0 0 0 0 0 0 0 0 0 0 0 0 0 0 0 0 0 0 0 0 0 0 0 0
14 1 142 2 270 1 0 0 0 0 0 0 0 0 0 0 0 0 0 0 0 0 0 0 0 0 0 0 0 0
15 1 143 2 271 1 0 0 0 0 0 0 0 0 0 0 0 0 0 0 0 0 0 0 0 0 0 0 0 0
16 1 144 2 272 1 0 0 0 0 0 0 0 0 0 0 0 0 0 0 0 0 0 0 0 0 0 0 0 0
17 1 145 2 273 1 0 0 0 0 0 0 0 0 0 0 0 0 0 0 0 0 0 0 0 0 0 0 0 0
18 1 146 2 274 1 0 0 0 0 0 0 0 0 0 0 0 0 0 0 0 0 0 0 0 0 0 0 0 0
19 1 147 2 275 1 0 0 0 0 0 0 0 0 0 0 0 0 0 0 0 0 0 0 0 0 0 0 0 0
20 1 148 2 276 1 0 0 0 0 0 0 0 0 0 0 0 0 0 0 0 0 0 0 0 0 0 0 0 0
21 1 149 2 277 1 0 0 0 0 0 0 0 0 0 0 0 0 0 0 0 0 0 0 0 0 0 0 0 0
22 1 150 2 278 1 0 0 0 0 0 0 0 0 0 0 0 0 0 0 0 0 0 0 0 0 0 0 0 0
23 1 151 2 279 1 0 0 0 0 0 0 0 0 0 0 0 0 0 0 0 0 0 0 0 0 0 0 0 0
24 1 152 2 280 1 0 0 0 0 0 0 0 0 0 0 0 0 0 0 0 0 0 0 0 0 0 0 0 0
25 1 153 2 281 1 0 0 0 0 0 0 0 0 0 0 0 0 0 0 0 0 0 0 0 0 0 0 0 0
26 1 154 2 282 1 0 0 0 0 0 0 0 0 0 0 0 0 0 0 0 0 0 0 0 0 0 0 0 0
27 1 155 2 283 1 0 0 0 0 0 0 0 0 0 0 0 0 0 0 0 0 0 0 0 0 0 0 0 0
28 1 156 2 284 1 0 0 0 0 0 0 0 0 0 0 0 0 0 0 0 0 0 0 0 0 0 0 0 0
29 1 157 2 285 1 0 0 0 0 0 0 0 0 0 0 0 0 0 0 0 0 0 0 0 0 0 0 0 0
30 1 158 2 286 1 0 0 0 0 0 0 0 0 0 0 0 0 0 0 0 0 0 0 0 0 0 0 0 0
31 1 159 2 287 1 0 0 0 0 0 0 0 0 0 0 0 0 0 0 0 0 0 0 0 0 0 0 0 0
32 1 160 2 288 1 0 0 0 0 0 0 0 0 0 0 0 0 0 0 0 0 0 0 0 0 0 0 0 0
33 1 161 2 289 1 0 0 0 0 0 0 0 0 0 0 0 0 0 0 0 0 0 0 0 0 0 0 0 0
34 1 162 2 290 1 0 0 0 0 0 0 0 0 0 0 0 0 0 0 0 0 0 0 0 0 0 0 0 0
35 1 163 2 291 1 0 0 0 0 0 0 0 0 0 0 0 0 0 0 0 0 0 0 0 0 0 0 0 0
36 1 164 2 292 1 0 0 0 0 0 0 0 0 0 0 0 0 0 0 0 0 0 0 0 0 0 0 0 0
37 1 165 2 293 1 0 0 0 0 0 0 0 0 0 0 0 0 0 0 0 0 0 0 0 0 0 0 0 0
38 1 166 2 294 1 0 0 0 0 0 0 0 0 0 0 0 0 0 0 0 0 0 0 0 0 0 0 0 0
39 1 167 2 295 1 0 0 0 0 0 0 0 0 0 0 0 0 0 0 0 0 0 0 0 0 0 0 0 0
40 1 168 2 296 1 0 0 0 0 0 0 0 0 0 0 0 0 0 0 0 0 0 0 0 0 0 0 0 0
41 1 169 2 297 1 0 0 0 0 0 0 0 0 0 0 0 0 0 0 0 0 0 0 0 0 0 0 0 0
42 1 170 2 298 1 0 0 0 0 0 0 0 0 0 0 0 0 0 0 0 0 0 0 0 0 0 0 0 0
43 1 171 2 299 1 0 0 0 0 0 0 0 0 0 0 0 0 0 0 0 0 0 0 0 0 0 0 0 0
44 1 172 2 300 1 0 0 0 0 0 0 0 0 0 0 0 0 0 0 0 0 0 0 0 0 0 0 0 0
45 1 173 2 301 1 0 0 0 0 0 0 0 0 0 0 0 0 0 0 0 0 0 0 0 0 0 0 0 0
46 1 174 2 302 1 0 0 0 0 0 0 0 0 0 0 0 0 0 0 0 0 0 0 0 0 0 0 0 0
47 1 175 2 303 1 0 0 0 0 0 0 0 0 0 0 0 0 0 0 0 0 0 0 0 0 0 0 0 0
48 1 176 2 304 1 0 0 0 0 0 0 0 0 0 0 0 0 0 0 0 0 0 0 0 0 0 0 0 0
49 1 177 2 305 1 0 0 0 0 0 0 0 0 0 0 0 0 0 0 0 0 0 0 0 0 0 0 0 0
50 1 178 2 306 1 0 0 0 0 0 0 0 0 0 0 0 0 0 0 0 0 0 0 0 0 0 0 0 0
51 1 179 2 307 1 0 0 0 0 0 0 0 0 0 0 0 0 0 0 0 0 0 0 0 0 0 0 0 0
52 1 180 2 308 1 0 0 0 0 0 0 0 0 0 0 0 0 0 0 0 0 0 0 0 0 0 0 0 0
53 1 181 2 309 1 0 0 0 0 0 0 0 0 0 0 0 0 0 0 0 0 0 0 0 0 0 0 0 0
54 1 182 2 310 1 0 0 0 0 0 0 0 0 0 0 0 0 0 0 0 0 0 0 0 0 0 0 0 0
55 1 183 2 311 1 0 0 0 0 0 0 0 0 0 0 0 0 0 0 0 0 0 0 0 0 0 0 0 0
56 1 184 2 312 1 0 0 0 0 0 0 0 0 0 0 0 0 0 0 0 0 0 0 0 0 0 0 0 0
57 1 185 2 313 1 0 0 0 0 0 0 0 0 0 0 0 0 0 0 0 0 0 0 0 0 0 0 0 0
58 1 186 2 314 1 0 0 0 0 0 0 0 0 0 0 0 0 0 0 0 0 0 0 0 0 0 0 0 0
59 1 187 2 315 1 0 0 0 0 0 0 0 0 0 0 0 0 0 0 0 0 0 0 0 0 0 0 0 0
60 1 188 2 316 1 0 0 0 0 0 0 0 0 0 0 0 0 0 0 0 0 0 0 0 0 0 0 0 0
61 1 189 2 317 1 0 0 0 0 0 0 0 0 0 0 0 0 0 0 0 0 0 0 0 0 0 0 0 0
62 1 190 2 318 1 0 0 0 0 0 0 0 0 0 0 0 0 0 0 0 0 0 0 0 0 0 0 0 0
63 1 191 2 319 1 0 0 0 0 0 0 0 0 0 0 0 0 0 0 0 0 0 0 0 0 0 0 0 0
64 1 192 2 320 1 0 0 0 0 0 0 0 0 0 0 0 0 0 0 0 0 0 0 0 0 0 0 0 0
65 1 193 2 321 1 0 0 0 0 0 0 0 0 0 0 0 0 0 0 0 0 0 0 0 0 0 0 0 0
66 1 194 2 322 1 0 0 0 0 0 0 0 0 0 0 0 0 0 0 0 0 0 0 0 0 0 0 0 0
67 1 195 2 323 1 0 0 0 0 0 0 0 0 0 0 0 0 0 0 0 0 0 0 0 0 0 0 0 0
68 1 196 2 324 1 0 0 0 0 0 0 0 0 0 0 0 0 0 0 0 0 0 0 0 0 0 0 0 0
69 1 197 2 325 1 0 0 0 0 0 0 0 0 0 0 0 0 0 0 0 0 0 0 0 0 0 0 0 0
70 1 198 2 326 1 0 0 0 0 0 0 0 0 0 0 0 0 0 0 0 0 0 0 0 0 0 0 0 0
71 1 199 2 327 1 0 0 0 0 0 0 0 0 0 0 0 0 0 0 0 0 0 0 0 0 0 0 0 0
72 1 200 2 328 1 0 0 0 0 0 0 0 0 0 0 0 0 0 0 0 0 0 0 0 0 0 0 0 0
73 1 201 2 329 1 0 0 0 0 0 0 0 0 0 0 0 0 0 0 0 0 0 0 0 0 0 0 0 0
74 1 202 2 330 1 0 0 0 0 0 0 0 0 0 0 0 0 0 0 0 0 0 0 0 0 0 0 0 0
75 1 203 2 331 1 0 0 0 0 0 0 0 0 0 0 0 0 0 0 0 0 0 0 0 0 0 0 0 0
76 1 204 2 332 1 0 0 0 0 0 0 0 0 0 0 0 0 0 0 0 0 0 0 0 0 0 0 0 0
77 1 205 2 333 1 0 0 0 0 0 0 0 0 0 0 0 0 0 0 0 0 0 0 0 0 0 0 0 0
78 1 206 2 334 1 0 0 0 0 0 0 0 0 0 0 0 0 0 0 0 0 0 0 0 0 0 0 0 0
79 1 207 2 335 1 0 0 0 0 0 0 0 0 0 0 0 0 0 0 0 0 0 0 0 0 0 0 0 0
80 1 208 2 336 1 0 0 0 0 0 0 0 0 0 0 0 0 0 0 0 0 0 0 0 0 0 0 0 0
81 1 209 2 337 1 0 0 0 0 0 0 0 0 0 0 0 0 0 0 0 0 0 0 0 0 0 0 0 0
82 1 210 2 338 1 0 0 0 0 0 0 0 0 0 0 0 0 0 0 0 0 0 0 0 0 0 0 0 0
83 1 211 2 339 1 0 0 0 0 0 0 0 0 0 0 0 0 0 0 0 0 0 0 0 0 0 0 0 0
84 1 212 2 340 1 0 0 0 0 0 0 0 0 0 0 0 0 0 0 0 0 0 0 0 0 0 0 0 0
85 1 213 2 341 1 0 0 0 0 0 0 0 0 0 0 0 0 0 0 0 0 0 0 0 0 0 0 0 0
86 1 214 2 342 1 0 0 0 0 0 0 0 0 0 0 0 0 0 0 0 0 0 0 0 0 0 0 0 0
87 1 215 2 343 1 0 0 0 0 0 0 0 0 0 0 0 0 0 0 0 0 0 0 0 0 0 0 0 0
88 1 216 2 344 1 0 0 0 0 0 0 0 0 0 0 0 0 0 0 0 0 0 0 0 0 0 0 0 0
89 1 217 2 345 1 0 0 0 0 0 0 0 0 0 0 0 0 0 0 0 0 0 0 0 0 0 0 0 0
90 1 218 2 346 1 0 0 0 0 0 0 0 0 0 0 0 0 0 0 0 0 0 0 0 0 0 0 0 0
91 1 219 2 347 1 0 0 0 0 0 0 0 0 0 0 0 0 0 0 0 0 0 0 0 0 0 0 0 0
92 1 220 2 348 1 0 0 0 0 0 0 0 0 0 0 0 0 0 0 0 0 0 0 0 0 0 0 0 0
93 1 221 2 349 1 0 0 0 0 0 0 0 0 0 0 0 0 0 0 0 0 0 0 0 0 0 0 0 0
94 1 222 2 350 1 0 0 0 0 0 0 0 0 0 0 0 0 0 0 0 0 0 0 0 0 0 0 0 0
95 1 223 2 351 1 0 0 0 0 0 0 0 0 0 0 0 0 0 0 0 0 0 0 0 0 0 0 0 0
96 1 224 2 352 1 0 0 0 0 0 0 0 0 0 0 0 0 0 0 0 0 0 0 0 0 0 0 0 0
97 1 225 2 353 1 0 0 0 0 0 0 0 0 0 0 0 0 0 0 0 0 0 0 0 0 0 0 0 0
98 1 226 2 354 1 0 0 0 0 0 0 0 0 0 0 0 0 0 0 0 0 0 0 0 0 0 0 0 0
99 1 227 2 355 1 0 0 0 0 0 0 0 0 0 0 0 0 0 0 0 0 0 0 0 0 0 0 0 0
100 1 228 2 356 1 0 0 0 0 0 0 0 0 0 0 0 0 0 0 0 0 0 0 0 0 0 0 0 0
101 1 229 2 357 1 0 0 0 0 0 0 0 0 0 0 0 0 0 0 0 0 0 0 0 0 0 0 0 0
102 1 230 2 358 1 0 0 0 0 0 0 0 0 0 0 0 0 0 0 0 0 0 0 0 0 0 0 0 0
103 1 231 2 359 1 0 0 0 0 0 0 0 0 0 0 0 0 0 0 0 0 0 0 0 0 0 0 0 0
104 1 232 2 360 1 0 0 0 0 0 0 0 0 0 0 0 0 0 0 0 0 0 0 0 0 0 0 0 0
105 1 233 2 361 1 0 0 0 0 0 0 0 0 0 0 0 0 0 0 0 0 0 0 0 0 0 0 0 0
106 1 234 2 362 1 0 0 0 0 0 0 0 0 0 0 0 0 0 0 0 0 0 0 0 0 0 0 0 0
107 1 235 2 363 1 0 0 0 0 0 0 0 0 0 0 0 0 0 0 0 0 0 0 0 0 0 0 0 0
108 1 236 2 364 1 0 0 0 0 0 0 0 0 0 0 0 0 0 0 0 0 0 0 0 0 0 0 0 0
109 1 237 2 365 1 0 0 0 0 0 0 0 0 0 0 0 0 0 0 0 0 0 0 0 0 0 0 0 0
110 1 238 2 366 1 0 0 0 0 0 0 0 0 0 0 0 0 0 0 0 0 0 0 0 0 0 0 0 0
111 1 239 2 367 1 0 0 0 0 0 0 0 0 0 0 0 0 0 0 0 0 0 0 0 0 0 0 0 0
112 1 240 2 368 1 0 0 0 0 0 0 0 0 0 0 0 0 0 0 0 0 0 0 0 0 0 0 0 0
113 1 241 2 369 1 0 0 0 0 0 0 0 0 0 0 0 0 0 0 0 0 0 0 0 0 0 0 0 0
114 1 242 2 370 1 0 0 0 0 0 0 0 0 0 0 0 0 0 0 0 0 0 0 0 0 0 0 0 0
115 1 243 2 371 1 0 0 0 0 0 0 0 0 0 0 0 0 0 0 0 0 0 0 0 0 0 0 0 0
116 1 244 2 372 1 0 0 0 0 0 0 0 0 0 0 0 0 0 0 0 0 0 0 0 0 0 0 0 0
117 1 245 2 373 1 0 0 0 0 0 0 0 0 0 0 0 0 0 0 0 0 0 0 0 0 0 0 0 0
118 1 246 2 374 1 0 0 0 0 0 0 0 0 0 0 0 0 0 0 0 0 0 0 0 0 0 0 0 0
119 1 247 2 375 1 0 0 0 0 0 0 0 0 0 0 0 0 0 0 0 0 0 0 0 0 0 0 0 0
120 1 248 2 376 1 0 0 0 0 0 0 0 0 0 0 0 0 0 0 0 0 0 0 0 0 0 0 0 0
121 1 249 2 377 1 0 0 0 0 0 0 0 0 0 0 0 0 0 0 0 0 0 0 0 0 0 0 0 0
122 1 250 2 378 1 0 0 0 0 0 0 0 0 0 0 0 0 0 0 0 0 0 0 0 0 0 0 0 0
123 1 251 2 379 1 0 0 0 0 0 0 0 0 0 0 0 0 0 0 0 0 0 0 0 0 0 0 0 0
124 1 252 2 380 1 0 0 0 0 0 0 0 0 0 0 0 0 0 0 0 0 0 0 0 0 0 0 0 0
125 1 253 2 381 1 0 0 0 0 0 0 0 0 0 0 0 0 0 0 0 0 0 0 0 0 0 0 0 0
126 1 254 2 382 1 0 0 0 0 0 0 0 0 0 0 0 0 0 0 0 0 0 0 0 0 0 0 0 0
127 1 255 2 383 1 0 0 0 0 0 0 0 0 0 0 0 0 0 0 0 0 0 0 0 0 0 0 0 0
0 2 177 1 335 3 0 0 0 0 0 0 0 0 0 0 0 0 0 0 0 0 0 0 0 0 0 0 0 0
1 2 178 1 336 3 0 0 0 0 0 0 0 0 0 0 0 0 0 0 0 0 0 0 0 0 0 0 0 0
2 2 179 1 337 3 0 0 0 0 0 0 0 0 0 0 0 0 0 0 0 0 0 0 0 0 0 0 0 0
3 2 180 1 338 3 0 0 0 0 0 0 0 0 0 0 0 0 0 0 0 0 0 0 0 0 0 0 0 0
4 2 181 1 339 3 0 0 0 0 0 0 0 0 0 0 0 0 0 0 0 0 0 0 0 0 0 0 0 0
5 2 182 1 340 3 0 0 0 0 0 0 0 0 0 0 0 0 0 0 0 0 0 0 0 0 0 0 0 0
6 2 183 1 341 3 0 0 0 0 0 0 0 0 0 0 0 0 0 0 0 0 0 0 0 0 0 0 0 0
7 2 184 1 342 3 0 0 0 0 0 0 0 0 0 0 0 0 0 0 0 0 0 0 0 0 0 0 0 0
8 2 185 1 343 3 0 0 0 0 0 0 0 0 0 0 0 0 0 0 0 0 0 0 0 0 0 0 0 0
9 2 186 1 344 3 0 0 0 0 0 0 0 0 0 0 0 0 0 0 0 0 0 0 0 0 0 0 0 0
10 2 187 1 345 3 0 0 0 0 0 0 0 0 0 0 0 0 0 0 0 0 0 0 0 0 0 0 0 0
11 2 188 1 346 3 0 0 0 0 0 0 0 0 0 0 0 0 0 0 0 0 0 0 0 0 0 0 0 0
12 2 189 1 347 3 0 0 0 0 0 0 0 0 0 0 0 0 0 0 0 0 0 0 0 0 0 0 0 0
13 2 190 1 348 3 0 0 0 0 0 0 0 0 0 0 0 0 0 0 0 0 0 0 0 0 0 0 0 0
14 2 191 1 349 3 0 0 0 0 0 0 0 0 0 0 0 0 0 0 0 0 0 0 0 0 0 0 0 0
15 2 192 1 350 3 0 0 0 0 0 0 0 0 0 0 0 0 0 0 0 0 0 0 0 0 0 0 0 0
16 2 193 1 351 3 0 0 0 0 0 0 0 0 0 0 0 0 0 0 0 0 0 0 0 0 0 0 0 0
17 2 194 1 352 3 0 0 0 0 0 0 0 0 0 0 0 0 0 0 0 0 0 0 0 0 0 0 0 0
18 2 195 1 353 3 0 0 0 0 0 0 0 0 0 0 0 0 0 0 0 0 0 0 0 0 0 0 0 0
19 2 196 1 354 3 0 0 0 0 0 0 0 0 0 0 0 0 0 0 0 0 0 0 0 0 0 0 0 0
20 2 197 1 355 3 0 0 0 0 0 0 0 0 0 0 0 0 0 0 0 0 0 0 0 0 0 0 0 0
21 2 198 1 356 3 0 0 0 0 0 0 0 0 0 0 0 0 0 0 0 0 0 0 0 0 0 0 0 0
22 2 199 1 357 3 0 0 0 0 0 0 0 0 0 0 0 0 0 0 0 0 0 0 0 0 0 0 0 0
23 2 200 1 358 3 0 0 0 0 0 0 0 0 0 0 0 0 0 0 0 0 0 0 0 0 0 0 0 0
24 2 201 1 359 3 0 0 0 0 0 0 0 0 0 0 0 0 0 0 0 0 0 0 0 0 0 0 0 0
25 2 202 1 360 3 0 0 0 0 0 0 0 0 0 0 0 0 0 0 0 0 0 0 0 0 0 0 0 0
26 2 203 1 361 3 0 0 0 0 0 0 0 0 0 0 0 0 0 0 0 0 0 0 0 0 0 0 0 0
27 2 204 1 362 3 0 0 0 0 0 0 0 0 0 0 0 0 0 0 0 0 0 0 0 0 0 0 0 0
28 2 205 1 363 3 0 0 0 0 0 0 0 0 0 0 0 0 0 0 0 0 0 0 0 0 0 0 0 0
29 2 206 1 364 3 0 0 0 0 0 0 0 0 0 0 0 0 0 0 0 0 0 0 0 0 0 0 0 0
30 2 207 1 365 3 0 0 0 0 0 0 0 0 0 0 0 0 0 0 0 0 0 0 0 0 0 0 0 0
31 2 208 1 366 3 0 0 0 0 0 0 0 0 0 0 0 0 0 0 0 0 0 0 0 0 0 0 0 0
32 2 209 1 367 3 0 0 0 0 0 0 0 0 0 0 0 0 0 0 0 0 0 0 0 0 0 0 0 0
33 2 210 1 368 3 0 0 0 0 0 0 0 0 0 0 0 0 0 0 0 0 0 0 0 0 0 0 0 0
34 2 211 1 369 3 0 0 0 0 0 0 0 0 0 0 0 0 0 0 0 0 0 0 0 0 0 0 0 0
35 2 212 1 370 3 0 0 0 0 0 0 0 0 0 0 0 0 0 0 0 0 0 0 0 0 0 0 0 0
36 2 213 1 371 3 0 0 0 0 0 0 0 0 0 0 0 0 0 0 0 0 0 0 0 0 0 0 0 0
37 2 214 1 372 3 0 0 0 0 0 0 0 0 0 0 0 0 0 0 0 0 0 0 0 0 0 0 0 0
38 2 215 1 373 3 0 0 0 0 0 0 0 0 0 0 0 0 0 0 0 0 0 0 0 0 0 0 0 0
39 2 216 1 374 3 0 0 0 0 0 0 0 0 0 0 0 0 0 0 0 0 0 0 0 0 0 0 0 0
40 2 217 1 375 3 0 0 0 0 0 0 0 0 0 0 0 0 0 0 0 0 0 0 0 0 0 0 0 0
41 2 218 1 376 3 0 0 0 0 0 0 0 0 0 0 0 0 0 0 0 0 0 0 0 0 0 0 0 0
42 2 219 1 377 3 0 0 0 0 0 0 0 0 0 0 0 0 0 0 0 0 0 0 0 0 0 0 0 0
43 2 220 1 378 3 0 0 0 0 0 0 0 0 0 0 0 0 0 0 0 0 0 0 0 0 0 0 0 0
44 2 221 1 379 3 0 0 0 0 0 0 0 0 0 0 0 0 0 0 0 0 0 0 0 0 0 0 0 0
45 2 222 1 380 3 0 0 0 0 0 0 0 0 0 0 0 0 0 0 0 0 0 0 0 0 0 0 0 0
46 2 223 1 381 3 0 0 0 0 0 0 0 0 0 0 0 0 0 0 0 0 0 0 0 0 0 0 0 0
47 2 224 1 382 3 0 0 0 0 0 0 0 0 0 0 0 0 0 0 0 0 0 0 0 0 0 0 0 0
48 2 225 1 383 3 0 0 0 0 0 0 0 0 0 0 0 0 0 0 0 0 0 0 0 0 0 0 0 0
49 2 226 1 256 3 0 0 0 0 0 0 0 0 0 0 0 0 0 0 0 0 0 0 0 0 0 0 0 0
50 2 227 1 257 3 0 0 0 0 0 0 0 0 0 0 0 0 0 0 0 0 0 0 0 0 0 0 0 0
51 2 228 1 258 3 0 0 0 0 0 0 0 0 0 0 0 0 0 0 0 0 0 0 0 0 0 0 0 0
52 2 229 1 259 3 0 0 0 0 0 0 0 0 0 0 0 0 0 0 0 0 0 0 0 0 0 0 0 0
53 2 230 1 260 3 0 0 0 0 0 0 0 0 0 0 0 0 0 0 0 0 0 0 0 0 0 0 0 0
54 2 231 1 261 3 0 0 0 0 0 0 0 0 0 0 0 0 0 0 0 0 0 0 0 0 0 0 0 0
55 2 232 1 262 3 0 0 0 0 0 0 0 0 0 0 0 0 0 0 0 0 0 0 0 0 0 0 0 0
56 2 233 1 263 3 0 0 0 0 0 0 0 0 0 0 0 0 0 0 0 0 0 0 0 0 0 0 0 0
57 2 234 1 264 3 0 0 0 0 0 0 0 0 0 0 0 0 0 0 0 0 0 0 0 0 0 0 0 0
58 2 235 1 265 3 0 0 0 0 0 0 0 0 0 0 0 0 0 0 0 0 0 0 0 0 0 0 0 0
59 2 236 1 266 3 0 0 0 0 0 0 0 0 0 0 0 0 0 0 0 0 0 0 0 0 0 0 0 0
60 2 237 1 267 3 0 0 0 0 0 0 0 0 0 0 0 0 0 0 0 0 0 0 0 0 0 0 0 0
61 2 238 1 268 3 0 0 0 0 0 0 0 0 0 0 0 0 0 0 0 0 0 0 0 0 0 0 0 0
62 2 239 1 269 3 0 0 0 0 0 0 0 0 0 0 0 0 0 0 0 0 0 0 0 0 0 0 0 0
63 2 240 1 270 3 0 0 0 0 0 0 0 0 0 0 0 0 0 0 0 0 0 0 0 0 0 0 0 0
64 2 241 1 271 3 0 0 0 0 0 0 0 0 0 0 0 0 0 0 0 0 0 0 0 0 0 0 0 0
65 2 242 1 272 3 0 0 0 0 0 0 0 0 0 0 0 0 0 0 0 0 0 0 0 0 0 0 0 0
66 2 243 1 273 3 0 0 0 0 0 0 0 0 0 0 0 0 0 0 0 0 0 0 0 0 0 0 0 0
67 2 244 1 274 3 0 0 0 0 0 0 0 0 0 0 0 0 0 0 0 0 0 0 0 0 0 0 0 0
68 2 245 1 275 3 0 0 0 0 0 0 0 0 0 0 0 0 0 0 0 0 0 0 0 0 0 0 0 0
69 2 246 1 276 3 0 0 0 0 0 0 0 0 0 0 0 0 0 0 0 0 0 0 0 0 0 0 0 0
70 2 247 1 277 3 0 0 0 0 0 0 0 0 0 0 0 0 0 0 0 0 0 0 0 0 0 0 0 0
71 2 248 1 278 3 0 0 0 0 0 0 0 0 0 0 0 0 0 0 0 0 0 0 0 0 0 0 0 0
72 2 249 1 279 3 0 0 0 0 0 0 0 0 0 0 0 0 0 0 0 0 0 0 0 0 0 0 0 0
73 2 250 1 280 3 0 0 0 0 0 0 0 0 0 0 0 0 0 0 0 0 0 0 0 0 0 0 0 0
74 2 251 1 281 3 0 0 0 0 0 0 0 0 0 0 0 0 0 0 0 0 0 0 0 0 0 0 0 0
75 2 252 1 282 3 0 0 0 0 0 0 0 0 0 0 0 0 0 0 0 0 0 0 0 0 0 0 0 0
76 2 253 1 283 3 0 0 0 0 0 0 0 0 0 0 0 0 0 0 0 0 0 0 0 0 0 0 0 0
77 2 254 1 284 3 0 0 0 0 0 0 0 0 0 0 0 0 0 0 0 0 0 0 0 0 0 0 0 0
78 2 255 1 285 3 0 0 0 0 0 0 0 0 0 0 0 0 0 0 0 0 0 0 0 0 0 0 0 0
79 2 128 1 286 3 0 0 0 0 0 0 0 0 0 0 0 0 0 0 0 0 0 0 0 0 0 0 0 0
80 2 129 1 287 3 0 0 0 0 0 0 0 0 0 0 0 0 0 0 0 0 0 0 0 0 0 0 0 0
81 2 130 1 288 3 0 0 0 0 0 0 0 0 0 0 0 0 0 0 0 0 0 0 0 0 0 0 0 0
82 2 131 1 289 3 0 0 0 0 0 0 0 0 0 0 0 0 0 0 0 0 0 0 0 0 0 0 0 0
83 2 132 1 290 3 0 0 0 0 0 0 0 0 0 0 0 0 0 0 0 0 0 0 0 0 0 0 0 0
84 2 133 1 291 3 0 0 0 0 0 0 0 0 0 0 0 0 0 0 0 0 0 0 0 0 0 0 0 0
85 2 134 1 292 3 0 0 0 0 0 0 0 0 0 0 0 0 0 0 0 0 0 0 0 0 0 0 0 0
86 2 135 1 293 3 0 0 0 0 0 0 0 0 0 0 0 0 0 0 0 0 0 0 0 0 0 0 0 0
87 2 136 1 294 3 0 0 0 0 0 0 0 0 0 0 0 0 0 0 0 0 0 0 0 0 0 0 0 0
88 2 137 1 295 3 0 0 0 0 0 0 0 0 0 0 0 0 0 0 0 0 0 0 0 0 0 0 0 0
89 2 138 1 296 3 0 0 0 0 0 0 0 0 0 0 0 0 0 0 0 0 0 0 0 0 0 0 0 0
90 2 139 1 297 3 0 0 0 0 0 0 0 0 0 0 0 0 0 0 0 0 0 0 0 0 0 0 0 0
91 2 140 1 298 3 0 0 0 0 0 0 0 0 0 0 0 0 0 0 0 0 0 0 0 0 0 0 0 0
92 2 141 1 299 3 0 0 0 0 0 0 0 0 0 0 0 0 0 0 0 0 0 0 0 0 0 0 0 0
93 2 142 1 300 3 0 0 0 0 0 0 0 0 0 0 0 0 0 0 0 0 0 0 0 0 0 0 0 0
94 2 143 1 301 3 0 0 0 0 0 0 0 0 0 0 0 0 0 0 0 0 0 0 0 0 0 0 0 0
95 2 144 1 302 3 0 0 0 0 0 0 0 0 0 0 0 0 0 0 0 0 0 0 0 0 0 0 0 0
96 2 145 1 303 3 0 0 0 0 0 0 0 0 0 0 0 0 0 0 0 0 0 0 0 0 0 0 0 0
97 2 146 1 304 3 0 0 0 0 0 0 0 0 0 0 0 0 0 0 0 0 0 0 0 0 0 0 0 0
98 2 147 1 305 3 0 0 0 0 0 0 0 0 0 0 0 0 0 0 0 0 0 0 0 0 0 0 0 0
99 2 148 1 306 3 0 0 0 0 0 0 0 0 0 0 0 0 0 0 0 0 0 0 0 0 0 0 0 0
100 2 149 1 307 3 0 0 0 0 0 0 0 0 0 0 0 0 0 0 0 0 0 0 0 0 0 0 0 0
101 2 150 1 308 3 0 0 0 0 0 0 0 0 0 0 0 0 0 0 0 0 0 0 0 0 0 0 0 0
102 2 151 1 309 3 0 0 0 0 0 0 0 0 0 0 0 0 0 0 0 0 0 0 0 0 0 0 0 0
103 2 152 1 310 3 0 0 0 0 0 0 0 0 0 0 0 0 0 0 0 0 0 0 0 0 0 0 0 0
104 2 153 1 311 3 0 0 0 0 0 0 0 0 0 0 0 0 0 0 0 0 0 0 0 0 0 0 0 0
105 2 154 1 312 3 0 0 0 0 0 0 0 0 0 0 0 0 0 0 0 0 0 0 0 0 0 0 0 0
106 2 155 1 313 3 0 0 0 0 0 0 0 0 0 0 0 0 0 0 0 0 0 0 0 0 0 0 0 0
107 2 156 1 314 3 0 0 0 0 0 0 0 0 0 0 0 0 0 0 0 0 0 0 0 0 0 0 0 0
108 2 157 1 315 3 0 0 0 0 0 0 0 0 0 0 0 0 0 0 0 0 0 0 0 0 0 0 0 0
109 2 158 1 316 3 0 0 0 0 0 0 0 0 0 0 0 0 0 0 0 0 0 0 0 0 0 0 0 0
110 2 159 1 317 3 0 0 0 0 0 0 0 0 0 0 0 0 0 0 0 0 0 0 0 0 0 0 0 0
111 2 160 1 318 3 0 0 0 0 0 0 0 0 0 0 0 0 0 0 0 0 0 0 0 0 0 0 0 0
112 2 161 1 319 3 0 0 0 0 0 0 0 0 0 0 0 0 0 0 0 0 0 0 0 0 0 0 0 0
113 2 162 1 320 3 0 0 0 0 0 0 0 0 0 0 0 0 0 0 0 0 0 0 0 0 0 0 0 0
114 2 163 1 321 3 0 0 0 0 0 0 0 0 0 0 0 0 0 0 0 0 0 0 0 0 0 0 0 0
115 2 164 1 322 3 0 0 0 0 0 0 0 0 0 0 0 0 0 0 0 0 0 0 0 0 0 0 0 0
116 2 165 1 323 3 0 0 0 0 0 0 0 0 0 0 0 0 0 0 0 0 0 0 0 0 0 0 0 0
117 2 166 1 324 3 0 0 0 0 0 0 0 0 0 0 0 0 0 0 0 0 0 0 0 0 0 0 0 0
118 2 167 1 325 3 0 0 0 0 0 0 0 0 0 0 0 0 0 0 0 0 0 0 0 0 0 0 0 0
119 2 168 1 326 3 0 0 0 0 0 0 0 0 0 0 0 0 0 0 0 0 0 0 0 0 0 0 0 0
120 2 169 1 327 3 0 0 0 0 0 0 0 0 0 0 0 0 0 0 0 0 0 0 0 0 0 0 0 0
121 2 170 1 328 3 0 0 0 0 0 0 0 0 0 0 0 0 0 0 0 0 0 0 0 0 0 0 0 0
122 2 171 1 329 3 0 0 0 0 0 0 0 0 0 0 0 0 0 0 0 0 0 0 0 0 0 0 0 0
123 2 172 1 330 3 0 0 0 0 0 0 0 0 0 0 0 0 0 0 0 0 0 0 0 0 0 0 0 0
124 2 173 1 331 3 0 0 0 0 0 0 0 0 0 0 0 0 0 0 0 0 0 0 0 0 0 0 0 0
125 2 174 1 332 3 0 0 0 0 0 0 0 0 0 0 0 0 0 0 0 0 0 0 0 0 0 0 0 0
126 2 175 1 333 3 0 0 0 0 0 0 0 0 0 0 0 0 0 0 0 0 0 0 0 0 0 0 0 0
127 2 176 1 334 3 0 0 0 0 0 0 0 0 0 0 0 0 0 0 0 0 0 0 0 0 0 0 0 0
0 3 207 1 286 1 0 0 0 0 0 0 0 0 0 0 0 0 0 0 0 0 0 0 0 0 0 0 0 0
1 3 208 1 287 1 0 0 0 0 0 0 0 0 0 0 0 0 0 0 0 0 0 0 0 0 0 0 0 0
2 3 209 1 288 1 0 0 0 0 0 0 0 0 0 0 0 0 0 0 0 0 0 0 0 0 0 0 0 0
3 3 210 1 289 1 0 0 0 0 0 0 0 0 0 0 0 0 0 0 0 0 0 0 0 0 0 0 0 0
4 3 211 1 290 1 0 0 0 0 0 0 0 0 0 0 0 0 0 0 0 0 0 0 0 0 0 0 0 0
5 3 212 1 291 1 0 0 0 0 0 0 0 0 0 0 0 0 0 0 0 0 0 0 0 0 0 0 0 0
6 3 213 1 292 1 0 0 0 0 0 0 0 0 0 0 0 0 0 0 0 0 0 0 0 0 0 0 0 0
7 3 214 1 293 1 0 0 0 0 0 0 0 0 0 0 0 0 0 0 0 0 0 0 0 0 0 0 0 0
8 3 215 1 294 1 0 0 0 0 0 0 0 0 0 0 0 0 0 0 0 0 0 0 0 0 0 0 0 0
9 3 216 1 295 1 0 0 0 0 0 0 0 0 0 0 0 0 0 0 0 0 0 0 0 0 0 0 0 0
10 3 217 1 296 1 0 0 0 0 0 0 0 0 0 0 0 0 0 0 0 0 0 0 0 0 0 0 0 0
11 3 218 1 297 1 0 0 0 0 0 0 0 0 0 0 0 0 0 0 0 0 0 0 0 0 0 0 0 0
12 3 219 1 298 1 0 0 0 0 0 0 0 0 0 0 0 0 0 0 0 0 0 0 0 0 0 0 0 0
13 3 220 1 299 1 0 0 0 0 0 0 0 0 0 0 0 0 0 0 0 0 0 0 0 0 0 0 0 0
14 3 221 1 300 1 0 0 0 0 0 0 0 0 0 0 0 0 0 0 0 0 0 0 0 0 0 0 0 0
15 3 222 1 301 1 0 0 0 0 0 0 0 0 0 0 0 0 0 0 0 0 0 0 0 0 0 0 0 0
16 3 223 1 302 1 0 0 0 0 0 0 0 0 0 0 0 0 0 0 0 0 0 0 0 0 0 0 0 0
17 3 224 1 303 1 0 0 0 0 0 0 0 0 0 0 0 0 0 0 0 0 0 0 0 0 0 0 0 0
18 3 225 1 304 1 0 0 0 0 0 0 0 0 0 0 0 0 0 0 0 0 0 0 0 0 0 0 0 0
19 3 226 1 305 1 0 0 0 0 0 0 0 0 0 0 0 0 0 0 0 0 0 0 0 0 0 0 0 0
20 3 227 1 306 1 0 0 0 0 0 0 0 0 0 0 0 0 0 0 0 0 0 0 0 0 0 0 0 0
21 3 228 1 307 1 0 0 0 0 0 0 0 0 0 0 0 0 0 0 0 0 0 0 0 0 0 0 0 0
22 3 229 1 308 1 0 0 0 0 0 0 0 0 0 0 0 0 0 0 0 0 0 0 0 0 0 0 0 0
23 3 230 1 309 1 0 0 0 0 0 0 0 0 0 0 0 0 0 0 0 0 0 0 0 0 0 0 0 0
24 3 231 1 310 1 0 0 0 0 0 0 0 0 0 0 0 0 0 0 0 0 0 0 0 0 0 0 0 0
25 3 232 1 311 1 0 0 0 0 0 0 0 0 0 0 0 0 0 0 0 0 0 0 0 0 0 0 0 0
26 3 233 1 312 1 0 0 0 0 0 0 0 0 0 0 0 0 0 0 0 0 0 0 0 0 0 0 0 0
27 3 234 1 313 1 0 0 0 0 0 0 0 0 0 0 0 0 0 0 0 0 0 0 0 0 0 0 0 0
28 3 235 1 314 1 0 0 0 0 0 0 0 0 0 0 0 0 0 0 0 0 0 0 0 0 0 0 0 0
29 3 236 1 315 1 0 0 0 0 0 0 0 0 0 0 0 0 0 0 0 0 0 0 0 0 0 0 0 0
30 3 237 1 316 1 0 0 0 0 0 0 0 0 0 0 0 0 0 0 0 0 0 0 0 0 0 0 0 0
31 3 238 1 317 1 0 0 0 0 0 0 0 0 0 0 0 0 0 0 0 0 0 0 0 0 0 0 0 0
32 3 239 1 318 1 0 0 0 0 0 0 0 0 0 0 0 0 0 0 0 0 0 0 0 0 0 0 0 0
33 3 240 1 319 1 0 0 0 0 0 0 0 0 0 0 0 0 0 0 0 0 0 0 0 0 0 0 0 0
34 3 241 1 320 1 0 0 0 0 0 0 0 0 0 0 0 0 0 0 0 0 0 0 0 0 0 0 0 0
35 3 242 1 321 1 0 0 0 0 0 0 0 0 0 0 0 0 0 0 0 0 0 0 0 0 0 0 0 0
36 3 243 1 322 1 0 0 0 0 0 0 0 0 0 0 0 0 0 0 0 0 0 0 0 0 0 0 0 0
37 3 244 1 323 1 0 0 0 0 0 0 0 0 0 0 0 0 0 0 0 0 0 0 0 0 0 0 0 0
38 3 245 1 324 1 0 0 0 0 0 0 0 0 0 0 0 0 0 0 0 0 0 0 0 0 0 0 0 0
39 3 246 1 325 1 0 0 0 0 0 0 0 0 0 0 0 0 0 0 0 0 0 0 0 0 0 0 0 0
40 3 247 1 326 1 0 0 0 0 0 0 0 0 0 0 0 0 0 0 0 0 0 0 0 0 0 0 0 0
41 3 248 1 327 1 0 0 0 0 0 0 0 0 0 0 0 0 0 0 0 0 0 0 0 0 0 0 0 0
42 3 249 1 328 1 0 0 0 0 0 0 0 0 0 0 0 0 0 0 0 0 0 0 0 0 0 0 0 0
43 3 250 1 329 1 0 0 0 0 0 0 0 0 0 0 0 0 0 0 0 0 0 0 0 0 0 0 0 0
44 3 251 1 330 1 0 0 0 0 0 0 0 0 0 0 0 0 0 0 0 0 0 0 0 0 0 0 0 0
45 3 252 1 331 1 0 0 0 0 0 0 0 0 0 0 0 0 0 0 0 0 0 0 0 0 0 0 0 0
46 3 253 1 332 1 0 0 0 0 0 0 0 0 0 0 0 0 0 0 0 0 0 0 0 0 0 0 0 0
47 3 254 1 333 1 0 0 0 0 0 0 0 0 0 0 0 0 0 0 0 0 0 0 0 0 0 0 0 0
48 3 255 1 334 1 0 0 0 0 0 0 0 0 0 0 0 0 0 0 0 0 0 0 0 0 0 0 0 0
49 3 128 1 335 1 0 0 0 0 0 0 0 0 0 0 0 0 0 0 0 0 0 0 0 0 0 0 0 0
50 3 129 1 336 1 0 0 0 0 0 0 0 0 0 0 0 0 0 0 0 0 0 0 0 0 0 0 0 0
51 3 130 1 337 1 0 0 0 0 0 0 0 0 0 0 0 0 0 0 0 0 0 0 0 0 0 0 0 0
52 3 131 1 338 1 0 0 0 0 0 0 0 0 0 0 0 0 0 0 0 0 0 0 0 0 0 0 0 0
53 3 132 1 339 1 0 0 0 0 0 0 0 0 0 0 0 0 0 0 0 0 0 0 0 0 0 0 0 0
54 3 133 1 340 1 0 0 0 0 0 0 0 0 0 0 0 0 0 0 0 0 0 0 0 0 0 0 0 0
55 3 134 1 341 1 0 0 0 0 0 0 0 0 0 0 0 0 0 0 0 0 0 0 0 0 0 0 0 0
56 3 135 1 342 1 0 0 0 0 0 0 0 0 0 0 0 0 0 0 0 0 0 0 0 0 0 0 0 0
57 3 136 1 343 1 0 0 0 0 0 0 0 0 0 0 0 0 0 0 0 0 0 0 0 0 0 0 0 0
58 3 137 1 344 1 0 0 0 0 0 0 0 0 0 0 0 0 0 0 0 0 0 0 0 0 0 0 0 0
59 3 138 1 345 1 0 0 0 0 0 0 0 0 0 0 0 0 0 0 0 0 0 0 0 0 0 0 0 0
60 3 139 1 346 1 0 0 0 0 0 0 0 0 0 0 0 0 0 0 0 0 0 0 0 0 0 0 0 0
61 3 140 1 347 1 0 0 0 0 0 0 0 0 0 0 0 0 0 0 0 0 0 0 0 0 0 0 0 0
62 3 141 1 348 1 0 0 0 0 0 0 0 0 0 0 0 0 0 0 0 0 0 0 0 0 0 0 0 0
63 3 142 1 349 1 0 0 0 0 0 0 0 0 0 0 0 0 0 0 0 0 0 0 0 0 0 0 0 0
64 3 143 1 350 1 0 0 0 0 0 0 0 0 0 0 0 0 0 0 0 0 0 0 0 0 0 0 0 0
65 3 144 1 351 1 0 0 0 0 0 0 0 0 0 0 0 0 0 0 0 0 0 0 0 0 0 0 0 0
66 3 145 1 352 1 0 0 0 0 0 0 0 0 0 0 0 0 0 0 0 0 0 0 0 0 0 0 0 0
67 3 146 1 353 1 0 0 0 0 0 0 0 0 0 0 0 0 0 0 0 0 0 0 0 0 0 0 0 0
68 3 147 1 354 1 0 0 0 0 0 0 0 0 0 0 0 0 0 0 0 0 0 0 0 0 0 0 0 0
69 3 148 1 355 1 0 0 0 0 0 0 0 0 0 0 0 0 0 0 0 0 0 0 0 0 0 0 0 0
70 3 149 1 356 1 0 0 0 0 0 0 0 0 0 0 0 0 0 0 0 0 0 0 0 0 0 0 0 0
71 3 150 1 357 1 0 0 0 0 0 0 0 0 0 0 0 0 0 0 0 0 0 0 0 0 0 0 0 0
72 3 151 1 358 1 0 0 0 0 0 0 0 0 0 0 0 0 0 0 0 0 0 0 0 0 0 0 0 0
73 3 152 1 359 1 0 0 0 0 0 0 0 0 0 0 0 0 0 0 0 0 0 0 0 0 0 0 0 0
74 3 153 1 360 1 0 0 0 0 0 0 0 0 0 0 0 0 0 0 0 0 0 0 0 0 0 0 0 0
75 3 154 1 361 1 0 0 0 0 0 0 0 0 0 0 0 0 0 0 0 0 0 0 0 0 0 0 0 0
76 3 155 1 362 1 0 0 0 0 0 0 0 0 0 0 0 0 0 0 0 0 0 0 0 0 0 0 0 0
77 3 156 1 363 1 0 0 0 0 0 0 0 0 0 0 0 0 0 0 0 0 0 0 0 0 0 0 0 0
78 3 157 1 364 1 0 0 0 0 0 0 0 0 0 0 0 0 0 0 0 0 0 0 0 0 0 0 0 0
79 3 158 1 365 1 0 0 0 0 0 0 0 0 0 0 0 0 0 0 0 0 0 0 0 0 0 0 0 0
80 3 159 1 366 1 0 0 0 0 0 0 0 0 0 0 0 0 0 0 0 0 0 0 0 0 0 0 0 0
81 3 160 1 367 1 0 0 0 0 0 0 0 0 0 0 0 0 0 0 0 0 0 0 0 0 0 0 0 0
82 3 161 1 368 1 0 0 0 0 0 0 0 0 0 0 0 0 0 0 0 0 0 0 0 0 0 0 0 0
83 3 162 1 369 1 0 0 0 0 0 0 0 0 0 0 0 0 0 0 0 0 0 0 0 0 0 0 0 0
84 3 163 1 370 1 0 0 0 0 0 0 0 0 0 0 0 0 0 0 0 0 0 0 0 0 0 0 0 0
85 3 164 1 371 1 0 0 0 0 0 0 0 0 0 0 0 0 0 0 0 0 0 0 0 0 0 0 0 0
86 3 165 1 372 1 0 0 0 0 0 0 0 0 0 0 0 0 0 0 0 0 0 0 0 0 0 0 0 0
87 3 166 1 373 1 0 0 0 0 0 0 0 0 0 0 0 0 0 0 0 0 0 0 0 0 0 0 0 0
88 3 167 1 374 1 0 0 0 0 0 0 0 0 0 0 0 0 0 0 0 0 0 0 0 0 0 0 0 0
89 3 168 1 375 1 0 0 0 0 0 0 0 0 0 0 0 0 0 0 0 0 0 0 0 0 0 0 0 0
90 3 169 1 376 1 0 0 0 0 0 0 0 0 0 0 0 0 0 0 0 0 0 0 0 0 0 0 0 0
91 3 170 1 377 1 0 0 0 0 0 0 0 0 0 0 0 0 0 0 0 0 0 0 0 0 0 0 0 0
92 3 171 1 378 1 0 0 0 0 0 0 0 0 0 0 0 0 0 0 0 0 0 0 0 0 0 0 0 0
93 3 172 1 379 1 0 0 0 0 0 0 0 0 0 0 0 0 0 0 0 0 0 0 0 0 0 0 0 0
94 3 173 1 380 1 0 0 0 0 0 0 0 0 0 0 0 0 0 0 0 0 0 0 0 0 0 0 0 0
95 3 174 1 381 1 0 0 0 0 0 0 0 0 0 0 0 0 0 0 0 0 0 0 0 0 0 0 0 0
96 3 175 1 382 1 0 0 0 0 0 0 0 0 0 0 0 0 0 0 0 0 0 0 0 0 0 0 0 0
97 3 176 1 383 1 0 0 0 0 0 0 0 0 0 0 0 0 0 0 0 0 0 0 0 0 0 0 0 0
98 3 177 1 256 1 0 0 0 0 0 0 0 0 0 0 0 0 0 0 0 0 0 0 0 0 0 0 0 0
99 3 178 1 257 1 0 0 0 0 0 0 0 0 0 0 0 0 0 0 0 0 0 0 0 0 0 0 0 0
100 3 179 1 258 1 0 0 0 0 0 0 0 0 0 0 0 0 0 0 0 0 0 0 0 0 0 0 0 0
101 3 180 1 259 1 0 0 0 0 0 0 0 0 0 0 0 0 0 0 0 0 0 0 0 0 0 0 0 0
102 3 181 1 260 1 0 0 0 0 0 0 0 0 0 0 0 0 0 0 0 0 0 0 0 0 0 0 0 0
103 3 182 1 261 1 0 0 0 0 0 0 0 0 0 0 0 0 0 0 0 0 0 0 0 0 0 0 0 0
104 3 183 1 262 1 0 0 0 0 0 0 0 0 0 0 0 0 0 0 0 0 0 0 0 0 0 0 0 0
105 3 184 1 263 1 0 0 0 0 0 0 0 0 0 0 0 0 0 0 0 0 0 0 0 0 0 0 0 0
106 3 185 1 264 1 0 0 0 0 0 0 0 0 0 0 0 0 0 0 0 0 0 0 0 0 0 0 0 0
107 3 186 1 265 1 0 0 0 0 0 0 0 0 0 0 0 0 0 0 0 0 0 0 0 0 0 0 0 0
108 3 187 1 266 1 0 0 0 0 0 0 0 0 0 0 0 0 0 0 0 0 0 0 0 0 0 0 0 0
109 3 188 1 267 1 0 0 0 0 0 0 0 0 0 0 0 0 0 0 0 0 0 0 0 0 0 0 0 0
110 3 189 1 268 1 0 0 0 0 0 0 0 0 0 0 0 0 0 0 0 0 0 0 0 0 0 0 0 0
111 3 190 1 269 1 0 0 0 0 0 0 0 0 0 0 0 0 0 0 0 0 0 0 0 0 0 0 0 0
112 3 191 1 270 1 0 0 0 0 0 0 0 0 0 0 0 0 0 0 0 0 0 0 0 0 0 0 0 0
113 3 192 1 271 1 0 0 0 0 0 0 0 0 0 0 0 0 0 0 0 0 0 0 0 0 0 0 0 0
114 3 193 1 272 1 0 0 0 0 0 0 0 0 0 0 0 0 0 0 0 0 0 0 0 0 0 0 0 0
115 3 194 1 273 1 0 0 0 0 0 0 0 0 0 0 0 0 0 0 0 0 0 0 0 0 0 0 0 0
116 3 195 1 274 1 0 0 0 0 0 0 0 0 0 0 0 0 0 0 0 0 0 0 0 0 0 0 0 0
117 3 196 1 275 1 0 0 0 0 0 0 0 0 0 0 0 0 0 0 0 0 0 0 0 0 0 0 0 0
118 3 197 1 276 1 0 0 0 0 0 0 0 0 0 0 0 0 0 0 0 0 0 0 0 0 0 0 0 0
119 3 198 1 277 1 0 0 0 0 0 0 0 0 0 0 0 0 0 0 0 0 0 0 0 0 0 0 0 0
120 3 199 1 278 1 0 0 0 0 0 0 0 0 0 0 0 0 0 0 0 0 0 0 0 0 0 0 0 0
121 3 200 1 279 1 0 0 0 0 0 0 0 0 0 0 0 0 0 0 0 0 0 0 0 0 0 0 0 0
122 3 201 1 280 1 0 0 0 0 0 0 0 0 0 0 0 0 0 0 0 0 0 0 0 0 0 0 0 0
123 3 202 1 281 1 0 0 0 0 0 0 0 0 0 0 0 0 0 0 0 0 0 0 0 0 0 0 0 0
124 3 203 1 282 1 0 0 0 0 0 0 0 0 0 0 0 0 0 0 0 0 0 0 0 0 0 0 0 0
125 3 204 1 283 1 0 0 0 0 0 0 0 0 0 0 0 0 0 0 0 0 0 0 0 0 0 0 0 0
126 3 205 1 284 1 0 0 0 0 0 0 0 0 0 0 0 0 0 0 0 0 0 0 0 0 0 0 0 0
127 3 206 1 285 1 0 0 0 0 0 0 0 0 0 0 0 0 0 0 0 0 0 0 0 0 0 0 0 0
0 1 136 1 271 1 1 0 0 0 0 0 0 0 2 0 0 0 0 0 0 0 3 0 0 0 0 0 0 0
1 1 137 1 272 1 4 0 0 0 0 0 0 0 8 0 0 0 0 0 0 0 12 0 0 0 0 0 0 0
2 1 138 1 273 1 16 0 0 0 0 0 0 0 32 0 0 0 0 0 0 0 48 0 0 0 0 0 0 0
3 1 139 1 274 1 64 0 0 0 0 0 0 0 128 0 0 0 0 0 0 0 192 0 0 0 0 0 0 0
4 1 140 1 275 1 256 0 0 0 0 0 0 0 512 0 0 0 0 0 0 0 768 0 0 0 0 0 0 0
5 1 141 1 276 1 1024 0 0 0 0 0 0 0 2048 0 0 0 0 0 0 0 3072 0 0 0 0 0 0 0
6 1 142 1 277 1 4096 0 0 0 0 0 0 0 8192 0 0 0 0 0 0 0 12288 0 0 0 0 0 0 0
7 1 143 1 278 1 16384 0 0 0 0 0 0 0 32768 0 0 0 0 0 0 0 49152 0 0 0 0 0 0 0
8 1 144 1 279 1 65536 0 0 0 0 0 0 0 131072 0 0 0 0 0 0 0 196608 0 0 0 0 0 0 0
9 1 145 1 280 1 262144 0 0 0 0 0 0 0 524288 0 0 0 0 0 0 0 786432 0 0 0 0 0 0 0
10 1 146 1 281 1 1048576 0 0 0 0 0 0 0 2097152 0 0 0 0 0 0 0 3145728 0 0 0 0 0 0 0
11 1 147 1 282 1 4194304 0 0 0 0 0 0 0 8388608 0 0 0 0 0 0 0 12582912 0 0 0 0 0 0 0
12 1 148 1 283 1 16777216 0 0 0 0 0 0 0 33554432 0 0 0 0 0 0 0 50331648 0 0 0 0 0 0 0
13 1 149 1 284 1 67108864 0 0 0 0 0 0 0 134217728 0 0 0 0 0 0 0 201326592 0 0 0 0 0 0 0
14 1 150 1 285 1 268435456 0 0 0 0 0 0 0 536870912 0 0 0 0 0 0 0 805306368 0 0 0 0 0 0 0
15 1 151 1 286 1 1073741824 0 0 0 0 0 0 0 2147483648 0 0 0 0 0 0 0 3221225472 0 0 0 0 0 0 0
16 1 152 1 287 1 4294967296 0 0 0 0 0 0 0 8589934592 0 0 0 0 0 0 0 12884901888 0 0 0 0 0 0 0
17 1 153 1 288 1 17179869184 0 0 0 0 0 0 0 34359738368 0 0 0 0 0 0 0 51539607552 0 0 0 0 0 0 0
18 1 154 1 289 1 68719476736 0 0 0 0 0 0 0 137438953472 0 0 0 0 0 0 0 206158430208 0 0 0 0 0 0 0
19 1 155 1 290 1 274877906944 0 0 0 0 0 0 0 549755813888 0 0 0 0 0 0 0 824633720832 0 0 0 0 0 0 0
20 1 156 1 291 1 1099511627776 0 0 0 0 0 0 0 2199023255552 0 0 0 0 0 0 0 3298534883328 0 0 0 0 0 0 0
21 1 157 1 292 1 4398046511104 0 0 0 0 0 0 0 8796093022208 0 0 0 0 0 0 0 13194139533312 0 0 0 0 0 0 0
22 1 158 1 293 1 17592186044416 0 0 0 0 0 0 0 35184372088832 0 0 0 0 0 0 0 52776558133248 0 0 0 0 0 0 0
23 1 159 1 294 1 70368744177664 0 0 0 0 0 0 0 140737488355328 0 0 0 0 0 0 0 211106232532992 0 0 0 0 0 0 0
24 1 160 1 295 1 281474976710656 0 0 0 0 0 0 0 562949953421312 0 0 0 0 0 0 0 844424930131968 0 0 0 0 0 0 0
25 1 161 1 296 1 1125899906842624 0 0 0 0 0 0 0 2251799813685248 0 0 0 0 0 0 0 3377699720527872 0 0 0 0 0 0 0
26 1 162 1 297 1 4503599627370496 0 0 0 0 0 0 0 9007199254740992 0 0 0 0 0 0 0 13510798882111488 0 0 0 0 0 0 0
27 1 163 1 298 1 18014398509481984 0 0 0 0 0 0 0 36028797018963968 0 0 0 0 0 0 0 54043195528445952 0 0 0 0 0 0 0
28 1 164 1 299 1 72057594037927936 0 0 0 0 0 0 0 144115188075855872 0 0 0 0 0 0 0 216172782113783808 0 0 0 0 0 0 0
29 1 165 1 300 1 288230376151711744 0 0 0 0 0 0 0 576460752303423488 0 0 0 0 0 0 0 864691128455135232 0 0 0 0 0 0 0
30 1 166 1 301 1 1152921504606846976 0 0 0 0 0 0 0 2305843009213693952 0 0 0 0 0 0 0 3458764513820540928 0 0 0 0 0 0 0
31 1 167 1 302 1 4611686018427387904 0 0 0 0 0 0 0 9223372036854775808 0 0 0 0 0 0 0 13835058055282163712 0 0 0 0 0 0 0
32 1 168 1 303 1 0 1 0 0 0 0 0 0 0 2 0 0 0 0 0 0 0 3 0 0 0 0 0 0
33 1 169 1 304 1 0 4 0 0 0 0 0 0 0 8 0 0 0 0 0 0 0 12 0 0 0 0 0 0
34 1 170 1 305 1 0 16 0 0 0 0 0 0 0 32 0 0 0 0 0 0 0 48 0 0 0 0 0 0
35 1 171 1 306 1 0 64 0 0 0 0 0 0 0 128 0 0 0 0 0 0 0 192 0 0 0 0 0 0
36 1 172 1 307 1 0 256 0 0 0 0 0 0 0 512 0 0 0 0 0 0 0 768 0 0 0 0 0 0
37 1 173 1 308 1 0 1024 0 0 0 0 0 0 0 2048 0 0 0 0 0 0 0 3072 0 0 0 0 0 0
38 1 174 1 309 1 0 4096 0 0 0 0 0 0 0 8192 0 0 0 0 0 0 0 12288 0 0 0 0 0 0
39 1 175 1 310 1 0 16384 0 0 0 0 0 0 0 32768 0 0 0 0 0 0 0 49152 0 0 0 0 0 0
40 1 176 1 311 1 0 65536 0 0 0 0 0 0 0 131072 0 0 0 0 0 0 0 196608 0 0 0 0 0 0
41 1 177 1 312 1 0 262144 0 0 0 0 0 0 0 524288 0 0 0 0 0 0 0 786432 0 0 0 0 0 0
42 1 178 1 313 1 0 1048576 0 0 0 0 0 0 0 2097152 0 0 0 0 0 0 0 3145728 0 0 0 0 0 0
43 1 179 1 314 1 0 4194304 0 0 0 0 0 0 0 8388608 0 0 0 0 0 0 0 12582912 0 0 0 0 0 0
44 1 180 1 315 1 0 16777216 0 0 0 0 0 0 0 33554432 0 0 0 0 0 0 0 50331648 0 0 0 0 0 0
45 1 181 1 316 1 0 67108864 0 0 0 0 0 0 0 134217728 0 0 0 0 0 0 0 201326592 0 0 0 0 0 0
46 1 182 1 317 1 0 268435456 0 0 0 0 0 0 0 536870912 0 0 0 0 0 0 0 805306368 0 0 0 0 0 0
47 1 183 1 318 1 0 1073741824 0 0 0 0 0 0 0 2147483648 0 0 0 0 0 0 0 3221225472 0 0 0 0 0 0
48 1 184 1 319 1 0 4294967296 0 0 0 0 0 0 0 8589934592 0 0 0 0 0 0 0 12884901888 0 0 0 0 0 0
49 1 185 1 320 1 0 17179869184 0 0 0 0 0 0 0 34359738368 0 0 0 0 0 0 0 51539607552 0 0 0 0 0 0
50 1 186 1 321 1 0 68719476736 0 0 0 0 0 0 0 137438953472 0 0 0 0 0 0 0 206158430208 0 0 0 0 0 0
51 1 187 1 322 1 0 274877906944 0 0 0 0 0 0 0 549755813888 0 0 0 0 0 0 0 824633720832 0 0 0 0 0 0
52 1 188 1 323 1 0 1099511627776 0 0 0 0 0 0 0 2199023255552 0 0 0 0 0 0 0 3298534883328 0 0 0 0 0 0
53 1 189 1 324 1 0 4398046511104 0 0 0 0 0 0 0 8796093022208 0 0 0 0 0 0 0 13194139533312 0 0 0 0 0 0
54 1 190 1 325 1 0 17592186044416 0 0 0 0 0 0 0 35184372088832 0 0 0 0 0 0 0 52776558133248 0 0 0 0 0 0
55 1 191 1 326 1 0 70368744177664 0 0 0 0 0 0 0 140737488355328 0 0 0 0 0 0 0 211106232532992 0 0 0 0 0 0
56 1 192 1 327 1 0 281474976710656 0 0 0 0 0 0 0 562949953421312 0 0 0 0 0 0 0 844424930131968 0 0 0 0 0 0
57 1 193 1 328 1 0 1125899906842624 0 0 0 0 0 0 0 2251799813685248 0 0 0 0 0 0 0 3377699720527872 0 0 0 0 0 0
58 1 194 1 329 1 0 4503599627370496 0 0 0 0 0 0 0 9007199254740992 0 0 0 0 0 0 0 13510798882111488 0 0 0 0 0 0
59 1 195 1 330 1 0 18014398509481984 0 0 0 0 0 0 0 36028797018963968 0 0 0 0 0 0 0 54043195528445952 0 0 0 0 0 0
60 1 196 1 331 1 0 72057594037927936 0 0 0 0 0 0 0 144115188075855872 0 0 0 0 0 0 0 216172782113783808 0 0 0 0 0 0
61 1 197 1 332 1 0 288230376151711744 0 0 0 0 0 0 0 576460752303423488 0 0 0 0 0 0 0 864691128455135232 0 0 0 0 0 0
62 1 198 1 333 1 0 1152921504606846976 0 0 0 0 0 0 0 2305843009213693952 0 0 0 0 0 0 0 3458764513820540928 0 0 0 0 0 0
63 1 199 1 334 1 0 4611686018427387904 0 0 0 0 0 0 0 9223372036854775808 0 0 0 0 0 0 0 13835058055282163712 0 0 0 0 0 0
64 1 200 1 335 1 0 0 1 0 0 0 0 0 0 0 2 0 0 0 0 0 0 0 3 0 0 0 0 0
65 1 201 1 336 1 0 0 4 0 0 0 0 0 0 0 8 0 0 0 0 0 0 0 12 0 0 0 0 0
66 1 202 1 337 1 0 0 16 0 0 0 0 0 0 0 32 0 0 0 0 0 0 0 48 0 0 0 0 0
67 1 203 1 338 1 0 0 64 0 0 0 0 0 0 0 128 0 0 0 0 0 0 0 192 0 0 0 0 0
68 1 204 1 339 1 0 0 256 0 0 0 0 0 0 0 512 0 0 0 0 0 0 0 768 0 0 0 0 0
69 1 205 1 340 1 0 0 1024 0 0 0 0 0 0 0 2048 0 0 0 0 0 0 0 3072 0 0 0 0 0
70 1 206 1 341 1 0 0 4096 0 0 0 0 0 0 0 8192 0 0 0 0 0 0 0 12288 0 0 0 0 0
71 1 207 1 342 1 0 0 16384 0 0 0 0 0 0 0 32768 0 0 0 0 0 0 0 49152 0 0 0 0 0
72 1 208 1 343 1 0 0 65536 0 0 0 0 0 0 0 131072 0 0 0 0 0 0 0 196608 0 0 0 0 0
73 1 209 1 344 1 0 0 262144 0 0 0 0 0 0 0 524288 0 0 0 0 0 0 0 786432 0 0 0 0 0
74 1 210 1 345 1 0 0 1048576 0 0 0 0 0 0 0 2097152 0 0 0 0 0 0 0 3145728 0 0 0 0 0
75 1 211 1 346 1 0 0 4194304 0 0 0 0 0 0 0 8388608 0 0 0 0 0 0 0 12582912 0 0 0 0 0
76 1 212 1 347 1 0 0 16777216 0 0 0 0 0 0 0 33554432 0 0 0 0 0 0 0 50331648 0 0 0 0 0
77 1 213 1 348 1 0 0 67108864 0 0 0 0 0 0 0 134217728 0 0 0 0 0 0 0 201326592 0 0 0 0 0
78 1 214 1 349 1 0 0 268435456 0 0 0 0 0 0 0 536870912 0 0 0 0 0 0 0 805306368 0 0 0 0 0
79 1 215 1 350 1 0 0 1073741824 0 0 0 0 0 0 0 2147483648 0 0 0 0 0 0 0 3221225472 0 0 0 0 0
80 1 216 1 351 1 0 0 4294967296 0 0 0 0 0 0 0 8589934592 0 0 0 0 0 0 0 12884901888 0 0 0 0 0
81 1 217 1 352 1 0 0 17179869184 0 0 0 0 0 0 0 34359738368 0 0 0 0 0 0 0 51539607552 0 0 0 0 0
82 1 218 1 353 1 0 0 68719476736 0 0 0 0 0 0 0 137438953472 0 0 0 0 0 0 0 206158430208 0 0 0 0 0
83 1 219 1 354 1 0 0 274877906944 0 0 0 0 0 0 0 549755813888 0 0 0 0 0 0 0 824633720832 0 0 0 0 0
84 1 220 1 355 1 0 0 1099511627776 0 0 0 0 0 0 0 2199023255552 0 0 0 0 0 0 0 3298534883328 0 0 0 0 0
85 1 221 1 356 1 0 0 4398046511104 0 0 0 0 0 0 0 8796093022208 0 0 0 0 0 0 0 13194139533312 0 0 0 0 0
86 1 222 1 357 1 0 0 17592186044416 0 0 0 0 0 0 0 35184372088832 0 0 0 0 0 0 0 52776558133248 0 0 0 0 0
87 1 223 1 358 1 0 0 70368744177664 0 0 0 0 0 0 0 140737488355328 0 0 0 0 0 0 0 211106232532992 0 0 0 0 0
88 1 224 1 359 1 0 0 281474976710656 0 0 0 0 0 0 0 562949953421312 0 0 0 0 0 0 0 844424930131968 0 0 0 0 0
89 1 225 1 360 1 0 0 1125899906842624 0 0 0 0 0 0 0 2251799813685248 0 0 0 0 0 0 0 3377699720527872 0 0 0 0 0
90 1 226 1 361 1 0 0 4503599627370496 0 0 0 0 0 0 0 9007199254740992 0 0 0 0 0 0 0 13510798882111488 0 0 0 0 0
91 1 227 1 362 1 0 0 18014398509481984 0 0 0 0 0 0 0 36028797018963968 0 0 0 0 0 0 0 54043195528445952 0 0 0 0 0
92 1 228 1 363 1 0 0 72057594037927936 0 0 0 0 0 0 0 144115188075855872 0 0 0 0 0 0 0 216172782113783808 0 0 0 0 0
93 1 229 1 364 1 0 0 288230376151711744 0 0 0 0 0 0 0 576460752303423488 0 0 0 0 0 0 0 864691128455135232 0 0 0 0 0
94 1 230 1 365 1 0 0 1152921504606846976 0 0 0 0 0 0 0 2305843009213693952 0 0 0 0 0 0 0 3458764513820540928 0 0 0 0 0
95 1 231 1 366 1 0 0 4611686018427387904 0 0 0 0 0 0 0 9223372036854775808 0 0 0 0 0 0 0 13835058055282163712 0 0 0 0 0
96 1 232 1 367 1 0 0 0 1 0 0 0 0 0 0 0 2 0 0 0 0 0 0 0 3 0 0 0 0
97 1 233 1 368 1 0 0 0 4 0 0 0 0 0 0 0 8 0 0 0 0 0 0 0 12 0 0 0 0
98 1 234 1 369 1 0 0 0 16 0 0 0 0 0 0 0 32 0 0 0 0 0 0 0 48 0 0 0 0
99 1 235 1 370 1 0 0 0 64 0 0 0 0 0 0 0 128 0 0 0 0 0 0 0 192 0 0 0 0
100 1 236 1 371 1 0 0 0 256 0 0 0 0 0 0 0 512 0 0 0 0 0 0 0 768 0 0 0 0
101 1 237 1 372 1 0 0 0 1024 0 0 0 0 0 0 0 2048 0 0 0 0 0 0 0 3072 0 0 0 0
102 1 238 1 373 1 0 0 0 4096 0 0 0 0 0 0 0 8192 0 0 0 0 0 0 0 12288 0 0 0 0
103 1 239 1 374 1 0 0 0 16384 0 0 0 0 0 0 0 32768 0 0 0 0 0 0 0 49152 0 0 0 0
104 1 240 1 375 1 0 0 0 65536 0 0 0 0 0 0 0 131072 0 0 0 0 0 0 0 196608 0 0 0 0
105 1 241 1 376 1 0 0 0 262144 0 0 0 0 0 0 0 524288 0 0 0 0 0 0 0 786432 0 0 0 0
106 1 242 1 377 1 0 0 0 1048576 0 0 0 0 0 0 0 2097152 0 0 0 0 0 0 0 3145728 0 0 0 0
107 1 243 1 378 1 0 0 0 4194304 0 0 0 0 0 0 0 8388608 0 0 0 0 0 0 0 12582912 0 0 0 0
108 1 244 1 379 1 0 0 0 16777216 0 0 0 0 0 0 0 33554432 0 0 0 0 0 0 0 50331648 0 0 0 0
109 1 245 1 380 1 0 0 0 67108864 0 0 0 0 0 0 0 134217728 0 0 0 0 0 0 0 201326592 0 0 0 0
110 1 246 1 381 1 0 0 0 268435456 0 0 0 0 0 0 0 536870912 0 0 0 0 0 0 0 805306368 0 0 0 0
111 1 247 1 382 1 0 0 0 1073741824 0 0 0 0 0 0 0 2147483648 0 0 0 0 0 0 0 3221225472 0 0 0 0
112 1 248 1 383 1 0 0 0 4294967296 0 0 0 0 0 0 0 8589934592 0 0 0 0 0 0 0 12884901888 0 0 0 0
113 1 249 1 256 1 0 0 0 17179869184 0 0 0 0 0 0 0 34359738368 0 0 0 0 0 0 0 51539607552 0 0 0 0
114 1 250 1 257 1 0 0 0 68719476736 0 0 0 0 0 0 0 137438953472 0 0 0 0 0 0 0 206158430208 0 0 0 0
115 1 251 1 258 1 0 0 0 274877906944 0 0 0 0 0 0 0 549755813888 0 0 0 0 0 0 0 824633720832 0 0 0 0
116 1 252 1 259 1 0 0 0 1099511627776 0 0 0 0 0 0 0 2199023255552 0 0 0 0 0 0 0 3298534883328 0 0 0 0
117 1 253 1 260 1 0 0 0 4398046511104 0 0 0 0 0 0 0 8796093022208 0 0 0 0 0 0 0 13194139533312 0 0 0 0
118 1 254 1 261 1 0 0 0 17592186044416 0 0 0 0 0 0 0 35184372088832 0 0 0 0 0 0 0 52776558133248 0 0 0 0
119 1 255 1 262 1 0 0 0 70368744177664 0 0 0 0 0 0 0 140737488355328 0 0 0 0 0 0 0 211106232532992 0 0 0 0
120 1 128 1 263 1 0 0 0 281474976710656 0 0 0 0 0 0 0 562949953421312 0 0 0 0 0 0 0 844424930131968 0 0 0 0
121 1 129 1 264 1 0 0 0 1125899906842624 0 0 0 0 0 0 0 2251799813685248 0 0 0 0 0 0 0 3377699720527872 0 0 0 0
122 1 130 1 265 1 0 0 0 4503599627370496 0 0 0 0 0 0 0 9007199254740992 0 0 0 0 0 0 0 13510798882111488 0 0 0 0
123 1 131 1 266 1 0 0 0 18014398509481984 0 0 0 0 0 0 0 36028797018963968 0 0 0 0 0 0 0 54043195528445952 0 0 0 0
124 1 132 1 267 1 0 0 0 72057594037927936 0 0 0 0 0 0 0 144115188075855872 0 0 0 0 0 0 0 216172782113783808 0 0 0 0
125 1 133 1 268 1 0 0 0 288230376151711744 0 0 0 0 0 0 0 576460752303423488 0 0 0 0 0 0 0 864691128455135232 0 0 0 0
126 1 134 1 269 1 0 0 0 1152921504606846976 0 0 0 0 0 0 0 2305843009213693952 0 0 0 0 0 0 0 3458764513820540928 0 0 0 0
127 1 135 1 270 1 0 0 0 4611686018427387904 0 0 0 0 0 0 0 9223372036854775808 0 0 0 0 0 0 0 13835058055282163712 0 0 0 0
0 1 206 2 315 1 1125899906842624 0 3153936 549755814400 864691128455135232 256 8796093030400 16777728 2251799813685248 0 1060896 824633721600 288230376151711744 512 13194139545600 33555200 3377699720527872 0 2101296 274877907200 576460752303423488 768 4398046515200 50331904
1 1 207 2 316 1 4503599627370496 0 12615744 2199023257600 3458764513820540928 1024 35184372121600 67110912 9007199254740992 0 4243584 3298534886400 1152921504606846976 2048 52776558182400 134220800 13510798882111488 0 8405184 1099511628800 2305843009213693952 3072 17592186060800 201327616
2 1 208 2 317 1 18014398509481984 0 50462976 8796093030400 13835058055282163712 4096 140737488486400 268443648 36028797018963968 0 16974336 13194139545600 4611686018427387904 8192 211106232729600 536883200 54043195528445952 0 33620736 4398046515200 9223372036854775808 12288 70368744243200 805310464
3 1 209 2 318 1 72057594037927936 0 201851904 35184372121600 0 16387 562949953945600 1073774592 144115188075855872 0 67897344 52776558182400 0 32769 844424930918400 2147532800 216172782113783808 0 134482944 17592186060800 0 49154 281474976972800 3221241856
4 1 210 2 319 1 288230376151711744 0 807407616 140737488486400 0 65548 2251799815782400 4295098368 576460752303423488 0 271589376 211106232729600 0 131076 3377699723673600 8590131200 864691128455135232 0 537931776 70368744243200 0 196616 1125899907891200 12884967424
5 1 211 2 320 1 1152921504606846976 0 3229630464 562949953945600 0 262192 9007199263129600 17180393472 2305843009213693952 0 1086357504 844424930918400 0 524304 13510798894694400 34360524800 3458764513820540928 0 2151727104 281474976972800 0 786464 4503599631564800 51539869696
6 1 212 2 321 1 4611686018427387904 0 12918521856 2251799815782400 0 1048768 36028797052518400 68721573888 9223372036854775808 0 4345430016 3377699723673600 0 2097216 54043195578777600 137442099200 13835058055282163712 0 8606908416 1125899907891200 0 3145856 18014398526259200 206159478784
7 1 213 2 322 1 0 1 51674087424 9007199263129600 0 4195072 144115188210073600 274886295552 0 2 17381720064 13510798894694400 0 8388864 216172782315110400 549768396800 0 3 34427633664 4503599631564800 0 12583424 72057594105036800 824637915136
8 1 214 2 323 1 0 4 206696349696 36028797052518400 0 16780288 576460752840294400 1099545182208 0 8 69526880256 54043195578777600 0 33555456 864691129260441600 2199073587200 0 12 137710534656 18014398526259200 0 50333696 288230376420147200 3298551660544
9 1 215 2 324 1 0 16 826785398784 144115188210073600 0 67121152 2305843011361177600 4398180728832 0 32 278107521024 216172782315110400 0 134221824 3458764517041766400 8796294348800 0 48 550842138624 72057594105036800 0 201334784 1152921505680588800 13194206642176
10 1 216 2 325 1 0 64 3307141595136 576460752840294400 0 268484608 9223372045444710400 17592722915328 0 128 1112430084096 864691129260441600 0 536887296 13835058068167065600 35185177395200 0 192 2203368554496 288230376420147200 0 805339136 4611686022722355200 52776826568704
11 1 217 2 326 1 0 256 13228566380544 2305843011361177600 0 1073938432 34359738368 70370891661314 0 512 4449720336384 3458764517041766400 0 2147549184 51539607552 140740709580803 0 768 8813474217984 1152921505680588800 0 3221356544 17179869184 211107306274817
12 1 218 2 327 1 0 1024 52914265522176 9223372045444710400 0 4295753728 137438953472 281483566645256 0 2048 17798881345536 13835058068167065600 0 8590196736 206158430208 562962838323212 0 3072 35253896871936 4611686022722355200 0 12885426176 68719476736 844429225099268
13 1 219 2 328 1 2 4096 211657062088704 34359738368 0 17183014912 549755813888 1125934266581024 3 8192 71195525382144 51539607552 0 34360786944 824633720832 2251851353292848 1 12288 141015587487744 17179869184 0 51541704704 274877906944 3377716900397072
14 1 220 2 329 1 8 16384 846628248354816 137438953472 0 68732059648 2199023255552 4503737066324096 12 32768 284782101528576 206158430208 0 137443147776 3298534883328 9007405413171392 4 49152 564062349950976 68719476736 0 206166818816 1099511627776 13510867601588288
15 1 221 2 330 1 32 65536 3386512993419264 549755813888 0 274928238592 8796093022208 18014948265296384 48 131072 1139128406114304 824633720832 0 549772591104 13194139533312 36029621652685568 16 196608 2256249399803904 274877906944 0 824667275264 4398046511104 54043470406353152
16 1 222 2 331 1 128 262144 13546051973677056 2199023255552 0 1099712954368 35184372088832 72059793061185536 192 524288 4556513624457216 3298534883328 0 2199090364416 52776558133248 144118486610742272 64 786432 9024997599215616 1099511627776 0 3298669101056 17592186044416 216173881625412608
17 1 223 2 332 1 512 1048576 54184207894708224 8796093022208 0 4398851817472 140737488355328 288239172244742144 768 2097152 18226054497828864 13194139533312 0 8796361457664 211106232532992 576473946442969088 256 3145728 36099990396862464 4398046511104 0 13194676404224 70368744177664 864695526501650432
18 1 224 2 333 1 2048 4194304 216736831578832896 35184372088832 0 17595407269888 562949953421312 1152956688978968576 3072 8388608 72904217991315456 52776558133248 0 35185445830656 844424930131968 2305895785771876352 1024 12582912 144399961587449856 17592186044416 0 52778705616896 281474976710656 3458782106006601728
19 1 225 2 334 1 8192 16777216 866947326315331584 140737488355328 0 70381629079552 2251799813685248 4611826755915874304 12288 33554432 291616871965261824 211106232532992 0 140741783322624 3377699720527872 9223583143087505408 4096 50331648 577599846349799424 70368744177664 0 211114822467584 1125899906842624 13835128424026406912
20 1 226 2 335 1 32768 67108864 3467789305261326336 562949953421312 1 281526516318208 9007199254740992 562949953945600 49152 134217728 1166467487861047296 844424930131968 2 562967133290496 13510798882111488 844424930918400 16384 201326592 2310399385399197696 281474976710656 3 844459289870336 4503599627370496 281474976972800
21 1 227 2 336 1 131072 268435456 13871157221045305344 2251799813685248 4 1126106065272832 36028797018963968 2251799815782400 196608 536870912 4665869951444189184 3377699720527872 8 2251868533161984 54043195528445952 3377699723673600 65536 805306368 9241597541596790784 1125899906842624 12 3377837159481344 18014398509481984 1125899907891200
22 1 228 2 337 1 524288 1073741824 144396663052566528 9007199254740995 16 4504424261091328 144115188075855872 9007199263129600 786432 2147483648 216735732067205120 13510798882111489 32 9007474132647936 216172782113783808 13510798894694400 262144 3221225472 72902018968059904 4503599627370498 48 13511348637925376 72057594037927936 4503599631564800
23 1 229 2 338 1 2097152 4294967296 577586652210266112 36028797018963980 64 18017697044365312 576460752303423488 36028797052518400 3145728 8589934592 866942928268820480 54043195528445956 128 36029896530591744 864691128455135232 54043195578777600 1048576 12884901888 291608075872239616 18014398509481992 192 54045394551701504 288230376151711744 18014398526259200
24 1 230 2 339 1 8388608 17179869184 2310346608841064448 144115188075855920 256 72070788177461248 2305843009213693952 144115188210073600 12582912 34359738368 3467771713075281920 216172782113783824 512 144119586122366976 3458764513820540928 216172782315110400 4194304 51539607552 1166432303488958464 72057594037927968 768 216181578206806016 1152921504606846976 72057594105036800
25 1 231 2 340 1 33554432 68719476736 9241386435364257792 576460752303423680 1024 288283152709844992 9223372036854775808 576460752840294400 50331648 137438953472 13871086852301127680 864691128455135296 2048 576478344489467904 13835058055282163712 864691129260441600 16777216 206158430208 4665729213955833856 288230376151711872 3072 864726312827224064 4611686018427387904 288230376420147200
26 1 232 2 341 1 134217728 274877906944 72057594037927936 2305843009213694722 4096 1153132610839379968 0 2305843011361177602 201326592 549755813888 144115188075855872 3458764513820541187 8192 2305913377957871616 0 3458764517041766403 67108864 824633720832 216172782113783808 1152921504606847489 12288 3458905251308896256 0 1152921505680588801
27 1 233 2 342 1 536870912 1099511627776 288230376151711744 9223372036854778888 16384 4612530443357519872 0 9223372045444710408 805306368 2199023255552 576460752303423488 13835058055282164748 32768 9223653511831486464 0 13835058068167065612 268435456 3298534883328 864691128455135232 4611686018427389956 49152 13835621005235585024 0 4611686022722355204
28 1 234 2 343 1 2147483650 4398046511104 1152921504606846976 12320 65538 3377699720527872 1 34359738400 3221225475 8796093022208 2305843009213693952 4144 131075 1125899906842624 2 51539607600 1073741825 13194139533312 3458764513820540928 8208 196609 2251799813685248 3 17179869200
29 1 235 2 344 1 8589934600 17592186044416 4611686018427387904 49280 262152 13510798882111488 4 137438953600 12884901900 35184372088832 9223372036854775808 16576 524300 4503599627370496 8 206158430400 4294967300 52776558133248 13835058055282163712 32832 786436 9007199254740992 12 68719476800
30 1 236 2 345 1 34359738400 70368744177664 0 197121 1048608 54043195528445952 16 549755814400 51539607600 140737488355328 0 66306 2097200 18014398509481984 32 824633721600 17179869200 211106232532992 0 131331 3145744 36028797018963968 48 274877907200
31 1 237 2 346 1 137438953600 281474976710656 0 788484 4194432 216172782113783808 64 2199023257600 206158430400 562949953421312 0 265224 8388800 72057594037927936 128 3298534886400 68719476800 844424930131968 0 525324 12582976 144115188075855872 192 1099511628800
32 1 238 2 347 1 549755814400 1125899906842624 0 3153936 16777728 864691128455135232 256 8796093030400 824633721600 2251799813685248 0 1060896 33555200 288230376151711744 512 13194139545600 274877907200 3377699720527872 0 2101296 50331904 576460752303423488 768 4398046515200
33 1 239 2 348 1 2199023257600 4503599627370496 0 12615744 67110912 3458764513820540928 1024 35184372121600 3298534886400 9007199254740992 0 4243584 134220800 1152921504606846976 2048 52776558182400 1099511628800 13510798882111488 0 8405184 201327616 2305843009213693952 3072 17592186060800
34 1 240 2 349 1 8796093030400 18014398509481984 0 50462976 268443648 13835058055282163712 4096 140737488486400 13194139545600 36028797018963968 0 16974336 536883200 4611686018427387904 8192 211106232729600 4398046515200 54043195528445952 0 33620736 805310464 9223372036854775808 12288 70368744243200
35 1 241 2 350 1 35184372121600 72057594037927936 0 201851904 1073774592 0 16387 562949953945600 52776558182400 144115188075855872 0 67897344 2147532800 0 32769 844424930918400 17592186060800 216172782113783808 0 134482944 3221241856 0 49154 281474976972800
36 1 242 2 351 1 140737488486400 288230376151711744 0 807407616 4295098368 0 65548 2251799815782400 211106232729600 576460752303423488 0 271589376 8590131200 0 131076 3377699723673600 70368744243200 864691128455135232 0 537931776 12884967424 0 196616 1125899907891200
37 1 243 2 352 1 562949953945600 1152921504606846976 0 3229630464 17180393472 0 262192 9007199263129600 844424930918400 2305843009213693952 0 1086357504 34360524800 0 524304 13510798894694400 281474976972800 3458764513820540928 0 2151727104 51539869696 0 786464 4503599631564800
38 1 244 2 353 1 2251799815782400 4611686018427387904 0 12918521856 68721573888 0 1048768 36028797052518400 3377699723673600 9223372036854775808 0 4345430016 137442099200 0 2097216 54043195578777600 1125899907891200 13835058055282163712 0 8606908416 206159478784 0 3145856 18014398526259200
39 1 245 2 354 1 9007199263129600 0 1 51674087424 274886295552 0 4195072 144115188210073600 13510798894694400 0 2 17381720064 549768396800 0 8388864 216172782315110400 4503599631564800 0 3 34427633664 824637915136 0 12583424 72057594105036800
40 1 246 2 355 1 36028797052518400 0 4 206696349696 1099545182208 0 16780288 576460752840294400 54043195578777600 0 8 69526880256 2199073587200 0 33555456 864691129260441600 18014398526259200 0 12 137710534656 3298551660544 0 50333696 288230376420147200
41 1 247 2 356 1 144115188210073600 0 16 826785398784 4398180728832 0 67121152 2305843011361177600 216172782315110400 0 32 278107521024 8796294348800 0 134221824 3458764517041766400 72057594105036800 0 48 550842138624 13194206642176 0 201334784 1152921505680588800
42 1 248 2 357 1 576460752840294400 0 64 3307141595136 17592722915328 0 268484608 9223372045444710400 864691129260441600 0 128 1112430084096 35185177395200 0 536887296 13835058068167065600 288230376420147200 0 192 2203368554496 52776826568704 0 805339136 4611686022722355200
43 1 249 2 358 1 2305843011361177600 0 256 13228566380544 70370891661314 0 1073938432 34359738368 3458764517041766400 0 512 4449720336384 140740709580803 0 2147549184 51539607552 1152921505680588800 0 768 8813474217984 211107306274817 0 3221356544 17179869184
44 1 250 2 359 1 9223372045444710400 0 1024 52914265522176 281483566645256 0 4295753728 137438953472 13835058068167065600 0 2048 17798881345536 562962838323212 0 8590196736 206158430208 4611686022722355200 0 3072 35253896871936 844429225099268 0 12885426176 68719476736
45 1 251 2 360 1 34359738368 2 4096 211657062088704 1125934266581024 0 17183014912 549755813888 51539607552 3 8192 71195525382144 2251851353292848 0 34360786944 824633720832 17179869184 1 12288 141015587487744 3377716900397072 0 51541704704 274877906944
46 1 252 2 361 1 137438953472 8 16384 846628248354816 4503737066324096 0 68732059648 2199023255552 206158430208 12 32768 284782101528576 9007405413171392 0 137443147776 3298534883328 68719476736 4 49152 564062349950976 13510867601588288 0 206166818816 1099511627776
47 1 253 2 362 1 549755813888 32 65536 3386512993419264 18014948265296384 0 274928238592 8796093022208 824633720832 48 131072 1139128406114304 36029621652685568 0 549772591104 13194139533312 274877906944 16 196608 2256249399803904 54043470406353152 0 824667275264 4398046511104
48 1 254 2 363 1 2199023255552 128 262144 13546051973677056 72059793061185536 0 1099712954368 35184372088832 3298534883328 192 524288 4556513624457216 144118486610742272 0 2199090364416 52776558133248 1099511627776 64 786432 9024997599215616 216173881625412608 0 3298669101056 17592186044416
49 1 255 2 364 1 8796093022208 512 1048576 54184207894708224 288239172244742144 0 4398851817472 140737488355328 13194139533312 768 2097152 18226054497828864 576473946442969088 0 8796361457664 211106232532992 4398046511104 256 3145728 36099990396862464 864695526501650432 0 13194676404224 70368744177664
50 1 128 2 365 1 35184372088832 2048 4194304 216736831578832896 1152956688978968576 0 17595407269888 562949953421312 52776558133248 3072 8388608 72904217991315456 2305895785771876352 0 35185445830656 844424930131968 17592186044416 1024 12582912 144399961587449856 3458782106006601728 0 52778705616896 281474976710656
51 1 129 2 366 1 140737488355328 8192 16777216 866947326315331584 4611826755915874304 0 70381629079552 2251799813685248 211106232532992 12288 33554432 291616871965261824 9223583143087505408 0 140741783322624 3377699720527872 70368744177664 4096 50331648 577599846349799424 13835128424026406912 0 211114822467584 1125899906842624
52 1 130 2 367 1 562949953421312 32768 67108864 3467789305261326336 562949953945600 1 281526516318208 9007199254740992 844424930131968 49152 134217728 1166467487861047296 844424930918400 2 562967133290496 13510798882111488 281474976710656 16384 201326592 2310399385399197696 281474976972800 3 844459289870336 4503599627370496
53 1 131 2 368 1 2251799813685248 131072 268435456 13871157221045305344 2251799815782400 4 1126106065272832 36028797018963968 3377699720527872 196608 536870912 4665869951444189184 3377699723673600 8 2251868533161984 54043195528445952 1125899906842624 65536 805306368 9241597541596790784 1125899907891200 12 3377837159481344 18014398509481984
54 1 132 2 369 1 9007199254740995 524288 1073741824 144396663052566528 9007199263129600 16 4504424261091328 144115188075855872 13510798882111489 786432 2147483648 216735732067205120 13510798894694400 32 9007474132647936 216172782113783808 4503599627370498 262144 3221225472 72902018968059904 4503599631564800 48 13511348637925376 72057594037927936
55 1 133 2 370 1 36028797018963980 2097152 4294967296 577586652210266112 36028797052518400 64 18017697044365312 576460752303423488 54043195528445956 3145728 8589934592 866942928268820480 54043195578777600 128 36029896530591744 864691128455135232 18014398509481992 1048576 12884901888 291608075872239616 18014398526259200 192 54045394551701504 288230376151711744
56 1 134 2 371 1 144115188075855920 8388608 17179869184 2310346608841064448 144115188210073600 256 72070788177461248 2305843009213693952 216172782113783824 12582912 34359738368 3467771713075281920 216172782315110400 512 144119586122366976 3458764513820540928 72057594037927968 4194304 51539607552 1166432303488958464 72057594105036800 768 216181578206806016 1152921504606846976
57 1 135 2 372 1 576460752303423680 33554432 68719476736 9241386435364257792 576460752840294400 1024 288283152709844992 9223372036854775808 864691128455135296 50331648 137438953472 13871086852301127680 864691129260441600 2048 576478344489467904 13835058055282163712 288230376151711872 16777216 206158430208 4665729213955833856 288230376420147200 3072 864726312827224064 4611686018427387904
58 1 136 2 373 1 2305843009213694722 134217728 274877906944 72057594037927936 2305843011361177602 4096 1153132610839379968 0 3458764513820541187 201326592 549755813888 144115188075855872 3458764517041766403 8192 2305913377957871616 0 1152921504606847489 67108864 824633720832 216172782113783808 1152921505680588801 12288 3458905251308896256 0
59 1 137 2 374 1 9223372036854778888 536870912 1099511627776 288230376151711744 9223372045444710408 16384 4612530443357519872 0 13835058055282164748 805306368 2199023255552 576460752303423488 13835058068167065612 32768 9223653511831486464 0 4611686018427389956 268435456 3298534883328 864691128455135232 4611686022722355204 49152 13835621005235585024 0
60 1 138 2 375 1 12320 2147483650 4398046511104 1152921504606846976 34359738400 65538 3377699720527872 1 4144 3221225475 8796093022208 2305843009213693952 51539607600 131075 1125899906842624 2 8208 1073741825 13194139533312 3458764513820540928 17179869200 196609 2251799813685248 3
61 1 139 2 376 1 49280 8589934600 17592186044416 4611686018427387904 137438953600 262152 13510798882111488 4 16576 12884901900 35184372088832 9223372036854775808 206158430400 524300 4503599627370496 8 32832 4294967300 52776558133248 13835058055282163712 68719476800 786436 9007199254740992 12
62 1 140 2 377 1 197121 34359738400 70368744177664 0 549755814400 1048608 54043195528445952 16 66306 51539607600 140737488355328 0 824633721600 2097200 18014398509481984 32 131331 17179869200 211106232532992 0 274877907200 3145744 36028797018963968 48
63 1 141 2 378 1 788484 137438953600 281474976710656 0 2199023257600 4194432 216172782113783808 64 265224 206158430400 562949953421312 0 3298534886400 8388800 72057594037927936 128 525324 68719476800 844424930131968 0 1099511628800 12582976 144115188075855872 192
64 1 142 2 379 1 3153936 549755814400 1125899906842624 0 8796093030400 16777728 864691128455135232 256 1060896 824633721600 2251799813685248 0 13194139545600 33555200 288230376151711744 512 2101296 274877907200 3377699720527872 0 4398046515200 50331904 576460752303423488 768
65 1 143 2 380 1 12615744 2199023257600 4503599627370496 0 35184372121600 67110912 3458764513820540928 1024 4243584 3298534886400 9007199254740992 0 52776558182400 134220800 1152921504606846976 2048 8405184 1099511628800 13510798882111488 0 17592186060800 201327616 2305843009213693952 3072
66 1 144 2 381 1 50462976 8796093030400 18014398509481984 0 140737488486400 268443648 13835058055282163712 4096 16974336 13194139545600 36028797018963968 0 211106232729600 536883200 4611686018427387904 8192 33620736 4398046515200 54043195528445952 0 70368744243200 805310464 9223372036854775808 12288
67 1 145 2 382 1 201851904 35184372121600 72057594037927936 0 562949953945600 1073774592 0 16387 67897344 52776558182400 144115188075855872 0 844424930918400 2147532800 0 32769 134482944 17592186060800 216172782113783808 0 281474976972800 3221241856 0 49154
68 1 146 2 383 1 807407616 140737488486400 288230376151711744 0 2251799815782400 4295098368 0 65548 271589376 211106232729600 576460752303423488 0 3377699723673600 8590131200 0 131076 537931776 70368744243200 864691128455135232 0 1125899907891200 12884967424 0 196616
69 1 147 2 256 1 3229630464 562949953945600 1152921504606846976 0 9007199263129600 17180393472 0 262192 1086357504 844424930918400 2305843009213693952 0 13510798894694400 34360524800 0 524304 2151727104 281474976972800 3458764513820540928 0 4503599631564800 51539869696 0 786464
70 1 148 2 257 1 12918521856 2251799815782400 4611686018427387904 0 36028797052518400 68721573888 0 1048768 4345430016 3377699723673600 9223372036854775808 0 54043195578777600 137442099200 0 2097216 8606908416 1125899907891200 13835058055282163712 0 18014398526259200 206159478784 0 3145856
71 1 149 2 258 1 51674087424 9007199263129600 0 1 144115188210073600 274886295552 0 4195072 17381720064 13510798894694400 0 2 216172782315110400 549768396800 0 8388864 34427633664 4503599631564800 0 3 72057594105036800 824637915136 0 12583424
72 1 150 2 259 1 206696349696 36028797052518400 0 4 576460752840294400 1099545182208 0 16780288 69526880256 54043195578777600 0 8 864691129260441600 2199073587200 0 33555456 137710534656 18014398526259200 0 12 288230376420147200 3298551660544 0 50333696
73 1 151 2 260 1 826785398784 144115188210073600 0 16 2305843011361177600 4398180728832 0 67121152 278107521024 216172782315110400 0 32 3458764517041766400 8796294348800 0 134221824 550842138624 72057594105036800 0 48 1152921505680588800 13194206642176 0 201334784
74 1 152 2 261 1 3307141595136 576460752840294400 0 64 9223372045444710400 17592722915328 0 268484608 1112430084096 864691129260441600 0 128 13835058068167065600 35185177395200 0 536887296 2203368554496 288230376420147200 0 192 4611686022722355200 52776826568704 0 805339136
75 1 153 2 262 1 13228566380544 2305843011361177600 0 256 34359738368 70370891661314 0 1073938432 4449720336384 3458764517041766400 0 512 51539607552 140740709580803 0 2147549184 8813474217984 1152921505680588800 0 768 17179869184 211107306274817 0 3221356544
76 1 154 2 263 1 52914265522176 9223372045444710400 0 1024 137438953472 281483566645256 0 4295753728 17798881345536 13835058068167065600 0 2048 206158430208 562962838323212 0 8590196736 35253896871936 4611686022722355200 0 3072 68719476736 844429225099268 0 12885426176
77 1 155 2 264 1 211657062088704 34359738368 2 4096 549755813888 1125934266581024 0 17183014912 71195525382144 51539607552 3 8192 824633720832 2251851353292848 0 34360786944 141015587487744 17179869184 1 12288 274877906944 3377716900397072 0 51541704704
78 1 156 2 265 1 846628248354816 137438953472 8 16384 2199023255552 4503737066324096 0 68732059648 284782101528576 206158430208 12 32768 3298534883328 9007405413171392 0 137443147776 564062349950976 68719476736 4 49152 1099511627776 13510867601588288 0 206166818816
79 1 157 2 266 1 3386512993419264 549755813888 32 65536 8796093022208 18014948265296384 0 274928238592 1139128406114304 824633720832 48 131072 13194139533312 36029621652685568 0 549772591104 2256249399803904 274877906944 16 196608 4398046511104 54043470406353152 0 824667275264
80 1 158 2 267 1 13546051973677056 2199023255552 128 262144 35184372088832 72059793061185536 0 1099712954368 4556513624457216 3298534883328 192 524288 52776558133248 144118486610742272 0 2199090364416 9024997599215616 1099511627776 64 786432 17592186044416 216173881625412608 0 3298669101056
81 1 159 2 268 1 54184207894708224 8796093022208 512 1048576 140737488355328 288239172244742144 0 4398851817472 18226054497828864 13194139533312 768 2097152 211106232532992 576473946442969088 0 8796361457664 36099990396862464 4398046511104 256 3145728 70368744177664 864695526501650432 0 13194676404224
82 1 160 2 269 1 216736831578832896 35184372088832 2048 4194304 562949953421312 1152956688978968576 0 17595407269888 72904217991315456 52776558133248 3072 8388608 844424930131968 2305895785771876352 0 35185445830656 144399961587449856 17592186044416 1024 12582912 281474976710656 3458782106006601728 0 52778705616896
83 1 161 2 270 1 866947326315331584 140737488355328 8192 16777216 2251799813685248 4611826755915874304 0 70381629079552 291616871965261824 211106232532992 12288 33554432 3377699720527872 9223583143087505408 0 140741783322624 577599846349799424 70368744177664 4096 50331648 1125899906842624 13835128424026406912 0 211114822467584
84 1 162 2 271 1 3467789305261326336 562949953421312 32768 67108864 9007199254740992 562949953945600 1 281526516318208 1166467487861047296 844424930131968 49152 134217728 13510798882111488 844424930918400 2 562967133290496 2310399385399197696 281474976710656 16384 201326592 4503599627370496 281474976972800 3 844459289870336
85 1 163 2 272 1 13871157221045305344 2251799813685248 131072 268435456 36028797018963968 2251799815782400 4 1126106065272832 4665869951444189184 3377699720527872 196608 536870912 54043195528445952 3377699723673600 8 2251868533161984 9241597541596790784 1125899906842624 65536 805306368 18014398509481984 1125899907891200 12 3377837159481344
86 1 164 2 273 1 144396663052566528 9007199254740995 524288 1073741824 144115188075855872 9007199263129600 16 4504424261091328 216735732067205120 13510798882111489 786432 2147483648 216172782113783808 13510798894694400 32 9007474132647936 72902018968059904 4503599627370498 262144 3221225472 72057594037927936 4503599631564800 48 13511348637925376
87 1 165 2 274 1 577586652210266112 36028797018963980 2097152 4294967296 576460752303423488 36028797052518400 64 18017697044365312 866942928268820480 54043195528445956 3145728 8589934592 864691128455135232 54043195578777600 128 36029896530591744 291608075872239616 18014398509481992 1048576 12884901888 288230376151711744 18014398526259200 192 54045394551701504
88 1 166 2 275 1 2310346608841064448 144115188075855920 8388608 17179869184 2305843009213693952 144115188210073600 256 72070788177461248 3467771713075281920 216172782113783824 12582912 34359738368 3458764513820540928 216172782315110400 512 144119586122366976 1166432303488958464 72057594037927968 4194304 51539607552 1152921504606846976 72057594105036800 768 216181578206806016
89 1 167 2 276 1 9241386435364257792 576460752303423680 33554432 68719476736 9223372036854775808 576460752840294400 1024 288283152709844992 13871086852301127680 864691128455135296 50331648 137438953472 13835058055282163712 864691129260441600 2048 576478344489467904 4665729213955833856 288230376151711872 16777216 206158430208 4611686018427387904 288230376420147200 3072 864726312827224064
90 1 168 2 277 1 72057594037927936 2305843009213694722 134217728 274877906944 0 2305843011361177602 4096 1153132610839379968 144115188075855872 3458764513820541187 201326592 549755813888 0 3458764517041766403 8192 2305913377957871616 216172782113783808 1152921504606847489 67108864 824633720832 0 1152921505680588801 12288 3458905251308896256
91 1 169 2 278 1 288230376151711744 9223372036854778888 536870912 1099511627776 0 9223372045444710408 16384 4612530443357519872 576460752303423488 13835058055282164748 805306368 2199023255552 0 13835058068167065612 32768 9223653511831486464 864691128455135232 4611686018427389956 268435456 3298534883328 0 4611686022722355204 49152 13835621005235585024
92 1 170 2 279 1 1152921504606846976 12320 2147483650 4398046511104 1 34359738400 65538 3377699720527872 2305843009213693952 4144 3221225475 8796093022208 2 51539607600 131075 1125899906842624 3458764513820540928 8208 1073741825 13194139533312 3 17179869200 196609 2251799813685248
93 1 171 2 280 1 4611686018427387904 49280 8589934600 17592186044416 4 137438953600 262152 13510798882111488 9223372036854775808 16576 12884901900 35184372088832 8 206158430400 524300 4503599627370496 13835058055282163712 32832 4294967300 52776558133248 12 68719476800 786436 9007199254740992
94 1 172 2 281 1 0 197121 34359738400 70368744177664 16 549755814400 1048608 54043195528445952 0 66306 51539607600 140737488355328 32 824633721600 2097200 18014398509481984 0 131331 17179869200 211106232532992 48 274877907200 3145744 36028797018963968
95 1 173 2 282 1 0 788484 137438953600 281474976710656 64 2199023257600 4194432 216172782113783808 0 265224 206158430400 562949953421312 128 3298534886400 8388800 72057594037927936 0 525324 68719476800 844424930131968 192 1099511628800 12582976 144115188075855872
96 1 174 2 283 1 0 3153936 549755814400 1125899906842624 256 8796093030400 16777728 864691128455135232 0 1060896 824633721600 2251799813685248 512 13194139545600 33555200 288230376151711744 0 2101296 274877907200 3377699720527872 768 4398046515200 50331904 576460752303423488
97 1 175 2 284 1 0 12615744 2199023257600 4503599627370496 1024 35184372121600 67110912 3458764513820540928 0 4243584 3298534886400 9007199254740992 2048 52776558182400 134220800 1152921504606846976 0 8405184 1099511628800 13510798882111488 3072 17592186060800 201327616 2305843009213693952
98 1 176 2 285 1 0 50462976 8796093030400 18014398509481984 4096 140737488486400 268443648 13835058055282163712 0 16974336 13194139545600 36028797018963968 8192 211106232729600 536883200 4611686018427387904 0 33620736 4398046515200 54043195528445952 12288 70368744243200 805310464 9223372036854775808
99 1 177 2 286 1 0 201851904 35184372121600 72057594037927936 16387 562949953945600 1073774592 0 0 67897344 52776558182400 144115188075855872 32769 844424930918400 2147532800 0 0 134482944 17592186060800 216172782113783808 49154 281474976972800 3221241856 0
100 1 178 2 287 1 0 807407616 140737488486400 288230376151711744 65548 2251799815782400 4295098368 0 0 271589376 211106232729600 576460752303423488 131076 3377699723673600 8590131200 0 0 537931776 70368744243200 864691128455135232 196616 1125899907891200 12884967424 0
101 1 179 2 288 1 0 3229630464 562949953945600 1152921504606846976 262192 9007199263129600 17180393472 0 0 1086357504 844424930918400 2305843009213693952 524304 13510798894694400 34360524800 0 0 2151727104 281474976972800 3458764513820540928 786464 4503599631564800 51539869696 0
102 1 180 2 289 1 0 12918521856 2251799815782400 4611686018427387904 1048768 36028797052518400 68721573888 0 0 4345430016 3377699723673600 9223372036854775808 2097216 54043195578777600 137442099200 0 0 8606908416 1125899907891200 13835058055282163712 3145856 18014398526259200 206159478784 0
103 1 181 2 290 1 1 51674087424 9007199263129600 0 4195072 144115188210073600 274886295552 0 2 17381720064 13510798894694400 0 8388864 216172782315110400 549768396800 0 3 34427633664 4503599631564800 0 12583424 72057594105036800 824637915136 0
104 1 182 2 291 1 4 206696349696 36028797052518400 0 16780288 576460752840294400 1099545182208 0 8 69526880256 54043195578777600 0 33555456 864691129260441600 2199073587200 0 12 137710534656 18014398526259200 0 50333696 288230376420147200 3298551660544 0
105 1 183 2 292 1 16 826785398784 144115188210073600 0 67121152 2305843011361177600 4398180728832 0 32 278107521024 216172782315110400 0 134221824 3458764517041766400 8796294348800 0 48 550842138624 72057594105036800 0 201334784 1152921505680588800 13194206642176 0
106 1 184 2 293 1 64 3307141595136 576460752840294400 0 268484608 9223372045444710400 17592722915328 0 128 1112430084096 864691129260441600 0 536887296 13835058068167065600 35185177395200 0 192 2203368554496 288230376420147200 0 805339136 4611686022722355200 52776826568704 0
107 1 185 2 294 1 256 13228566380544 2305843011361177600 0 1073938432 34359738368 70370891661314 0 512 4449720336384 3458764517041766400 0 2147549184 51539607552 140740709580803 0 768 8813474217984 1152921505680588800 0 3221356544 17179869184 211107306274817 0
108 1 186 2 295 1 1024 52914265522176 9223372045444710400 0 4295753728 137438953472 281483566645256 0 2048 17798881345536 13835058068167065600 0 8590196736 206158430208 562962838323212 0 3072 35253896871936 4611686022722355200 0 12885426176 68719476736 844429225099268 0
109 1 187 2 296 1 4096 211657062088704 34359738368 2 17183014912 549755813888 1125934266581024 0 8192 71195525382144 51539607552 3 34360786944 824633720832 2251851353292848 0 12288 141015587487744 17179869184 1 51541704704 274877906944 3377716900397072 0
110 1 188 2 297 1 16384 846628248354816 137438953472 8 68732059648 2199023255552 4503737066324096 0 32768 284782101528576 206158430208 12 137443147776 3298534883328 9007405413171392 0 49152 564062349950976 68719476736 4 206166818816 1099511627776 13510867601588288 0
111 1 189 2 298 1 65536 3386512993419264 549755813888 32 274928238592 8796093022208 18014948265296384 0 131072 1139128406114304 824633720832 48 549772591104 13194139533312 36029621652685568 0 196608 2256249399803904 274877906944 16 824667275264 4398046511104 54043470406353152 0
112 1 190 2 299 1 262144 13546051973677056 2199023255552 128 1099712954368 35184372088832 72059793061185536 0 524288 4556513624457216 3298534883328 192 2199090364416 52776558133248 144118486610742272 0 786432 9024997599215616 1099511627776 64 3298669101056 17592186044416 216173881625412608 0
113 1 191 2 300 1 1048576 54184207894708224 8796093022208 512 4398851817472 140737488355328 288239172244742144 0 2097152 18226054497828864 13194139533312 768 8796361457664 211106232532992 576473946442969088 0 3145728 36099990396862464 4398046511104 256 13194676404224 70368744177664 864695526501650432 0
114 1 192 2 301 1 4194304 216736831578832896 35184372088832 2048 17595407269888 562949953421312 1152956688978968576 0 8388608 72904217991315456 52776558133248 3072 35185445830656 844424930131968 2305895785771876352 0 12582912 144399961587449856 17592186044416 1024 52778705616896 281474976710656 3458782106006601728 0
115 1 193 2 302 1 16777216 866947326315331584 140737488355328 8192 70381629079552 2251799813685248 4611826755915874304 0 33554432 291616871965261824 211106232532992 12288 140741783322624 3377699720527872 9223583143087505408 0 50331648 577599846349799424 70368744177664 4096 211114822467584 1125899906842624 13835128424026406912 0
116 1 194 2 303 1 67108864 3467789305261326336 562949953421312 32768 281526516318208 9007199254740992 562949953945600 1 134217728 1166467487861047296 844424930131968 49152 562967133290496 13510798882111488 844424930918400 2 201326592 2310399385399197696 281474976710656 16384 844459289870336 4503599627370496 281474976972800 3
117 1 195 2 304 1 268435456 13871157221045305344 2251799813685248 131072 1126106065272832 36028797018963968 2251799815782400 4 536870912 4665869951444189184 3377699720527872 196608 2251868533161984 54043195528445952 3377699723673600 8 805306368 9241597541596790784 1125899906842624 65536 3377837159481344 18014398509481984 1125899907891200 12
118 1 196 2 305 1 1073741824 144396663052566528 9007199254740995 524288 4504424261091328 144115188075855872 9007199263129600 16 2147483648 216735732067205120 13510798882111489 786432 9007474132647936 216172782113783808 13510798894694400 32 3221225472 72902018968059904 4503599627370498 262144 13511348637925376 72057594037927936 4503599631564800 48
119 1 197 2 306 1 4294967296 577586652210266112 36028797018963980 2097152 18017697044365312 576460752303423488 36028797052518400 64 8589934592 866942928268820480 54043195528445956 3145728 36029896530591744 864691128455135232 54043195578777600 128 12884901888 291608075872239616 18014398509481992 1048576 54045394551701504 288230376151711744 18014398526259200 192
120 1 198 2 307 1 17179869184 2310346608841064448 144115188075855920 8388608 72070788177461248 2305843009213693952 144115188210073600 256 34359738368 3467771713075281920 216172782113783824 12582912 144119586122366976 3458764513820540928 216172782315110400 512 51539607552 1166432303488958464 72057594037927968 4194304 216181578206806016 1152921504606846976 72057594105036800 768
121 1 199 2 308 1 68719476736 9241386435364257792 576460752303423680 33554432 288283152709844992 9223372036854775808 576460752840294400 1024 137438953472 13871086852301127680 864691128455135296 50331648 576478344489467904 13835058055282163712 864691129260441600 2048 206158430208 4665729213955833856 288230376151711872 16777216 864726312827224064 4611686018427387904 288230376420147200 3072
122 1 200 2 309 1 274877906944 72057594037927936 2305843009213694722 134217728 1153132610839379968 0 2305843011361177602 4096 549755813888 144115188075855872 3458764513820541187 201326592 2305913377957871616 0 3458764517041766403 8192 824633720832 216172782113783808 1152921504606847489 67108864 3458905251308896256 0 1152921505680588801 12288
123 1 201 2 310 1 1099511627776 288230376151711744 9223372036854778888 536870912 4612530443357519872 0 9223372045444710408 16384 2199023255552 576460752303423488 13835058055282164748 805306368 9223653511831486464 0 13835058068167065612 32768 3298534883328 864691128455135232 4611686018427389956 268435456 13835621005235585024 0 4611686022722355204 49152
124 1 202 2 311 1 4398046511104 1152921504606846976 12320 2147483650 3377699720527872 1 34359738400 65538 8796093022208 2305843009213693952 4144 3221225475 1125899906842624 2 51539607600 131075 13194139533312 3458764513820540928 8208 1073741825 2251799813685248 3 17179869200 196609
125 1 203 2 312 1 17592186044416 4611686018427387904 49280 8589934600 13510798882111488 4 137438953600 262152 35184372088832 9223372036854775808 16576 12884901900 4503599627370496 8 206158430400 524300 52776558133248 13835058055282163712 32832 4294967300 9007199254740992 12 68719476800 786436
126 1 204 2 313 1 70368744177664 0 197121 34359738400 54043195528445952 16 549755814400 1048608 140737488355328 0 66306 51539607600 18014398509481984 32 824633721600 2097200 211106232532992 0 131331 17179869200 36028797018963968 48 274877907200 3145744
127 1 205 2 314 1 281474976710656 0 788484 137438953600 216172782113783808 64 2199023257600 4194432 562949953421312 0 265224 206158430400 72057594037927936 128 3298534886400 8388800 844424930131968 0 525324 68719476800 144115188075855872 192 1099511628800 12582976
0 2 171 3 279 2 2305843012434919424 4096 514 134217728 140740709580802 0 2147483650 1125899906842624 3458764514894282752 8192 771 201326592 211107306274819 0 3221225475 2251799813685248 1152921506754330624 12288 257 67108864 70370891661313 0 1073741825 3377699720527872
1 2 172 3 280 2 9223372049739677696 16384 2056 536870912 562962838323208 0 8589934600 4503599627370496 13835058059577131008 32768 3084 805306368 844429225099276 0 12884901900 9007199254740992 4611686027017322496 49152 1028 268435456 281483566645252 0 4294967300 13510798882111488
2 2 173 3 281 2 51539607552 65538 8224 2147483648 2251851353292832 0 34359738400 18014398509481984 17179869184 131075 12336 3221225472 3377716900397104 0 51539607600 36028797018963968 34359738368 196609 4112 1073741824 1125934266581008 0 17179869200 54043195528445952
3 2 174 3 282 2 206158430208 262152 32896 8589934592 9007405413171328 0 137438953600 72057594037927936 68719476736 524300 49344 12884901888 13510867601588416 0 206158430400 144115188075855872 137438953472 786436 16448 4294967296 4503737066324032 0 68719476800 216172782113783808
4 2 175 3 283 2 824633720832 1048608 131584 34359738368 36029621652685312 0 549755814400 288230376151711744 274877906944 2097200 197376 51539607552 54043470406353664 0 824633721600 576460752303423488 549755813888 3145744 65792 17179869184 18014948265296128 0 274877907200 864691128455135232
5 2 176 3 284 2 3298534883328 4194432 526336 137438953472 144118486610741248 0 2199023257600 1152921504606846976 1099511627776 8388800 789504 206158430208 216173881625414656 0 3298534886400 2305843009213693952 2199023255552 12582976 263168 68719476736 72059793061184512 0 1099511628800 3458764513820540928
6 2 177 3 285 2 13194139533312 16777728 2105344 549755813888 576473946442964992 0 8796093030400 4611686018427387904 4398046511104 33555200 3158016 824633720832 864695526501658624 0 13194139545600 9223372036854775808 8796093022208 50331904 1052672 274877906944 288239172244738048 0 4398046515200 13835058055282163712
7 2 178 3 286 2 52776558133248 67110912 8421376 2199023255552 2305895785771859969 0 35184372121600 0 17592186044416 134220800 12632064 3298534883328 3458782106006634498 0 52776558182400 0 35184372088832 201327616 4210688 1099511627776 1152956688978952195 0 17592186060800 0
8 2 179 3 287 2 211106232532992 268443648 33685504 8796093022208 9223583143087439876 0 140737488486400 0 70368744177664 536883200 50528256 13194139533312 13835128424026537992 0 211106232729600 0 140737488355328 805310464 16842752 4398046511104 4611826755915808780 0 70368744243200 0
9 2 180 3 288 2 844424930131968 1073774592 134742016 35184372088832 844424930656272 2 562949953945600 0 281474976710656 2147532800 202113024 52776558133248 281474977497120 3 844424930918400 0 562949953421312 3221241856 67371008 17592186044416 562949953683504 1 281474976972800 0
10 2 181 3 289 2 3377699720527872 4295098368 538968064 140737488355328 3377699722625088 8 2251799815782400 0 1125899906842624 8590131200 808452096 211106232532992 1125899909988480 12 3377699723673600 0 2251799813685248 12884967424 269484032 70368744177664 2251799814734016 4 1125899907891200 0
11 2 182 3 290 2 13510798882111488 17180393472 2155872256 562949953421312 13510798890500352 32 9007199263129600 0 4503599627370496 34360524800 3233808384 844424930131968 4503599639953920 48 13510798894694400 0 9007199254740992 51539869696 1077936128 281474976710656 9007199258936064 16 4503599631564800 0
12 2 183 3 291 2 54043195528445952 68721573888 8623489024 2251799813685248 54043195562001408 128 36028797052518400 0 18014398509481984 137442099200 12935233536 3377699720527872 18014398559815680 192 54043195578777600 0 36028797018963968 206159478784 4311744512 1125899906842624 36028797035744256 64 18014398526259200 0
13 2 184 3 292 2 216172782113783808 274886295552 34493956096 9007199254740992 216172782248005632 512 144115188210073600 0 72057594037927936 549768396800 51740934144 13510798882111488 72057594239262720 768 216172782315110400 0 144115188075855872 824637915136 17246978048 4503599627370496 144115188142977024 256 72057594105036800 0
14 2 185 3 293 2 864691128455135232 1099545182208 137975824384 36028797018963968 864691128992022528 2048 576460752840294400 0 288230376151711744 2199073587200 206963736576 54043195528445952 288230376957050880 3072 864691129260441600 0 576460752303423488 3298551660544 68987912192 18014398509481984 576460752571908096 1024 288230376420147200 0
15 2 186 3 294 2 3458764513820540928 4398180728832 551903297536 144115188075855872 3458764515968090112 8192 2305843011361177600 0 1152921504606846976 8796294348800 827854946304 216172782113783808 1152921507828203520 12288 3458764517041766400 0 2305843009213693952 13194206642176 275951648768 72057594037927936 2305843010287632384 4096 1152921505680588800 0
16 2 187 3 295 2 13835058055282163712 17592722915328 2207613190144 576460752303423488 13835058063872360448 32768 9223372045444710400 0 4611686018427387904 35185177395200 3311419785216 864691128455135232 4611686031312814080 49152 13835058068167065600 0 9223372036854775808 52776826568704 1103806595072 288230376151711744 9223372041150529536 16384 4611686022722355200 0
17 2 188 3 296 2 0 70370891661315 8830452760576 2305843009213693952 34360786944 131075 34359738368 2 0 140740709580801 13245679140864 3458764513820540928 51541704704 196609 51539607552 3 0 211107306274818 4415226380288 1152921504606846976 17183014912 65538 17179869184 1
18 2 189 3 297 2 0 281483566645260 35321811042304 9223372036854775808 137443147776 524300 137438953472 8 0 562962838323204 52982716563456 13835058055282163712 206166818816 786436 206158430208 12 0 844429225099272 17660905521152 4611686018427387904 68732059648 262152 68719476736 4
19 2 190 3 298 2 2 1125934266581040 141287244169216 0 549772591104 2097200 549755813888 32 3 2251851353292816 211930866253824 0 824667275264 3145744 824633720832 48 1 3377716900397088 70643622084608 0 274928238592 1048608 274877906944 16
20 2 191 3 299 2 8 4503737066324160 565148976676864 0 2199090364416 8388800 2199023255552 128 12 9007405413171264 847723465015296 0 3298669101056 12582976 3298534883328 192 4 13510867601588352 282574488338432 0 1099712954368 4194432 1099511627776 64
21 2 192 3 300 2 32 18014948265296640 2260595906707456 0 8796361457664 33555200 8796093022208 512 48 36029621652685056 3390893860061184 0 13194676404224 50331904 13194139533312 768 16 54043470406353408 1130297953353728 0 4398851817472 16777728 4398046511104 256
22 2 193 3 301 2 128 72059793061186560 9042383626829824 0 35185445830656 134220800 35184372088832 2048 192 144118486610740224 13563575440244736 0 52778705616896 201327616 52776558133248 3072 64 216173881625413632 4521191813414912 0 17595407269888 67110912 17592186044416 1024
23 2 194 3 302 2 512 288239172244746240 36169534507319296 0 140741783322624 536883200 140737488355328 8192 768 576473946442960896 54254301760978944 0 211114822467584 805310464 211106232532992 12288 256 864695526501654528 18084767253659648 0 70381629079552 268443648 70368744177664 4096
24 2 195 3 303 2 2048 1152956688978984960 144678138029277184 0 562967133290496 2147532800 562949953421312 32768 3072 2305895785771843584 217017207043915776 0 844459289870336 3221241856 844424930131968 49152 1024 3458782106006618112 72339069014638592 0 281526516318208 1073774592 281474976710656 16384
25 2 196 3 304 2 8192 4611826755915939840 578712552117108736 0 2251868533161984 8590131200 2251799813685248 131072 12288 9223583143087374336 868068828175663104 0 3377837159481344 12884967424 3377699720527872 196608 4096 13835128424026472448 289356276058554368 0 1126106065272832 4295098368 1125899906842624 65536
26 2 197 3 305 2 32768 562949954207744 2314850208468434945 0 9007474132647936 34360524800 9007199254740992 524288 49152 844424930394112 3472275312702652418 0 13511348637925376 51539869696 13510798882111488 786432 16384 281474977234944 1157425104234217475 0 4504424261091328 17180393472 4503599627370496 262144
27 2 198 3 306 2 131072 2251799816830976 9259400833873739780 0 36029896530591744 137442099200 36028797018963968 2097152 196608 3377699721576448 13889101250810609672 0 54045394551701504 206159478784 54043195528445952 3145728 65536 1125899908939776 4629700416936869900 0 18017697044365312 68721573888 18014398509481984 1048576
28 2 199 3 307 2 524288 9007199267323904 144115188075855888 2 144119586122366976 549768396800 144115188075855872 8388608 786432 13510798886305792 216172782113783840 3 216181578206806016 824637915136 216172782113783808 12582912 262144 4503599635759104 72057594037927984 1 72070788177461248 274886295552 72057594037927936 4194304
29 2 200 3 308 2 2097152 36028797069295616 576460752303423552 8 576478344489467904 2199073587200 576460752303423488 33554432 3145728 54043195545223168 864691128455135360 12 864726312827224064 3298551660544 864691128455135232 50331648 1048576 18014398543036416 288230376151711936 4 288283152709844992 1099545182208 288230376151711744 16777216
30 2 201 3 309 2 8388608 144115188277182464 2305843009213694208 32 2305913377957871616 8796294348800 2305843009213693952 134217728 12582912 216172782180892672 3458764513820541440 48 3458905251308896256 13194206642176 3458764513820540928 201326592 4194304 72057594172145664 1152921504606847744 16 1153132610839379968 4398180728832 1152921504606846976 67108864
31 2 202 3 310 2 33554432 576460753108729856 9223372036854776832 128 9223653511831486464 35185177395200 9223372036854775808 536870912 50331648 864691128723570688 13835058055282165760 192 13835621005235585024 52776826568704 13835058055282163712 805306368 16777216 288230376688582656 4611686018427390976 64 4612530443357519872 17592722915328 4611686018427387904 268435456
32 2 203 3 311 2 134217728 2305843012434919424 4096 514 1125899906842624 140740709580802 0 2147483650 201326592 3458764514894282752 8192 771 2251799813685248 211107306274819 0 3221225475 67108864 1152921506754330624 12288 257 3377699720527872 70370891661313 0 1073741825
33 2 204 3 312 2 536870912 9223372049739677696 16384 2056 4503599627370496 562962838323208 0 8589934600 805306368 13835058059577131008 32768 3084 9007199254740992 844429225099276 0 12884901900 268435456 4611686027017322496 49152 1028 13510798882111488 281483566645252 0 4294967300
34 2 205 3 313 2 2147483648 51539607552 65538 8224 18014398509481984 2251851353292832 0 34359738400 3221225472 17179869184 131075 12336 36028797018963968 3377716900397104 0 51539607600 1073741824 34359738368 196609 4112 54043195528445952 1125934266581008 0 17179869200
35 2 206 3 314 2 8589934592 206158430208 262152 32896 72057594037927936 9007405413171328 0 137438953600 12884901888 68719476736 524300 49344 144115188075855872 13510867601588416 0 206158430400 4294967296 137438953472 786436 16448 216172782113783808 4503737066324032 0 68719476800
36 2 207 3 315 2 34359738368 824633720832 1048608 131584 288230376151711744 36029621652685312 0 549755814400 51539607552 274877906944 2097200 197376 576460752303423488 54043470406353664 0 824633721600 17179869184 549755813888 3145744 65792 864691128455135232 18014948265296128 0 274877907200
37 2 208 3 316 2 137438953472 3298534883328 4194432 526336 1152921504606846976 144118486610741248 0 2199023257600 206158430208 1099511627776 8388800 789504 2305843009213693952 216173881625414656 0 3298534886400 68719476736 2199023255552 12582976 263168 3458764513820540928 72059793061184512 0 1099511628800
38 2 209 3 317 2 549755813888 13194139533312 16777728 2105344 4611686018427387904 576473946442964992 0 8796093030400 824633720832 4398046511104 33555200 3158016 9223372036854775808 864695526501658624 0 13194139545600 274877906944 8796093022208 50331904 1052672 13835058055282163712 288239172244738048 0 4398046515200
39 2 210 3 318 2 2199023255552 52776558133248 67110912 8421376 0 2305895785771859969 0 35184372121600 3298534883328 17592186044416 134220800 12632064 0 3458782106006634498 0 52776558182400 1099511627776 35184372088832 201327616 4210688 0 1152956688978952195 0 17592186060800
40 2 211 3 319 2 8796093022208 211106232532992 268443648 33685504 0 9223583143087439876 0 140737488486400 13194139533312 70368744177664 536883200 50528256 0 13835128424026537992 0 211106232729600 4398046511104 140737488355328 805310464 16842752 0 4611826755915808780 0 70368744243200
41 2 212 3 320 2 35184372088832 844424930131968 1073774592 134742016 0 844424930656272 2 562949953945600 52776558133248 281474976710656 2147532800 202113024 0 281474977497120 3 844424930918400 17592186044416 562949953421312 3221241856 67371008 0 562949953683504 1 281474976972800
42 2 213 3 321 2 140737488355328 3377699720527872 4295098368 538968064 0 3377699722625088 8 2251799815782400 211106232532992 1125899906842624 8590131200 808452096 0 1125899909988480 12 3377699723673600 70368744177664 2251799813685248 12884967424 269484032 0 2251799814734016 4 1125899907891200
43 2 214 3 322 2 562949953421312 13510798882111488 17180393472 2155872256 0 13510798890500352 32 9007199263129600 844424930131968 4503599627370496 34360524800 3233808384 0 4503599639953920 48 13510798894694400 281474976710656 9007199254740992 51539869696 1077936128 0 9007199258936064 16 4503599631564800
44 2 215 3 323 2 2251799813685248 54043195528445952 68721573888 8623489024 0 54043195562001408 128 36028797052518400 3377699720527872 18014398509481984 137442099200 12935233536 0 18014398559815680 192 54043195578777600 1125899906842624 36028797018963968 206159478784 4311744512 0 36028797035744256 64 18014398526259200
45 2 216 3 324 2 9007199254740992 216172782113783808 274886295552 34493956096 0 216172782248005632 512 144115188210073600 13510798882111488 72057594037927936 549768396800 51740934144 0 72057594239262720 768 216172782315110400 4503599627370496 144115188075855872 824637915136 17246978048 0 144115188142977024 256 72057594105036800
46 2 217 3 325 2 36028797018963968 864691128455135232 1099545182208 137975824384 0 864691128992022528 2048 576460752840294400 54043195528445952 288230376151711744 2199073587200 206963736576 0 288230376957050880 3072 864691129260441600 18014398509481984 576460752303423488 3298551660544 68987912192 0 576460752571908096 1024 288230376420147200
47 2 218 3 326 2 144115188075855872 3458764513820540928 4398180728832 551903297536 0 3458764515968090112 8192 2305843011361177600 216172782113783808 1152921504606846976 8796294348800 827854946304 0 1152921507828203520 12288 3458764517041766400 72057594037927936 2305843009213693952 13194206642176 275951648768 0 2305843010287632384 4096 1152921505680588800
48 2 219 3 327 2 576460752303423488 13835058055282163712 17592722915328 2207613190144 0 13835058063872360448 32768 9223372045444710400 864691128455135232 4611686018427387904 35185177395200 3311419785216 0 4611686031312814080 49152 13835058068167065600 288230376151711744 9223372036854775808 52776826568704 1103806595072 0 9223372041150529536 16384 4611686022722355200
49 2 220 3 328 2 2305843009213693952 0 70370891661315 8830452760576 2 34360786944 131075 34359738368 3458764513820540928 0 140740709580801 13245679140864 3 51541704704 196609 51539607552 1152921504606846976 0 211107306274818 4415226380288 1 17183014912 65538 17179869184
50 2 221 3 329 2 9223372036854775808 0 281483566645260 35321811042304 8 137443147776 524300 137438953472 13835058055282163712 0 562962838323204 52982716563456 12 206166818816 786436 206158430208 4611686018427387904 0 844429225099272 17660905521152 4 68732059648 262152 68719476736
51 2 222 3 330 2 0 2 1125934266581040 141287244169216 32 549772591104 2097200 549755813888 0 3 2251851353292816 211930866253824 48 824667275264 3145744 824633720832 0 1 3377716900397088 70643622084608 16 274928238592 1048608 274877906944
52 2 223 3 331 2 0 8 4503737066324160 565148976676864 128 2199090364416 8388800 2199023255552 0 12 9007405413171264 847723465015296 192 3298669101056 12582976 3298534883328 0 4 13510867601588352 282574488338432 64 1099712954368 4194432 1099511627776
53 2 224 3 332 2 0 32 18014948265296640 2260595906707456 512 8796361457664 33555200 8796093022208 0 48 36029621652685056 3390893860061184 768 13194676404224 50331904 13194139533312 0 16 54043470406353408 1130297953353728 256 4398851817472 16777728 4398046511104
54 2 225 3 333 2 0 128 72059793061186560 9042383626829824 2048 35185445830656 134220800 35184372088832 0 192 144118486610740224 13563575440244736 3072 52778705616896 201327616 52776558133248 0 64 216173881625413632 4521191813414912 1024 17595407269888 67110912 17592186044416
55 2 226 3 334 2 0 512 288239172244746240 36169534507319296 8192 140741783322624 536883200 140737488355328 0 768 576473946442960896 54254301760978944 12288 211114822467584 805310464 211106232532992 0 256 864695526501654528 18084767253659648 4096 70381629079552 268443648 70368744177664
56 2 227 3 335 2 0 2048 1152956688978984960 144678138029277184 32768 562967133290496 2147532800 562949953421312 0 3072 2305895785771843584 217017207043915776 49152 844459289870336 3221241856 844424930131968 0 1024 3458782106006618112 72339069014638592 16384 281526516318208 1073774592 281474976710656
57 2 228 3 336 2 0 8192 4611826755915939840 578712552117108736 131072 2251868533161984 8590131200 2251799813685248 0 12288 9223583143087374336 868068828175663104 196608 3377837159481344 12884967424 3377699720527872 0 4096 13835128424026472448 289356276058554368 65536 1126106065272832 4295098368 1125899906842624
58 2 229 3 337 2 0 32768 562949954207744 2314850208468434945 524288 9007474132647936 34360524800 9007199254740992 0 49152 844424930394112 3472275312702652418 786432 13511348637925376 51539869696 13510798882111488 0 16384 281474977234944 1157425104234217475 262144 4504424261091328 17180393472 4503599627370496
59 2 230 3 338 2 0 131072 2251799816830976 9259400833873739780 2097152 36029896530591744 137442099200 36028797018963968 0 196608 3377699721576448 13889101250810609672 3145728 54045394551701504 206159478784 54043195528445952 0 65536 1125899908939776 4629700416936869900 1048576 18017697044365312 68721573888 18014398509481984
60 2 231 3 339 2 2 524288 9007199267323904 144115188075855888 8388608 144119586122366976 549768396800 144115188075855872 3 786432 13510798886305792 216172782113783840 12582912 216181578206806016 824637915136 216172782113783808 1 262144 4503599635759104 72057594037927984 4194304 72070788177461248 274886295552 72057594037927936
61 2 232 3 340 2 8 2097152 36028797069295616 576460752303423552 33554432 576478344489467904 2199073587200 576460752303423488 12 3145728 54043195545223168 864691128455135360 50331648 864726312827224064 3298551660544 864691128455135232 4 1048576 18014398543036416 288230376151711936 16777216 288283152709844992 1099545182208 288230376151711744
62 2 233 3 341 2 32 8388608 144115188277182464 2305843009213694208 134217728 2305913377957871616 8796294348800 2305843009213693952 48 12582912 216172782180892672 3458764513820541440 201326592 3458905251308896256 13194206642176 3458764513820540928 16 4194304 72057594172145664 1152921504606847744 67108864 1153132610839379968 4398180728832 1152921504606846976
63 2 234 3 342 2 128 33554432 576460753108729856 9223372036854776832 536870912 9223653511831486464 35185177395200 9223372036854775808 192 50331648 864691128723570688 13835058055282165760 805306368 13835621005235585024 52776826568704 13835058055282163712 64 16777216 288230376688582656 4611686018427390976 268435456 4612530443357519872 17592722915328 4611686018427387904
64 2 235 3 343 2 514 134217728 2305843012434919424 4096 2147483650 1125899906842624 140740709580802 0 771 201326592 3458764514894282752 8192 3221225475 2251799813685248 211107306274819 0 257 67108864 1152921506754330624 12288 1073741825 3377699720527872 70370891661313 0
65 2 236 3 344 2 2056 536870912 9223372049739677696 16384 8589934600 4503599627370496 562962838323208 0 3084 805306368 13835058059577131008 32768 12884901900 9007199254740992 844429225099276 0 1028 268435456 4611686027017322496 49152 4294967300 13510798882111488 281483566645252 0
66 2 237 3 345 2 8224 2147483648 51539607552 65538 34359738400 18014398509481984 2251851353292832 0 12336 3221225472 17179869184 131075 51539607600 36028797018963968 3377716900397104 0 4112 1073741824 34359738368 196609 17179869200 54043195528445952 1125934266581008 0
67 2 238 3 346 2 32896 8589934592 206158430208 262152 137438953600 72057594037927936 9007405413171328 0 49344 12884901888 68719476736 524300 206158430400 144115188075855872 13510867601588416 0 16448 4294967296 137438953472 786436 68719476800 216172782113783808 4503737066324032 0
68 2 239 3 347 2 131584 34359738368 824633720832 1048608 549755814400 288230376151711744 36029621652685312 0 197376 51539607552 274877906944 2097200 824633721600 576460752303423488 54043470406353664 0 65792 17179869184 549755813888 3145744 274877907200 864691128455135232 18014948265296128 0
69 2 240 3 348 2 526336 137438953472 3298534883328 4194432 2199023257600 1152921504606846976 144118486610741248 0 789504 206158430208 1099511627776 8388800 3298534886400 2305843009213693952 216173881625414656 0 263168 68719476736 2199023255552 12582976 1099511628800 3458764513820540928 72059793061184512 0
70 2 241 3 349 2 2105344 549755813888 13194139533312 16777728 8796093030400 4611686018427387904 576473946442964992 0 3158016 824633720832 4398046511104 33555200 13194139545600 9223372036854775808 864695526501658624 0 1052672 274877906944 8796093022208 50331904 4398046515200 13835058055282163712 288239172244738048 0
71 2 242 3 350 2 8421376 2199023255552 52776558133248 67110912 35184372121600 0 2305895785771859969 0 12632064 3298534883328 17592186044416 134220800 52776558182400 0 3458782106006634498 0 4210688 1099511627776 35184372088832 201327616 17592186060800 0 1152956688978952195 0
72 2 243 3 351 2 33685504 8796093022208 211106232532992 268443648 140737488486400 0 9223583143087439876 0 50528256 13194139533312 70368744177664 536883200 211106232729600 0 13835128424026537992 0 16842752 4398046511104 140737488355328 805310464 70368744243200 0 4611826755915808780 0
73 2 244 3 352 2 134742016 35184372088832 844424930131968 1073774592 562949953945600 0 844424930656272 2 202113024 52776558133248 281474976710656 2147532800 844424930918400 0 281474977497120 3 67371008 17592186044416 562949953421312 3221241856 281474976972800 0 562949953683504 1
74 2 245 3 353 2 538968064 140737488355328 3377699720527872 4295098368 2251799815782400 0 3377699722625088 8 808452096 211106232532992 1125899906842624 8590131200 3377699723673600 0 1125899909988480 12 269484032 70368744177664 2251799813685248 12884967424 1125899907891200 0 2251799814734016 4
75 2 246 3 354 2 2155872256 562949953421312 13510798882111488 17180393472 9007199263129600 0 13510798890500352 32 3233808384 844424930131968 4503599627370496 34360524800 13510798894694400 0 4503599639953920 48 1077936128 281474976710656 9007199254740992 51539869696 4503599631564800 0 9007199258936064 16
76 2 247 3 355 2 8623489024 2251799813685248 54043195528445952 68721573888 36028797052518400 0 54043195562001408 128 12935233536 3377699720527872 18014398509481984 137442099200 54043195578777600 0 18014398559815680 192 4311744512 1125899906842624 36028797018963968 206159478784 18014398526259200 0 36028797035744256 64
77 2 248 3 356 2 34493956096 9007199254740992 216172782113783808 274886295552 144115188210073600 0 216172782248005632 512 51740934144 13510798882111488 72057594037927936 549768396800 216172782315110400 0 72057594239262720 768 17246978048 4503599627370496 144115188075855872 824637915136 72057594105036800 0 144115188142977024 256
78 2 249 3 357 2 137975824384 36028797018963968 864691128455135232 1099545182208 576460752840294400 0 864691128992022528 2048 206963736576 54043195528445952 288230376151711744 2199073587200 864691129260441600 0 288230376957050880 3072 68987912192 18014398509481984 576460752303423488 3298551660544 288230376420147200 0 576460752571908096 1024
79 2 250 3 358 2 551903297536 144115188075855872 3458764513820540928 4398180728832 2305843011361177600 0 3458764515968090112 8192 827854946304 216172782113783808 1152921504606846976 8796294348800 3458764517041766400 0 1152921507828203520 12288 275951648768 72057594037927936 2305843009213693952 13194206642176 1152921505680588800 0 2305843010287632384 4096
80 2 251 3 359 2 2207613190144 576460752303423488 13835058055282163712 17592722915328 9223372045444710400 0 13835058063872360448 32768 3311419785216 864691128455135232 4611686018427387904 35185177395200 13835058068167065600 0 4611686031312814080 49152 1103806595072 288230376151711744 9223372036854775808 52776826568704 4611686022722355200 0 9223372041150529536 16384
81 2 252 3 360 2 8830452760576 2305843009213693952 0 70370891661315 34359738368 2 34360786944 131075 13245679140864 3458764513820540928 0 140740709580801 51539607552 3 51541704704 196609 4415226380288 1152921504606846976 0 211107306274818 17179869184 1 17183014912 65538
82 2 253 3 361 2 35321811042304 9223372036854775808 0 281483566645260 137438953472 8 137443147776 524300 52982716563456 13835058055282163712 0 562962838323204 206158430208 12 206166818816 786436 17660905521152 4611686018427387904 0 844429225099272 68719476736 4 68732059648 262152
83 2 254 3 362 2 141287244169216 0 2 1125934266581040 549755813888 32 549772591104 2097200 211930866253824 0 3 2251851353292816 824633720832 48 824667275264 3145744 70643622084608 0 1 3377716900397088 274877906944 16 274928238592 1048608
84 2 255 3 363 2 565148976676864 0 8 4503737066324160 2199023255552 128 2199090364416 8388800 847723465015296 0 12 9007405413171264 3298534883328 192 3298669101056 12582976 282574488338432 0 4 13510867601588352 1099511627776 64 1099712954368 4194432
85 2 128 3 364 2 2260595906707456 0 32 18014948265296640 8796093022208 512 8796361457664 33555200 3390893860061184 0 48 36029621652685056 13194139533312 768 13194676404224 50331904 1130297953353728 0 16 54043470406353408 4398046511104 256 4398851817472 16777728
86 2 129 3 365 2 9042383626829824 0 128 72059793061186560 35184372088832 2048 35185445830656 134220800 13563575440244736 0 192 144118486610740224 52776558133248 3072 52778705616896 201327616 4521191813414912 0 64 216173881625413632 17592186044416 1024 17595407269888 67110912
87 2 130 3 366 2 36169534507319296 0 512 288239172244746240 140737488355328 8192 140741783322624 536883200 54254301760978944 0 768 576473946442960896 211106232532992 12288 211114822467584 805310464 18084767253659648 0 256 864695526501654528 70368744177664 4096 70381629079552 268443648
88 2 131 3 367 2 144678138029277184 0 2048 1152956688978984960 562949953421312 32768 562967133290496 2147532800 217017207043915776 0 3072 2305895785771843584 844424930131968 49152 844459289870336 3221241856 72339069014638592 0 1024 3458782106006618112 281474976710656 16384 281526516318208 1073774592
89 2 132 3 368 2 578712552117108736 0 8192 4611826755915939840 2251799813685248 131072 2251868533161984 8590131200 868068828175663104 0 12288 9223583143087374336 3377699720527872 196608 3377837159481344 12884967424 289356276058554368 0 4096 13835128424026472448 1125899906842624 65536 1126106065272832 4295098368
90 2 133 3 369 2 2314850208468434945 0 32768 562949954207744 9007199254740992 524288 9007474132647936 34360524800 3472275312702652418 0 49152 844424930394112 13510798882111488 786432 13511348637925376 51539869696 1157425104234217475 0 16384 281474977234944 4503599627370496 262144 4504424261091328 17180393472
91 2 134 3 370 2 9259400833873739780 0 131072 2251799816830976 36028797018963968 2097152 36029896530591744 137442099200 13889101250810609672 0 196608 3377699721576448 54043195528445952 3145728 54045394551701504 206159478784 4629700416936869900 0 65536 1125899908939776 18014398509481984 1048576 18017697044365312 68721573888
92 2 135 3 371 2 144115188075855888 2 524288 9007199267323904 144115188075855872 8388608 144119586122366976 549768396800 216172782113783840 3 786432 13510798886305792 216172782113783808 12582912 216181578206806016 824637915136 72057594037927984 1 262144 4503599635759104 72057594037927936 4194304 72070788177461248 274886295552
93 2 136 3 372 2 576460752303423552 8 2097152 36028797069295616 576460752303423488 33554432 576478344489467904 2199073587200 864691128455135360 12 3145728 54043195545223168 864691128455135232 50331648 864726312827224064 3298551660544 288230376151711936 4 1048576 18014398543036416 288230376151711744 16777216 288283152709844992 1099545182208
94 2 137 3 373 2 2305843009213694208 32 8388608 144115188277182464 2305843009213693952 134217728 2305913377957871616 8796294348800 3458764513820541440 48 12582912 216172782180892672 3458764513820540928 201326592 3458905251308896256 13194206642176 1152921504606847744 16 4194304 72057594172145664 1152921504606846976 67108864 1153132610839379968 4398180728832
95 2 138 3 374 2 9223372036854776832 128 33554432 576460753108729856 9223372036854775808 536870912 9223653511831486464 35185177395200 13835058055282165760 192 50331648 864691128723570688 13835058055282163712 805306368 13835621005235585024 52776826568704 4611686018427390976 64 16777216 288230376688582656 4611686018427387904 268435456 4612530443357519872 17592722915328
96 2 139 3 375 2 4096 514 134217728 2305843012434919424 0 2147483650 1125899906842624 140740709580802 8192 771 201326592 3458764514894282752 0 3221225475 2251799813685248 211107306274819 12288 257 67108864 1152921506754330624 0 1073741825 3377699720527872 70370891661313
97 2 140 3 376 2 16384 2056 536870912 9223372049739677696 0 8589934600 4503599627370496 562962838323208 32768 3084 805306368 13835058059577131008 0 12884901900 9007199254740992 844429225099276 49152 1028 268435456 4611686027017322496 0 4294967300 13510798882111488 281483566645252
98 2 141 3 377 2 65538 8224 2147483648 51539607552 0 34359738400 18014398509481984 2251851353292832 131075 12336 3221225472 17179869184 0 51539607600 36028797018963968 3377716900397104 196609 4112 1073741824 34359738368 0 17179869200 54043195528445952 1125934266581008
99 2 142 3 378 2 262152 32896 8589934592 206158430208 0 137438953600 72057594037927936 9007405413171328 524300 49344 12884901888 68719476736 0 206158430400 144115188075855872 13510867601588416 786436 16448 4294967296 137438953472 0 68719476800 216172782113783808 4503737066324032
100 2 143 3 379 2 1048608 131584 34359738368 824633720832 0 549755814400 288230376151711744 36029621652685312 2097200 197376 51539607552 274877906944 0 824633721600 576460752303423488 54043470406353664 3145744 65792 17179869184 549755813888 0 274877907200 864691128455135232 18014948265296128
101 2 144 3 380 2 4194432 526336 137438953472 3298534883328 0 2199023257600 1152921504606846976 144118486610741248 8388800 789504 206158430208 1099511627776 0 3298534886400 2305843009213693952 216173881625414656 12582976 263168 68719476736 2199023255552 0 1099511628800 3458764513820540928 72059793061184512
102 2 145 3 381 2 16777728 2105344 549755813888 13194139533312 0 8796093030400 4611686018427387904 576473946442964992 33555200 3158016 824633720832 4398046511104 0 13194139545600 9223372036854775808 864695526501658624 50331904 1052672 274877906944 8796093022208 0 4398046515200 13835058055282163712 288239172244738048
103 2 146 3 382 2 67110912 8421376 2199023255552 52776558133248 0 35184372121600 0 2305895785771859969 134220800 12632064 3298534883328 17592186044416 0 52776558182400 0 3458782106006634498 201327616 4210688 1099511627776 35184372088832 0 17592186060800 0 1152956688978952195
104 2 147 3 383 2 268443648 33685504 8796093022208 211106232532992 0 140737488486400 0 9223583143087439876 536883200 50528256 13194139533312 70368744177664 0 211106232729600 0 13835128424026537992 805310464 16842752 4398046511104 140737488355328 0 70368744243200 0 4611826755915808780
105 2 148 3 256 2 1073774592 134742016 35184372088832 844424930131968 2 562949953945600 0 844424930656272 2147532800 202113024 52776558133248 281474976710656 3 844424930918400 0 281474977497120 3221241856 67371008 17592186044416 562949953421312 1 281474976972800 0 562949953683504
106 2 149 3 257 2 4295098368 538968064 140737488355328 3377699720527872 8 2251799815782400 0 3377699722625088 8590131200 808452096 211106232532992 1125899906842624 12 3377699723673600 0 1125899909988480 12884967424 269484032 70368744177664 2251799813685248 4 1125899907891200 0 2251799814734016
107 2 150 3 258 2 17180393472 2155872256 562949953421312 13510798882111488 32 9007199263129600 0 13510798890500352 34360524800 3233808384 844424930131968 4503599627370496 48 13510798894694400 0 4503599639953920 51539869696 1077936128 281474976710656 9007199254740992 16 4503599631564800 0 9007199258936064
108 2 151 3 259 2 68721573888 8623489024 2251799813685248 54043195528445952 128 36028797052518400 0 54043195562001408 137442099200 12935233536 3377699720527872 18014398509481984 192 54043195578777600 0 18014398559815680 206159478784 4311744512 1125899906842624 36028797018963968 64 18014398526259200 0 36028797035744256
109 2 152 3 260 2 274886295552 34493956096 9007199254740992 216172782113783808 512 144115188210073600 0 216172782248005632 549768396800 51740934144 13510798882111488 72057594037927936 768 216172782315110400 0 72057594239262720 824637915136 17246978048 4503599627370496 144115188075855872 256 72057594105036800 0 144115188142977024
110 2 153 3 261 2 1099545182208 137975824384 36028797018963968 864691128455135232 2048 576460752840294400 0 864691128992022528 2199073587200 206963736576 54043195528445952 288230376151711744 3072 864691129260441600 0 288230376957050880 3298551660544 68987912192 18014398509481984 576460752303423488 1024 288230376420147200 0 576460752571908096
111 2 154 3 262 2 4398180728832 551903297536 144115188075855872 3458764513820540928 8192 2305843011361177600 0 3458764515968090112 8796294348800 827854946304 216172782113783808 1152921504606846976 12288 3458764517041766400 0 1152921507828203520 13194206642176 275951648768 72057594037927936 2305843009213693952 4096 1152921505680588800 0 2305843010287632384
112 2 155 3 263 2 17592722915328 2207613190144 576460752303423488 13835058055282163712 32768 9223372045444710400 0 13835058063872360448 35185177395200 3311419785216 864691128455135232 4611686018427387904 49152 13835058068167065600 0 4611686031312814080 52776826568704 1103806595072 288230376151711744 9223372036854775808 16384 4611686022722355200 0 9223372041150529536
113 2 156 3 264 2 70370891661315 8830452760576 2305843009213693952 0 131075 34359738368 2 34360786944 140740709580801 13245679140864 3458764513820540928 0 196609 51539607552 3 51541704704 211107306274818 4415226380288 1152921504606846976 0 65538 17179869184 1 17183014912
114 2 157 3 265 2 281483566645260 35321811042304 9223372036854775808 0 524300 137438953472 8 137443147776 562962838323204 52982716563456 13835058055282163712 0 786436 206158430208 12 206166818816 844429225099272 17660905521152 4611686018427387904 0 262152 68719476736 4 68732059648
115 2 158 3 266 2 1125934266581040 141287244169216 0 2 2097200 549755813888 32 549772591104 2251851353292816 211930866253824 0 3 3145744 824633720832 48 824667275264 3377716900397088 70643622084608 0 1 1048608 274877906944 16 274928238592
116 2 159 3 267 2 4503737066324160 565148976676864 0 8 8388800 2199023255552 128 2199090364416 9007405413171264 847723465015296 0 12 12582976 3298534883328 192 3298669101056 13510867601588352 282574488338432 0 4 4194432 1099511627776 64 1099712954368
117 2 160 3 268 2 18014948265296640 2260595906707456 0 32 33555200 8796093022208 512 8796361457664 36029621652685056 3390893860061184 0 48 50331904 13194139533312 768 13194676404224 54043470406353408 1130297953353728 0 16 16777728 4398046511104 256 4398851817472
118 2 161 3 269 2 72059793061186560 9042383626829824 0 128 134220800 35184372088832 2048 35185445830656 144118486610740224 13563575440244736 0 192 201327616 52776558133248 3072 52778705616896 216173881625413632 4521191813414912 0 64 67110912 17592186044416 1024 17595407269888
119 2 162 3 270 2 288239172244746240 36169534507319296 0 512 536883200 140737488355328 8192 140741783322624 576473946442960896 54254301760978944 0 768 805310464 211106232532992 12288 211114822467584 864695526501654528 18084767253659648 0 256 268443648 70368744177664 4096 70381629079552
120 2 163 3 271 2 1152956688978984960 144678138029277184 0 2048 2147532800 562949953421312 32768 562967133290496 2305895785771843584 217017207043915776 0 3072 3221241856 844424930131968 49152 844459289870336 3458782106006618112 72339069014638592 0 1024 1073774592 281474976710656 16384 281526516318208
121 2 164 3 272 2 4611826755915939840 578712552117108736 0 8192 8590131200 2251799813685248 131072 2251868533161984 9223583143087374336 868068828175663104 0 12288 12884967424 3377699720527872 196608 3377837159481344 13835128424026472448 289356276058554368 0 4096 4295098368 1125899906842624 65536 1126106065272832
122 2 165 3 273 2 562949954207744 2314850208468434945 0 32768 34360524800 9007199254740992 524288 9007474132647936 844424930394112 3472275312702652418 0 49152 51539869696 13510798882111488 786432 13511348637925376 281474977234944 1157425104234217475 0 16384 17180393472 4503599627370496 262144 4504424261091328
123 2 166 3 274 2 2251799816830976 9259400833873739780 0 131072 137442099200 36028797018963968 2097152 36029896530591744 3377699721576448 13889101250810609672 0 196608 206159478784 54043195528445952 3145728 54045394551701504 1125899908939776 4629700416936869900 0 65536 68721573888 18014398509481984 1048576 18017697044365312
124 2 167 3 275 2 9007199267323904 144115188075855888 2 524288 549768396800 144115188075855872 8388608 144119586122366976 13510798886305792 216172782113783840 3 786432 824637915136 216172782113783808 12582912 216181578206806016 4503599635759104 72057594037927984 1 262144 274886295552 72057594037927936 4194304 72070788177461248
125 2 168 3 276 2 36028797069295616 576460752303423552 8 2097152 2199073587200 576460752303423488 33554432 576478344489467904 54043195545223168 864691128455135360 12 3145728 3298551660544 864691128455135232 50331648 864726312827224064 18014398543036416 288230376151711936 4 1048576 1099545182208 288230376151711744 16777216 288283152709844992
126 2 169 3 277 2 144115188277182464 2305843009213694208 32 8388608 8796294348800 2305843009213693952 134217728 2305913377957871616 216172782180892672 3458764513820541440 48 12582912 13194206642176 3458764513820540928 201326592 3458905251308896256 72057594172145664 1152921504606847744 16 4194304 4398180728832 1152921504606846976 67108864 1153132610839379968
127 2 170 3 278 2 576460753108729856 9223372036854776832 128 33554432 35185177395200 9223372036854775808 536870912 9223653511831486464 864691128723570688 13835058055282165760 192 50331648 52776826568704 13835058055282163712 805306368 13835621005235585024 288230376688582656 4611686018427390976 64 16777216 17592722915328 4611686018427387904 268435456 4612530443357519872
0 1 166 1 329 1 1152922331388051456 216172782113783808 1152921504606847744 0 3458975622200557569 0 1152921504606846976 12288 2305843287312826368 72057594037927936 2305843009213694208 0 1152991876572250114 0 2305843009213693952 4096 3458765064650096640 144115188075855872 3458764513820541440 0 2305983747775791107 0 3458764513820540928 8192
1 1 167 1 330 1 4611689325552205824 864691128455135232 4611686018427390976 0 13835902488802230276 0 4611686018427387904 49152 9223373149251305472 288230376151711744 9223372036854776832 0 4611967506289000456 0 9223372036854775808 16384 13835060258600386560 576460752303423488 13835058055282165760 0 9223934991103164428 0 13835058055282163712 32768
2 1 168 1 331 1 13228499271680 3458764513820540929 12288 1 3377734080266256 3 0 196609 4449586118656 1152921504606846978 4096 2 1125951446450208 1 0 65538 8813272891392 2305843009213693955 8192 3 2251816993554480 2 0 131075
3 1 169 1 332 1 52913997086720 13835058055282163716 49152 4 13510936321065024 12 0 786436 17798344474624 4611686018427387912 16384 8 4503805785800832 4 0 262152 35253091565568 9223372036854775820 32768 12 9007267974217920 8 0 524300
4 1 170 1 333 1 211655988346880 16 196611 16 54043745284260096 48 0 3145744 71193377898496 32 65537 32 18015223143203328 16 0 1048608 141012366262272 48 131074 48 36029071896871680 32 0 2097200
5 1 171 1 334 1 846623953387520 64 786444 64 216174981137040384 192 0 12582976 284773511593984 128 262148 128 72060892572813312 64 0 4194432 564049465049088 192 524296 192 144116287587486720 128 0 8388800
6 1 172 1 335 1 3386495813550080 256 3145776 256 864699924548161536 768 0 50331904 1139094046375936 512 1048592 512 288243570291253248 256 0 16777728 2256197860196352 768 2097184 768 576465150349946880 512 0 33555200
7 1 173 1 336 1 13545983254200320 1024 12583104 1024 3458799698192646144 3072 0 201327616 4556376185503744 2048 4194368 2048 1152974281165012992 1024 0 67110912 9024791440785408 3072 8388736 3072 2305860601399787520 2048 0 134220800
8 1 174 1 337 1 54183933016801280 4096 50332416 4096 13835198792770584576 12288 0 805310464 18225504742014976 8192 16777472 8192 4611897124660051968 4096 0 268443648 36099165763141632 12288 33554944 12288 9223442405599150080 8192 0 536883200
9 1 175 1 338 1 216735732067205120 16384 201329664 16384 562949953683456 49155 0 3221241856 72902018968059904 32768 67109888 32768 844424930656256 16385 0 1073774592 144396663052566528 49152 134219776 49152 281474977497088 32770 0 2147532800
10 1 176 1 339 1 866942928268820480 65536 805318656 65536 2251799814733824 196620 0 12884967424 291608075872239616 131072 268439552 131072 3377699722625024 65540 0 4295098368 577586652210266112 196608 536879104 196608 1125899909988352 131080 0 8590131200
11 1 177 1 340 1 3467771713075281920 262144 3221274624 262144 9007199258935296 786480 0 51539869696 1166432303488958464 524288 1073758208 524288 13510798890500096 262160 0 17180393472 2310346608841064448 786432 2147516416 786432 4503599639953408 524320 0 34360524800
12 1 178 1 341 1 13871086852301127680 1048576 12885098496 1048576 36028797035741184 3145920 0 206159478784 4665729213955833856 2097152 4295032832 2097152 54043195562000384 1048640 0 68721573888 9241386435364257792 3145728 8590065664 3145728 18014398559813632 2097280 0 137442099200
13 1 179 1 342 1 144115188075855872 4194307 51540393984 4194304 144115188142964736 12583680 0 824637915136 216172782113783808 8388609 17180131328 8388608 216172782248001536 4194560 0 274886295552 72057594037927936 12582914 34360262656 12582912 72057594239254528 8389120 0 549768396800
14 1 180 1 343 1 576460752303423488 16777228 206161575936 16777216 576460752571858944 50334720 0 3298551660544 864691128455135232 33554436 68720525312 33554432 864691128992006144 16778240 0 1099545182208 288230376151711744 50331656 137441050624 50331648 288230376957018112 33556480 0 2199073587200
15 1 181 1 344 1 2305843009213693952 67108912 824646303744 67108864 2305843010287435776 201338880 0 13194206642176 3458764513820540928 134217744 274882101248 134217728 3458764515968024576 67112960 0 4398180728832 1152921504606846976 201326624 549764202496 201326592 1152921507828072448 134225920 0 8796294348800
16 1 182 1 345 1 9223372036854775808 268435648 3298585214976 268435456 9223372041149743104 805355520 0 52776826568704 13835058055282163712 536870976 1099528404992 536870912 13835058063872098304 268451840 0 17592722915328 4611686018427387904 805306496 2199056809984 805306368 4611686031312289792 536903680 0 35185177395200
17 1 183 1 346 1 0 1073742594 13194340859904 1073741824 17179869184 3221422082 0 211107306274816 0 2147483907 4398113619968 2147483648 34359738368 1073807363 0 70370891661312 0 3221225985 8796227239936 3221225472 51539607552 2147614721 0 140740709580800
18 1 184 1 347 1 0 4294970376 52777363439616 4294967296 68719476736 12885688328 0 844429225099264 0 8589935628 17592454479872 8589934592 137438953472 4295229452 0 281483566645248 0 12884903940 35184908959744 12884901888 206158430208 8590458884 0 562962838323200
19 1 185 1 348 1 0 17179881504 211109453758464 17179869184 274877906944 51542753312 0 3377716900397056 0 34359742512 70369817919488 34359738368 549755813888 17180917808 0 1125934266580992 0 51539615760 140739635838976 51539607552 824633720832 34361835536 0 2251851353292800
20 1 186 1 349 1 0 68719526016 844437815033856 68719476736 1099511627776 206171013248 0 13510867601588224 0 137438970048 281479271677952 137438953472 2199023255552 68723671232 0 4503737066323968 0 206158463040 562958543355904 206158430208 3298534883328 137447342144 0 9007405413171200
21 1 187 1 350 1 0 274878104064 3377751260135424 274877906944 4398046511104 824684052992 0 54043470406352896 0 549755880192 1125917086711808 549755813888 8796093022208 274894684928 0 18014948265295872 0 824633852160 2251834173423616 824633720832 13194139533312 549789368576 0 36029621652684800
22 1 188 1 351 1 0 1099512416256 13511005040541696 1099511627776 17592186044416 3298736211968 0 216173881625411584 0 2199023520768 4503668346847232 2199023255552 35184372088832 1099578739712 0 72059793061183488 0 3298535408640 9007336693694464 3298534883328 52776558133248 2199157474304 0 144118486610739200
23 1 189 1 352 1 0 4398049665024 54044020162166784 4398046511104 70368744177664 13194944847872 0 864695526501646336 0 8796094083072 18014673387388928 8796093022208 140737488355328 4398314958848 0 288239172244733952 0 13194141634560 36029346774777856 13194139533312 211106232532992 8796629897216 0 576473946442956800
24 1 190 1 353 1 0 17592198660096 216176080648667136 17592186044416 281474976710656 52779779391488 0 3458782106006585344 0 35184376332288 72058693549555712 35184372088832 562949953421312 17593259835392 0 1152956688978935808 0 52776566538240 144117387099111424 52776558133248 844424930131968 35186519588864 0 2305895785771827200
25 1 191 1 354 1 0 70368794640384 864704322594668544 70368744177664 1125899906842624 211119117565952 0 13835128424026341376 0 140737505329152 288234774198222848 140737488355328 2251799813685248 70373039341568 0 4611826755915743232 0 211106266152960 576469548396445696 211106232532992 3377699720527872 140746078355456 0 9223583143087308800
26 1 192 1 355 1 0 281475178561536 3458817290378674176 281474976710656 4503599627370499 844476470263808 0 281474976710656 0 562950021316608 1152939096792891392 562949953421312 9007199254740993 281492157366272 0 562949953421312 0 844425064611840 2305878193585782784 844424930131968 13510798882111490 562984313421824 0 844424930131968
27 1 193 1 356 1 0 1125900714246144 13835269161514696704 1125899906842624 18014398509481996 3377905881055232 0 1125899906842624 0 2251800085266432 4611756387171565568 2251799813685248 36028797018963972 1125968629465088 0 2251799813685248 0 3377700258447360 9223512774343131136 3377699720527872 54043195528445960 2251937253687296 0 3377699720527872
28 1 194 1 357 1 0 4503602856984576 844424930131968 4503599627370499 72057594037927984 13511623524220928 0 4503599627370496 0 9007200341065728 281474976710656 9007199254740993 144115188075855888 4503874517860352 0 9007199254740992 0 13510801033789440 562949953421312 13510798882111490 216172782113783840 9007749014749184 0 13510798882111488
29 1 195 1 358 1 0 18014411427938304 3377699720527872 18014398509481996 288230376151711936 54046494096883712 0 18014398509481984 0 36028801364262912 1125899906842624 36028797018963972 576460752303423552 18015498071441408 0 36028797018963968 0 54043204135157760 2251799813685248 54043195528445960 864691128455135360 36030996058996736 0 54043195528445952
30 1 196 1 359 1 0 72057645711753216 13510798882111488 72057594037927984 1152921504606847744 216185976387534848 0 72057594037927936 0 144115205457051648 4503599627370496 144115188075855888 2305843009213694208 72061992285765632 0 144115188075855872 0 216172816540631040 9007199254740992 216172782113783840 3458764513820541440 144123984235986944 0 216172782113783808
31 1 197 1 360 1 0 288230582847012864 54043195528445952 288230376151711936 4611686018427390976 864743905550139392 0 288230376151711744 0 576460821828206592 18014398509481984 576460752303423552 9223372036854776832 288247969143062528 0 576460752303423488 0 864691266162524160 36028797018963968 864691128455135360 13835058055282165760 576495936943947776 0 864691128455135232
32 1 198 1 361 1 0 1152922331388051456 216172782113783808 1152921504606847744 12288 3458975622200557569 0 1152921504606846976 0 2305843287312826368 72057594037927936 2305843009213694208 4096 1152991876572250114 0 2305843009213693952 0 3458765064650096640 144115188075855872 3458764513820541440 8192 2305983747775791107 0 3458764513820540928
33 1 199 1 362 1 0 4611689325552205824 864691128455135232 4611686018427390976 49152 13835902488802230276 0 4611686018427387904 0 9223373149251305472 288230376151711744 9223372036854776832 16384 4611967506289000456 0 9223372036854775808 0 13835060258600386560 576460752303423488 13835058055282165760 32768 9223934991103164428 0 13835058055282163712
34 1 200 1 363 1 1 13228499271680 3458764513820540929 12288 196609 3377734080266256 3 0 2 4449586118656 1152921504606846978 4096 65538 1125951446450208 1 0 3 8813272891392 2305843009213693955 8192 131075 2251816993554480 2 0
35 1 201 1 364 1 4 52913997086720 13835058055282163716 49152 786436 13510936321065024 12 0 8 17798344474624 4611686018427387912 16384 262152 4503805785800832 4 0 12 35253091565568 9223372036854775820 32768 524300 9007267974217920 8 0
36 1 202 1 365 1 16 211655988346880 16 196611 3145744 54043745284260096 48 0 32 71193377898496 32 65537 1048608 18015223143203328 16 0 48 141012366262272 48 131074 2097200 36029071896871680 32 0
37 1 203 1 366 1 64 846623953387520 64 786444 12582976 216174981137040384 192 0 128 284773511593984 128 262148 4194432 72060892572813312 64 0 192 564049465049088 192 524296 8388800 144116287587486720 128 0
38 1 204 1 367 1 256 3386495813550080 256 3145776 50331904 864699924548161536 768 0 512 1139094046375936 512 1048592 16777728 288243570291253248 256 0 768 2256197860196352 768 2097184 33555200 576465150349946880 512 0
39 1 205 1 368 1 1024 13545983254200320 1024 12583104 201327616 3458799698192646144 3072 0 2048 4556376185503744 2048 4194368 67110912 1152974281165012992 1024 0 3072 9024791440785408 3072 8388736 134220800 2305860601399787520 2048 0
40 1 206 1 369 1 4096 54183933016801280 4096 50332416 805310464 13835198792770584576 12288 0 8192 18225504742014976 8192 16777472 268443648 4611897124660051968 4096 0 12288 36099165763141632 12288 33554944 536883200 9223442405599150080 8192 0
41 1 207 1 370 1 16384 216735732067205120 16384 201329664 3221241856 562949953683456 49155 0 32768 72902018968059904 32768 67109888 1073774592 844424930656256 16385 0 49152 144396663052566528 49152 134219776 2147532800 281474977497088 32770 0
42 1 208 1 371 1 65536 866942928268820480 65536 805318656 12884967424 2251799814733824 196620 0 131072 291608075872239616 131072 268439552 4295098368 3377699722625024 65540 0 196608 577586652210266112 196608 536879104 8590131200 1125899909988352 131080 0
43 1 209 1 372 1 262144 3467771713075281920 262144 3221274624 51539869696 9007199258935296 786480 0 524288 1166432303488958464 524288 1073758208 17180393472 13510798890500096 262160 0 786432 2310346608841064448 786432 2147516416 34360524800 4503599639953408 524320 0
44 1 210 1 373 1 1048576 13871086852301127680 1048576 12885098496 206159478784 36028797035741184 3145920 0 2097152 4665729213955833856 2097152 4295032832 68721573888 54043195562000384 1048640 0 3145728 9241386435364257792 3145728 8590065664 137442099200 18014398559813632 2097280 0
45 1 211 1 374 1 4194304 144115188075855872 4194307 51540393984 824637915136 144115188142964736 12583680 0 8388608 216172782113783808 8388609 17180131328 274886295552 216172782248001536 4194560 0 12582912 72057594037927936 12582914 34360262656 549768396800 72057594239254528 8389120 0
46 1 212 1 375 1 16777216 576460752303423488 16777228 206161575936 3298551660544 576460752571858944 50334720 0 33554432 864691128455135232 33554436 68720525312 1099545182208 864691128992006144 16778240 0 50331648 288230376151711744 50331656 137441050624 2199073587200 288230376957018112 33556480 0
47 1 213 1 376 1 67108864 2305843009213693952 67108912 824646303744 13194206642176 2305843010287435776 201338880 0 134217728 3458764513820540928 134217744 274882101248 4398180728832 3458764515968024576 67112960 0 201326592 1152921504606846976 201326624 549764202496 8796294348800 1152921507828072448 134225920 0
48 1 214 1 377 1 268435456 9223372036854775808 268435648 3298585214976 52776826568704 9223372041149743104 805355520 0 536870912 13835058055282163712 536870976 1099528404992 17592722915328 13835058063872098304 268451840 0 805306368 4611686018427387904 805306496 2199056809984 35185177395200 4611686031312289792 536903680 0
49 1 215 1 378 1 1073741824 0 1073742594 13194340859904 211107306274816 17179869184 3221422082 0 2147483648 0 2147483907 4398113619968 70370891661312 34359738368 1073807363 0 3221225472 0 3221225985 8796227239936 140740709580800 51539607552 2147614721 0
50 1 216 1 379 1 4294967296 0 4294970376 52777363439616 844429225099264 68719476736 12885688328 0 8589934592 0 8589935628 17592454479872 281483566645248 137438953472 4295229452 0 12884901888 0 12884903940 35184908959744 562962838323200 206158430208 8590458884 0
51 1 217 1 380 1 17179869184 0 17179881504 211109453758464 3377716900397056 274877906944 51542753312 0 34359738368 0 34359742512 70369817919488 1125934266580992 549755813888 17180917808 0 51539607552 0 51539615760 140739635838976 2251851353292800 824633720832 34361835536 0
52 1 218 1 381 1 68719476736 0 68719526016 844437815033856 13510867601588224 1099511627776 206171013248 0 137438953472 0 137438970048 281479271677952 4503737066323968 2199023255552 68723671232 0 206158430208 0 206158463040 562958543355904 9007405413171200 3298534883328 137447342144 0
53 1 219 1 382 1 274877906944 0 274878104064 3377751260135424 54043470406352896 4398046511104 824684052992 0 549755813888 0 549755880192 1125917086711808 18014948265295872 8796093022208 274894684928 0 824633720832 0 824633852160 2251834173423616 36029621652684800 13194139533312 549789368576 0
54 1 220 1 383 1 1099511627776 0 1099512416256 13511005040541696 216173881625411584 17592186044416 3298736211968 0 2199023255552 0 2199023520768 4503668346847232 72059793061183488 35184372088832 1099578739712 0 3298534883328 0 3298535408640 9007336693694464 144118486610739200 52776558133248 2199157474304 0
55 1 221 1 256 1 4398046511104 0 4398049665024 54044020162166784 864695526501646336 70368744177664 13194944847872 0 8796093022208 0 8796094083072 18014673387388928 288239172244733952 140737488355328 4398314958848 0 13194139533312 0 13194141634560 36029346774777856 576473946442956800 211106232532992 8796629897216 0
56 1 222 1 257 1 17592186044416 0 17592198660096 216176080648667136 3458782106006585344 281474976710656 52779779391488 0 35184372088832 0 35184376332288 72058693549555712 1152956688978935808 562949953421312 17593259835392 0 52776558133248 0 52776566538240 144117387099111424 2305895785771827200 844424930131968 35186519588864 0
57 1 223 1 258 1 70368744177664 0 70368794640384 864704322594668544 13835128424026341376 1125899906842624 211119117565952 0 140737488355328 0 140737505329152 288234774198222848 4611826755915743232 2251799813685248 70373039341568 0 211106232532992 0 211106266152960 576469548396445696 9223583143087308800 3377699720527872 140746078355456 0
58 1 224 1 259 1 281474976710656 0 281475178561536 3458817290378674176 281474976710656 4503599627370499 844476470263808 0 562949953421312 0 562950021316608 1152939096792891392 562949953421312 9007199254740993 281492157366272 0 844424930131968 0 844425064611840 2305878193585782784 844424930131968 13510798882111490 562984313421824 0
59 1 225 1 260 1 1125899906842624 0 1125900714246144 13835269161514696704 1125899906842624 18014398509481996 3377905881055232 0 2251799813685248 0 2251800085266432 4611756387171565568 2251799813685248 36028797018963972 1125968629465088 0 3377699720527872 0 3377700258447360 9223512774343131136 3377699720527872 54043195528445960 2251937253687296 0
60 1 226 1 261 1 4503599627370499 0 4503602856984576 844424930131968 4503599627370496 72057594037927984 13511623524220928 0 9007199254740993 0 9007200341065728 281474976710656 9007199254740992 144115188075855888 4503874517860352 0 13510798882111490 0 13510801033789440 562949953421312 13510798882111488 216172782113783840 9007749014749184 0
61 1 227 1 262 1 18014398509481996 0 18014411427938304 3377699720527872 18014398509481984 288230376151711936 54046494096883712 0 36028797018963972 0 36028801364262912 1125899906842624 36028797018963968 576460752303423552 18015498071441408 0 54043195528445960 0 54043204135157760 2251799813685248 54043195528445952 864691128455135360 36030996058996736 0
62 1 228 1 263 1 72057594037927984 0 72057645711753216 13510798882111488 72057594037927936 1152921504606847744 216185976387534848 0 144115188075855888 0 144115205457051648 4503599627370496 144115188075855872 2305843009213694208 72061992285765632 0 216172782113783840 0 216172816540631040 9007199254740992 216172782113783808 3458764513820541440 144123984235986944 0
63 1 229 1 264 1 288230376151711936 0 288230582847012864 54043195528445952 288230376151711744 4611686018427390976 864743905550139392 0 576460752303423552 0 576460821828206592 18014398509481984 576460752303423488 9223372036854776832 288247969143062528 0 864691128455135360 0 864691266162524160 36028797018963968 864691128455135232 13835058055282165760 576495936943947776 0
64 1 230 1 265 1 1152921504606847744 0 1152922331388051456 216172782113783808 1152921504606846976 12288 3458975622200557569 0 2305843009213694208 0 2305843287312826368 72057594037927936 2305843009213693952 4096 1152991876572250114 0 3458764513820541440 0 3458765064650096640 144115188075855872 3458764513820540928 8192 2305983747775791107 0
65 1 231 1 266 1 4611686018427390976 0 4611689325552205824 864691128455135232 4611686018427387904 49152 13835902488802230276 0 9223372036854776832 0 9223373149251305472 288230376151711744 9223372036854775808 16384 4611967506289000456 0 13835058055282165760 0 13835060258600386560 576460752303423488 13835058055282163712 32768 9223934991103164428 0
66 1 232 1 267 1 12288 1 13228499271680 3458764513820540929 0 196609 3377734080266256 3 4096 2 4449586118656 1152921504606846978 0 65538 1125951446450208 1 8192 3 8813272891392 2305843009213693955 0 131075 2251816993554480 2
67 1 233 1 268 1 49152 4 52913997086720 13835058055282163716 0 786436 13510936321065024 12 16384 8 17798344474624 4611686018427387912 0 262152 4503805785800832 4 32768 12 35253091565568 9223372036854775820 0 524300 9007267974217920 8
68 1 234 1 269 1 196611 16 211655988346880 16 0 3145744 54043745284260096 48 65537 32 71193377898496 32 0 1048608 18015223143203328 16 131074 48 141012366262272 48 0 2097200 36029071896871680 32
69 1 235 1 270 1 786444 64 846623953387520 64 0 12582976 216174981137040384 192 262148 128 284773511593984 128 0 4194432 72060892572813312 64 524296 192 564049465049088 192 0 8388800 144116287587486720 128
70 1 236 1 271 1 3145776 256 3386495813550080 256 0 50331904 864699924548161536 768 1048592 512 1139094046375936 512 0 16777728 288243570291253248 256 2097184 768 2256197860196352 768 0 33555200 576465150349946880 512
71 1 237 1 272 1 12583104 1024 13545983254200320 1024 0 201327616 3458799698192646144 3072 4194368 2048 4556376185503744 2048 0 67110912 1152974281165012992 1024 8388736 3072 9024791440785408 3072 0 134220800 2305860601399787520 2048
72 1 238 1 273 1 50332416 4096 54183933016801280 4096 0 805310464 13835198792770584576 12288 16777472 8192 18225504742014976 8192 0 268443648 4611897124660051968 4096 33554944 12288 36099165763141632 12288 0 536883200 9223442405599150080 8192
73 1 239 1 274 1 201329664 16384 216735732067205120 16384 0 3221241856 562949953683456 49155 67109888 32768 72902018968059904 32768 0 1073774592 844424930656256 16385 134219776 49152 144396663052566528 49152 0 2147532800 281474977497088 32770
74 1 240 1 275 1 805318656 65536 866942928268820480 65536 0 12884967424 2251799814733824 196620 268439552 131072 291608075872239616 131072 0 4295098368 3377699722625024 65540 536879104 196608 577586652210266112 196608 0 8590131200 1125899909988352 131080
75 1 241 1 276 1 3221274624 262144 3467771713075281920 262144 0 51539869696 9007199258935296 786480 1073758208 524288 1166432303488958464 524288 0 17180393472 13510798890500096 262160 2147516416 786432 2310346608841064448 786432 0 34360524800 4503599639953408 524320
76 1 242 1 277 1 12885098496 1048576 13871086852301127680 1048576 0 206159478784 36028797035741184 3145920 4295032832 2097152 4665729213955833856 2097152 0 68721573888 54043195562000384 1048640 8590065664 3145728 9241386435364257792 3145728 0 137442099200 18014398559813632 2097280
77 1 243 1 278 1 51540393984 4194304 144115188075855872 4194307 0 824637915136 144115188142964736 12583680 17180131328 8388608 216172782113783808 8388609 0 274886295552 216172782248001536 4194560 34360262656 12582912 72057594037927936 12582914 0 549768396800 72057594239254528 8389120
78 1 244 1 279 1 206161575936 16777216 576460752303423488 16777228 0 3298551660544 576460752571858944 50334720 68720525312 33554432 864691128455135232 33554436 0 1099545182208 864691128992006144 16778240 137441050624 50331648 288230376151711744 50331656 0 2199073587200 288230376957018112 33556480
79 1 245 1 280 1 824646303744 67108864 2305843009213693952 67108912 0 13194206642176 2305843010287435776 201338880 274882101248 134217728 3458764513820540928 134217744 0 4398180728832 3458764515968024576 67112960 549764202496 201326592 1152921504606846976 201326624 0 8796294348800 1152921507828072448 134225920
80 1 246 1 281 1 3298585214976 268435456 9223372036854775808 268435648 0 52776826568704 9223372041149743104 805355520 1099528404992 536870912 13835058055282163712 536870976 0 17592722915328 13835058063872098304 268451840 2199056809984 805306368 4611686018427387904 805306496 0 35185177395200 4611686031312289792 536903680
81 1 247 1 282 1 13194340859904 1073741824 0 1073742594 0 211107306274816 17179869184 3221422082 4398113619968 2147483648 0 2147483907 0 70370891661312 34359738368 1073807363 8796227239936 3221225472 0 3221225985 0 140740709580800 51539607552 2147614721
82 1 248 1 283 1 52777363439616 4294967296 0 4294970376 0 844429225099264 68719476736 12885688328 17592454479872 8589934592 0 8589935628 0 281483566645248 137438953472 4295229452 35184908959744 12884901888 0 12884903940 0 562962838323200 206158430208 8590458884
83 1 249 1 284 1 211109453758464 17179869184 0 17179881504 0 3377716900397056 274877906944 51542753312 70369817919488 34359738368 0 34359742512 0 1125934266580992 549755813888 17180917808 140739635838976 51539607552 0 51539615760 0 2251851353292800 824633720832 34361835536
84 1 250 1 285 1 844437815033856 68719476736 0 68719526016 0 13510867601588224 1099511627776 206171013248 281479271677952 137438953472 0 137438970048 0 4503737066323968 2199023255552 68723671232 562958543355904 206158430208 0 206158463040 0 9007405413171200 3298534883328 137447342144
85 1 251 1 286 1 3377751260135424 274877906944 0 274878104064 0 54043470406352896 4398046511104 824684052992 1125917086711808 549755813888 0 549755880192 0 18014948265295872 8796093022208 274894684928 2251834173423616 824633720832 0 824633852160 0 36029621652684800 13194139533312 549789368576
86 1 252 1 287 1 13511005040541696 1099511627776 0 1099512416256 0 216173881625411584 17592186044416 3298736211968 4503668346847232 2199023255552 0 2199023520768 0 72059793061183488 35184372088832 1099578739712 9007336693694464 3298534883328 0 3298535408640 0 144118486610739200 52776558133248 2199157474304
87 1 253 1 288 1 54044020162166784 4398046511104 0 4398049665024 0 864695526501646336 70368744177664 13194944847872 18014673387388928 8796093022208 0 8796094083072 0 288239172244733952 140737488355328 4398314958848 36029346774777856 13194139533312 0 13194141634560 0 576473946442956800 211106232532992 8796629897216
88 1 254 1 289 1 216176080648667136 17592186044416 0 17592198660096 0 3458782106006585344 281474976710656 52779779391488 72058693549555712 35184372088832 0 35184376332288 0 1152956688978935808 562949953421312 17593259835392 144117387099111424 52776558133248 0 52776566538240 0 2305895785771827200 844424930131968 35186519588864
89 1 255 1 290 1 864704322594668544 70368744177664 0 70368794640384 0 13835128424026341376 1125899906842624 211119117565952 288234774198222848 140737488355328 0 140737505329152 0 4611826755915743232 2251799813685248 70373039341568 576469548396445696 211106232532992 0 211106266152960 0 9223583143087308800 3377699720527872 140746078355456
90 1 128 1 291 1 3458817290378674176 281474976710656 0 281475178561536 0 281474976710656 4503599627370499 844476470263808 1152939096792891392 562949953421312 0 562950021316608 0 562949953421312 9007199254740993 281492157366272 2305878193585782784 844424930131968 0 844425064611840 0 844424930131968 13510798882111490 562984313421824
91 1 129 1 292 1 13835269161514696704 1125899906842624 0 1125900714246144 0 1125899906842624 18014398509481996 3377905881055232 4611756387171565568 2251799813685248 0 2251800085266432 0 2251799813685248 36028797018963972 1125968629465088 9223512774343131136 3377699720527872 0 3377700258447360 0 3377699720527872 54043195528445960 2251937253687296
92 1 130 1 293 1 844424930131968 4503599627370499 0 4503602856984576 0 4503599627370496 72057594037927984 13511623524220928 281474976710656 9007199254740993 0 9007200341065728 0 9007199254740992 144115188075855888 4503874517860352 562949953421312 13510798882111490 0 13510801033789440 0 13510798882111488 216172782113783840 9007749014749184
93 1 131 1 294 1 3377699720527872 18014398509481996 0 18014411427938304 0 18014398509481984 288230376151711936 54046494096883712 1125899906842624 36028797018963972 0 36028801364262912 0 36028797018963968 576460752303423552 18015498071441408 2251799813685248 54043195528445960 0 54043204135157760 0 54043195528445952 864691128455135360 36030996058996736
94 1 132 1 295 1 13510798882111488 72057594037927984 0 72057645711753216 0 72057594037927936 1152921504606847744 216185976387534848 4503599627370496 144115188075855888 0 144115205457051648 0 144115188075855872 2305843009213694208 72061992285765632 9007199254740992 216172782113783840 0 216172816540631040 0 216172782113783808 3458764513820541440 144123984235986944
95 1 133 1 296 1 54043195528445952 288230376151711936 0 288230582847012864 0 288230376151711744 4611686018427390976 864743905550139392 18014398509481984 576460752303423552 0 576460821828206592 0 576460752303423488 9223372036854776832 288247969143062528 36028797018963968 864691128455135360 0 864691266162524160 0 864691128455135232 13835058055282165760 576495936943947776
96 1 134 1 297 1 216172782113783808 1152921504606847744 0 1152922331388051456 0 1152921504606846976 12288 3458975622200557569 72057594037927936 2305843009213694208 0 2305843287312826368 0 2305843009213693952 4096 1152991876572250114 144115188075855872 3458764513820541440 0 3458765064650096640 0 3458764513820540928 8192 2305983747775791107
97 1 135 1 298 1 864691128455135232 4611686018427390976 0 4611689325552205824 0 4611686018427387904 49152 13835902488802230276 288230376151711744 9223372036854776832 0 9223373149251305472 0 9223372036854775808 16384 4611967506289000456 576460752303423488 13835058055282165760 0 13835060258600386560 0 13835058055282163712 32768 9223934991103164428
98 1 136 1 299 1 3458764513820540929 12288 1 13228499271680 3 0 196609 3377734080266256 1152921504606846978 4096 2 4449586118656 1 0 65538 1125951446450208 2305843009213693955 8192 3 8813272891392 2 0 131075 2251816993554480
99 1 137 1 300 1 13835058055282163716 49152 4 52913997086720 12 0 786436 13510936321065024 4611686018427387912 16384 8 17798344474624 4 0 262152 4503805785800832 9223372036854775820 32768 12 35253091565568 8 0 524300 9007267974217920
100 1 138 1 301 1 16 196611 16 211655988346880 48 0 3145744 54043745284260096 32 65537 32 71193377898496 16 0 1048608 18015223143203328 48 131074 48 141012366262272 32 0 2097200 36029071896871680
101 1 139 1 302 1 64 786444 64 846623953387520 192 0 12582976 216174981137040384 128 262148 128 284773511593984 64 0 4194432 72060892572813312 192 524296 192 564049465049088 128 0 8388800 144116287587486720
102 1 140 1 303 1 256 3145776 256 3386495813550080 768 0 50331904 864699924548161536 512 1048592 512 1139094046375936 256 0 16777728 288243570291253248 768 2097184 768 2256197860196352 512 0 33555200 576465150349946880
103 1 141 1 304 1 1024 12583104 1024 13545983254200320 3072 0 201327616 3458799698192646144 2048 4194368 2048 4556376185503744 1024 0 67110912 1152974281165012992 3072 8388736 3072 9024791440785408 2048 0 134220800 2305860601399787520
104 1 142 1 305 1 4096 50332416 4096 54183933016801280 12288 0 805310464 13835198792770584576 8192 16777472 8192 18225504742014976 4096 0 268443648 4611897124660051968 12288 33554944 12288 36099165763141632 8192 0 536883200 9223442405599150080
105 1 143 1 306 1 16384 201329664 16384 216735732067205120 49155 0 3221241856 562949953683456 32768 67109888 32768 72902018968059904 16385 0 1073774592 844424930656256 49152 134219776 49152 144396663052566528 32770 0 2147532800 281474977497088
106 1 144 1 307 1 65536 805318656 65536 866942928268820480 196620 0 12884967424 2251799814733824 131072 268439552 131072 291608075872239616 65540 0 4295098368 3377699722625024 196608 536879104 196608 577586652210266112 131080 0 8590131200 1125899909988352
107 1 145 1 308 1 262144 3221274624 262144 3467771713075281920 786480 0 51539869696 9007199258935296 524288 1073758208 524288 1166432303488958464 262160 0 17180393472 13510798890500096 786432 2147516416 786432 2310346608841064448 524320 0 34360524800 4503599639953408
108 1 146 1 309 1 1048576 12885098496 1048576 13871086852301127680 3145920 0 206159478784 36028797035741184 2097152 4295032832 2097152 4665729213955833856 1048640 0 68721573888 54043195562000384 3145728 8590065664 3145728 9241386435364257792 2097280 0 137442099200 18014398559813632
109 1 147 1 310 1 4194307 51540393984 4194304 144115188075855872 12583680 0 824637915136 144115188142964736 8388609 17180131328 8388608 216172782113783808 4194560 0 274886295552 216172782248001536 12582914 34360262656 12582912 72057594037927936 8389120 0 549768396800 72057594239254528
110 1 148 1 311 1 16777228 206161575936 16777216 576460752303423488 50334720 0 3298551660544 576460752571858944 33554436 68720525312 33554432 864691128455135232 16778240 0 1099545182208 864691128992006144 50331656 137441050624 50331648 288230376151711744 33556480 0 2199073587200 288230376957018112
111 1 149 1 312 1 67108912 824646303744 67108864 2305843009213693952 201338880 0 13194206642176 2305843010287435776 134217744 274882101248 134217728 3458764513820540928 67112960 0 4398180728832 3458764515968024576 201326624 549764202496 201326592 1152921504606846976 134225920 0 8796294348800 1152921507828072448
112 1 150 1 313 1 268435648 3298585214976 268435456 9223372036854775808 805355520 0 52776826568704 9223372041149743104 536870976 1099528404992 536870912 13835058055282163712 268451840 0 17592722915328 13835058063872098304 805306496 2199056809984 805306368 4611686018427387904 536903680 0 35185177395200 4611686031312289792
113 1 151 1 314 1 1073742594 13194340859904 1073741824 0 3221422082 0 211107306274816 17179869184 2147483907 4398113619968 2147483648 0 1073807363 0 70370891661312 34359738368 3221225985 8796227239936 3221225472 0 2147614721 0 140740709580800 51539607552
114 1 152 1 315 1 4294970376 52777363439616 4294967296 0 12885688328 0 844429225099264 68719476736 8589935628 17592454479872 8589934592 0 4295229452 0 281483566645248 137438953472 12884903940 35184908959744 12884901888 0 8590458884 0 562962838323200 206158430208
115 1 153 1 316 1 17179881504 211109453758464 17179869184 0 51542753312 0 3377716900397056 274877906944 34359742512 70369817919488 34359738368 0 17180917808 0 1125934266580992 549755813888 51539615760 140739635838976 51539607552 0 34361835536 0 2251851353292800 824633720832
116 1 154 1 317 1 68719526016 844437815033856 68719476736 0 206171013248 0 13510867601588224 1099511627776 137438970048 281479271677952 137438953472 0 68723671232 0 4503737066323968 2199023255552 206158463040 562958543355904 206158430208 0 137447342144 0 9007405413171200 3298534883328
117 1 155 1 318 1 274878104064 3377751260135424 274877906944 0 824684052992 0 54043470406352896 4398046511104 549755880192 1125917086711808 549755813888 0 274894684928 0 18014948265295872 8796093022208 824633852160 2251834173423616 824633720832 0 549789368576 0 36029621652684800 13194139533312
118 1 156 1 319 1 1099512416256 13511005040541696 1099511627776 0 3298736211968 0 216173881625411584 17592186044416 2199023520768 4503668346847232 2199023255552 0 1099578739712 0 72059793061183488 35184372088832 3298535408640 9007336693694464 3298534883328 0 2199157474304 0 144118486610739200 52776558133248
119 1 157 1 320 1 4398049665024 54044020162166784 4398046511104 0 13194944847872 0 864695526501646336 70368744177664 8796094083072 18014673387388928 8796093022208 0 4398314958848 0 288239172244733952 140737488355328 13194141634560 36029346774777856 13194139533312 0 8796629897216 0 576473946442956800 211106232532992
120 1 158 1 321 1 17592198660096 216176080648667136 17592186044416 0 52779779391488 0 3458782106006585344 281474976710656 35184376332288 72058693549555712 35184372088832 0 17593259835392 0 1152956688978935808 562949953421312 52776566538240 144117387099111424 52776558133248 0 35186519588864 0 2305895785771827200 844424930131968
121 1 159 1 322 1 70368794640384 864704322594668544 70368744177664 0 211119117565952 0 13835128424026341376 1125899906842624 140737505329152 288234774198222848 140737488355328 0 70373039341568 0 4611826755915743232 2251799813685248 211106266152960 576469548396445696 211106232532992 0 140746078355456 0 9223583143087308800 3377699720527872
122 1 160 1 323 1 281475178561536 3458817290378674176 281474976710656 0 844476470263808 0 281474976710656 4503599627370499 562950021316608 1152939096792891392 562949953421312 0 281492157366272 0 562949953421312 9007199254740993 844425064611840 2305878193585782784 844424930131968 0 562984313421824 0 844424930131968 13510798882111490
123 1 161 1 324 1 1125900714246144 13835269161514696704 1125899906842624 0 3377905881055232 0 1125899906842624 18014398509481996 2251800085266432 4611756387171565568 2251799813685248 0 1125968629465088 0 2251799813685248 36028797018963972 3377700258447360 9223512774343131136 3377699720527872 0 2251937253687296 0 3377699720527872 54043195528445960
124 1 162 1 325 1 4503602856984576 844424930131968 4503599627370499 0 13511623524220928 0 4503599627370496 72057594037927984 9007200341065728 281474976710656 9007199254740993 0 4503874517860352 0 9007199254740992 144115188075855888 13510801033789440 562949953421312 13510798882111490 0 9007749014749184 0 13510798882111488 216172782113783840
125 1 163 1 326 1 18014411427938304 3377699720527872 18014398509481996 0 54046494096883712 0 18014398509481984 288230376151711936 36028801364262912 1125899906842624 36028797018963972 0 18015498071441408 0 36028797018963968 576460752303423552 54043204135157760 2251799813685248 54043195528445960 0 36030996058996736 0 54043195528445952 864691128455135360
126 1 164 1 327 1 72057645711753216 13510798882111488 72057594037927984 0 216185976387534848 0 72057594037927936 1152921504606847744 144115205457051648 4503599627370496 144115188075855888 0 72061992285765632 0 144115188075855872 2305843009213694208 216172816540631040 9007199254740992 216172782113783840 0 144123984235986944 0 216172782113783808 3458764513820541440
127 1 165 1 328 1 288230582847012864 54043195528445952 288230376151711936 0 864743905550139392 0 288230376151711744 4611686018427390976 576460821828206592 18014398509481984 576460752303423552 0 288247969143062528 0 576460752303423488 9223372036854776832 864691266162524160 36028797018963968 864691128455135360 0 576495936943947776 0 864691128455135232 13835058055282165760
0 1 181 1 301 1 0 0 0 0 1 0 0 0 0 0 0 0 2 0 0 0 0 0 0 0 3 0 0 0
1 1 182 1 302 1 0 0 0 0 4 0 0 0 0 0 0 0 8 0 0 0 0 0 0 0 12 0 0 0
2 1 183 1 303 1 0 0 0 0 16 0 0 0 0 0 0 0 32 0 0 0 0 0 0 0 48 0 0 0
3 1 184 1 304 1 0 0 0 0 64 0 0 0 0 0 0 0 128 0 0 0 0 0 0 0 192 0 0 0
4 1 185 1 305 1 0 0 0 0 256 0 0 0 0 0 0 0 512 0 0 0 0 0 0 0 768 0 0 0
5 1 186 1 306 1 0 0 0 0 1024 0 0 0 0 0 0 0 2048 0 0 0 0 0 0 0 3072 0 0 0
6 1 187 1 307 1 0 0 0 0 4096 0 0 0 0 0 0 0 8192 0 0 0 0 0 0 0 12288 0 0 0
7 1 188 1 308 1 0 0 0 0 16384 0 0 0 0 0 0 0 32768 0 0 0 0 0 0 0 49152 0 0 0
8 1 189 1 309 1 0 0 0 0 65536 0 0 0 0 0 0 0 131072 0 0 0 0 0 0 0 196608 0 0 0
9 1 190 1 310 1 0 0 0 0 262144 0 0 0 0 0 0 0 524288 0 0 0 0 0 0 0 786432 0 0 0
10 1 191 1 311 1 0 0 0 0 1048576 0 0 0 0 0 0 0 2097152 0 0 0 0 0 0 0 3145728 0 0 0
11 1 192 1 312 1 0 0 0 0 4194304 0 0 0 0 0 0 0 8388608 0 0 0 0 0 0 0 12582912 0 0 0
12 1 193 1 313 1 0 0 0 0 16777216 0 0 0 0 0 0 0 33554432 0 0 0 0 0 0 0 50331648 0 0 0
13 1 194 1 314 1 0 0 0 0 67108864 0 0 0 0 0 0 0 134217728 0 0 0 0 0 0 0 201326592 0 0 0
14 1 195 1 315 1 0 0 0 0 268435456 0 0 0 0 0 0 0 536870912 0 0 0 0 0 0 0 805306368 0 0 0
15 1 196 1 316 1 0 0 0 0 1073741824 0 0 0 0 0 0 0 2147483648 0 0 0 0 0 0 0 3221225472 0 0 0
16 1 197 1 317 1 0 0 0 0 4294967296 0 0 0 0 0 0 0 8589934592 0 0 0 0 0 0 0 12884901888 0 0 0
17 1 198 1 318 1 0 0 0 0 17179869184 0 0 0 0 0 0 0 34359738368 0 0 0 0 0 0 0 51539607552 0 0 0
18 1 199 1 319 1 0 0 0 0 68719476736 0 0 0 0 0 0 0 137438953472 0 0 0 0 0 0 0 206158430208 0 0 0
19 1 200 1 320 1 0 0 0 0 274877906944 0 0 0 0 0 0 0 549755813888 0 0 0 0 0 0 0 824633720832 0 0 0
20 1 201 1 321 1 0 0 0 0 1099511627776 0 0 0 0 0 0 0 2199023255552 0 0 0 0 0 0 0 3298534883328 0 0 0
21 1 202 1 322 1 0 0 0 0 4398046511104 0 0 0 0 0 0 0 8796093022208 0 0 0 0 0 0 0 13194139533312 0 0 0
22 1 203 1 323 1 0 0 0 0 17592186044416 0 0 0 0 0 0 0 35184372088832 0 0 0 0 0 0 0 52776558133248 0 0 0
23 1 204 1 324 1 0 0 0 0 70368744177664 0 0 0 0 0 0 0 140737488355328 0 0 0 0 0 0 0 211106232532992 0 0 0
24 1 205 1 325 1 0 0 0 0 281474976710656 0 0 0 0 0 0 0 562949953421312 0 0 0 0 0 0 0 844424930131968 0 0 0
25 1 206 1 326 1 0 0 0 0 1125899906842624 0 0 0 0 0 0 0 2251799813685248 0 0 0 0 0 0 0 3377699720527872 0 0 0
26 1 207 1 327 1 0 0 0 0 4503599627370496 0 0 0 0 0 0 0 9007199254740992 0 0 0 0 0 0 0 13510798882111488 0 0 0
27 1 208 1 328 1 0 0 0 0 18014398509481984 0 0 0 0 0 0 0 36028797018963968 0 0 0 0 0 0 0 54043195528445952 0 0 0
28 1 209 1 329 1 0 0 0 0 72057594037927936 0 0 0 0 0 0 0 144115188075855872 0 0 0 0 0 0 0 216172782113783808 0 0 0
29 1 210 1 330 1 0 0 0 0 288230376151711744 0 0 0 0 0 0 0 576460752303423488 0 0 0 0 0 0 0 864691128455135232 0 0 0
30 1 211 1 331 1 0 0 0 0 1152921504606846976 0 0 0 0 0 0 0 2305843009213693952 0 0 0 0 0 0 0 3458764513820540928 0 0 0
31 1 212 1 332 1 0 0 0 0 4611686018427387904 0 0 0 0 0 0 0 9223372036854775808 0 0 0 0 0 0 0 13835058055282163712 0 0 0
32 1 213 1 333 1 0 0 0 0 0 1 0 0 0 0 0 0 0 2 0 0 0 0 0 0 0 3 0 0
33 1 214 1 334 1 0 0 0 0 0 4 0 0 0 0 0 0 0 8 0 0 0 0 0 0 0 12 0 0
34 1 215 1 335 1 0 0 0 0 0 16 0 0 0 0 0 0 0 32 0 0 0 0 0 0 0 48 0 0
35 1 216 1 336 1 0 0 0 0 0 64 0 0 0 0 0 0 0 128 0 0 0 0 0 0 0 192 0 0
36 1 217 1 337 1 0 0 0 0 0 256 0 0 0 0 0 0 0 512 0 0 0 0 0 0 0 768 0 0
37 1 218 1 338 1 0 0 0 0 0 1024 0 0 0 0 0 0 0 2048 0 0 0 0 0 0 0 3072 0 0
38 1 219 1 339 1 0 0 0 0 0 4096 0 0 0 0 0 0 0 8192 0 0 0 0 0 0 0 12288 0 0
39 1 220 1 340 1 0 0 0 0 0 16384 0 0 0 0 0 0 0 32768 0 0 0 0 0 0 0 49152 0 0
40 1 221 1 341 1 0 0 0 0 0 65536 0 0 0 0 0 0 0 131072 0 0 0 0 0 0 0 196608 0 0
41 1 222 1 342 1 0 0 0 0 0 262144 0 0 0 0 0 0 0 524288 0 0 0 0 0 0 0 786432 0 0
42 1 223 1 343 1 0 0 0 0 0 1048576 0 0 0 0 0 0 0 2097152 0 0 0 0 0 0 0 3145728 0 0
43 1 224 1 344 1 0 0 0 0 0 4194304 0 0 0 0 0 0 0 8388608 0 0 0 0 0 0 0 12582912 0 0
44 1 225 1 345 1 0 0 0 0 0 16777216 0 0 0 0 0 0 0 33554432 0 0 0 0 0 0 0 50331648 0 0
45 1 226 1 346 1 0 0 0 0 0 67108864 0 0 0 0 0 0 0 134217728 0 0 0 0 0 0 0 201326592 0 0
46 1 227 1 347 1 0 0 0 0 0 268435456 0 0 0 0 0 0 0 536870912 0 0 0 0 0 0 0 805306368 0 0
47 1 228 1 348 1 0 0 0 0 0 1073741824 0 0 0 0 0 0 0 2147483648 0 0 0 0 0 0 0 3221225472 0 0
48 1 229 1 349 1 0 0 0 0 0 4294967296 0 0 0 0 0 0 0 8589934592 0 0 0 0 0 0 0 12884901888 0 0
49 1 230 1 350 1 0 0 0 0 0 17179869184 0 0 0 0 0 0 0 34359738368 0 0 0 0 0 0 0 51539607552 0 0
50 1 231 1 351 1 0 0 0 0 0 68719476736 0 0 0 0 0 0 0 137438953472 0 0 0 0 0 0 0 206158430208 0 0
51 1 232 1 352 1 0 0 0 0 0 274877906944 0 0 0 0 0 0 0 549755813888 0 0 0 0 0 0 0 824633720832 0 0
52 1 233 1 353 1 0 0 0 0 0 1099511627776 0 0 0 0 0 0 0 2199023255552 0 0 0 0 0 0 0 3298534883328 0 0
53 1 234 1 354 1 0 0 0 0 0 4398046511104 0 0 0 0 0 0 0 8796093022208 0 0 0 0 0 0 0 13194139533312 0 0
54 1 235 1 355 1 0 0 0 0 0 17592186044416 0 0 0 0 0 0 0 35184372088832 0 0 0 0 0 0 0 52776558133248 0 0
55 1 236 1 356 1 0 0 0 0 0 70368744177664 0 0 0 0 0 0 0 140737488355328 0 0 0 0 0 0 0 211106232532992 0 0
56 1 237 1 357 1 0 0 0 0 0 281474976710656 0 0 0 0 0 0 0 562949953421312 0 0 0 0 0 0 0 844424930131968 0 0
57 1 238 1 358 1 0 0 0 0 0 1125899906842624 0 0 0 0 0 0 0 2251799813685248 0 0 0 0 0 0 0 3377699720527872 0 0
58 1 239 1 359 1 0 0 0 0 0 4503599627370496 0 0 0 0 0 0 0 9007199254740992 0 0 0 0 0 0 0 13510798882111488 0 0
59 1 240 1 360 1 0 0 0 0 0 18014398509481984 0 0 0 0 0 0 0 36028797018963968 0 0 0 0 0 0 0 54043195528445952 0 0
60 1 241 1 361 1 0 0 0 0 0 72057594037927936 0 0 0 0 0 0 0 144115188075855872 0 0 0 0 0 0 0 216172782113783808 0 0
61 1 242 1 362 1 0 0 0 0 0 288230376151711744 0 0 0 0 0 0 0 576460752303423488 0 0 0 0 0 0 0 864691128455135232 0 0
62 1 243 1 363 1 0 0 0 0 0 1152921504606846976 0 0 0 0 0 0 0 2305843009213693952 0 0 0 0 0 0 0 3458764513820540928 0 0
63 1 244 1 364 1 0 0 0 0 0 4611686018427387904 0 0 0 0 0 0 0 9223372036854775808 0 0 0 0 0 0 0 13835058055282163712 0 0
64 1 245 1 365 1 0 0 0 0 0 0 1 0 0 0 0 0 0 0 2 0 0 0 0 0 0 0 3 0
65 1 246 1 366 1 0 0 0 0 0 0 4 0 0 0 0 0 0 0 8 0 0 0 0 0 0 0 12 0
66 1 247 1 367 1 0 0 0 0 0 0 16 0 0 0 0 0 0 0 32 0 0 0 0 0 0 0 48 0
67 1 248 1 368 1 0 0 0 0 0 0 64 0 0 0 0 0 0 0 128 0 0 0 0 0 0 0 192 0
68 1 249 1 369 1 0 0 0 0 0 0 256 0 0 0 0 0 0 0 512 0 0 0 0 0 0 0 768 0
69 1 250 1 370 1 0 0 0 0 0 0 1024 0 0 0 0 0 0 0 2048 0 0 0 0 0 0 0 3072 0
70 1 251 1 371 1 0 0 0 0 0 0 4096 0 0 0 0 0 0 0 8192 0 0 0 0 0 0 0 12288 0
71 1 252 1 372 1 0 0 0 0 0 0 16384 0 0 0 0 0 0 0 32768 0 0 0 0 0 0 0 49152 0
72 1 253 1 373 1 0 0 0 0 0 0 65536 0 0 0 0 0 0 0 131072 0 0 0 0 0 0 0 196608 0
73 1 254 1 374 1 0 0 0 0 0 0 262144 0 0 0 0 0 0 0 524288 0 0 0 0 0 0 0 786432 0
74 1 255 1 375 1 0 0 0 0 0 0 1048576 0 0 0 0 0 0 0 2097152 0 0 0 0 0 0 0 3145728 0
75 1 128 1 376 1 0 0 0 0 0 0 4194304 0 0 0 0 0 0 0 8388608 0 0 0 0 0 0 0 12582912 0
76 1 129 1 377 1 0 0 0 0 0 0 16777216 0 0 0 0 0 0 0 33554432 0 0 0 0 0 0 0 50331648 0
77 1 130 1 378 1 0 0 0 0 0 0 67108864 0 0 0 0 0 0 0 134217728 0 0 0 0 0 0 0 201326592 0
78 1 131 1 379 1 0 0 0 0 0 0 268435456 0 0 0 0 0 0 0 536870912 0 0 0 0 0 0 0 805306368 0
79 1 132 1 380 1 0 0 0 0 0 0 1073741824 0 0 0 0 0 0 0 2147483648 0 0 0 0 0 0 0 3221225472 0
80 1 133 1 381 1 0 0 0 0 0 0 4294967296 0 0 0 0 0 0 0 8589934592 0 0 0 0 0 0 0 12884901888 0
81 1 134 1 382 1 0 0 0 0 0 0 17179869184 0 0 0 0 0 0 0 34359738368 0 0 0 0 0 0 0 51539607552 0
82 1 135 1 383 1 0 0 0 0 0 0 68719476736 0 0 0 0 0 0 0 137438953472 0 0 0 0 0 0 0 206158430208 0
83 1 136 1 256 1 0 0 0 0 0 0 274877906944 0 0 0 0 0 0 0 549755813888 0 0 0 0 0 0 0 824633720832 0
84 1 137 1 257 1 0 0 0 0 0 0 1099511627776 0 0 0 0 0 0 0 2199023255552 0 0 0 0 0 0 0 3298534883328 0
85 1 138 1 258 1 0 0 0 0 0 0 4398046511104 0 0 0 0 0 0 0 8796093022208 0 0 0 0 0 0 0 13194139533312 0
86 1 139 1 259 1 0 0 0 0 0 0 17592186044416 0 0 0 0 0 0 0 35184372088832 0 0 0 0 0 0 0 52776558133248 0
87 1 140 1 260 1 0 0 0 0 0 0 70368744177664 0 0 0 0 0 0 0 140737488355328 0 0 0 0 0 0 0 211106232532992 0
88 1 141 1 261 1 0 0 0 0 0 0 281474976710656 0 0 0 0 0 0 0 562949953421312 0 0 0 0 0 0 0 844424930131968 0
89 1 142 1 262 1 0 0 0 0 0 0 1125899906842624 0 0 0 0 0 0 0 2251799813685248 0 0 0 0 0 0 0 3377699720527872 0
90 1 143 1 263 1 0 0 0 0 0 0 4503599627370496 0 0 0 0 0 0 0 9007199254740992 0 0 0 0 0 0 0 13510798882111488 0
91 1 144 1 264 1 0 0 0 0 0 0 18014398509481984 0 0 0 0 0 0 0 36028797018963968 0 0 0 0 0 0 0 54043195528445952 0
92 1 145 1 265 1 0 0 0 0 0 0 72057594037927936 0 0 0 0 0 0 0 144115188075855872 0 0 0 0 0 0 0 216172782113783808 0
93 1 146 1 266 1 0 0 0 0 0 0 288230376151711744 0 0 0 0 0 0 0 576460752303423488 0 0 0 0 0 0 0 864691128455135232 0
94 1 147 1 267 1 0 0 0 0 0 0 1152921504606846976 0 0 0 0 0 0 0 2305843009213693952 0 0 0 0 0 0 0 3458764513820540928 0
95 1 148 1 268 1 0 0 0 0 0 0 4611686018427387904 0 0 0 0 0 0 0 9223372036854775808 0 0 0 0 0 0 0 13835058055282163712 0
96 1 149 1 269 1 0 0 0 0 0 0 0 1 0 0 0 0 0 0 0 2 0 0 0 0 0 0 0 3
97 1 150 1 270 1 0 0 0 0 0 0 0 4 0 0 0 0 0 0 0 8 0 0 0 0 0 0 0 12
98 1 151 1 271 1 0 0 0 0 0 0 0 16 0 0 0 0 0 0 0 32 0 0 0 0 0 0 0 48
99 1 152 1 272 1 0 0 0 0 0 0 0 64 0 0 0 0 0 0 0 128 0 0 0 0 0 0 0 192
100 1 153 1 273 1 0 0 0 0 0 0 0 256 0 0 0 0 0 0 0 512 0 0 0 0 0 0 0 768
101 1 154 1 274 1 0 0 0 0 0 0 0 1024 0 0 0 0 0 0 0 2048 0 0 0 0 0 0 0 3072
102 1 155 1 275 1 0 0 0 0 0 0 0 4096 0 0 0 0 0 0 0 8192 0 0 0 0 0 0 0 12288
103 1 156 1 276 1 0 0 0 0 0 0 0 16384 0 0 0 0 0 0 0 32768 0 0 0 0 0 0 0 49152
104 1 157 1 277 1 0 0 0 0 0 0 0 65536 0 0 0 0 0 0 0 131072 0 0 0 0 0 0 0 196608
105 1 158 1 278 1 0 0 0 0 0 0 0 262144 0 0 0 0 0 0 0 524288 0 0 0 0 0 0 0 786432
106 1 159 1 279 1 0 0 0 0 0 0 0 1048576 0 0 0 0 0 0 0 2097152 0 0 0 0 0 0 0 3145728
107 1 160 1 280 1 0 0 0 0 0 0 0 4194304 0 0 0 0 0 0 0 8388608 0 0 0 0 0 0 0 12582912
108 1 161 1 281 1 0 0 0 0 0 0 0 16777216 0 0 0 0 0 0 0 33554432 0 0 0 0 0 0 0 50331648
109 1 162 1 282 1 0 0 0 0 0 0 0 67108864 0 0 0 0 0 0 0 134217728 0 0 0 0 0 0 0 201326592
110 1 163 1 283 1 0 0 0 0 0 0 0 268435456 0 0 0 0 0 0 0 536870912 0 0 0 0 0 0 0 805306368
111 1 164 1 284 1 0 0 0 0 0 0 0 1073741824 0 0 0 0 0 0 0 2147483648 0 0 0 0 0 0 0 3221225472
112 1 165 1 285 1 0 0 0 0 0 0 0 4294967296 0 0 0 0 0 0 0 8589934592 0 0 0 0 0 0 0 12884901888
113 1 166 1 286 1 0 0 0 0 0 0 0 17179869184 0 0 0 0 0 0 0 34359738368 0 0 0 0 0 0 0 51539607552
114 1 167 1 287 1 0 0 0 0 0 0 0 68719476736 0 0 0 0 0 0 0 137438953472 0 0 0 0 0 0 0 206158430208
115 1 168 1 288 1 0 0 0 0 0 0 0 274877906944 0 0 0 0 0 0 0 549755813888 0 0 0 0 0 0 0 824633720832
116 1 169 1 289 1 0 0 0 0 0 0 0 1099511627776 0 0 0 0 0 0 0 2199023255552 0 0 0 0 0 0 0 3298534883328
117 1 170 1 290 1 0 0 0 0 0 0 0 4398046511104 0 0 0 0 0 0 0 8796093022208 0 0 0 0 0 0 0 13194139533312
118 1 171 1 291 1 0 0 0 0 0 0 0 17592186044416 0 0 0 0 0 0 0 35184372088832 0 0 0 0 0 0 0 52776558133248
119 1 172 1 292 1 0 0 0 0 0 0 0 70368744177664 0 0 0 0 0 0 0 140737488355328 0 0 0 0 0 0 0 211106232532992
120 1 173 1 293 1 0 0 0 0 0 0 0 281474976710656 0 0 0 0 0 0 0 562949953421312 0 0 0 0 0 0 0 844424930131968
121 1 174 1 294 1 0 0 0 0 0 0 0 1125899906842624 0 0 0 0 0 0 0 2251799813685248 0 0 0 0 0 0 0 3377699720527872
122 1 175 1 295 1 0 0 0 0 0 0 0 4503599627370496 0 0 0 0 0 0 0 9007199254740992 0 0 0 0 0 0 0 13510798882111488
123 1 176 1 296 1 0 0 0 0 0 0 0 18014398509481984 0 0 0 0 0 0 0 36028797018963968 0 0 0 0 0 0 0 54043195528445952
124 1 177 1 297 1 0 0 0 0 0 0 0 72057594037927936 0 0 0 0 0 0 0 144115188075855872 0 0 0 0 0 0 0 216172782113783808
125 1 178 1 298 1 0 0 0 0 0 0 0 288230376151711744 0 0 0 0 0 0 0 576460752303423488 0 0 0 0 0 0 0 864691128455135232
126 1 179 1 299 1 0 0 0 0 0 0 0 1152921504606846976 0 0 0 0 0 0 0 2305843009213693952 0 0 0 0 0 0 0 3458764513820540928
127 1 180 1 300 1 0 0 0 0 0 0 0 4611686018427387904 0 0 0 0 0 0 0 9223372036854775808 0 0 0 0 0 0 0 13835058055282163712
