1024 384 8 128
0 1 128 1 256 1 274890489856 0 13511623515832320 17179869216 274877906944 13194340859904 3458764788698447872 32 549760008192 0 4503874505277440 34359738416 549755813888 4398113619968 1152922054362660864 48 824642109440 0 9007749010554880 51539607568 824633720832 8796227239936 2305843833847414784 16
1 1 129 1 257 1 1099561959424 0 54046494063329280 68719476864 1099511627776 52777363439616 13835059154793791488 128 2199040032768 0 18015498021109760 137438953664 2199023255552 17592454479872 4611688217450643456 192 3298568437760 0 36030996042219520 206158430272 3298534883328 35184908959744 9223375335389659136 64
2 1 130 1 258 1 4398247837696 0 216185976253317120 274877907456 4398046511104 211109453758464 4398046511104 515 8796160131072 0 72061992084439040 549755814656 8796093022208 70369817919488 8796093022208 769 13194273751040 0 144123984168878080 824633721088 13194139533312 140739635838976 13194139533312 258
3 1 131 1 259 1 17592991350784 0 864743905013268480 1099511629824 17592186044416 844437815033856 17592186044416 2060 35184640524288 0 288247968337756160 2199023258624 35184372088832 281479271677952 35184372088832 3076 52777095004160 0 576495936675512320 3298534884352 52776558133248 562958543355904 52776558133248 1032
4 1 132 1 260 1 70371965403136 0 3458975620053073920 4398046519296 70368744177664 3377751260135424 70368744177664 8240 140738562097152 0 1152991873351024640 8796093034496 140737488355328 1125917086711808 140737488355328 12304 211108380016640 0 2305983746702049280 13194139537408 211106232532992 2251834173423616 211106232532992 4128
5 1 133 1 261 1 281487861612544 0 13835902480212295680 17592186077184 281474976710656 13511005040541696 281474976710656 32960 562954248388608 0 4611967493404098560 35184372137984 562949953421312 4503668346847232 562949953421312 49216 844433520066560 0 9223934986808197120 52776558149632 844424930131968 9007336693694464 844424930131968 16512
6 1 134 1 262 1 1125951446450176 0 3377699720527872 70368744308739 1125899906842624 54044020162166784 1125899906842624 131840 2251816993554432 0 1125899906842624 140737488551937 2251799813685248 18014673387388928 2251799813685248 196864 3377734080266240 0 2251799813685248 211106232598530 3377699720527872 36029346774777856 3377699720527872 66048
7 1 135 1 263 1 4503805785800704 0 13510798882111488 281474977234956 4503599627370496 216176080648667136 4503599627370496 527360 9007267974217728 0 4503599627370496 562949954207748 9007199254740992 72058693549555712 9007199254740992 787456 13510936321064960 0 9007199254740992 844424930394120 13510798882111488 144117387099111424 13510798882111488 264192
8 1 136 1 264 1 18015223143202816 0 54043195528445952 1125899908939824 18014398509481984 864704322594668544 18014398509481984 2109440 36029071896870912 0 18014398509481984 2251799816830992 36028797018963968 288234774198222848 36028797018963968 3149824 54043745284259840 0 36028797018963968 3377699721576480 54043195528445952 576469548396445696 54043195528445952 1056768
9 1 137 1 265 1 72060892572811264 0 216172782113783808 4503599635759296 72057594037927936 3458817290378674176 72057594037927936 8437760 144116287587483648 0 72057594037927936 9007199267323968 144115188075855872 1152939096792891392 144115188075855872 12599296 216174981137039360 0 144115188075855872 13510798886305920 216172782113783808 2305878193585782784 216172782113783808 4227072
10 1 138 1 266 1 288243570291245056 0 864691128455135232 18014398543037184 288230376151711744 13835269161514696704 288230376151711744 33751040 576465150349934592 0 288230376151711744 36028797069295872 576460752303423488 4611756387171565568 576460752303423488 50397184 864699924548157440 0 576460752303423488 54043195545223680 864691128455135232 9223512774343131136 864691128455135232 16908288
11 1 139 1 267 1 1152974281164980224 0 3458764513820540928 72057594172148736 1152921504606846976 844424930131968 1152921504606846979 135004160 2305860601399738368 0 1152921504606846976 144115188277183488 2305843009213693952 281474976710656 2305843009213693953 201588736 3458799698192629760 0 2305843009213693952 216172782180894720 3458764513820540928 562949953421312 3458764513820540930 67633152
12 1 140 1 268 1 4611897124659920896 0 13835058055282163712 288230376688594944 4611686018427387904 3377699720527872 4611686018427387916 540016640 9223442405598953472 0 4611686018427387904 576460753108733952 9223372036854775808 1125899906842624 9223372036854775812 806354944 13835198792770519040 0 9223372036854775808 864691128723578880 13835058055282163712 2251799813685248 13835058055282163720 270532608
13 1 141 1 269 1 844424930131968 1 0 1152921506754379779 0 13510798882111489 48 2160066561 281474976710656 2 0 2305843012434935809 0 4503599627370498 16 3225419778 562949953421312 3 0 3458764514894315522 0 9007199254740995 32 1082130435
14 1 142 1 270 1 3377699720527872 4 0 4611686027017519116 0 54043195528445956 192 8640266244 1125899906842624 8 0 9223372049739743236 0 18014398509481992 64 12901679112 2251799813685248 12 0 13835058059577262088 0 36028797018963980 128 4328521740
15 1 143 1 271 1 13510798882111489 16 0 34360524848 0 216172782113783824 768 34561064976 4503599627370498 32 0 51539869712 0 72057594037927968 256 51606716448 9007199254740995 48 0 17180393504 0 144115188075855920 512 17314086960
16 1 144 1 272 1 54043195528445956 64 0 137442099392 0 864691128455135296 3072 138244259904 18014398509481992 128 0 206159478848 0 288230376151711872 1024 206426865792 36028797018963980 192 0 68721574016 0 576460752303423680 2048 69256347840
17 1 145 1 273 1 216172782113783824 256 0 549768397568 0 3458764513820541184 12288 552977039616 72057594037927968 512 0 824637915392 0 1152921504606847488 4096 825707463168 144115188075855920 768 0 274886296064 0 2305843009213694720 8192 277025391360
18 1 146 1 274 1 864691128455135296 1024 0 2199073590272 0 13835058055282164736 49152 2211908158464 288230376151711872 2048 0 3298551661568 0 4611686018427389952 16384 3302829852672 576460752303423680 3072 0 1099545184256 0 9223372036854778880 32768 1108101565440
19 1 147 1 275 1 3458764513820541184 4096 0 8796294361088 0 4096 196611 8847632633856 1152921504606847488 8192 0 13194206646272 0 8192 65537 13211319410688 2305843009213694720 12288 0 4398180737024 0 12288 131074 4432406261760
20 1 148 1 276 1 13835058055282164736 16384 0 35185177444352 0 16384 786444 35390530535424 4611686018427389952 32768 0 52776826585088 0 32768 262148 52845277642752 9223372036854778880 49152 0 17592722948096 0 49152 524296 17729625047040
21 1 149 1 277 1 4096 65539 0 140740709777408 0 65536 3145776 141562122141696 8192 131073 0 211107306340352 0 131072 1048592 211381110571008 12288 196610 0 70370891792384 0 196608 2097184 70918500188160
22 1 150 1 278 1 16384 262156 0 562962839109632 0 262144 12583104 566248488566784 32768 524292 0 844429225361408 0 524288 4194368 845524442284032 49152 786440 0 281483567169536 0 786432 8388736 283674000752640
23 1 151 1 279 1 65536 1048624 0 2251851356438528 0 1048576 50332416 2264993954267136 131072 2097168 0 3377716901445632 0 2097152 16777472 3382097769136128 196608 3145760 0 1125934268678144 0 3145728 33554944 1134696003010560
24 1 152 1 280 1 262144 4194496 0 9007405425754112 0 4194304 201329664 9059975817068544 524288 8388672 0 13510867605782528 0 8388608 67109888 13528391076544512 786432 12583040 0 4503737074712576 0 12582912 134219776 4538784012042240
25 1 153 1 281 1 1048576 16777984 0 36029621703016448 0 16777216 805318656 36239903268274176 2097152 33554688 0 54043470423130112 0 33554432 268439552 54113564306178048 3145728 50332160 0 18014948298850304 0 50331648 536879104 18155136048168960
26 1 154 1 282 1 4194304 67111936 0 144118486812065792 0 67108864 3221274624 144959613073096704 8388608 134218752 0 216173881692520448 0 134217728 1073758208 216454257224712192 12582912 201328640 0 72059793195401216 0 201326592 2147516416 72620544192675840
27 1 155 1 283 1 16777216 268447744 0 576473947248263168 0 268435456 12885098496 579838452292386816 33554432 536875008 0 864695526770081792 0 536870912 4295032832 865817028898848768 50331648 805314560 0 288239172781604864 0 805306368 8590065664 290482176770703360
28 1 156 1 284 1 67108864 1073790976 0 2305895788993052672 0 1073741824 51540393984 2319353809169547264 134217728 2147500032 0 3458782107080327168 0 2147483648 17180131328 3463268115595395072 201326592 3221258240 0 1152956691126419456 0 3221225472 34360262656 1161928707082813440
29 1 157 1 285 1 268435456 4295163904 0 9223583155972210688 0 4294967296 206161575936 9277415236678189056 536870912 8590000128 0 13835128428321308672 0 8589934592 68720525312 13853072462381580288 805306368 12885032960 0 4611826764505677824 0 12884901888 137441050624 4647714828331253760
30 1 158 1 286 1 1073741826 17180655616 0 844476469739520 2 17179869184 824646303744 216172799293652992 2147483651 34360000512 0 281492156579840 3 34359738368 274882101248 72057628397666304 3221225473 51540131840 0 562984313159680 1 51539607552 549764202496 144115239615463424
31 1 159 1 287 1 4294967304 68722622464 0 3377905878958080 8 68719476736 3298585214976 864691197174611968 8589934604 137440002048 0 1125968626319360 12 137438953472 1099528404992 288230513590665216 12884901892 206160527360 0 2251937252638720 4 206158430208 2199056809984 576460958461853696
32 1 160 1 288 1 17179869216 274890489856 0 13511623515832320 32 274877906944 13194340859904 3458764788698447872 34359738416 549760008192 0 4503874505277440 48 549755813888 4398113619968 1152922054362660864 51539607568 824642109440 0 9007749010554880 16 824633720832 8796227239936 2305843833847414784
33 1 161 1 289 1 68719476864 1099561959424 0 54046494063329280 128 1099511627776 52777363439616 13835059154793791488 137438953664 2199040032768 0 18015498021109760 192 2199023255552 17592454479872 4611688217450643456 206158430272 3298568437760 0 36030996042219520 64 3298534883328 35184908959744 9223375335389659136
34 1 162 1 290 1 274877907456 4398247837696 0 216185976253317120 515 4398046511104 211109453758464 4398046511104 549755814656 8796160131072 0 72061992084439040 769 8796093022208 70369817919488 8796093022208 824633721088 13194273751040 0 144123984168878080 258 13194139533312 140739635838976 13194139533312
35 1 163 1 291 1 1099511629824 17592991350784 0 864743905013268480 2060 17592186044416 844437815033856 17592186044416 2199023258624 35184640524288 0 288247968337756160 3076 35184372088832 281479271677952 35184372088832 3298534884352 52777095004160 0 576495936675512320 1032 52776558133248 562958543355904 52776558133248
36 1 164 1 292 1 4398046519296 70371965403136 0 3458975620053073920 8240 70368744177664 3377751260135424 70368744177664 8796093034496 140738562097152 0 1152991873351024640 12304 140737488355328 1125917086711808 140737488355328 13194139537408 211108380016640 0 2305983746702049280 4128 211106232532992 2251834173423616 211106232532992
37 1 165 1 293 1 17592186077184 281487861612544 0 13835902480212295680 32960 281474976710656 13511005040541696 281474976710656 35184372137984 562954248388608 0 4611967493404098560 49216 562949953421312 4503668346847232 562949953421312 52776558149632 844433520066560 0 9223934986808197120 16512 844424930131968 9007336693694464 844424930131968
38 1 166 1 294 1 70368744308739 1125951446450176 0 3377699720527872 131840 1125899906842624 54044020162166784 1125899906842624 140737488551937 2251816993554432 0 1125899906842624 196864 2251799813685248 18014673387388928 2251799813685248 211106232598530 3377734080266240 0 2251799813685248 66048 3377699720527872 36029346774777856 3377699720527872
39 1 167 1 295 1 281474977234956 4503805785800704 0 13510798882111488 527360 4503599627370496 216176080648667136 4503599627370496 562949954207748 9007267974217728 0 4503599627370496 787456 9007199254740992 72058693549555712 9007199254740992 844424930394120 13510936321064960 0 9007199254740992 264192 13510798882111488 144117387099111424 13510798882111488
40 1 168 1 296 1 1125899908939824 18015223143202816 0 54043195528445952 2109440 18014398509481984 864704322594668544 18014398509481984 2251799816830992 36029071896870912 0 18014398509481984 3149824 36028797018963968 288234774198222848 36028797018963968 3377699721576480 54043745284259840 0 36028797018963968 1056768 54043195528445952 576469548396445696 54043195528445952
41 1 169 1 297 1 4503599635759296 72060892572811264 0 216172782113783808 8437760 72057594037927936 3458817290378674176 72057594037927936 9007199267323968 144116287587483648 0 72057594037927936 12599296 144115188075855872 1152939096792891392 144115188075855872 13510798886305920 216174981137039360 0 144115188075855872 4227072 216172782113783808 2305878193585782784 216172782113783808
42 1 170 1 298 1 18014398543037184 288243570291245056 0 864691128455135232 33751040 288230376151711744 13835269161514696704 288230376151711744 36028797069295872 576465150349934592 0 288230376151711744 50397184 576460752303423488 4611756387171565568 576460752303423488 54043195545223680 864699924548157440 0 576460752303423488 16908288 864691128455135232 9223512774343131136 864691128455135232
43 1 171 1 299 1 72057594172148736 1152974281164980224 0 3458764513820540928 135004160 1152921504606846976 844424930131968 1152921504606846979 144115188277183488 2305860601399738368 0 1152921504606846976 201588736 2305843009213693952 281474976710656 2305843009213693953 216172782180894720 3458799698192629760 0 2305843009213693952 67633152 3458764513820540928 562949953421312 3458764513820540930
44 1 172 1 300 1 288230376688594944 4611897124659920896 0 13835058055282163712 540016640 4611686018427387904 3377699720527872 4611686018427387916 576460753108733952 9223442405598953472 0 4611686018427387904 806354944 9223372036854775808 1125899906842624 9223372036854775812 864691128723578880 13835198792770519040 0 9223372036854775808 270532608 13835058055282163712 2251799813685248 13835058055282163720
45 1 173 1 301 1 1152921506754379779 844424930131968 1 0 2160066561 0 13510798882111489 48 2305843012434935809 281474976710656 2 0 3225419778 0 4503599627370498 16 3458764514894315522 562949953421312 3 0 1082130435 0 9007199254740995 32
46 1 174 1 302 1 4611686027017519116 3377699720527872 4 0 8640266244 0 54043195528445956 192 9223372049739743236 1125899906842624 8 0 12901679112 0 18014398509481992 64 13835058059577262088 2251799813685248 12 0 4328521740 0 36028797018963980 128
47 1 175 1 303 1 34360524848 13510798882111489 16 0 34561064976 0 216172782113783824 768 51539869712 4503599627370498 32 0 51606716448 0 72057594037927968 256 17180393504 9007199254740995 48 0 17314086960 0 144115188075855920 512
48 1 176 1 304 1 137442099392 54043195528445956 64 0 138244259904 0 864691128455135296 3072 206159478848 18014398509481992 128 0 206426865792 0 288230376151711872 1024 68721574016 36028797018963980 192 0 69256347840 0 576460752303423680 2048
49 1 177 1 305 1 549768397568 216172782113783824 256 0 552977039616 0 3458764513820541184 12288 824637915392 72057594037927968 512 0 825707463168 0 1152921504606847488 4096 274886296064 144115188075855920 768 0 277025391360 0 2305843009213694720 8192
50 1 178 1 306 1 2199073590272 864691128455135296 1024 0 2211908158464 0 13835058055282164736 49152 3298551661568 288230376151711872 2048 0 3302829852672 0 4611686018427389952 16384 1099545184256 576460752303423680 3072 0 1108101565440 0 9223372036854778880 32768
51 1 179 1 307 1 8796294361088 3458764513820541184 4096 0 8847632633856 0 4096 196611 13194206646272 1152921504606847488 8192 0 13211319410688 0 8192 65537 4398180737024 2305843009213694720 12288 0 4432406261760 0 12288 131074
52 1 180 1 308 1 35185177444352 13835058055282164736 16384 0 35390530535424 0 16384 786444 52776826585088 4611686018427389952 32768 0 52845277642752 0 32768 262148 17592722948096 9223372036854778880 49152 0 17729625047040 0 49152 524296
53 1 181 1 309 1 140740709777408 4096 65539 0 141562122141696 0 65536 3145776 211107306340352 8192 131073 0 211381110571008 0 131072 1048592 70370891792384 12288 196610 0 70918500188160 0 196608 2097184
54 1 182 1 310 1 562962839109632 16384 262156 0 566248488566784 0 262144 12583104 844429225361408 32768 524292 0 845524442284032 0 524288 4194368 281483567169536 49152 786440 0 283674000752640 0 786432 8388736
55 1 183 1 311 1 2251851356438528 65536 1048624 0 2264993954267136 0 1048576 50332416 3377716901445632 131072 2097168 0 3382097769136128 0 2097152 16777472 1125934268678144 196608 3145760 0 1134696003010560 0 3145728 33554944
56 1 184 1 312 1 9007405425754112 262144 4194496 0 9059975817068544 0 4194304 201329664 13510867605782528 524288 8388672 0 13528391076544512 0 8388608 67109888 4503737074712576 786432 12583040 0 4538784012042240 0 12582912 134219776
57 1 185 1 313 1 36029621703016448 1048576 16777984 0 36239903268274176 0 16777216 805318656 54043470423130112 2097152 33554688 0 54113564306178048 0 33554432 268439552 18014948298850304 3145728 50332160 0 18155136048168960 0 50331648 536879104
58 1 186 1 314 1 144118486812065792 4194304 67111936 0 144959613073096704 0 67108864 3221274624 216173881692520448 8388608 134218752 0 216454257224712192 0 134217728 1073758208 72059793195401216 12582912 201328640 0 72620544192675840 0 201326592 2147516416
59 1 187 1 315 1 576473947248263168 16777216 268447744 0 579838452292386816 0 268435456 12885098496 864695526770081792 33554432 536875008 0 865817028898848768 0 536870912 4295032832 288239172781604864 50331648 805314560 0 290482176770703360 0 805306368 8590065664
60 1 188 1 316 1 2305895788993052672 67108864 1073790976 0 2319353809169547264 0 1073741824 51540393984 3458782107080327168 134217728 2147500032 0 3463268115595395072 0 2147483648 17180131328 1152956691126419456 201326592 3221258240 0 1161928707082813440 0 3221225472 34360262656
61 1 189 1 317 1 9223583155972210688 268435456 4295163904 0 9277415236678189056 0 4294967296 206161575936 13835128428321308672 536870912 8590000128 0 13853072462381580288 0 8589934592 68720525312 4611826764505677824 805306368 12885032960 0 4647714828331253760 0 12884901888 137441050624
62 1 190 1 318 1 844476469739520 1073741826 17180655616 0 216172799293652992 2 17179869184 824646303744 281492156579840 2147483651 34360000512 0 72057628397666304 3 34359738368 274882101248 562984313159680 3221225473 51540131840 0 144115239615463424 1 51539607552 549764202496
63 1 191 1 319 1 3377905878958080 4294967304 68722622464 0 864691197174611968 8 68719476736 3298585214976 1125968626319360 8589934604 137440002048 0 288230513590665216 12 137438953472 1099528404992 2251937252638720 12884901892 206160527360 0 576460958461853696 4 206158430208 2199056809984
64 1 192 1 320 1 13511623515832320 17179869216 274890489856 0 3458764788698447872 32 274877906944 13194340859904 4503874505277440 34359738416 549760008192 0 1152922054362660864 48 549755813888 4398113619968 9007749010554880 51539607568 824642109440 0 2305843833847414784 16 824633720832 8796227239936
65 1 193 1 321 1 54046494063329280 68719476864 1099561959424 0 13835059154793791488 128 1099511627776 52777363439616 18015498021109760 137438953664 2199040032768 0 4611688217450643456 192 2199023255552 17592454479872 36030996042219520 206158430272 3298568437760 0 9223375335389659136 64 3298534883328 35184908959744
66 1 194 1 322 1 216185976253317120 274877907456 4398247837696 0 4398046511104 515 4398046511104 211109453758464 72061992084439040 549755814656 8796160131072 0 8796093022208 769 8796093022208 70369817919488 144123984168878080 824633721088 13194273751040 0 13194139533312 258 13194139533312 140739635838976
67 1 195 1 323 1 864743905013268480 1099511629824 17592991350784 0 17592186044416 2060 17592186044416 844437815033856 288247968337756160 2199023258624 35184640524288 0 35184372088832 3076 35184372088832 281479271677952 576495936675512320 3298534884352 52777095004160 0 52776558133248 1032 52776558133248 562958543355904
68 1 196 1 324 1 3458975620053073920 4398046519296 70371965403136 0 70368744177664 8240 70368744177664 3377751260135424 1152991873351024640 8796093034496 140738562097152 0 140737488355328 12304 140737488355328 1125917086711808 2305983746702049280 13194139537408 211108380016640 0 211106232532992 4128 211106232532992 2251834173423616
69 1 197 1 325 1 13835902480212295680 17592186077184 281487861612544 0 281474976710656 32960 281474976710656 13511005040541696 4611967493404098560 35184372137984 562954248388608 0 562949953421312 49216 562949953421312 4503668346847232 9223934986808197120 52776558149632 844433520066560 0 844424930131968 16512 844424930131968 9007336693694464
70 1 198 1 326 1 3377699720527872 70368744308739 1125951446450176 0 1125899906842624 131840 1125899906842624 54044020162166784 1125899906842624 140737488551937 2251816993554432 0 2251799813685248 196864 2251799813685248 18014673387388928 2251799813685248 211106232598530 3377734080266240 0 3377699720527872 66048 3377699720527872 36029346774777856
71 1 199 1 327 1 13510798882111488 281474977234956 4503805785800704 0 4503599627370496 527360 4503599627370496 216176080648667136 4503599627370496 562949954207748 9007267974217728 0 9007199254740992 787456 9007199254740992 72058693549555712 9007199254740992 844424930394120 13510936321064960 0 13510798882111488 264192 13510798882111488 144117387099111424
72 1 200 1 328 1 54043195528445952 1125899908939824 18015223143202816 0 18014398509481984 2109440 18014398509481984 864704322594668544 18014398509481984 2251799816830992 36029071896870912 0 36028797018963968 3149824 36028797018963968 288234774198222848 36028797018963968 3377699721576480 54043745284259840 0 54043195528445952 1056768 54043195528445952 576469548396445696
73 1 201 1 329 1 216172782113783808 4503599635759296 72060892572811264 0 72057594037927936 8437760 72057594037927936 3458817290378674176 72057594037927936 9007199267323968 144116287587483648 0 144115188075855872 12599296 144115188075855872 1152939096792891392 144115188075855872 13510798886305920 216174981137039360 0 216172782113783808 4227072 216172782113783808 2305878193585782784
74 1 202 1 330 1 864691128455135232 18014398543037184 288243570291245056 0 288230376151711744 33751040 288230376151711744 13835269161514696704 288230376151711744 36028797069295872 576465150349934592 0 576460752303423488 50397184 576460752303423488 4611756387171565568 576460752303423488 54043195545223680 864699924548157440 0 864691128455135232 16908288 864691128455135232 9223512774343131136
75 1 203 1 331 1 3458764513820540928 72057594172148736 1152974281164980224 0 1152921504606846979 135004160 1152921504606846976 844424930131968 1152921504606846976 144115188277183488 2305860601399738368 0 2305843009213693953 201588736 2305843009213693952 281474976710656 2305843009213693952 216172782180894720 3458799698192629760 0 3458764513820540930 67633152 3458764513820540928 562949953421312
76 1 204 1 332 1 13835058055282163712 288230376688594944 4611897124659920896 0 4611686018427387916 540016640 4611686018427387904 3377699720527872 4611686018427387904 576460753108733952 9223442405598953472 0 9223372036854775812 806354944 9223372036854775808 1125899906842624 9223372036854775808 864691128723578880 13835198792770519040 0 13835058055282163720 270532608 13835058055282163712 2251799813685248
77 1 205 1 333 1 0 1152921506754379779 844424930131968 1 48 2160066561 0 13510798882111489 0 2305843012434935809 281474976710656 2 16 3225419778 0 4503599627370498 0 3458764514894315522 562949953421312 3 32 1082130435 0 9007199254740995
78 1 206 1 334 1 0 4611686027017519116 3377699720527872 4 192 8640266244 0 54043195528445956 0 9223372049739743236 1125899906842624 8 64 12901679112 0 18014398509481992 0 13835058059577262088 2251799813685248 12 128 4328521740 0 36028797018963980
79 1 207 1 335 1 0 34360524848 13510798882111489 16 768 34561064976 0 216172782113783824 0 51539869712 4503599627370498 32 256 51606716448 0 72057594037927968 0 17180393504 9007199254740995 48 512 17314086960 0 144115188075855920
80 1 208 1 336 1 0 137442099392 54043195528445956 64 3072 138244259904 0 864691128455135296 0 206159478848 18014398509481992 128 1024 206426865792 0 288230376151711872 0 68721574016 36028797018963980 192 2048 69256347840 0 576460752303423680
81 1 209 1 337 1 0 549768397568 216172782113783824 256 12288 552977039616 0 3458764513820541184 0 824637915392 72057594037927968 512 4096 825707463168 0 1152921504606847488 0 274886296064 144115188075855920 768 8192 277025391360 0 2305843009213694720
82 1 210 1 338 1 0 2199073590272 864691128455135296 1024 49152 2211908158464 0 13835058055282164736 0 3298551661568 288230376151711872 2048 16384 3302829852672 0 4611686018427389952 0 1099545184256 576460752303423680 3072 32768 1108101565440 0 9223372036854778880
83 1 211 1 339 1 0 8796294361088 3458764513820541184 4096 196611 8847632633856 0 4096 0 13194206646272 1152921504606847488 8192 65537 13211319410688 0 8192 0 4398180737024 2305843009213694720 12288 131074 4432406261760 0 12288
84 1 212 1 340 1 0 35185177444352 13835058055282164736 16384 786444 35390530535424 0 16384 0 52776826585088 4611686018427389952 32768 262148 52845277642752 0 32768 0 17592722948096 9223372036854778880 49152 524296 17729625047040 0 49152
85 1 213 1 341 1 0 140740709777408 4096 65539 3145776 141562122141696 0 65536 0 211107306340352 8192 131073 1048592 211381110571008 0 131072 0 70370891792384 12288 196610 2097184 70918500188160 0 196608
86 1 214 1 342 1 0 562962839109632 16384 262156 12583104 566248488566784 0 262144 0 844429225361408 32768 524292 4194368 845524442284032 0 524288 0 281483567169536 49152 786440 8388736 283674000752640 0 786432
87 1 215 1 343 1 0 2251851356438528 65536 1048624 50332416 2264993954267136 0 1048576 0 3377716901445632 131072 2097168 16777472 3382097769136128 0 2097152 0 1125934268678144 196608 3145760 33554944 1134696003010560 0 3145728
88 1 216 1 344 1 0 9007405425754112 262144 4194496 201329664 9059975817068544 0 4194304 0 13510867605782528 524288 8388672 67109888 13528391076544512 0 8388608 0 4503737074712576 786432 12583040 134219776 4538784012042240 0 12582912
89 1 217 1 345 1 0 36029621703016448 1048576 16777984 805318656 36239903268274176 0 16777216 0 54043470423130112 2097152 33554688 268439552 54113564306178048 0 33554432 0 18014948298850304 3145728 50332160 536879104 18155136048168960 0 50331648
90 1 218 1 346 1 0 144118486812065792 4194304 67111936 3221274624 144959613073096704 0 67108864 0 216173881692520448 8388608 134218752 1073758208 216454257224712192 0 134217728 0 72059793195401216 12582912 201328640 2147516416 72620544192675840 0 201326592
91 1 219 1 347 1 0 576473947248263168 16777216 268447744 12885098496 579838452292386816 0 268435456 0 864695526770081792 33554432 536875008 4295032832 865817028898848768 0 536870912 0 288239172781604864 50331648 805314560 8590065664 290482176770703360 0 805306368
92 1 220 1 348 1 0 2305895788993052672 67108864 1073790976 51540393984 2319353809169547264 0 1073741824 0 3458782107080327168 134217728 2147500032 17180131328 3463268115595395072 0 2147483648 0 1152956691126419456 201326592 3221258240 34360262656 1161928707082813440 0 3221225472
93 1 221 1 349 1 0 9223583155972210688 268435456 4295163904 206161575936 9277415236678189056 0 4294967296 0 13835128428321308672 536870912 8590000128 68720525312 13853072462381580288 0 8589934592 0 4611826764505677824 805306368 12885032960 137441050624 4647714828331253760 0 12884901888
94 1 222 1 350 1 0 844476469739520 1073741826 17180655616 824646303744 216172799293652992 2 17179869184 0 281492156579840 2147483651 34360000512 274882101248 72057628397666304 3 34359738368 0 562984313159680 3221225473 51540131840 549764202496 144115239615463424 1 51539607552
95 1 223 1 351 1 0 3377905878958080 4294967304 68722622464 3298585214976 864691197174611968 8 68719476736 0 1125968626319360 8589934604 137440002048 1099528404992 288230513590665216 12 137438953472 0 2251937252638720 12884901892 206160527360 2199056809984 576460958461853696 4 206158430208
96 1 224 1 352 1 0 13511623515832320 17179869216 274890489856 13194340859904 3458764788698447872 32 274877906944 0 4503874505277440 34359738416 549760008192 4398113619968 1152922054362660864 48 549755813888 0 9007749010554880 51539607568 824642109440 8796227239936 2305843833847414784 16 824633720832
97 1 225 1 353 1 0 54046494063329280 68719476864 1099561959424 52777363439616 13835059154793791488 128 1099511627776 0 18015498021109760 137438953664 2199040032768 17592454479872 4611688217450643456 192 2199023255552 0 36030996042219520 206158430272 3298568437760 35184908959744 9223375335389659136 64 3298534883328
98 1 226 1 354 1 0 216185976253317120 274877907456 4398247837696 211109453758464 4398046511104 515 4398046511104 0 72061992084439040 549755814656 8796160131072 70369817919488 8796093022208 769 8796093022208 0 144123984168878080 824633721088 13194273751040 140739635838976 13194139533312 258 13194139533312
99 1 227 1 355 1 0 864743905013268480 1099511629824 17592991350784 844437815033856 17592186044416 2060 17592186044416 0 288247968337756160 2199023258624 35184640524288 281479271677952 35184372088832 3076 35184372088832 0 576495936675512320 3298534884352 52777095004160 562958543355904 52776558133248 1032 52776558133248
100 1 228 1 356 1 0 3458975620053073920 4398046519296 70371965403136 3377751260135424 70368744177664 8240 70368744177664 0 1152991873351024640 8796093034496 140738562097152 1125917086711808 140737488355328 12304 140737488355328 0 2305983746702049280 13194139537408 211108380016640 2251834173423616 211106232532992 4128 211106232532992
101 1 229 1 357 1 0 13835902480212295680 17592186077184 281487861612544 13511005040541696 281474976710656 32960 281474976710656 0 4611967493404098560 35184372137984 562954248388608 4503668346847232 562949953421312 49216 562949953421312 0 9223934986808197120 52776558149632 844433520066560 9007336693694464 844424930131968 16512 844424930131968
102 1 230 1 358 1 0 3377699720527872 70368744308739 1125951446450176 54044020162166784 1125899906842624 131840 1125899906842624 0 1125899906842624 140737488551937 2251816993554432 18014673387388928 2251799813685248 196864 2251799813685248 0 2251799813685248 211106232598530 3377734080266240 36029346774777856 3377699720527872 66048 3377699720527872
103 1 231 1 359 1 0 13510798882111488 281474977234956 4503805785800704 216176080648667136 4503599627370496 527360 4503599627370496 0 4503599627370496 562949954207748 9007267974217728 72058693549555712 9007199254740992 787456 9007199254740992 0 9007199254740992 844424930394120 13510936321064960 144117387099111424 13510798882111488 264192 13510798882111488
104 1 232 1 360 1 0 54043195528445952 1125899908939824 18015223143202816 864704322594668544 18014398509481984 2109440 18014398509481984 0 18014398509481984 2251799816830992 36029071896870912 288234774198222848 36028797018963968 3149824 36028797018963968 0 36028797018963968 3377699721576480 54043745284259840 576469548396445696 54043195528445952 1056768 54043195528445952
105 1 233 1 361 1 0 216172782113783808 4503599635759296 72060892572811264 3458817290378674176 72057594037927936 8437760 72057594037927936 0 72057594037927936 9007199267323968 144116287587483648 1152939096792891392 144115188075855872 12599296 144115188075855872 0 144115188075855872 13510798886305920 216174981137039360 2305878193585782784 216172782113783808 4227072 216172782113783808
106 1 234 1 362 1 0 864691128455135232 18014398543037184 288243570291245056 13835269161514696704 288230376151711744 33751040 288230376151711744 0 288230376151711744 36028797069295872 576465150349934592 4611756387171565568 576460752303423488 50397184 576460752303423488 0 576460752303423488 54043195545223680 864699924548157440 9223512774343131136 864691128455135232 16908288 864691128455135232
107 1 235 1 363 1 0 3458764513820540928 72057594172148736 1152974281164980224 844424930131968 1152921504606846979 135004160 1152921504606846976 0 1152921504606846976 144115188277183488 2305860601399738368 281474976710656 2305843009213693953 201588736 2305843009213693952 0 2305843009213693952 216172782180894720 3458799698192629760 562949953421312 3458764513820540930 67633152 3458764513820540928
108 1 236 1 364 1 0 13835058055282163712 288230376688594944 4611897124659920896 3377699720527872 4611686018427387916 540016640 4611686018427387904 0 4611686018427387904 576460753108733952 9223442405598953472 1125899906842624 9223372036854775812 806354944 9223372036854775808 0 9223372036854775808 864691128723578880 13835198792770519040 2251799813685248 13835058055282163720 270532608 13835058055282163712
109 1 237 1 365 1 1 0 1152921506754379779 844424930131968 13510798882111489 48 2160066561 0 2 0 2305843012434935809 281474976710656 4503599627370498 16 3225419778 0 3 0 3458764514894315522 562949953421312 9007199254740995 32 1082130435 0
110 1 238 1 366 1 4 0 4611686027017519116 3377699720527872 54043195528445956 192 8640266244 0 8 0 9223372049739743236 1125899906842624 18014398509481992 64 12901679112 0 12 0 13835058059577262088 2251799813685248 36028797018963980 128 4328521740 0
111 1 239 1 367 1 16 0 34360524848 13510798882111489 216172782113783824 768 34561064976 0 32 0 51539869712 4503599627370498 72057594037927968 256 51606716448 0 48 0 17180393504 9007199254740995 144115188075855920 512 17314086960 0
112 1 240 1 368 1 64 0 137442099392 54043195528445956 864691128455135296 3072 138244259904 0 128 0 206159478848 18014398509481992 288230376151711872 1024 206426865792 0 192 0 68721574016 36028797018963980 576460752303423680 2048 69256347840 0
113 1 241 1 369 1 256 0 549768397568 216172782113783824 3458764513820541184 12288 552977039616 0 512 0 824637915392 72057594037927968 1152921504606847488 4096 825707463168 0 768 0 274886296064 144115188075855920 2305843009213694720 8192 277025391360 0
114 1 242 1 370 1 1024 0 2199073590272 864691128455135296 13835058055282164736 49152 2211908158464 0 2048 0 3298551661568 288230376151711872 4611686018427389952 16384 3302829852672 0 3072 0 1099545184256 576460752303423680 9223372036854778880 32768 1108101565440 0
115 1 243 1 371 1 4096 0 8796294361088 3458764513820541184 4096 196611 8847632633856 0 8192 0 13194206646272 1152921504606847488 8192 65537 13211319410688 0 12288 0 4398180737024 2305843009213694720 12288 131074 4432406261760 0
116 1 244 1 372 1 16384 0 35185177444352 13835058055282164736 16384 786444 35390530535424 0 32768 0 52776826585088 4611686018427389952 32768 262148 52845277642752 0 49152 0 17592722948096 9223372036854778880 49152 524296 17729625047040 0
117 1 245 1 373 1 65539 0 140740709777408 4096 65536 3145776 141562122141696 0 131073 0 211107306340352 8192 131072 1048592 211381110571008 0 196610 0 70370891792384 12288 196608 2097184 70918500188160 0
118 1 246 1 374 1 262156 0 562962839109632 16384 262144 12583104 566248488566784 0 524292 0 844429225361408 32768 524288 4194368 845524442284032 0 786440 0 281483567169536 49152 786432 8388736 283674000752640 0
119 1 247 1 375 1 1048624 0 2251851356438528 65536 1048576 50332416 2264993954267136 0 2097168 0 3377716901445632 131072 2097152 16777472 3382097769136128 0 3145760 0 1125934268678144 196608 3145728 33554944 1134696003010560 0
120 1 248 1 376 1 4194496 0 9007405425754112 262144 4194304 201329664 9059975817068544 0 8388672 0 13510867605782528 524288 8388608 67109888 13528391076544512 0 12583040 0 4503737074712576 786432 12582912 134219776 4538784012042240 0
121 1 249 1 377 1 16777984 0 36029621703016448 1048576 16777216 805318656 36239903268274176 0 33554688 0 54043470423130112 2097152 33554432 268439552 54113564306178048 0 50332160 0 18014948298850304 3145728 50331648 536879104 18155136048168960 0
122 1 250 1 378 1 67111936 0 144118486812065792 4194304 67108864 3221274624 144959613073096704 0 134218752 0 216173881692520448 8388608 134217728 1073758208 216454257224712192 0 201328640 0 72059793195401216 12582912 201326592 2147516416 72620544192675840 0
123 1 251 1 379 1 268447744 0 576473947248263168 16777216 268435456 12885098496 579838452292386816 0 536875008 0 864695526770081792 33554432 536870912 4295032832 865817028898848768 0 805314560 0 288239172781604864 50331648 805306368 8590065664 290482176770703360 0
124 1 252 1 380 1 1073790976 0 2305895788993052672 67108864 1073741824 51540393984 2319353809169547264 0 2147500032 0 3458782107080327168 134217728 2147483648 17180131328 3463268115595395072 0 3221258240 0 1152956691126419456 201326592 3221225472 34360262656 1161928707082813440 0
125 1 253 1 381 1 4295163904 0 9223583155972210688 268435456 4294967296 206161575936 9277415236678189056 0 8590000128 0 13835128428321308672 536870912 8589934592 68720525312 13853072462381580288 0 12885032960 0 4611826764505677824 805306368 12884901888 137441050624 4647714828331253760 0
126 1 254 1 382 1 17180655616 0 844476469739520 1073741826 17179869184 824646303744 216172799293652992 2 34360000512 0 281492156579840 2147483651 34359738368 274882101248 72057628397666304 3 51540131840 0 562984313159680 3221225473 51539607552 549764202496 144115239615463424 1
127 1 255 1 383 1 68722622464 0 3377905878958080 4294967304 68719476736 3298585214976 864691197174611968 8 137440002048 0 1125968626319360 8589934604 137438953472 1099528404992 288230513590665216 12 206160527360 0 2251937252638720 12884901892 206158430208 2199056809984 576460958461853696 4
99 2 172 3 305 2 824642109440 262176 549755813888 32 824633721344 8796093022208 2305843009213693952 72057594037927968 274890489856 524336 824633720832 48 274877907712 13194139533312 3458764513820540928 144115188075855920 549760008192 786448 274877906944 16 549755814144 4398046511104 1152921504606846976 216172782113783824
100 2 173 3 306 2 3298568437760 1048704 2199023255552 128 3298534885376 35184372088832 9223372036854775808 288230376151711872 1099561959424 2097344 3298534883328 192 1099511630848 52776558133248 13835058055282163712 576460752303423680 2199040032768 3145792 1099511627776 64 2199023256576 17592186044416 4611686018427387904 864691128455135296
101 2 174 3 307 2 13194273751040 4194816 8796093022208 512 13194139541504 140737488355328 0 1152921504606847490 4398247837696 8389376 13194139533312 768 4398046523392 211106232532992 0 2305843009213694723 8796160131072 12583168 4398046511104 256 8796093026304 70368744177664 0 3458764513820541185
102 2 175 3 308 2 52777095004160 16779264 35184372088832 2048 52776558166016 562949953421312 0 4611686018427389960 17592991350784 33557504 52776558133248 3072 17592186093568 844424930131968 0 9223372036854778892 35184640524288 50332672 17592186044416 1024 35184372105216 281474976710656 0 13835058055282164740
103 2 176 3 309 2 211108380016640 67117056 140737488355328 8192 211106232664065 2251799813685248 0 8224 70371965403136 134230016 211106232532992 12288 70368744374274 3377699720527872 0 12336 140738562097152 201330688 70368744177664 4096 140737488420867 1125899906842624 0 4112
104 2 177 3 310 2 844433520066560 268468224 562949953421312 32768 844424930656260 9007199254740992 0 32896 281487861612544 536920064 844424930131968 49152 281474977497096 13510798882111488 0 49344 562954248388608 805322752 281474976710656 16384 562949953683468 4503599627370496 0 16448
105 2 178 3 311 2 3377734080266240 1073872896 2251799813685248 131072 3377699722625040 36028797018963968 0 131584 1125951446450176 2147680256 3377699720527872 196608 1125899909988384 54043195528445952 0 197376 2251816993554432 3221291008 1125899906842624 65536 2251799814733872 18014398509481984 0 65792
106 2 179 3 312 2 13510936321064960 4295491584 9007199254740992 524288 13510798890500160 144115188075855872 0 526336 4503805785800704 8590721024 13510798882111488 786432 4503599639953536 216172782113783808 0 789504 9007267974217728 12885164032 4503599627370496 262144 9007199258935488 72057594037927936 0 263168
107 2 180 3 313 2 54043745284259840 17181966336 36028797018963968 2097152 54043195562000640 576460752303423488 0 2105344 18015223143202816 34362884096 54043195528445952 3145728 18014398559814144 864691128455135232 0 3158016 36029071896870912 51540656128 18014398509481984 1048576 36028797035741952 288230376151711744 0 1052672
108 2 181 3 314 2 216174981137039360 68727865344 144115188075855872 8388608 216172782248002560 2305843009213693952 0 8421376 72060892572811264 137451536384 216172782113783808 12582912 72057594239256576 3458764513820540928 0 12632064 144116287587483648 206162624512 72057594037927936 4194304 144115188142967808 1152921504606846976 0 4210688
109 2 182 3 315 2 864699924548157440 274911461376 576460752303423488 33554432 864691128992010240 9223372036854775808 0 33685504 288243570291245056 549806145536 864691128455135232 50331648 288230376957026304 13835058055282163712 0 50528256 576465150349934592 824650498048 288230376151711744 16777216 576460752571871232 4611686018427387904 0 16842752
110 2 183 3 316 2 3458799698192629760 1099645845504 2305843009213693952 134217728 3458764515968040960 0 2 134742016 1152974281164980224 2199224582144 3458764513820540928 201326592 1152921507828105216 0 3 202113024 2305860601399738368 3298601992192 1152921504606846976 67108864 2305843010287484928 0 1 67371008
111 2 184 3 317 2 13835198792770519040 4398583382016 9223372036854775808 536870912 13835058063872163840 0 8 538968064 4611897124659920896 8796898328576 13835058055282163712 805306368 4611686031312420864 0 12 808452096 9223442405598953472 13194407968768 4611686018427387904 268435456 9223372041149939712 0 4 269484032
112 2 185 3 318 2 562949953421312 17594333528067 0 2147483650 34360000512 3 32 2155872256 844424930131968 35187593314305 0 3221225475 51540131840 1 48 3233808384 281474976710656 52777631875074 0 1073741825 17180655616 2 16 1077936128
113 2 186 3 319 2 2251799813685248 70377334112268 0 8589934600 137440002048 12 128 8623489024 3377699720527872 140750373257220 0 12884901900 206160527360 4 192 12935233536 1125899906842624 211110527500296 0 4294967300 68722622464 8 64 4311744512
114 2 187 3 320 2 9007199254740992 281509336449072 0 34359738400 549760008192 48 512 34493956096 13510798882111488 563001493028880 0 51539607600 824642109440 16 768 51740934144 4503599627370496 844442110001184 0 17179869200 274890489856 32 256 17246978048
115 2 188 3 321 2 36028797018963968 1126037345796288 0 137438953600 2199040032768 192 2048 137975824384 54043195528445952 2252005972115520 0 206158430400 3298568437760 64 3072 206963736576 18014398509481984 3377768440004736 0 68719476800 1099561959424 128 1024 68987912192
116 2 189 3 322 2 144115188075855872 4504149383185152 0 549755814400 8796160131072 768 8192 551903297536 216172782113783808 9008023888462080 0 824633721600 13194273751040 256 12288 827854946304 72057594037927936 13511073760018944 0 274877907200 4398247837696 512 4096 275951648768
117 2 190 3 323 2 576460752303423488 18016597532740608 0 2199023257600 35184640524288 3072 32768 2207613190144 864691128455135232 36032095553848320 0 3298534886400 52777095004160 1024 49152 3311419785216 288230376151711744 54044295040075776 0 1099511628800 17592991350784 2048 16384 1103806595072
118 2 191 3 324 2 2305843009213693952 72066390130962432 0 8796093030400 140738562097152 12288 131072 8830452760576 3458764513820540928 144128382215393280 0 13194139545600 211108380016640 4096 196608 13245679140864 1152921504606846976 216177180160303104 0 4398046515200 70371965403136 8192 65536 4415226380288
119 2 192 3 325 2 9223372036854775808 288265560523849728 0 35184372121600 562954248388608 49152 524288 35321811042304 13835058055282163712 576513528861573120 0 52776558182400 844433520066560 16384 786432 52982716563456 4611686018427387904 864708720641212416 0 17592186060800 281487861612544 32768 262144 17660905521152
120 2 193 3 326 2 0 1153062242095398914 0 140737488486400 2251816993554432 196608 2097152 141287244169216 0 2306054115446292483 0 211106232729600 3377734080266240 65536 3145728 211930866253824 0 3458834882564849665 0 70368744243200 1125951446450176 131072 1048576 70643622084608
121 2 194 3 327 2 0 4612248968381595656 0 562949953945600 9007267974217728 786432 8388608 565148976676864 0 9224216461785169932 0 844424930918400 13510936321064960 262144 12582912 847723465015296 0 13835339530259398660 0 281474976972800 4503805785800704 524288 4194304 282574488338432
122 2 195 3 328 2 0 2251799816831008 1 2251799815782400 36029071896870912 3145728 33554432 2260595906707456 0 3377699721576496 2 3377699723673600 54043745284259840 1048576 50331648 3390893860061184 0 1125899908939792 3 1125899907891200 18015223143202816 2097152 16777216 1130297953353728
123 2 196 3 329 2 0 9007199267324032 4 9007199263129600 144116287587483648 12582912 134217728 9042383626829824 0 13510798886305984 8 13510798894694400 216174981137039360 4194304 201326592 13563575440244736 0 4503599635759168 12 4503599631564800 72060892572811264 8388608 67108864 4521191813414912
124 2 197 3 330 2 0 36028797069296128 16 36028797052518400 576465150349934592 50331648 536870912 36169534507319296 0 54043195545223936 32 54043195578777600 864699924548157440 16777216 805306368 54254301760978944 0 18014398543036672 48 18014398526259200 288243570291245056 33554432 268435456 18084767253659648
125 2 198 3 331 2 0 144115188277184512 64 144115188210073600 2305860601399738368 201326592 2147483648 144678138029277184 0 216172782180895744 128 216172782315110400 3458799698192629760 67108864 3221225472 217017207043915776 0 72057594172146688 192 72057594105036800 1152974281164980224 134217728 1073741824 72339069014638592
126 2 199 3 332 2 0 576460753108738048 256 576460752840294400 9223442405598953472 805306368 8589934592 578712552117108736 0 864691128723582976 512 864691129260441600 13835198792770519040 268435456 12884901888 868068828175663104 0 288230376688586752 768 288230376420147200 4611897124659920896 536870912 4294967296 289356276058554368
127 2 200 3 333 2 0 2305843012434952192 1024 2305843011361177600 281474976710656 3221225474 34359738368 2314850208468434944 0 3458764514894331904 2048 3458764517041766400 562949953421312 1073741827 51539607552 3472275312702652416 0 1152921506754347008 3072 1152921505680588800 844424930131968 2147483649 17179869184 1157425104234217472
0 2 201 3 334 2 0 9223372049739808768 4096 9223372045444710400 1125899906842624 12884901896 137438953472 9259400833873739776 0 13835058059577327616 8192 13835058068167065600 2251799813685248 4294967308 206158430208 13889101250810609664 0 4611686027017388032 12288 4611686022722355200 3377699720527872 8589934596 68719476736 4629700416936869888
1 2 202 3 335 2 2 51540131840 16386 34359738368 4503599627370498 51539607584 549755813888 144115188075855872 3 17180655616 32771 51539607552 9007199254740995 17179869232 824633720832 216172782113783808 1 34360000512 49153 17179869184 13510798882111489 34359738384 274877906944 72057594037927936
2 2 203 3 336 2 8 206160527360 65544 137438953472 18014398509481992 206158430336 2199023255552 576460752303423488 12 68722622464 131084 206158430208 36028797018963980 68719476928 3298534883328 864691128455135232 4 137440002048 196612 68719476736 54043195528445956 137438953536 1099511627776 288230376151711744
3 2 204 3 337 2 32 824642109440 262176 549755813888 72057594037927968 824633721344 8796093022208 2305843009213693952 48 274890489856 524336 824633720832 144115188075855920 274877907712 13194139533312 3458764513820540928 16 549760008192 786448 274877906944 216172782113783824 549755814144 4398046511104 1152921504606846976
4 2 205 3 338 2 128 3298568437760 1048704 2199023255552 288230376151711872 3298534885376 35184372088832 9223372036854775808 192 1099561959424 2097344 3298534883328 576460752303423680 1099511630848 52776558133248 13835058055282163712 64 2199040032768 3145792 1099511627776 864691128455135296 2199023256576 17592186044416 4611686018427387904
5 2 206 3 339 2 512 13194273751040 4194816 8796093022208 1152921504606847490 13194139541504 140737488355328 0 768 4398247837696 8389376 13194139533312 2305843009213694723 4398046523392 211106232532992 0 256 8796160131072 12583168 4398046511104 3458764513820541185 8796093026304 70368744177664 0
6 2 207 3 340 2 2048 52777095004160 16779264 35184372088832 4611686018427389960 52776558166016 562949953421312 0 3072 17592991350784 33557504 52776558133248 9223372036854778892 17592186093568 844424930131968 0 1024 35184640524288 50332672 17592186044416 13835058055282164740 35184372105216 281474976710656 0
7 2 208 3 341 2 8192 211108380016640 67117056 140737488355328 8224 211106232664065 2251799813685248 0 12288 70371965403136 134230016 211106232532992 12336 70368744374274 3377699720527872 0 4096 140738562097152 201330688 70368744177664 4112 140737488420867 1125899906842624 0
8 2 209 3 342 2 32768 844433520066560 268468224 562949953421312 32896 844424930656260 9007199254740992 0 49152 281487861612544 536920064 844424930131968 49344 281474977497096 13510798882111488 0 16384 562954248388608 805322752 281474976710656 16448 562949953683468 4503599627370496 0
9 2 210 3 343 2 131072 3377734080266240 1073872896 2251799813685248 131584 3377699722625040 36028797018963968 0 196608 1125951446450176 2147680256 3377699720527872 197376 1125899909988384 54043195528445952 0 65536 2251816993554432 3221291008 1125899906842624 65792 2251799814733872 18014398509481984 0
10 2 211 3 344 2 524288 13510936321064960 4295491584 9007199254740992 526336 13510798890500160 144115188075855872 0 786432 4503805785800704 8590721024 13510798882111488 789504 4503599639953536 216172782113783808 0 262144 9007267974217728 12885164032 4503599627370496 263168 9007199258935488 72057594037927936 0
11 2 212 3 345 2 2097152 54043745284259840 17181966336 36028797018963968 2105344 54043195562000640 576460752303423488 0 3145728 18015223143202816 34362884096 54043195528445952 3158016 18014398559814144 864691128455135232 0 1048576 36029071896870912 51540656128 18014398509481984 1052672 36028797035741952 288230376151711744 0
12 2 213 3 346 2 8388608 216174981137039360 68727865344 144115188075855872 8421376 216172782248002560 2305843009213693952 0 12582912 72060892572811264 137451536384 216172782113783808 12632064 72057594239256576 3458764513820540928 0 4194304 144116287587483648 206162624512 72057594037927936 4210688 144115188142967808 1152921504606846976 0
13 2 214 3 347 2 33554432 864699924548157440 274911461376 576460752303423488 33685504 864691128992010240 9223372036854775808 0 50331648 288243570291245056 549806145536 864691128455135232 50528256 288230376957026304 13835058055282163712 0 16777216 576465150349934592 824650498048 288230376151711744 16842752 576460752571871232 4611686018427387904 0
14 2 215 3 348 2 134217728 3458799698192629760 1099645845504 2305843009213693952 134742016 3458764515968040960 0 2 201326592 1152974281164980224 2199224582144 3458764513820540928 202113024 1152921507828105216 0 3 67108864 2305860601399738368 3298601992192 1152921504606846976 67371008 2305843010287484928 0 1
15 2 216 3 349 2 536870912 13835198792770519040 4398583382016 9223372036854775808 538968064 13835058063872163840 0 8 805306368 4611897124659920896 8796898328576 13835058055282163712 808452096 4611686031312420864 0 12 268435456 9223442405598953472 13194407968768 4611686018427387904 269484032 9223372041149939712 0 4
16 2 217 3 350 2 2147483650 562949953421312 17594333528067 0 2155872256 34360000512 3 32 3221225475 844424930131968 35187593314305 0 3233808384 51540131840 1 48 1073741825 281474976710656 52777631875074 0 1077936128 17180655616 2 16
17 2 218 3 351 2 8589934600 2251799813685248 70377334112268 0 8623489024 137440002048 12 128 12884901900 3377699720527872 140750373257220 0 12935233536 206160527360 4 192 4294967300 1125899906842624 211110527500296 0 4311744512 68722622464 8 64
18 2 219 3 352 2 34359738400 9007199254740992 281509336449072 0 34493956096 549760008192 48 512 51539607600 13510798882111488 563001493028880 0 51740934144 824642109440 16 768 17179869200 4503599627370496 844442110001184 0 17246978048 274890489856 32 256
19 2 220 3 353 2 137438953600 36028797018963968 1126037345796288 0 137975824384 2199040032768 192 2048 206158430400 54043195528445952 2252005972115520 0 206963736576 3298568437760 64 3072 68719476800 18014398509481984 3377768440004736 0 68987912192 1099561959424 128 1024
20 2 221 3 354 2 549755814400 144115188075855872 4504149383185152 0 551903297536 8796160131072 768 8192 824633721600 216172782113783808 9008023888462080 0 827854946304 13194273751040 256 12288 274877907200 72057594037927936 13511073760018944 0 275951648768 4398247837696 512 4096
21 2 222 3 355 2 2199023257600 576460752303423488 18016597532740608 0 2207613190144 35184640524288 3072 32768 3298534886400 864691128455135232 36032095553848320 0 3311419785216 52777095004160 1024 49152 1099511628800 288230376151711744 54044295040075776 0 1103806595072 17592991350784 2048 16384
22 2 223 3 356 2 8796093030400 2305843009213693952 72066390130962432 0 8830452760576 140738562097152 12288 131072 13194139545600 3458764513820540928 144128382215393280 0 13245679140864 211108380016640 4096 196608 4398046515200 1152921504606846976 216177180160303104 0 4415226380288 70371965403136 8192 65536
23 2 224 3 357 2 35184372121600 9223372036854775808 288265560523849728 0 35321811042304 562954248388608 49152 524288 52776558182400 13835058055282163712 576513528861573120 0 52982716563456 844433520066560 16384 786432 17592186060800 4611686018427387904 864708720641212416 0 17660905521152 281487861612544 32768 262144
24 2 225 3 358 2 140737488486400 0 1153062242095398914 0 141287244169216 2251816993554432 196608 2097152 211106232729600 0 2306054115446292483 0 211930866253824 3377734080266240 65536 3145728 70368744243200 0 3458834882564849665 0 70643622084608 1125951446450176 131072 1048576
25 2 226 3 359 2 562949953945600 0 4612248968381595656 0 565148976676864 9007267974217728 786432 8388608 844424930918400 0 9224216461785169932 0 847723465015296 13510936321064960 262144 12582912 281474976972800 0 13835339530259398660 0 282574488338432 4503805785800704 524288 4194304
26 2 227 3 360 2 2251799815782400 0 2251799816831008 1 2260595906707456 36029071896870912 3145728 33554432 3377699723673600 0 3377699721576496 2 3390893860061184 54043745284259840 1048576 50331648 1125899907891200 0 1125899908939792 3 1130297953353728 18015223143202816 2097152 16777216
27 2 228 3 361 2 9007199263129600 0 9007199267324032 4 9042383626829824 144116287587483648 12582912 134217728 13510798894694400 0 13510798886305984 8 13563575440244736 216174981137039360 4194304 201326592 4503599631564800 0 4503599635759168 12 4521191813414912 72060892572811264 8388608 67108864
28 2 229 3 362 2 36028797052518400 0 36028797069296128 16 36169534507319296 576465150349934592 50331648 536870912 54043195578777600 0 54043195545223936 32 54254301760978944 864699924548157440 16777216 805306368 18014398526259200 0 18014398543036672 48 18084767253659648 288243570291245056 33554432 268435456
29 2 230 3 363 2 144115188210073600 0 144115188277184512 64 144678138029277184 2305860601399738368 201326592 2147483648 216172782315110400 0 216172782180895744 128 217017207043915776 3458799698192629760 67108864 3221225472 72057594105036800 0 72057594172146688 192 72339069014638592 1152974281164980224 134217728 1073741824
30 2 231 3 364 2 576460752840294400 0 576460753108738048 256 578712552117108736 9223442405598953472 805306368 8589934592 864691129260441600 0 864691128723582976 512 868068828175663104 13835198792770519040 268435456 12884901888 288230376420147200 0 288230376688586752 768 289356276058554368 4611897124659920896 536870912 4294967296
31 2 232 3 365 2 2305843011361177600 0 2305843012434952192 1024 2314850208468434944 281474976710656 3221225474 34359738368 3458764517041766400 0 3458764514894331904 2048 3472275312702652416 562949953421312 1073741827 51539607552 1152921505680588800 0 1152921506754347008 3072 1157425104234217472 844424930131968 2147483649 17179869184
32 2 233 3 366 2 9223372045444710400 0 9223372049739808768 4096 9259400833873739776 1125899906842624 12884901896 137438953472 13835058068167065600 0 13835058059577327616 8192 13889101250810609664 2251799813685248 4294967308 206158430208 4611686022722355200 0 4611686027017388032 12288 4629700416936869888 3377699720527872 8589934596 68719476736
33 2 234 3 367 2 34359738368 2 51540131840 16386 144115188075855872 4503599627370498 51539607584 549755813888 51539607552 3 17180655616 32771 216172782113783808 9007199254740995 17179869232 824633720832 17179869184 1 34360000512 49153 72057594037927936 13510798882111489 34359738384 274877906944
34 2 235 3 368 2 137438953472 8 206160527360 65544 576460752303423488 18014398509481992 206158430336 2199023255552 206158430208 12 68722622464 131084 864691128455135232 36028797018963980 68719476928 3298534883328 68719476736 4 137440002048 196612 288230376151711744 54043195528445956 137438953536 1099511627776
35 2 236 3 369 2 549755813888 32 824642109440 262176 2305843009213693952 72057594037927968 824633721344 8796093022208 824633720832 48 274890489856 524336 3458764513820540928 144115188075855920 274877907712 13194139533312 274877906944 16 549760008192 786448 1152921504606846976 216172782113783824 549755814144 4398046511104
36 2 237 3 370 2 2199023255552 128 3298568437760 1048704 9223372036854775808 288230376151711872 3298534885376 35184372088832 3298534883328 192 1099561959424 2097344 13835058055282163712 576460752303423680 1099511630848 52776558133248 1099511627776 64 2199040032768 3145792 4611686018427387904 864691128455135296 2199023256576 17592186044416
37 2 238 3 371 2 8796093022208 512 13194273751040 4194816 0 1152921504606847490 13194139541504 140737488355328 13194139533312 768 4398247837696 8389376 0 2305843009213694723 4398046523392 211106232532992 4398046511104 256 8796160131072 12583168 0 3458764513820541185 8796093026304 70368744177664
38 2 239 3 372 2 35184372088832 2048 52777095004160 16779264 0 4611686018427389960 52776558166016 562949953421312 52776558133248 3072 17592991350784 33557504 0 9223372036854778892 17592186093568 844424930131968 17592186044416 1024 35184640524288 50332672 0 13835058055282164740 35184372105216 281474976710656
39 2 240 3 373 2 140737488355328 8192 211108380016640 67117056 0 8224 211106232664065 2251799813685248 211106232532992 12288 70371965403136 134230016 0 12336 70368744374274 3377699720527872 70368744177664 4096 140738562097152 201330688 0 4112 140737488420867 1125899906842624
40 2 241 3 374 2 562949953421312 32768 844433520066560 268468224 0 32896 844424930656260 9007199254740992 844424930131968 49152 281487861612544 536920064 0 49344 281474977497096 13510798882111488 281474976710656 16384 562954248388608 805322752 0 16448 562949953683468 4503599627370496
41 2 242 3 375 2 2251799813685248 131072 3377734080266240 1073872896 0 131584 3377699722625040 36028797018963968 3377699720527872 196608 1125951446450176 2147680256 0 197376 1125899909988384 54043195528445952 1125899906842624 65536 2251816993554432 3221291008 0 65792 2251799814733872 18014398509481984
42 2 243 3 376 2 9007199254740992 524288 13510936321064960 4295491584 0 526336 13510798890500160 144115188075855872 13510798882111488 786432 4503805785800704 8590721024 0 789504 4503599639953536 216172782113783808 4503599627370496 262144 9007267974217728 12885164032 0 263168 9007199258935488 72057594037927936
43 2 244 3 377 2 36028797018963968 2097152 54043745284259840 17181966336 0 2105344 54043195562000640 576460752303423488 54043195528445952 3145728 18015223143202816 34362884096 0 3158016 18014398559814144 864691128455135232 18014398509481984 1048576 36029071896870912 51540656128 0 1052672 36028797035741952 288230376151711744
44 2 245 3 378 2 144115188075855872 8388608 216174981137039360 68727865344 0 8421376 216172782248002560 2305843009213693952 216172782113783808 12582912 72060892572811264 137451536384 0 12632064 72057594239256576 3458764513820540928 72057594037927936 4194304 144116287587483648 206162624512 0 4210688 144115188142967808 1152921504606846976
45 2 246 3 379 2 576460752303423488 33554432 864699924548157440 274911461376 0 33685504 864691128992010240 9223372036854775808 864691128455135232 50331648 288243570291245056 549806145536 0 50528256 288230376957026304 13835058055282163712 288230376151711744 16777216 576465150349934592 824650498048 0 16842752 576460752571871232 4611686018427387904
46 2 247 3 380 2 2305843009213693952 134217728 3458799698192629760 1099645845504 2 134742016 3458764515968040960 0 3458764513820540928 201326592 1152974281164980224 2199224582144 3 202113024 1152921507828105216 0 1152921504606846976 67108864 2305860601399738368 3298601992192 1 67371008 2305843010287484928 0
47 2 248 3 381 2 9223372036854775808 536870912 13835198792770519040 4398583382016 8 538968064 13835058063872163840 0 13835058055282163712 805306368 4611897124659920896 8796898328576 12 808452096 4611686031312420864 0 4611686018427387904 268435456 9223442405598953472 13194407968768 4 269484032 9223372041149939712 0
48 2 249 3 382 2 0 2147483650 562949953421312 17594333528067 32 2155872256 34360000512 3 0 3221225475 844424930131968 35187593314305 48 3233808384 51540131840 1 0 1073741825 281474976710656 52777631875074 16 1077936128 17180655616 2
49 2 250 3 383 2 0 8589934600 2251799813685248 70377334112268 128 8623489024 137440002048 12 0 12884901900 3377699720527872 140750373257220 192 12935233536 206160527360 4 0 4294967300 1125899906842624 211110527500296 64 4311744512 68722622464 8
50 2 251 3 256 2 0 34359738400 9007199254740992 281509336449072 512 34493956096 549760008192 48 0 51539607600 13510798882111488 563001493028880 768 51740934144 824642109440 16 0 17179869200 4503599627370496 844442110001184 256 17246978048 274890489856 32
51 2 252 3 257 2 0 137438953600 36028797018963968 1126037345796288 2048 137975824384 2199040032768 192 0 206158430400 54043195528445952 2252005972115520 3072 206963736576 3298568437760 64 0 68719476800 18014398509481984 3377768440004736 1024 68987912192 1099561959424 128
52 2 253 3 258 2 0 549755814400 144115188075855872 4504149383185152 8192 551903297536 8796160131072 768 0 824633721600 216172782113783808 9008023888462080 12288 827854946304 13194273751040 256 0 274877907200 72057594037927936 13511073760018944 4096 275951648768 4398247837696 512
53 2 254 3 259 2 0 2199023257600 576460752303423488 18016597532740608 32768 2207613190144 35184640524288 3072 0 3298534886400 864691128455135232 36032095553848320 49152 3311419785216 52777095004160 1024 0 1099511628800 288230376151711744 54044295040075776 16384 1103806595072 17592991350784 2048
54 2 255 3 260 2 0 8796093030400 2305843009213693952 72066390130962432 131072 8830452760576 140738562097152 12288 0 13194139545600 3458764513820540928 144128382215393280 196608 13245679140864 211108380016640 4096 0 4398046515200 1152921504606846976 216177180160303104 65536 4415226380288 70371965403136 8192
55 2 128 3 261 2 0 35184372121600 9223372036854775808 288265560523849728 524288 35321811042304 562954248388608 49152 0 52776558182400 13835058055282163712 576513528861573120 786432 52982716563456 844433520066560 16384 0 17592186060800 4611686018427387904 864708720641212416 262144 17660905521152 281487861612544 32768
56 2 129 3 262 2 0 140737488486400 0 1153062242095398914 2097152 141287244169216 2251816993554432 196608 0 211106232729600 0 2306054115446292483 3145728 211930866253824 3377734080266240 65536 0 70368744243200 0 3458834882564849665 1048576 70643622084608 1125951446450176 131072
57 2 130 3 263 2 0 562949953945600 0 4612248968381595656 8388608 565148976676864 9007267974217728 786432 0 844424930918400 0 9224216461785169932 12582912 847723465015296 13510936321064960 262144 0 281474976972800 0 13835339530259398660 4194304 282574488338432 4503805785800704 524288
58 2 131 3 264 2 1 2251799815782400 0 2251799816831008 33554432 2260595906707456 36029071896870912 3145728 2 3377699723673600 0 3377699721576496 50331648 3390893860061184 54043745284259840 1048576 3 1125899907891200 0 1125899908939792 16777216 1130297953353728 18015223143202816 2097152
59 2 132 3 265 2 4 9007199263129600 0 9007199267324032 134217728 9042383626829824 144116287587483648 12582912 8 13510798894694400 0 13510798886305984 201326592 13563575440244736 216174981137039360 4194304 12 4503599631564800 0 4503599635759168 67108864 4521191813414912 72060892572811264 8388608
60 2 133 3 266 2 16 36028797052518400 0 36028797069296128 536870912 36169534507319296 576465150349934592 50331648 32 54043195578777600 0 54043195545223936 805306368 54254301760978944 864699924548157440 16777216 48 18014398526259200 0 18014398543036672 268435456 18084767253659648 288243570291245056 33554432
61 2 134 3 267 2 64 144115188210073600 0 144115188277184512 2147483648 144678138029277184 2305860601399738368 201326592 128 216172782315110400 0 216172782180895744 3221225472 217017207043915776 3458799698192629760 67108864 192 72057594105036800 0 72057594172146688 1073741824 72339069014638592 1152974281164980224 134217728
62 2 135 3 268 2 256 576460752840294400 0 576460753108738048 8589934592 578712552117108736 9223442405598953472 805306368 512 864691129260441600 0 864691128723582976 12884901888 868068828175663104 13835198792770519040 268435456 768 288230376420147200 0 288230376688586752 4294967296 289356276058554368 4611897124659920896 536870912
63 2 136 3 269 2 1024 2305843011361177600 0 2305843012434952192 34359738368 2314850208468434944 281474976710656 3221225474 2048 3458764517041766400 0 3458764514894331904 51539607552 3472275312702652416 562949953421312 1073741827 3072 1152921505680588800 0 1152921506754347008 17179869184 1157425104234217472 844424930131968 2147483649
64 2 137 3 270 2 4096 9223372045444710400 0 9223372049739808768 137438953472 9259400833873739776 1125899906842624 12884901896 8192 13835058068167065600 0 13835058059577327616 206158430208 13889101250810609664 2251799813685248 4294967308 12288 4611686022722355200 0 4611686027017388032 68719476736 4629700416936869888 3377699720527872 8589934596
65 2 138 3 271 2 16386 34359738368 2 51540131840 549755813888 144115188075855872 4503599627370498 51539607584 32771 51539607552 3 17180655616 824633720832 216172782113783808 9007199254740995 17179869232 49153 17179869184 1 34360000512 274877906944 72057594037927936 13510798882111489 34359738384
66 2 139 3 272 2 65544 137438953472 8 206160527360 2199023255552 576460752303423488 18014398509481992 206158430336 131084 206158430208 12 68722622464 3298534883328 864691128455135232 36028797018963980 68719476928 196612 68719476736 4 137440002048 1099511627776 288230376151711744 54043195528445956 137438953536
67 2 140 3 273 2 262176 549755813888 32 824642109440 8796093022208 2305843009213693952 72057594037927968 824633721344 524336 824633720832 48 274890489856 13194139533312 3458764513820540928 144115188075855920 274877907712 786448 274877906944 16 549760008192 4398046511104 1152921504606846976 216172782113783824 549755814144
68 2 141 3 274 2 1048704 2199023255552 128 3298568437760 35184372088832 9223372036854775808 288230376151711872 3298534885376 2097344 3298534883328 192 1099561959424 52776558133248 13835058055282163712 576460752303423680 1099511630848 3145792 1099511627776 64 2199040032768 17592186044416 4611686018427387904 864691128455135296 2199023256576
69 2 142 3 275 2 4194816 8796093022208 512 13194273751040 140737488355328 0 1152921504606847490 13194139541504 8389376 13194139533312 768 4398247837696 211106232532992 0 2305843009213694723 4398046523392 12583168 4398046511104 256 8796160131072 70368744177664 0 3458764513820541185 8796093026304
70 2 143 3 276 2 16779264 35184372088832 2048 52777095004160 562949953421312 0 4611686018427389960 52776558166016 33557504 52776558133248 3072 17592991350784 844424930131968 0 9223372036854778892 17592186093568 50332672 17592186044416 1024 35184640524288 281474976710656 0 13835058055282164740 35184372105216
71 2 144 3 277 2 67117056 140737488355328 8192 211108380016640 2251799813685248 0 8224 211106232664065 134230016 211106232532992 12288 70371965403136 3377699720527872 0 12336 70368744374274 201330688 70368744177664 4096 140738562097152 1125899906842624 0 4112 140737488420867
72 2 145 3 278 2 268468224 562949953421312 32768 844433520066560 9007199254740992 0 32896 844424930656260 536920064 844424930131968 49152 281487861612544 13510798882111488 0 49344 281474977497096 805322752 281474976710656 16384 562954248388608 4503599627370496 0 16448 562949953683468
73 2 146 3 279 2 1073872896 2251799813685248 131072 3377734080266240 36028797018963968 0 131584 3377699722625040 2147680256 3377699720527872 196608 1125951446450176 54043195528445952 0 197376 1125899909988384 3221291008 1125899906842624 65536 2251816993554432 18014398509481984 0 65792 2251799814733872
74 2 147 3 280 2 4295491584 9007199254740992 524288 13510936321064960 144115188075855872 0 526336 13510798890500160 8590721024 13510798882111488 786432 4503805785800704 216172782113783808 0 789504 4503599639953536 12885164032 4503599627370496 262144 9007267974217728 72057594037927936 0 263168 9007199258935488
75 2 148 3 281 2 17181966336 36028797018963968 2097152 54043745284259840 576460752303423488 0 2105344 54043195562000640 34362884096 54043195528445952 3145728 18015223143202816 864691128455135232 0 3158016 18014398559814144 51540656128 18014398509481984 1048576 36029071896870912 288230376151711744 0 1052672 36028797035741952
76 2 149 3 282 2 68727865344 144115188075855872 8388608 216174981137039360 2305843009213693952 0 8421376 216172782248002560 137451536384 216172782113783808 12582912 72060892572811264 3458764513820540928 0 12632064 72057594239256576 206162624512 72057594037927936 4194304 144116287587483648 1152921504606846976 0 4210688 144115188142967808
77 2 150 3 283 2 274911461376 576460752303423488 33554432 864699924548157440 9223372036854775808 0 33685504 864691128992010240 549806145536 864691128455135232 50331648 288243570291245056 13835058055282163712 0 50528256 288230376957026304 824650498048 288230376151711744 16777216 576465150349934592 4611686018427387904 0 16842752 576460752571871232
78 2 151 3 284 2 1099645845504 2305843009213693952 134217728 3458799698192629760 0 2 134742016 3458764515968040960 2199224582144 3458764513820540928 201326592 1152974281164980224 0 3 202113024 1152921507828105216 3298601992192 1152921504606846976 67108864 2305860601399738368 0 1 67371008 2305843010287484928
79 2 152 3 285 2 4398583382016 9223372036854775808 536870912 13835198792770519040 0 8 538968064 13835058063872163840 8796898328576 13835058055282163712 805306368 4611897124659920896 0 12 808452096 4611686031312420864 13194407968768 4611686018427387904 268435456 9223442405598953472 0 4 269484032 9223372041149939712
80 2 153 3 286 2 17594333528067 0 2147483650 562949953421312 3 32 2155872256 34360000512 35187593314305 0 3221225475 844424930131968 1 48 3233808384 51540131840 52777631875074 0 1073741825 281474976710656 2 16 1077936128 17180655616
81 2 154 3 287 2 70377334112268 0 8589934600 2251799813685248 12 128 8623489024 137440002048 140750373257220 0 12884901900 3377699720527872 4 192 12935233536 206160527360 211110527500296 0 4294967300 1125899906842624 8 64 4311744512 68722622464
82 2 155 3 288 2 281509336449072 0 34359738400 9007199254740992 48 512 34493956096 549760008192 563001493028880 0 51539607600 13510798882111488 16 768 51740934144 824642109440 844442110001184 0 17179869200 4503599627370496 32 256 17246978048 274890489856
83 2 156 3 289 2 1126037345796288 0 137438953600 36028797018963968 192 2048 137975824384 2199040032768 2252005972115520 0 206158430400 54043195528445952 64 3072 206963736576 3298568437760 3377768440004736 0 68719476800 18014398509481984 128 1024 68987912192 1099561959424
84 2 157 3 290 2 4504149383185152 0 549755814400 144115188075855872 768 8192 551903297536 8796160131072 9008023888462080 0 824633721600 216172782113783808 256 12288 827854946304 13194273751040 13511073760018944 0 274877907200 72057594037927936 512 4096 275951648768 4398247837696
85 2 158 3 291 2 18016597532740608 0 2199023257600 576460752303423488 3072 32768 2207613190144 35184640524288 36032095553848320 0 3298534886400 864691128455135232 1024 49152 3311419785216 52777095004160 54044295040075776 0 1099511628800 288230376151711744 2048 16384 1103806595072 17592991350784
86 2 159 3 292 2 72066390130962432 0 8796093030400 2305843009213693952 12288 131072 8830452760576 140738562097152 144128382215393280 0 13194139545600 3458764513820540928 4096 196608 13245679140864 211108380016640 216177180160303104 0 4398046515200 1152921504606846976 8192 65536 4415226380288 70371965403136
87 2 160 3 293 2 288265560523849728 0 35184372121600 9223372036854775808 49152 524288 35321811042304 562954248388608 576513528861573120 0 52776558182400 13835058055282163712 16384 786432 52982716563456 844433520066560 864708720641212416 0 17592186060800 4611686018427387904 32768 262144 17660905521152 281487861612544
88 2 161 3 294 2 1153062242095398914 0 140737488486400 0 196608 2097152 141287244169216 2251816993554432 2306054115446292483 0 211106232729600 0 65536 3145728 211930866253824 3377734080266240 3458834882564849665 0 70368744243200 0 131072 1048576 70643622084608 1125951446450176
89 2 162 3 295 2 4612248968381595656 0 562949953945600 0 786432 8388608 565148976676864 9007267974217728 9224216461785169932 0 844424930918400 0 262144 12582912 847723465015296 13510936321064960 13835339530259398660 0 281474976972800 0 524288 4194304 282574488338432 4503805785800704
90 2 163 3 296 2 2251799816831008 1 2251799815782400 0 3145728 33554432 2260595906707456 36029071896870912 3377699721576496 2 3377699723673600 0 1048576 50331648 3390893860061184 54043745284259840 1125899908939792 3 1125899907891200 0 2097152 16777216 1130297953353728 18015223143202816
91 2 164 3 297 2 9007199267324032 4 9007199263129600 0 12582912 134217728 9042383626829824 144116287587483648 13510798886305984 8 13510798894694400 0 4194304 201326592 13563575440244736 216174981137039360 4503599635759168 12 4503599631564800 0 8388608 67108864 4521191813414912 72060892572811264
92 2 165 3 298 2 36028797069296128 16 36028797052518400 0 50331648 536870912 36169534507319296 576465150349934592 54043195545223936 32 54043195578777600 0 16777216 805306368 54254301760978944 864699924548157440 18014398543036672 48 18014398526259200 0 33554432 268435456 18084767253659648 288243570291245056
93 2 166 3 299 2 144115188277184512 64 144115188210073600 0 201326592 2147483648 144678138029277184 2305860601399738368 216172782180895744 128 216172782315110400 0 67108864 3221225472 217017207043915776 3458799698192629760 72057594172146688 192 72057594105036800 0 134217728 1073741824 72339069014638592 1152974281164980224
94 2 167 3 300 2 576460753108738048 256 576460752840294400 0 805306368 8589934592 578712552117108736 9223442405598953472 864691128723582976 512 864691129260441600 0 268435456 12884901888 868068828175663104 13835198792770519040 288230376688586752 768 288230376420147200 0 536870912 4294967296 289356276058554368 4611897124659920896
95 2 168 3 301 2 2305843012434952192 1024 2305843011361177600 0 3221225474 34359738368 2314850208468434944 281474976710656 3458764514894331904 2048 3458764517041766400 0 1073741827 51539607552 3472275312702652416 562949953421312 1152921506754347008 3072 1152921505680588800 0 2147483649 17179869184 1157425104234217472 844424930131968
96 2 169 3 302 2 9223372049739808768 4096 9223372045444710400 0 12884901896 137438953472 9259400833873739776 1125899906842624 13835058059577327616 8192 13835058068167065600 0 4294967308 206158430208 13889101250810609664 2251799813685248 4611686027017388032 12288 4611686022722355200 0 8589934596 68719476736 4629700416936869888 3377699720527872
97 2 170 3 303 2 51540131840 16386 34359738368 2 51539607584 549755813888 144115188075855872 4503599627370498 17180655616 32771 51539607552 3 17179869232 824633720832 216172782113783808 9007199254740995 34360000512 49153 17179869184 1 34359738384 274877906944 72057594037927936 13510798882111489
98 2 171 3 304 2 206160527360 65544 137438953472 8 206158430336 2199023255552 576460752303423488 18014398509481992 68722622464 131084 206158430208 12 68719476928 3298534883328 864691128455135232 36028797018963980 137440002048 196612 68719476736 4 137438953536 1099511627776 288230376151711744 54043195528445956
99 1 173 2 341 1 2 786448 4503599627370496 34359738400 258 67108864 549755813888 216172782113783840 3 262176 9007199254740992 51539607600 515 134217728 824633720832 72057594037927984 1 524336 13510798882111488 17179869200 769 201326592 274877906944 144115188075855888
100 1 174 2 342 1 8 3145792 18014398509481984 137438953600 1032 268435456 2199023255552 864691128455135360 12 1048704 36028797018963968 206158430400 2060 536870912 3298534883328 288230376151711936 4 2097344 54043195528445952 68719476800 3076 805306368 1099511627776 576460752303423552
101 1 175 2 343 1 32 12583168 72057594037927936 549755814400 4128 1073741824 8796093022208 3458764513820541440 48 4194816 144115188075855872 824633721600 8240 2147483648 13194139533312 1152921504606847744 16 8389376 216172782113783808 274877907200 12304 3221225472 4398046511104 2305843009213694208
102 1 176 2 344 1 128 50332672 288230376151711744 2199023257600 16512 4294967296 35184372088832 13835058055282165760 192 16779264 576460752303423488 3298534886400 32960 8589934592 52776558133248 4611686018427390976 64 33557504 864691128455135232 1099511628800 49216 12884901888 17592186044416 9223372036854776832
103 1 177 2 345 1 512 201330688 1152921504606846976 8796093030400 66051 17179869184 140737488355328 8192 768 67117056 2305843009213693952 13194139545600 131841 34359738368 211106232532992 12288 256 134230016 3458764513820540928 4398046515200 196866 51539607552 70368744177664 4096
104 1 178 2 346 1 2048 805322752 4611686018427387904 35184372121600 264204 68719476736 562949953421312 32768 3072 268468224 9223372036854775808 52776558182400 527364 137438953472 844424930131968 49152 1024 536920064 13835058055282163712 17592186060800 787464 206158430208 281474976710656 16384
105 1 179 2 347 1 8192 3221291008 0 140737488486401 1056816 274877906944 2251799813685248 131072 12288 1073872896 0 211106232729602 2109456 549755813888 3377699720527872 196608 4096 2147680256 0 70368744243203 3149856 824633720832 1125899906842624 65536
106 1 180 2 348 1 32768 12885164032 0 562949953945604 4227264 1099511627776 9007199254740992 524288 49152 4295491584 0 844424930918408 8437824 2199023255552 13510798882111488 786432 16384 8590721024 0 281474976972812 12599424 3298534883328 4503599627370496 262144
107 1 181 2 349 1 131072 51540656128 0 2251799815782416 16909056 4398046511104 36028797018963968 2097152 196608 17181966336 0 3377699723673632 33751296 8796093022208 54043195528445952 3145728 65536 34362884096 0 1125899907891248 50397696 13194139533312 18014398509481984 1048576
108 1 182 2 350 1 524288 206162624512 0 9007199263129664 67636224 17592186044416 144115188075855872 8388608 786432 68727865344 0 13510798894694528 135005184 35184372088832 216172782113783808 12582912 262144 137451536384 0 4503599631564992 201590784 52776558133248 72057594037927936 4194304
109 1 183 2 351 1 2097152 824650498048 0 36028797052518656 270544896 70368744177664 576460752303423488 33554432 3145728 274911461376 0 54043195578778112 540020736 140737488355328 864691128455135232 50331648 1048576 549806145536 0 18014398526259968 806363136 211106232532992 288230376151711744 16777216
110 1 184 2 352 1 8388608 3298601992192 0 144115188210074624 1082179584 281474976710656 2305843009213693952 134217728 12582912 1099645845504 0 216172782315112448 2160082944 562949953421312 3458764513820540928 201326592 4194304 2199224582144 0 72057594105039872 3225452544 844424930131968 1152921504606846976 67108864
111 1 185 2 353 1 33554432 13194407968768 0 576460752840298496 4328718336 1125899906842624 9223372036854775808 536870912 50331648 4398583382016 0 864691129260449792 8640331776 2251799813685248 13835058055282163712 805306368 16777216 8796898328576 0 288230376420159488 12901810176 3377699720527872 4611686018427387904 268435456
112 1 186 2 354 1 134217728 52777631875072 0 2305843011361193984 17314873344 4503599627370496 0 2147483650 201326592 17594333528064 0 3458764517041799168 34561327104 9007199254740992 0 3221225475 67108864 35187593314304 0 1152921505680637952 51607240704 13510798882111488 0 1073741825
113 1 187 2 355 1 536870912 211110527500288 0 9223372045444775936 69259493376 18014398509481984 0 8589934600 805306368 70377334112256 0 13835058068167196672 138245308416 36028797018963968 0 12884901900 268435456 140750373257216 0 4611686022722551808 206428962816 54043195528445952 0 4294967300
114 1 188 2 356 1 2147483650 844442110001152 0 34360000512 277037973504 72057594037927936 0 34359738400 3221225475 281509336449024 0 51540131840 552981233664 144115188075855872 0 51539607600 1073741825 563001493028864 0 17180655616 825715851264 216172782113783808 0 17179869200
115 1 189 2 357 1 8589934600 3377768440004608 0 137440002048 1108151894016 288230376151711744 0 137438953600 12884901900 1126037345796096 0 206160527360 2211924934656 576460752303423488 0 206158430400 4294967300 2252005972115456 0 68722622464 3302863405056 864691128455135232 0 68719476800
116 1 190 2 358 1 34359738400 13511073760018432 0 549760008192 4432607576064 1152921504606846976 0 549755814400 51539607600 4504149383184384 0 824642109440 8847699738624 2305843009213693952 0 824633721600 17179869200 9008023888461824 0 274890489856 13211453620224 3458764513820540928 0 274877907200
117 1 191 2 359 1 137438953600 54044295040073728 0 2199040032768 17730430304256 4611686018427387904 0 2199023257600 206158430400 18016597532737536 0 3298568437760 35390798954496 9223372036854775808 0 3298534886400 68719476800 36032095553847296 0 1099561959424 52845814480896 13835058055282163712 0 1099511628800
118 1 192 2 360 1 549755814400 216177180160294912 0 8796160131072 70921721217024 0 1 8796093030400 824633721600 72066390130950144 0 13194273751040 141563195817984 0 2 13194139545600 274877907200 144128382215389184 0 4398247837696 211383257923584 0 3 4398046515200
119 1 193 2 361 1 2199023257600 864708720641179648 0 35184640524288 283686884868096 0 4 35184372121600 3298534886400 288265560523800576 0 52777095004160 566252783271936 0 8 52776558182400 1099511628800 576513528861556736 0 17592991350784 845533031694336 0 12 17592186060800
120 1 194 2 362 1 8796093030400 3458834882564718592 0 140738562097152 1134747539472384 0 16 140737488486400 13194139545600 1153062242095202304 0 211108380016640 2265011133087744 0 32 211106232729600 4398046515200 2306054115446226944 0 70371965403136 3382132126777344 0 48 70368744243200
121 1 195 2 363 1 35184372121600 13835339530258874368 0 562954248388608 4538990157889536 0 64 562949953945600 52776558182400 4612248968380809216 0 844433520066560 9060044532350976 0 128 844424930918400 17592186060800 9224216461784907776 0 281487861612544 13528528507109376 0 192 281474976972800
122 1 196 2 364 1 140737488486400 1125899906842624 3 2251816993554432 18155960631558144 0 256 2251799815782400 211106232729600 2251799813685248 1 3377734080266240 36240178129403904 0 512 3377699723673600 70368744243200 3377699720527872 2 1125951446450176 54114114028437504 0 768 1125899907891200
123 1 197 2 365 1 562949953945600 4503599627370496 12 9007267974217728 72623842526232576 0 1024 9007199263129600 844424930918400 9007199254740992 4 13510936321064960 144960712517615616 0 2048 13510798894694400 281474976972800 13510798882111488 8 4503805785800704 216456456113750016 0 3072 4503599631564800
124 1 198 2 366 1 2251799815782400 18014398509481984 48 36029071896870912 290495370104930304 0 4096 36028797052518400 3377699723673600 36028797018963968 16 54043745284259840 579842850070462464 0 8192 54043195578777600 1125899907891200 54043195528445952 32 18015223143202816 865825824455000064 0 12288 18014398526259200
125 1 199 2 367 1 9007199263129600 72057594037927936 192 144116287587483648 1161981480419721216 0 16384 144115188210073600 13510798894694400 144115188075855872 64 216174981137039360 2319371400281849856 0 32768 216172782315110400 4503599631564800 216172782113783808 128 72060892572811264 3463303297820000256 0 49152 72057594105036800
126 1 200 2 368 1 36028797052518400 288230376151711744 768 576465150349934592 4647925921678884864 0 65536 576460752840294400 54043195578777600 576460752303423488 256 864699924548157440 9277485601127399424 0 131072 864691129260441600 18014398526259200 864691128455135232 512 288243570291245056 13853213191280001024 0 196608 288230376420147200
127 1 201 2 369 1 144115188210073600 1152921504606846976 3072 2305860601399738368 144959613005987840 1 262144 2305843011361177600 216172782315110400 2305843009213693952 1024 3458799698192629760 216454257090494464 2 524288 3458764517041766400 72057594105036800 3458764513820540928 2048 1152974281164980224 72620543991349248 3 786432 1152921505680588800
0 1 202 2 370 1 576460752840294400 4611686018427387904 12288 9223442405598953472 579838452023951360 4 1048576 9223372045444710400 864691129260441600 9223372036854775808 4096 13835198792770519040 865817028361977856 8 2097152 13835058068167065600 288230376420147200 13835058055282163712 8192 4611897124659920896 290482175965396992 12 3145728 4611686022722355200
1 1 203 2 371 1 2305843011361177602 0 49153 281474976710656 2319353808095805442 16 4194304 34359738368 3458764517041766403 0 16386 562949953421312 3463268113447911427 32 8388608 51539607552 1152921505680588801 0 32771 844424930131968 1161928703861587969 48 12582912 17179869184
2 1 204 2 372 1 9223372045444710408 0 196612 1125899906842624 9277415232383221768 64 16777216 137438953472 13835058068167065612 0 65544 2251799813685248 13853072453791645708 128 33554432 206158430208 4611686022722355204 0 131084 3377699720527872 4647714815446351876 192 50331648 68719476736
3 1 205 2 373 1 34359738400 2 786448 4503599627370496 216172782113783840 258 67108864 549755813888 51539607600 3 262176 9007199254740992 72057594037927984 515 134217728 824633720832 17179869200 1 524336 13510798882111488 144115188075855888 769 201326592 274877906944
4 1 206 2 374 1 137438953600 8 3145792 18014398509481984 864691128455135360 1032 268435456 2199023255552 206158430400 12 1048704 36028797018963968 288230376151711936 2060 536870912 3298534883328 68719476800 4 2097344 54043195528445952 576460752303423552 3076 805306368 1099511627776
5 1 207 2 375 1 549755814400 32 12583168 72057594037927936 3458764513820541440 4128 1073741824 8796093022208 824633721600 48 4194816 144115188075855872 1152921504606847744 8240 2147483648 13194139533312 274877907200 16 8389376 216172782113783808 2305843009213694208 12304 3221225472 4398046511104
6 1 208 2 376 1 2199023257600 128 50332672 288230376151711744 13835058055282165760 16512 4294967296 35184372088832 3298534886400 192 16779264 576460752303423488 4611686018427390976 32960 8589934592 52776558133248 1099511628800 64 33557504 864691128455135232 9223372036854776832 49216 12884901888 17592186044416
7 1 209 2 377 1 8796093030400 512 201330688 1152921504606846976 8192 66051 17179869184 140737488355328 13194139545600 768 67117056 2305843009213693952 12288 131841 34359738368 211106232532992 4398046515200 256 134230016 3458764513820540928 4096 196866 51539607552 70368744177664
8 1 210 2 378 1 35184372121600 2048 805322752 4611686018427387904 32768 264204 68719476736 562949953421312 52776558182400 3072 268468224 9223372036854775808 49152 527364 137438953472 844424930131968 17592186060800 1024 536920064 13835058055282163712 16384 787464 206158430208 281474976710656
9 1 211 2 379 1 140737488486401 8192 3221291008 0 131072 1056816 274877906944 2251799813685248 211106232729602 12288 1073872896 0 196608 2109456 549755813888 3377699720527872 70368744243203 4096 2147680256 0 65536 3149856 824633720832 1125899906842624
10 1 212 2 380 1 562949953945604 32768 12885164032 0 524288 4227264 1099511627776 9007199254740992 844424930918408 49152 4295491584 0 786432 8437824 2199023255552 13510798882111488 281474976972812 16384 8590721024 0 262144 12599424 3298534883328 4503599627370496
11 1 213 2 381 1 2251799815782416 131072 51540656128 0 2097152 16909056 4398046511104 36028797018963968 3377699723673632 196608 17181966336 0 3145728 33751296 8796093022208 54043195528445952 1125899907891248 65536 34362884096 0 1048576 50397696 13194139533312 18014398509481984
12 1 214 2 382 1 9007199263129664 524288 206162624512 0 8388608 67636224 17592186044416 144115188075855872 13510798894694528 786432 68727865344 0 12582912 135005184 35184372088832 216172782113783808 4503599631564992 262144 137451536384 0 4194304 201590784 52776558133248 72057594037927936
13 1 215 2 383 1 36028797052518656 2097152 824650498048 0 33554432 270544896 70368744177664 576460752303423488 54043195578778112 3145728 274911461376 0 50331648 540020736 140737488355328 864691128455135232 18014398526259968 1048576 549806145536 0 16777216 806363136 211106232532992 288230376151711744
14 1 216 2 256 1 144115188210074624 8388608 3298601992192 0 134217728 1082179584 281474976710656 2305843009213693952 216172782315112448 12582912 1099645845504 0 201326592 2160082944 562949953421312 3458764513820540928 72057594105039872 4194304 2199224582144 0 67108864 3225452544 844424930131968 1152921504606846976
15 1 217 2 257 1 576460752840298496 33554432 13194407968768 0 536870912 4328718336 1125899906842624 9223372036854775808 864691129260449792 50331648 4398583382016 0 805306368 8640331776 2251799813685248 13835058055282163712 288230376420159488 16777216 8796898328576 0 268435456 12901810176 3377699720527872 4611686018427387904
16 1 218 2 258 1 2305843011361193984 134217728 52777631875072 0 2147483650 17314873344 4503599627370496 0 3458764517041799168 201326592 17594333528064 0 3221225475 34561327104 9007199254740992 0 1152921505680637952 67108864 35187593314304 0 1073741825 51607240704 13510798882111488 0
17 1 219 2 259 1 9223372045444775936 536870912 211110527500288 0 8589934600 69259493376 18014398509481984 0 13835058068167196672 805306368 70377334112256 0 12884901900 138245308416 36028797018963968 0 4611686022722551808 268435456 140750373257216 0 4294967300 206428962816 54043195528445952 0
18 1 220 2 260 1 34360000512 2147483650 844442110001152 0 34359738400 277037973504 72057594037927936 0 51540131840 3221225475 281509336449024 0 51539607600 552981233664 144115188075855872 0 17180655616 1073741825 563001493028864 0 17179869200 825715851264 216172782113783808 0
19 1 221 2 261 1 137440002048 8589934600 3377768440004608 0 137438953600 1108151894016 288230376151711744 0 206160527360 12884901900 1126037345796096 0 206158430400 2211924934656 576460752303423488 0 68722622464 4294967300 2252005972115456 0 68719476800 3302863405056 864691128455135232 0
20 1 222 2 262 1 549760008192 34359738400 13511073760018432 0 549755814400 4432607576064 1152921504606846976 0 824642109440 51539607600 4504149383184384 0 824633721600 8847699738624 2305843009213693952 0 274890489856 17179869200 9008023888461824 0 274877907200 13211453620224 3458764513820540928 0
21 1 223 2 263 1 2199040032768 137438953600 54044295040073728 0 2199023257600 17730430304256 4611686018427387904 0 3298568437760 206158430400 18016597532737536 0 3298534886400 35390798954496 9223372036854775808 0 1099561959424 68719476800 36032095553847296 0 1099511628800 52845814480896 13835058055282163712 0
22 1 224 2 264 1 8796160131072 549755814400 216177180160294912 0 8796093030400 70921721217024 0 1 13194273751040 824633721600 72066390130950144 0 13194139545600 141563195817984 0 2 4398247837696 274877907200 144128382215389184 0 4398046515200 211383257923584 0 3
23 1 225 2 265 1 35184640524288 2199023257600 864708720641179648 0 35184372121600 283686884868096 0 4 52777095004160 3298534886400 288265560523800576 0 52776558182400 566252783271936 0 8 17592991350784 1099511628800 576513528861556736 0 17592186060800 845533031694336 0 12
24 1 226 2 266 1 140738562097152 8796093030400 3458834882564718592 0 140737488486400 1134747539472384 0 16 211108380016640 13194139545600 1153062242095202304 0 211106232729600 2265011133087744 0 32 70371965403136 4398046515200 2306054115446226944 0 70368744243200 3382132126777344 0 48
25 1 227 2 267 1 562954248388608 35184372121600 13835339530258874368 0 562949953945600 4538990157889536 0 64 844433520066560 52776558182400 4612248968380809216 0 844424930918400 9060044532350976 0 128 281487861612544 17592186060800 9224216461784907776 0 281474976972800 13528528507109376 0 192
26 1 228 2 268 1 2251816993554432 140737488486400 1125899906842624 3 2251799815782400 18155960631558144 0 256 3377734080266240 211106232729600 2251799813685248 1 3377699723673600 36240178129403904 0 512 1125951446450176 70368744243200 3377699720527872 2 1125899907891200 54114114028437504 0 768
27 1 229 2 269 1 9007267974217728 562949953945600 4503599627370496 12 9007199263129600 72623842526232576 0 1024 13510936321064960 844424930918400 9007199254740992 4 13510798894694400 144960712517615616 0 2048 4503805785800704 281474976972800 13510798882111488 8 4503599631564800 216456456113750016 0 3072
28 1 230 2 270 1 36029071896870912 2251799815782400 18014398509481984 48 36028797052518400 290495370104930304 0 4096 54043745284259840 3377699723673600 36028797018963968 16 54043195578777600 579842850070462464 0 8192 18015223143202816 1125899907891200 54043195528445952 32 18014398526259200 865825824455000064 0 12288
29 1 231 2 271 1 144116287587483648 9007199263129600 72057594037927936 192 144115188210073600 1161981480419721216 0 16384 216174981137039360 13510798894694400 144115188075855872 64 216172782315110400 2319371400281849856 0 32768 72060892572811264 4503599631564800 216172782113783808 128 72057594105036800 3463303297820000256 0 49152
30 1 232 2 272 1 576465150349934592 36028797052518400 288230376151711744 768 576460752840294400 4647925921678884864 0 65536 864699924548157440 54043195578777600 576460752303423488 256 864691129260441600 9277485601127399424 0 131072 288243570291245056 18014398526259200 864691128455135232 512 288230376420147200 13853213191280001024 0 196608
31 1 233 2 273 1 2305860601399738368 144115188210073600 1152921504606846976 3072 2305843011361177600 144959613005987840 1 262144 3458799698192629760 216172782315110400 2305843009213693952 1024 3458764517041766400 216454257090494464 2 524288 1152974281164980224 72057594105036800 3458764513820540928 2048 1152921505680588800 72620543991349248 3 786432
32 1 234 2 274 1 9223442405598953472 576460752840294400 4611686018427387904 12288 9223372045444710400 579838452023951360 4 1048576 13835198792770519040 864691129260441600 9223372036854775808 4096 13835058068167065600 865817028361977856 8 2097152 4611897124659920896 288230376420147200 13835058055282163712 8192 4611686022722355200 290482175965396992 12 3145728
33 1 235 2 275 1 281474976710656 2305843011361177602 0 49153 34359738368 2319353808095805442 16 4194304 562949953421312 3458764517041766403 0 16386 51539607552 3463268113447911427 32 8388608 844424930131968 1152921505680588801 0 32771 17179869184 1161928703861587969 48 12582912
34 1 236 2 276 1 1125899906842624 9223372045444710408 0 196612 137438953472 9277415232383221768 64 16777216 2251799813685248 13835058068167065612 0 65544 206158430208 13853072453791645708 128 33554432 3377699720527872 4611686022722355204 0 131084 68719476736 4647714815446351876 192 50331648
35 1 237 2 277 1 4503599627370496 34359738400 2 786448 549755813888 216172782113783840 258 67108864 9007199254740992 51539607600 3 262176 824633720832 72057594037927984 515 134217728 13510798882111488 17179869200 1 524336 274877906944 144115188075855888 769 201326592
36 1 238 2 278 1 18014398509481984 137438953600 8 3145792 2199023255552 864691128455135360 1032 268435456 36028797018963968 206158430400 12 1048704 3298534883328 288230376151711936 2060 536870912 54043195528445952 68719476800 4 2097344 1099511627776 576460752303423552 3076 805306368
37 1 239 2 279 1 72057594037927936 549755814400 32 12583168 8796093022208 3458764513820541440 4128 1073741824 144115188075855872 824633721600 48 4194816 13194139533312 1152921504606847744 8240 2147483648 216172782113783808 274877907200 16 8389376 4398046511104 2305843009213694208 12304 3221225472
38 1 240 2 280 1 288230376151711744 2199023257600 128 50332672 35184372088832 13835058055282165760 16512 4294967296 576460752303423488 3298534886400 192 16779264 52776558133248 4611686018427390976 32960 8589934592 864691128455135232 1099511628800 64 33557504 17592186044416 9223372036854776832 49216 12884901888
39 1 241 2 281 1 1152921504606846976 8796093030400 512 201330688 140737488355328 8192 66051 17179869184 2305843009213693952 13194139545600 768 67117056 211106232532992 12288 131841 34359738368 3458764513820540928 4398046515200 256 134230016 70368744177664 4096 196866 51539607552
40 1 242 2 282 1 4611686018427387904 35184372121600 2048 805322752 562949953421312 32768 264204 68719476736 9223372036854775808 52776558182400 3072 268468224 844424930131968 49152 527364 137438953472 13835058055282163712 17592186060800 1024 536920064 281474976710656 16384 787464 206158430208
41 1 243 2 283 1 0 140737488486401 8192 3221291008 2251799813685248 131072 1056816 274877906944 0 211106232729602 12288 1073872896 3377699720527872 196608 2109456 549755813888 0 70368744243203 4096 2147680256 1125899906842624 65536 3149856 824633720832
42 1 244 2 284 1 0 562949953945604 32768 12885164032 9007199254740992 524288 4227264 1099511627776 0 844424930918408 49152 4295491584 13510798882111488 786432 8437824 2199023255552 0 281474976972812 16384 8590721024 4503599627370496 262144 12599424 3298534883328
43 1 245 2 285 1 0 2251799815782416 131072 51540656128 36028797018963968 2097152 16909056 4398046511104 0 3377699723673632 196608 17181966336 54043195528445952 3145728 33751296 8796093022208 0 1125899907891248 65536 34362884096 18014398509481984 1048576 50397696 13194139533312
44 1 246 2 286 1 0 9007199263129664 524288 206162624512 144115188075855872 8388608 67636224 17592186044416 0 13510798894694528 786432 68727865344 216172782113783808 12582912 135005184 35184372088832 0 4503599631564992 262144 137451536384 72057594037927936 4194304 201590784 52776558133248
45 1 247 2 287 1 0 36028797052518656 2097152 824650498048 576460752303423488 33554432 270544896 70368744177664 0 54043195578778112 3145728 274911461376 864691128455135232 50331648 540020736 140737488355328 0 18014398526259968 1048576 549806145536 288230376151711744 16777216 806363136 211106232532992
46 1 248 2 288 1 0 144115188210074624 8388608 3298601992192 2305843009213693952 134217728 1082179584 281474976710656 0 216172782315112448 12582912 1099645845504 3458764513820540928 201326592 2160082944 562949953421312 0 72057594105039872 4194304 2199224582144 1152921504606846976 67108864 3225452544 844424930131968
47 1 249 2 289 1 0 576460752840298496 33554432 13194407968768 9223372036854775808 536870912 4328718336 1125899906842624 0 864691129260449792 50331648 4398583382016 13835058055282163712 805306368 8640331776 2251799813685248 0 288230376420159488 16777216 8796898328576 4611686018427387904 268435456 12901810176 3377699720527872
48 1 250 2 290 1 0 2305843011361193984 134217728 52777631875072 0 2147483650 17314873344 4503599627370496 0 3458764517041799168 201326592 17594333528064 0 3221225475 34561327104 9007199254740992 0 1152921505680637952 67108864 35187593314304 0 1073741825 51607240704 13510798882111488
49 1 251 2 291 1 0 9223372045444775936 536870912 211110527500288 0 8589934600 69259493376 18014398509481984 0 13835058068167196672 805306368 70377334112256 0 12884901900 138245308416 36028797018963968 0 4611686022722551808 268435456 140750373257216 0 4294967300 206428962816 54043195528445952
50 1 252 2 292 1 0 34360000512 2147483650 844442110001152 0 34359738400 277037973504 72057594037927936 0 51540131840 3221225475 281509336449024 0 51539607600 552981233664 144115188075855872 0 17180655616 1073741825 563001493028864 0 17179869200 825715851264 216172782113783808
51 1 253 2 293 1 0 137440002048 8589934600 3377768440004608 0 137438953600 1108151894016 288230376151711744 0 206160527360 12884901900 1126037345796096 0 206158430400 2211924934656 576460752303423488 0 68722622464 4294967300 2252005972115456 0 68719476800 3302863405056 864691128455135232
52 1 254 2 294 1 0 549760008192 34359738400 13511073760018432 0 549755814400 4432607576064 1152921504606846976 0 824642109440 51539607600 4504149383184384 0 824633721600 8847699738624 2305843009213693952 0 274890489856 17179869200 9008023888461824 0 274877907200 13211453620224 3458764513820540928
53 1 255 2 295 1 0 2199040032768 137438953600 54044295040073728 0 2199023257600 17730430304256 4611686018427387904 0 3298568437760 206158430400 18016597532737536 0 3298534886400 35390798954496 9223372036854775808 0 1099561959424 68719476800 36032095553847296 0 1099511628800 52845814480896 13835058055282163712
54 1 128 2 296 1 0 8796160131072 549755814400 216177180160294912 1 8796093030400 70921721217024 0 0 13194273751040 824633721600 72066390130950144 2 13194139545600 141563195817984 0 0 4398247837696 274877907200 144128382215389184 3 4398046515200 211383257923584 0
55 1 129 2 297 1 0 35184640524288 2199023257600 864708720641179648 4 35184372121600 283686884868096 0 0 52777095004160 3298534886400 288265560523800576 8 52776558182400 566252783271936 0 0 17592991350784 1099511628800 576513528861556736 12 17592186060800 845533031694336 0
56 1 130 2 298 1 0 140738562097152 8796093030400 3458834882564718592 16 140737488486400 1134747539472384 0 0 211108380016640 13194139545600 1153062242095202304 32 211106232729600 2265011133087744 0 0 70371965403136 4398046515200 2306054115446226944 48 70368744243200 3382132126777344 0
57 1 131 2 299 1 0 562954248388608 35184372121600 13835339530258874368 64 562949953945600 4538990157889536 0 0 844433520066560 52776558182400 4612248968380809216 128 844424930918400 9060044532350976 0 0 281487861612544 17592186060800 9224216461784907776 192 281474976972800 13528528507109376 0
58 1 132 2 300 1 3 2251816993554432 140737488486400 1125899906842624 256 2251799815782400 18155960631558144 0 1 3377734080266240 211106232729600 2251799813685248 512 3377699723673600 36240178129403904 0 2 1125951446450176 70368744243200 3377699720527872 768 1125899907891200 54114114028437504 0
59 1 133 2 301 1 12 9007267974217728 562949953945600 4503599627370496 1024 9007199263129600 72623842526232576 0 4 13510936321064960 844424930918400 9007199254740992 2048 13510798894694400 144960712517615616 0 8 4503805785800704 281474976972800 13510798882111488 3072 4503599631564800 216456456113750016 0
60 1 134 2 302 1 48 36029071896870912 2251799815782400 18014398509481984 4096 36028797052518400 290495370104930304 0 16 54043745284259840 3377699723673600 36028797018963968 8192 54043195578777600 579842850070462464 0 32 18015223143202816 1125899907891200 54043195528445952 12288 18014398526259200 865825824455000064 0
61 1 135 2 303 1 192 144116287587483648 9007199263129600 72057594037927936 16384 144115188210073600 1161981480419721216 0 64 216174981137039360 13510798894694400 144115188075855872 32768 216172782315110400 2319371400281849856 0 128 72060892572811264 4503599631564800 216172782113783808 49152 72057594105036800 3463303297820000256 0
62 1 136 2 304 1 768 576465150349934592 36028797052518400 288230376151711744 65536 576460752840294400 4647925921678884864 0 256 864699924548157440 54043195578777600 576460752303423488 131072 864691129260441600 9277485601127399424 0 512 288243570291245056 18014398526259200 864691128455135232 196608 288230376420147200 13853213191280001024 0
63 1 137 2 305 1 3072 2305860601399738368 144115188210073600 1152921504606846976 262144 2305843011361177600 144959613005987840 1 1024 3458799698192629760 216172782315110400 2305843009213693952 524288 3458764517041766400 216454257090494464 2 2048 1152974281164980224 72057594105036800 3458764513820540928 786432 1152921505680588800 72620543991349248 3
64 1 138 2 306 1 12288 9223442405598953472 576460752840294400 4611686018427387904 1048576 9223372045444710400 579838452023951360 4 4096 13835198792770519040 864691129260441600 9223372036854775808 2097152 13835058068167065600 865817028361977856 8 8192 4611897124659920896 288230376420147200 13835058055282163712 3145728 4611686022722355200 290482175965396992 12
65 1 139 2 307 1 49153 281474976710656 2305843011361177602 0 4194304 34359738368 2319353808095805442 16 16386 562949953421312 3458764517041766403 0 8388608 51539607552 3463268113447911427 32 32771 844424930131968 1152921505680588801 0 12582912 17179869184 1161928703861587969 48
66 1 140 2 308 1 196612 1125899906842624 9223372045444710408 0 16777216 137438953472 9277415232383221768 64 65544 2251799813685248 13835058068167065612 0 33554432 206158430208 13853072453791645708 128 131084 3377699720527872 4611686022722355204 0 50331648 68719476736 4647714815446351876 192
67 1 141 2 309 1 786448 4503599627370496 34359738400 2 67108864 549755813888 216172782113783840 258 262176 9007199254740992 51539607600 3 134217728 824633720832 72057594037927984 515 524336 13510798882111488 17179869200 1 201326592 274877906944 144115188075855888 769
68 1 142 2 310 1 3145792 18014398509481984 137438953600 8 268435456 2199023255552 864691128455135360 1032 1048704 36028797018963968 206158430400 12 536870912 3298534883328 288230376151711936 2060 2097344 54043195528445952 68719476800 4 805306368 1099511627776 576460752303423552 3076
69 1 143 2 311 1 12583168 72057594037927936 549755814400 32 1073741824 8796093022208 3458764513820541440 4128 4194816 144115188075855872 824633721600 48 2147483648 13194139533312 1152921504606847744 8240 8389376 216172782113783808 274877907200 16 3221225472 4398046511104 2305843009213694208 12304
70 1 144 2 312 1 50332672 288230376151711744 2199023257600 128 4294967296 35184372088832 13835058055282165760 16512 16779264 576460752303423488 3298534886400 192 8589934592 52776558133248 4611686018427390976 32960 33557504 864691128455135232 1099511628800 64 12884901888 17592186044416 9223372036854776832 49216
71 1 145 2 313 1 201330688 1152921504606846976 8796093030400 512 17179869184 140737488355328 8192 66051 67117056 2305843009213693952 13194139545600 768 34359738368 211106232532992 12288 131841 134230016 3458764513820540928 4398046515200 256 51539607552 70368744177664 4096 196866
72 1 146 2 314 1 805322752 4611686018427387904 35184372121600 2048 68719476736 562949953421312 32768 264204 268468224 9223372036854775808 52776558182400 3072 137438953472 844424930131968 49152 527364 536920064 13835058055282163712 17592186060800 1024 206158430208 281474976710656 16384 787464
73 1 147 2 315 1 3221291008 0 140737488486401 8192 274877906944 2251799813685248 131072 1056816 1073872896 0 211106232729602 12288 549755813888 3377699720527872 196608 2109456 2147680256 0 70368744243203 4096 824633720832 1125899906842624 65536 3149856
74 1 148 2 316 1 12885164032 0 562949953945604 32768 1099511627776 9007199254740992 524288 4227264 4295491584 0 844424930918408 49152 2199023255552 13510798882111488 786432 8437824 8590721024 0 281474976972812 16384 3298534883328 4503599627370496 262144 12599424
75 1 149 2 317 1 51540656128 0 2251799815782416 131072 4398046511104 36028797018963968 2097152 16909056 17181966336 0 3377699723673632 196608 8796093022208 54043195528445952 3145728 33751296 34362884096 0 1125899907891248 65536 13194139533312 18014398509481984 1048576 50397696
76 1 150 2 318 1 206162624512 0 9007199263129664 524288 17592186044416 144115188075855872 8388608 67636224 68727865344 0 13510798894694528 786432 35184372088832 216172782113783808 12582912 135005184 137451536384 0 4503599631564992 262144 52776558133248 72057594037927936 4194304 201590784
77 1 151 2 319 1 824650498048 0 36028797052518656 2097152 70368744177664 576460752303423488 33554432 270544896 274911461376 0 54043195578778112 3145728 140737488355328 864691128455135232 50331648 540020736 549806145536 0 18014398526259968 1048576 211106232532992 288230376151711744 16777216 806363136
78 1 152 2 320 1 3298601992192 0 144115188210074624 8388608 281474976710656 2305843009213693952 134217728 1082179584 1099645845504 0 216172782315112448 12582912 562949953421312 3458764513820540928 201326592 2160082944 2199224582144 0 72057594105039872 4194304 844424930131968 1152921504606846976 67108864 3225452544
79 1 153 2 321 1 13194407968768 0 576460752840298496 33554432 1125899906842624 9223372036854775808 536870912 4328718336 4398583382016 0 864691129260449792 50331648 2251799813685248 13835058055282163712 805306368 8640331776 8796898328576 0 288230376420159488 16777216 3377699720527872 4611686018427387904 268435456 12901810176
80 1 154 2 322 1 52777631875072 0 2305843011361193984 134217728 4503599627370496 0 2147483650 17314873344 17594333528064 0 3458764517041799168 201326592 9007199254740992 0 3221225475 34561327104 35187593314304 0 1152921505680637952 67108864 13510798882111488 0 1073741825 51607240704
81 1 155 2 323 1 211110527500288 0 9223372045444775936 536870912 18014398509481984 0 8589934600 69259493376 70377334112256 0 13835058068167196672 805306368 36028797018963968 0 12884901900 138245308416 140750373257216 0 4611686022722551808 268435456 54043195528445952 0 4294967300 206428962816
82 1 156 2 324 1 844442110001152 0 34360000512 2147483650 72057594037927936 0 34359738400 277037973504 281509336449024 0 51540131840 3221225475 144115188075855872 0 51539607600 552981233664 563001493028864 0 17180655616 1073741825 216172782113783808 0 17179869200 825715851264
83 1 157 2 325 1 3377768440004608 0 137440002048 8589934600 288230376151711744 0 137438953600 1108151894016 1126037345796096 0 206160527360 12884901900 576460752303423488 0 206158430400 2211924934656 2252005972115456 0 68722622464 4294967300 864691128455135232 0 68719476800 3302863405056
84 1 158 2 326 1 13511073760018432 0 549760008192 34359738400 1152921504606846976 0 549755814400 4432607576064 4504149383184384 0 824642109440 51539607600 2305843009213693952 0 824633721600 8847699738624 9008023888461824 0 274890489856 17179869200 3458764513820540928 0 274877907200 13211453620224
85 1 159 2 327 1 54044295040073728 0 2199040032768 137438953600 4611686018427387904 0 2199023257600 17730430304256 18016597532737536 0 3298568437760 206158430400 9223372036854775808 0 3298534886400 35390798954496 36032095553847296 0 1099561959424 68719476800 13835058055282163712 0 1099511628800 52845814480896
86 1 160 2 328 1 216177180160294912 0 8796160131072 549755814400 0 1 8796093030400 70921721217024 72066390130950144 0 13194273751040 824633721600 0 2 13194139545600 141563195817984 144128382215389184 0 4398247837696 274877907200 0 3 4398046515200 211383257923584
87 1 161 2 329 1 864708720641179648 0 35184640524288 2199023257600 0 4 35184372121600 283686884868096 288265560523800576 0 52777095004160 3298534886400 0 8 52776558182400 566252783271936 576513528861556736 0 17592991350784 1099511628800 0 12 17592186060800 845533031694336
88 1 162 2 330 1 3458834882564718592 0 140738562097152 8796093030400 0 16 140737488486400 1134747539472384 1153062242095202304 0 211108380016640 13194139545600 0 32 211106232729600 2265011133087744 2306054115446226944 0 70371965403136 4398046515200 0 48 70368744243200 3382132126777344
89 1 163 2 331 1 13835339530258874368 0 562954248388608 35184372121600 0 64 562949953945600 4538990157889536 4612248968380809216 0 844433520066560 52776558182400 0 128 844424930918400 9060044532350976 9224216461784907776 0 281487861612544 17592186060800 0 192 281474976972800 13528528507109376
90 1 164 2 332 1 1125899906842624 3 2251816993554432 140737488486400 0 256 2251799815782400 18155960631558144 2251799813685248 1 3377734080266240 211106232729600 0 512 3377699723673600 36240178129403904 3377699720527872 2 1125951446450176 70368744243200 0 768 1125899907891200 54114114028437504
91 1 165 2 333 1 4503599627370496 12 9007267974217728 562949953945600 0 1024 9007199263129600 72623842526232576 9007199254740992 4 13510936321064960 844424930918400 0 2048 13510798894694400 144960712517615616 13510798882111488 8 4503805785800704 281474976972800 0 3072 4503599631564800 216456456113750016
92 1 166 2 334 1 18014398509481984 48 36029071896870912 2251799815782400 0 4096 36028797052518400 290495370104930304 36028797018963968 16 54043745284259840 3377699723673600 0 8192 54043195578777600 579842850070462464 54043195528445952 32 18015223143202816 1125899907891200 0 12288 18014398526259200 865825824455000064
93 1 167 2 335 1 72057594037927936 192 144116287587483648 9007199263129600 0 16384 144115188210073600 1161981480419721216 144115188075855872 64 216174981137039360 13510798894694400 0 32768 216172782315110400 2319371400281849856 216172782113783808 128 72060892572811264 4503599631564800 0 49152 72057594105036800 3463303297820000256
94 1 168 2 336 1 288230376151711744 768 576465150349934592 36028797052518400 0 65536 576460752840294400 4647925921678884864 576460752303423488 256 864699924548157440 54043195578777600 0 131072 864691129260441600 9277485601127399424 864691128455135232 512 288243570291245056 18014398526259200 0 196608 288230376420147200 13853213191280001024
95 1 169 2 337 1 1152921504606846976 3072 2305860601399738368 144115188210073600 1 262144 2305843011361177600 144959613005987840 2305843009213693952 1024 3458799698192629760 216172782315110400 2 524288 3458764517041766400 216454257090494464 3458764513820540928 2048 1152974281164980224 72057594105036800 3 786432 1152921505680588800 72620543991349248
96 1 170 2 338 1 4611686018427387904 12288 9223442405598953472 576460752840294400 4 1048576 9223372045444710400 579838452023951360 9223372036854775808 4096 13835198792770519040 864691129260441600 8 2097152 13835058068167065600 865817028361977856 13835058055282163712 8192 4611897124659920896 288230376420147200 12 3145728 4611686022722355200 290482175965396992
97 1 171 2 339 1 0 49153 281474976710656 2305843011361177602 16 4194304 34359738368 2319353808095805442 0 16386 562949953421312 3458764517041766403 32 8388608 51539607552 3463268113447911427 0 32771 844424930131968 1152921505680588801 48 12582912 17179869184 1161928703861587969
98 1 172 2 340 1 0 196612 1125899906842624 9223372045444710408 64 16777216 137438953472 9277415232383221768 0 65544 2251799813685248 13835058068167065612 128 33554432 206158430208 13853072453791645708 0 131084 3377699720527872 4611686022722355204 192 50331648 68719476736 4647714815446351876
43 1 128 1 271 1 1 0 0 0 0 0 0 0 2 0 0 0 0 0 0 0 3 0 0 0 0 0 0 0
44 1 129 1 272 1 4 0 0 0 0 0 0 0 8 0 0 0 0 0 0 0 12 0 0 0 0 0 0 0
45 1 130 1 273 1 16 0 0 0 0 0 0 0 32 0 0 0 0 0 0 0 48 0 0 0 0 0 0 0
46 1 131 1 274 1 64 0 0 0 0 0 0 0 128 0 0 0 0 0 0 0 192 0 0 0 0 0 0 0
47 1 132 1 275 1 256 0 0 0 0 0 0 0 512 0 0 0 0 0 0 0 768 0 0 0 0 0 0 0
48 1 133 1 276 1 1024 0 0 0 0 0 0 0 2048 0 0 0 0 0 0 0 3072 0 0 0 0 0 0 0
49 1 134 1 277 1 4096 0 0 0 0 0 0 0 8192 0 0 0 0 0 0 0 12288 0 0 0 0 0 0 0
50 1 135 1 278 1 16384 0 0 0 0 0 0 0 32768 0 0 0 0 0 0 0 49152 0 0 0 0 0 0 0
51 1 136 1 279 1 65536 0 0 0 0 0 0 0 131072 0 0 0 0 0 0 0 196608 0 0 0 0 0 0 0
52 1 137 1 280 1 262144 0 0 0 0 0 0 0 524288 0 0 0 0 0 0 0 786432 0 0 0 0 0 0 0
53 1 138 1 281 1 1048576 0 0 0 0 0 0 0 2097152 0 0 0 0 0 0 0 3145728 0 0 0 0 0 0 0
54 1 139 1 282 1 4194304 0 0 0 0 0 0 0 8388608 0 0 0 0 0 0 0 12582912 0 0 0 0 0 0 0
55 1 140 1 283 1 16777216 0 0 0 0 0 0 0 33554432 0 0 0 0 0 0 0 50331648 0 0 0 0 0 0 0
56 1 141 1 284 1 67108864 0 0 0 0 0 0 0 134217728 0 0 0 0 0 0 0 201326592 0 0 0 0 0 0 0
57 1 142 1 285 1 268435456 0 0 0 0 0 0 0 536870912 0 0 0 0 0 0 0 805306368 0 0 0 0 0 0 0
58 1 143 1 286 1 1073741824 0 0 0 0 0 0 0 2147483648 0 0 0 0 0 0 0 3221225472 0 0 0 0 0 0 0
59 1 144 1 287 1 4294967296 0 0 0 0 0 0 0 8589934592 0 0 0 0 0 0 0 12884901888 0 0 0 0 0 0 0
60 1 145 1 288 1 17179869184 0 0 0 0 0 0 0 34359738368 0 0 0 0 0 0 0 51539607552 0 0 0 0 0 0 0
61 1 146 1 289 1 68719476736 0 0 0 0 0 0 0 137438953472 0 0 0 0 0 0 0 206158430208 0 0 0 0 0 0 0
62 1 147 1 290 1 274877906944 0 0 0 0 0 0 0 549755813888 0 0 0 0 0 0 0 824633720832 0 0 0 0 0 0 0
63 1 148 1 291 1 1099511627776 0 0 0 0 0 0 0 2199023255552 0 0 0 0 0 0 0 3298534883328 0 0 0 0 0 0 0
64 1 149 1 292 1 4398046511104 0 0 0 0 0 0 0 8796093022208 0 0 0 0 0 0 0 13194139533312 0 0 0 0 0 0 0
65 1 150 1 293 1 17592186044416 0 0 0 0 0 0 0 35184372088832 0 0 0 0 0 0 0 52776558133248 0 0 0 0 0 0 0
66 1 151 1 294 1 70368744177664 0 0 0 0 0 0 0 140737488355328 0 0 0 0 0 0 0 211106232532992 0 0 0 0 0 0 0
67 1 152 1 295 1 281474976710656 0 0 0 0 0 0 0 562949953421312 0 0 0 0 0 0 0 844424930131968 0 0 0 0 0 0 0
68 1 153 1 296 1 1125899906842624 0 0 0 0 0 0 0 2251799813685248 0 0 0 0 0 0 0 3377699720527872 0 0 0 0 0 0 0
69 1 154 1 297 1 4503599627370496 0 0 0 0 0 0 0 9007199254740992 0 0 0 0 0 0 0 13510798882111488 0 0 0 0 0 0 0
70 1 155 1 298 1 18014398509481984 0 0 0 0 0 0 0 36028797018963968 0 0 0 0 0 0 0 54043195528445952 0 0 0 0 0 0 0
71 1 156 1 299 1 72057594037927936 0 0 0 0 0 0 0 144115188075855872 0 0 0 0 0 0 0 216172782113783808 0 0 0 0 0 0 0
72 1 157 1 300 1 288230376151711744 0 0 0 0 0 0 0 576460752303423488 0 0 0 0 0 0 0 864691128455135232 0 0 0 0 0 0 0
73 1 158 1 301 1 1152921504606846976 0 0 0 0 0 0 0 2305843009213693952 0 0 0 0 0 0 0 3458764513820540928 0 0 0 0 0 0 0
74 1 159 1 302 1 4611686018427387904 0 0 0 0 0 0 0 9223372036854775808 0 0 0 0 0 0 0 13835058055282163712 0 0 0 0 0 0 0
75 1 160 1 303 1 0 1 0 0 0 0 0 0 0 2 0 0 0 0 0 0 0 3 0 0 0 0 0 0
76 1 161 1 304 1 0 4 0 0 0 0 0 0 0 8 0 0 0 0 0 0 0 12 0 0 0 0 0 0
77 1 162 1 305 1 0 16 0 0 0 0 0 0 0 32 0 0 0 0 0 0 0 48 0 0 0 0 0 0
78 1 163 1 306 1 0 64 0 0 0 0 0 0 0 128 0 0 0 0 0 0 0 192 0 0 0 0 0 0
79 1 164 1 307 1 0 256 0 0 0 0 0 0 0 512 0 0 0 0 0 0 0 768 0 0 0 0 0 0
80 1 165 1 308 1 0 1024 0 0 0 0 0 0 0 2048 0 0 0 0 0 0 0 3072 0 0 0 0 0 0
81 1 166 1 309 1 0 4096 0 0 0 0 0 0 0 8192 0 0 0 0 0 0 0 12288 0 0 0 0 0 0
82 1 167 1 310 1 0 16384 0 0 0 0 0 0 0 32768 0 0 0 0 0 0 0 49152 0 0 0 0 0 0
83 1 168 1 311 1 0 65536 0 0 0 0 0 0 0 131072 0 0 0 0 0 0 0 196608 0 0 0 0 0 0
84 1 169 1 312 1 0 262144 0 0 0 0 0 0 0 524288 0 0 0 0 0 0 0 786432 0 0 0 0 0 0
85 1 170 1 313 1 0 1048576 0 0 0 0 0 0 0 2097152 0 0 0 0 0 0 0 3145728 0 0 0 0 0 0
86 1 171 1 314 1 0 4194304 0 0 0 0 0 0 0 8388608 0 0 0 0 0 0 0 12582912 0 0 0 0 0 0
87 1 172 1 315 1 0 16777216 0 0 0 0 0 0 0 33554432 0 0 0 0 0 0 0 50331648 0 0 0 0 0 0
88 1 173 1 316 1 0 67108864 0 0 0 0 0 0 0 134217728 0 0 0 0 0 0 0 201326592 0 0 0 0 0 0
89 1 174 1 317 1 0 268435456 0 0 0 0 0 0 0 536870912 0 0 0 0 0 0 0 805306368 0 0 0 0 0 0
90 1 175 1 318 1 0 1073741824 0 0 0 0 0 0 0 2147483648 0 0 0 0 0 0 0 3221225472 0 0 0 0 0 0
91 1 176 1 319 1 0 4294967296 0 0 0 0 0 0 0 8589934592 0 0 0 0 0 0 0 12884901888 0 0 0 0 0 0
92 1 177 1 320 1 0 17179869184 0 0 0 0 0 0 0 34359738368 0 0 0 0 0 0 0 51539607552 0 0 0 0 0 0
93 1 178 1 321 1 0 68719476736 0 0 0 0 0 0 0 137438953472 0 0 0 0 0 0 0 206158430208 0 0 0 0 0 0
94 1 179 1 322 1 0 274877906944 0 0 0 0 0 0 0 549755813888 0 0 0 0 0 0 0 824633720832 0 0 0 0 0 0
95 1 180 1 323 1 0 1099511627776 0 0 0 0 0 0 0 2199023255552 0 0 0 0 0 0 0 3298534883328 0 0 0 0 0 0
96 1 181 1 324 1 0 4398046511104 0 0 0 0 0 0 0 8796093022208 0 0 0 0 0 0 0 13194139533312 0 0 0 0 0 0
97 1 182 1 325 1 0 17592186044416 0 0 0 0 0 0 0 35184372088832 0 0 0 0 0 0 0 52776558133248 0 0 0 0 0 0
98 1 183 1 326 1 0 70368744177664 0 0 0 0 0 0 0 140737488355328 0 0 0 0 0 0 0 211106232532992 0 0 0 0 0 0
99 1 184 1 327 1 0 281474976710656 0 0 0 0 0 0 0 562949953421312 0 0 0 0 0 0 0 844424930131968 0 0 0 0 0 0
100 1 185 1 328 1 0 1125899906842624 0 0 0 0 0 0 0 2251799813685248 0 0 0 0 0 0 0 3377699720527872 0 0 0 0 0 0
101 1 186 1 329 1 0 4503599627370496 0 0 0 0 0 0 0 9007199254740992 0 0 0 0 0 0 0 13510798882111488 0 0 0 0 0 0
102 1 187 1 330 1 0 18014398509481984 0 0 0 0 0 0 0 36028797018963968 0 0 0 0 0 0 0 54043195528445952 0 0 0 0 0 0
103 1 188 1 331 1 0 72057594037927936 0 0 0 0 0 0 0 144115188075855872 0 0 0 0 0 0 0 216172782113783808 0 0 0 0 0 0
104 1 189 1 332 1 0 288230376151711744 0 0 0 0 0 0 0 576460752303423488 0 0 0 0 0 0 0 864691128455135232 0 0 0 0 0 0
105 1 190 1 333 1 0 1152921504606846976 0 0 0 0 0 0 0 2305843009213693952 0 0 0 0 0 0 0 3458764513820540928 0 0 0 0 0 0
106 1 191 1 334 1 0 4611686018427387904 0 0 0 0 0 0 0 9223372036854775808 0 0 0 0 0 0 0 13835058055282163712 0 0 0 0 0 0
107 1 192 1 335 1 0 0 1 0 0 0 0 0 0 0 2 0 0 0 0 0 0 0 3 0 0 0 0 0
108 1 193 1 336 1 0 0 4 0 0 0 0 0 0 0 8 0 0 0 0 0 0 0 12 0 0 0 0 0
109 1 194 1 337 1 0 0 16 0 0 0 0 0 0 0 32 0 0 0 0 0 0 0 48 0 0 0 0 0
110 1 195 1 338 1 0 0 64 0 0 0 0 0 0 0 128 0 0 0 0 0 0 0 192 0 0 0 0 0
111 1 196 1 339 1 0 0 256 0 0 0 0 0 0 0 512 0 0 0 0 0 0 0 768 0 0 0 0 0
112 1 197 1 340 1 0 0 1024 0 0 0 0 0 0 0 2048 0 0 0 0 0 0 0 3072 0 0 0 0 0
113 1 198 1 341 1 0 0 4096 0 0 0 0 0 0 0 8192 0 0 0 0 0 0 0 12288 0 0 0 0 0
114 1 199 1 342 1 0 0 16384 0 0 0 0 0 0 0 32768 0 0 0 0 0 0 0 49152 0 0 0 0 0
115 1 200 1 343 1 0 0 65536 0 0 0 0 0 0 0 131072 0 0 0 0 0 0 0 196608 0 0 0 0 0
116 1 201 1 344 1 0 0 262144 0 0 0 0 0 0 0 524288 0 0 0 0 0 0 0 786432 0 0 0 0 0
117 1 202 1 345 1 0 0 1048576 0 0 0 0 0 0 0 2097152 0 0 0 0 0 0 0 3145728 0 0 0 0 0
118 1 203 1 346 1 0 0 4194304 0 0 0 0 0 0 0 8388608 0 0 0 0 0 0 0 12582912 0 0 0 0 0
119 1 204 1 347 1 0 0 16777216 0 0 0 0 0 0 0 33554432 0 0 0 0 0 0 0 50331648 0 0 0 0 0
120 1 205 1 348 1 0 0 67108864 0 0 0 0 0 0 0 134217728 0 0 0 0 0 0 0 201326592 0 0 0 0 0
121 1 206 1 349 1 0 0 268435456 0 0 0 0 0 0 0 536870912 0 0 0 0 0 0 0 805306368 0 0 0 0 0
122 1 207 1 350 1 0 0 1073741824 0 0 0 0 0 0 0 2147483648 0 0 0 0 0 0 0 3221225472 0 0 0 0 0
123 1 208 1 351 1 0 0 4294967296 0 0 0 0 0 0 0 8589934592 0 0 0 0 0 0 0 12884901888 0 0 0 0 0
124 1 209 1 352 1 0 0 17179869184 0 0 0 0 0 0 0 34359738368 0 0 0 0 0 0 0 51539607552 0 0 0 0 0
125 1 210 1 353 1 0 0 68719476736 0 0 0 0 0 0 0 137438953472 0 0 0 0 0 0 0 206158430208 0 0 0 0 0
126 1 211 1 354 1 0 0 274877906944 0 0 0 0 0 0 0 549755813888 0 0 0 0 0 0 0 824633720832 0 0 0 0 0
127 1 212 1 355 1 0 0 1099511627776 0 0 0 0 0 0 0 2199023255552 0 0 0 0 0 0 0 3298534883328 0 0 0 0 0
0 1 213 1 356 1 0 0 4398046511104 0 0 0 0 0 0 0 8796093022208 0 0 0 0 0 0 0 13194139533312 0 0 0 0 0
1 1 214 1 357 1 0 0 17592186044416 0 0 0 0 0 0 0 35184372088832 0 0 0 0 0 0 0 52776558133248 0 0 0 0 0
2 1 215 1 358 1 0 0 70368744177664 0 0 0 0 0 0 0 140737488355328 0 0 0 0 0 0 0 211106232532992 0 0 0 0 0
3 1 216 1 359 1 0 0 281474976710656 0 0 0 0 0 0 0 562949953421312 0 0 0 0 0 0 0 844424930131968 0 0 0 0 0
4 1 217 1 360 1 0 0 1125899906842624 0 0 0 0 0 0 0 2251799813685248 0 0 0 0 0 0 0 3377699720527872 0 0 0 0 0
5 1 218 1 361 1 0 0 4503599627370496 0 0 0 0 0 0 0 9007199254740992 0 0 0 0 0 0 0 13510798882111488 0 0 0 0 0
6 1 219 1 362 1 0 0 18014398509481984 0 0 0 0 0 0 0 36028797018963968 0 0 0 0 0 0 0 54043195528445952 0 0 0 0 0
7 1 220 1 363 1 0 0 72057594037927936 0 0 0 0 0 0 0 144115188075855872 0 0 0 0 0 0 0 216172782113783808 0 0 0 0 0
8 1 221 1 364 1 0 0 288230376151711744 0 0 0 0 0 0 0 576460752303423488 0 0 0 0 0 0 0 864691128455135232 0 0 0 0 0
9 1 222 1 365 1 0 0 1152921504606846976 0 0 0 0 0 0 0 2305843009213693952 0 0 0 0 0 0 0 3458764513820540928 0 0 0 0 0
10 1 223 1 366 1 0 0 4611686018427387904 0 0 0 0 0 0 0 9223372036854775808 0 0 0 0 0 0 0 13835058055282163712 0 0 0 0 0
11 1 224 1 367 1 0 0 0 1 0 0 0 0 0 0 0 2 0 0 0 0 0 0 0 3 0 0 0 0
12 1 225 1 368 1 0 0 0 4 0 0 0 0 0 0 0 8 0 0 0 0 0 0 0 12 0 0 0 0
13 1 226 1 369 1 0 0 0 16 0 0 0 0 0 0 0 32 0 0 0 0 0 0 0 48 0 0 0 0
14 1 227 1 370 1 0 0 0 64 0 0 0 0 0 0 0 128 0 0 0 0 0 0 0 192 0 0 0 0
15 1 228 1 371 1 0 0 0 256 0 0 0 0 0 0 0 512 0 0 0 0 0 0 0 768 0 0 0 0
16 1 229 1 372 1 0 0 0 1024 0 0 0 0 0 0 0 2048 0 0 0 0 0 0 0 3072 0 0 0 0
17 1 230 1 373 1 0 0 0 4096 0 0 0 0 0 0 0 8192 0 0 0 0 0 0 0 12288 0 0 0 0
18 1 231 1 374 1 0 0 0 16384 0 0 0 0 0 0 0 32768 0 0 0 0 0 0 0 49152 0 0 0 0
19 1 232 1 375 1 0 0 0 65536 0 0 0 0 0 0 0 131072 0 0 0 0 0 0 0 196608 0 0 0 0
20 1 233 1 376 1 0 0 0 262144 0 0 0 0 0 0 0 524288 0 0 0 0 0 0 0 786432 0 0 0 0
21 1 234 1 377 1 0 0 0 1048576 0 0 0 0 0 0 0 2097152 0 0 0 0 0 0 0 3145728 0 0 0 0
22 1 235 1 378 1 0 0 0 4194304 0 0 0 0 0 0 0 8388608 0 0 0 0 0 0 0 12582912 0 0 0 0
23 1 236 1 379 1 0 0 0 16777216 0 0 0 0 0 0 0 33554432 0 0 0 0 0 0 0 50331648 0 0 0 0
24 1 237 1 380 1 0 0 0 67108864 0 0 0 0 0 0 0 134217728 0 0 0 0 0 0 0 201326592 0 0 0 0
25 1 238 1 381 1 0 0 0 268435456 0 0 0 0 0 0 0 536870912 0 0 0 0 0 0 0 805306368 0 0 0 0
26 1 239 1 382 1 0 0 0 1073741824 0 0 0 0 0 0 0 2147483648 0 0 0 0 0 0 0 3221225472 0 0 0 0
27 1 240 1 383 1 0 0 0 4294967296 0 0 0 0 0 0 0 8589934592 0 0 0 0 0 0 0 12884901888 0 0 0 0
28 1 241 1 256 1 0 0 0 17179869184 0 0 0 0 0 0 0 34359738368 0 0 0 0 0 0 0 51539607552 0 0 0 0
29 1 242 1 257 1 0 0 0 68719476736 0 0 0 0 0 0 0 137438953472 0 0 0 0 0 0 0 206158430208 0 0 0 0
30 1 243 1 258 1 0 0 0 274877906944 0 0 0 0 0 0 0 549755813888 0 0 0 0 0 0 0 824633720832 0 0 0 0
31 1 244 1 259 1 0 0 0 1099511627776 0 0 0 0 0 0 0 2199023255552 0 0 0 0 0 0 0 3298534883328 0 0 0 0
32 1 245 1 260 1 0 0 0 4398046511104 0 0 0 0 0 0 0 8796093022208 0 0 0 0 0 0 0 13194139533312 0 0 0 0
33 1 246 1 261 1 0 0 0 17592186044416 0 0 0 0 0 0 0 35184372088832 0 0 0 0 0 0 0 52776558133248 0 0 0 0
34 1 247 1 262 1 0 0 0 70368744177664 0 0 0 0 0 0 0 140737488355328 0 0 0 0 0 0 0 211106232532992 0 0 0 0
35 1 248 1 263 1 0 0 0 281474976710656 0 0 0 0 0 0 0 562949953421312 0 0 0 0 0 0 0 844424930131968 0 0 0 0
36 1 249 1 264 1 0 0 0 1125899906842624 0 0 0 0 0 0 0 2251799813685248 0 0 0 0 0 0 0 3377699720527872 0 0 0 0
37 1 250 1 265 1 0 0 0 4503599627370496 0 0 0 0 0 0 0 9007199254740992 0 0 0 0 0 0 0 13510798882111488 0 0 0 0
38 1 251 1 266 1 0 0 0 18014398509481984 0 0 0 0 0 0 0 36028797018963968 0 0 0 0 0 0 0 54043195528445952 0 0 0 0
39 1 252 1 267 1 0 0 0 72057594037927936 0 0 0 0 0 0 0 144115188075855872 0 0 0 0 0 0 0 216172782113783808 0 0 0 0
40 1 253 1 268 1 0 0 0 288230376151711744 0 0 0 0 0 0 0 576460752303423488 0 0 0 0 0 0 0 864691128455135232 0 0 0 0
41 1 254 1 269 1 0 0 0 1152921504606846976 0 0 0 0 0 0 0 2305843009213693952 0 0 0 0 0 0 0 3458764513820540928 0 0 0 0
42 1 255 1 270 1 0 0 0 4611686018427387904 0 0 0 0 0 0 0 9223372036854775808 0 0 0 0 0 0 0 13835058055282163712 0 0 0 0
0 1 172 1 341 3 0 0 0 0 0 0 0 0 0 0 0 0 0 0 0 0 0 0 0 0 0 0 0 0
1 1 173 1 342 3 0 0 0 0 0 0 0 0 0 0 0 0 0 0 0 0 0 0 0 0 0 0 0 0
2 1 174 1 343 3 0 0 0 0 0 0 0 0 0 0 0 0 0 0 0 0 0 0 0 0 0 0 0 0
3 1 175 1 344 3 0 0 0 0 0 0 0 0 0 0 0 0 0 0 0 0 0 0 0 0 0 0 0 0
4 1 176 1 345 3 0 0 0 0 0 0 0 0 0 0 0 0 0 0 0 0 0 0 0 0 0 0 0 0
5 1 177 1 346 3 0 0 0 0 0 0 0 0 0 0 0 0 0 0 0 0 0 0 0 0 0 0 0 0
6 1 178 1 347 3 0 0 0 0 0 0 0 0 0 0 0 0 0 0 0 0 0 0 0 0 0 0 0 0
7 1 179 1 348 3 0 0 0 0 0 0 0 0 0 0 0 0 0 0 0 0 0 0 0 0 0 0 0 0
8 1 180 1 349 3 0 0 0 0 0 0 0 0 0 0 0 0 0 0 0 0 0 0 0 0 0 0 0 0
9 1 181 1 350 3 0 0 0 0 0 0 0 0 0 0 0 0 0 0 0 0 0 0 0 0 0 0 0 0
10 1 182 1 351 3 0 0 0 0 0 0 0 0 0 0 0 0 0 0 0 0 0 0 0 0 0 0 0 0
11 1 183 1 352 3 0 0 0 0 0 0 0 0 0 0 0 0 0 0 0 0 0 0 0 0 0 0 0 0
12 1 184 1 353 3 0 0 0 0 0 0 0 0 0 0 0 0 0 0 0 0 0 0 0 0 0 0 0 0
13 1 185 1 354 3 0 0 0 0 0 0 0 0 0 0 0 0 0 0 0 0 0 0 0 0 0 0 0 0
14 1 186 1 355 3 0 0 0 0 0 0 0 0 0 0 0 0 0 0 0 0 0 0 0 0 0 0 0 0
15 1 187 1 356 3 0 0 0 0 0 0 0 0 0 0 0 0 0 0 0 0 0 0 0 0 0 0 0 0
16 1 188 1 357 3 0 0 0 0 0 0 0 0 0 0 0 0 0 0 0 0 0 0 0 0 0 0 0 0
17 1 189 1 358 3 0 0 0 0 0 0 0 0 0 0 0 0 0 0 0 0 0 0 0 0 0 0 0 0
18 1 190 1 359 3 0 0 0 0 0 0 0 0 0 0 0 0 0 0 0 0 0 0 0 0 0 0 0 0
19 1 191 1 360 3 0 0 0 0 0 0 0 0 0 0 0 0 0 0 0 0 0 0 0 0 0 0 0 0
20 1 192 1 361 3 0 0 0 0 0 0 0 0 0 0 0 0 0 0 0 0 0 0 0 0 0 0 0 0
21 1 193 1 362 3 0 0 0 0 0 0 0 0 0 0 0 0 0 0 0 0 0 0 0 0 0 0 0 0
22 1 194 1 363 3 0 0 0 0 0 0 0 0 0 0 0 0 0 0 0 0 0 0 0 0 0 0 0 0
23 1 195 1 364 3 0 0 0 0 0 0 0 0 0 0 0 0 0 0 0 0 0 0 0 0 0 0 0 0
24 1 196 1 365 3 0 0 0 0 0 0 0 0 0 0 0 0 0 0 0 0 0 0 0 0 0 0 0 0
25 1 197 1 366 3 0 0 0 0 0 0 0 0 0 0 0 0 0 0 0 0 0 0 0 0 0 0 0 0
26 1 198 1 367 3 0 0 0 0 0 0 0 0 0 0 0 0 0 0 0 0 0 0 0 0 0 0 0 0
27 1 199 1 368 3 0 0 0 0 0 0 0 0 0 0 0 0 0 0 0 0 0 0 0 0 0 0 0 0
28 1 200 1 369 3 0 0 0 0 0 0 0 0 0 0 0 0 0 0 0 0 0 0 0 0 0 0 0 0
29 1 201 1 370 3 0 0 0 0 0 0 0 0 0 0 0 0 0 0 0 0 0 0 0 0 0 0 0 0
30 1 202 1 371 3 0 0 0 0 0 0 0 0 0 0 0 0 0 0 0 0 0 0 0 0 0 0 0 0
31 1 203 1 372 3 0 0 0 0 0 0 0 0 0 0 0 0 0 0 0 0 0 0 0 0 0 0 0 0
32 1 204 1 373 3 0 0 0 0 0 0 0 0 0 0 0 0 0 0 0 0 0 0 0 0 0 0 0 0
33 1 205 1 374 3 0 0 0 0 0 0 0 0 0 0 0 0 0 0 0 0 0 0 0 0 0 0 0 0
34 1 206 1 375 3 0 0 0 0 0 0 0 0 0 0 0 0 0 0 0 0 0 0 0 0 0 0 0 0
35 1 207 1 376 3 0 0 0 0 0 0 0 0 0 0 0 0 0 0 0 0 0 0 0 0 0 0 0 0
36 1 208 1 377 3 0 0 0 0 0 0 0 0 0 0 0 0 0 0 0 0 0 0 0 0 0 0 0 0
37 1 209 1 378 3 0 0 0 0 0 0 0 0 0 0 0 0 0 0 0 0 0 0 0 0 0 0 0 0
38 1 210 1 379 3 0 0 0 0 0 0 0 0 0 0 0 0 0 0 0 0 0 0 0 0 0 0 0 0
39 1 211 1 380 3 0 0 0 0 0 0 0 0 0 0 0 0 0 0 0 0 0 0 0 0 0 0 0 0
40 1 212 1 381 3 0 0 0 0 0 0 0 0 0 0 0 0 0 0 0 0 0 0 0 0 0 0 0 0
41 1 213 1 382 3 0 0 0 0 0 0 0 0 0 0 0 0 0 0 0 0 0 0 0 0 0 0 0 0
42 1 214 1 383 3 0 0 0 0 0 0 0 0 0 0 0 0 0 0 0 0 0 0 0 0 0 0 0 0
43 1 215 1 256 3 0 0 0 0 0 0 0 0 0 0 0 0 0 0 0 0 0 0 0 0 0 0 0 0
44 1 216 1 257 3 0 0 0 0 0 0 0 0 0 0 0 0 0 0 0 0 0 0 0 0 0 0 0 0
45 1 217 1 258 3 0 0 0 0 0 0 0 0 0 0 0 0 0 0 0 0 0 0 0 0 0 0 0 0
46 1 218 1 259 3 0 0 0 0 0 0 0 0 0 0 0 0 0 0 0 0 0 0 0 0 0 0 0 0
47 1 219 1 260 3 0 0 0 0 0 0 0 0 0 0 0 0 0 0 0 0 0 0 0 0 0 0 0 0
48 1 220 1 261 3 0 0 0 0 0 0 0 0 0 0 0 0 0 0 0 0 0 0 0 0 0 0 0 0
49 1 221 1 262 3 0 0 0 0 0 0 0 0 0 0 0 0 0 0 0 0 0 0 0 0 0 0 0 0
50 1 222 1 263 3 0 0 0 0 0 0 0 0 0 0 0 0 0 0 0 0 0 0 0 0 0 0 0 0
51 1 223 1 264 3 0 0 0 0 0 0 0 0 0 0 0 0 0 0 0 0 0 0 0 0 0 0 0 0
52 1 224 1 265 3 0 0 0 0 0 0 0 0 0 0 0 0 0 0 0 0 0 0 0 0 0 0 0 0
53 1 225 1 266 3 0 0 0 0 0 0 0 0 0 0 0 0 0 0 0 0 0 0 0 0 0 0 0 0
54 1 226 1 267 3 0 0 0 0 0 0 0 0 0 0 0 0 0 0 0 0 0 0 0 0 0 0 0 0
55 1 227 1 268 3 0 0 0 0 0 0 0 0 0 0 0 0 0 0 0 0 0 0 0 0 0 0 0 0
56 1 228 1 269 3 0 0 0 0 0 0 0 0 0 0 0 0 0 0 0 0 0 0 0 0 0 0 0 0
57 1 229 1 270 3 0 0 0 0 0 0 0 0 0 0 0 0 0 0 0 0 0 0 0 0 0 0 0 0
58 1 230 1 271 3 0 0 0 0 0 0 0 0 0 0 0 0 0 0 0 0 0 0 0 0 0 0 0 0
59 1 231 1 272 3 0 0 0 0 0 0 0 0 0 0 0 0 0 0 0 0 0 0 0 0 0 0 0 0
60 1 232 1 273 3 0 0 0 0 0 0 0 0 0 0 0 0 0 0 0 0 0 0 0 0 0 0 0 0
61 1 233 1 274 3 0 0 0 0 0 0 0 0 0 0 0 0 0 0 0 0 0 0 0 0 0 0 0 0
62 1 234 1 275 3 0 0 0 0 0 0 0 0 0 0 0 0 0 0 0 0 0 0 0 0 0 0 0 0
63 1 235 1 276 3 0 0 0 0 0 0 0 0 0 0 0 0 0 0 0 0 0 0 0 0 0 0 0 0
64 1 236 1 277 3 0 0 0 0 0 0 0 0 0 0 0 0 0 0 0 0 0 0 0 0 0 0 0 0
65 1 237 1 278 3 0 0 0 0 0 0 0 0 0 0 0 0 0 0 0 0 0 0 0 0 0 0 0 0
66 1 238 1 279 3 0 0 0 0 0 0 0 0 0 0 0 0 0 0 0 0 0 0 0 0 0 0 0 0
67 1 239 1 280 3 0 0 0 0 0 0 0 0 0 0 0 0 0 0 0 0 0 0 0 0 0 0 0 0
68 1 240 1 281 3 0 0 0 0 0 0 0 0 0 0 0 0 0 0 0 0 0 0 0 0 0 0 0 0
69 1 241 1 282 3 0 0 0 0 0 0 0 0 0 0 0 0 0 0 0 0 0 0 0 0 0 0 0 0
70 1 242 1 283 3 0 0 0 0 0 0 0 0 0 0 0 0 0 0 0 0 0 0 0 0 0 0 0 0
71 1 243 1 284 3 0 0 0 0 0 0 0 0 0 0 0 0 0 0 0 0 0 0 0 0 0 0 0 0
72 1 244 1 285 3 0 0 0 0 0 0 0 0 0 0 0 0 0 0 0 0 0 0 0 0 0 0 0 0
73 1 245 1 286 3 0 0 0 0 0 0 0 0 0 0 0 0 0 0 0 0 0 0 0 0 0 0 0 0
74 1 246 1 287 3 0 0 0 0 0 0 0 0 0 0 0 0 0 0 0 0 0 0 0 0 0 0 0 0
75 1 247 1 288 3 0 0 0 0 0 0 0 0 0 0 0 0 0 0 0 0 0 0 0 0 0 0 0 0
76 1 248 1 289 3 0 0 0 0 0 0 0 0 0 0 0 0 0 0 0 0 0 0 0 0 0 0 0 0
77 1 249 1 290 3 0 0 0 0 0 0 0 0 0 0 0 0 0 0 0 0 0 0 0 0 0 0 0 0
78 1 250 1 291 3 0 0 0 0 0 0 0 0 0 0 0 0 0 0 0 0 0 0 0 0 0 0 0 0
79 1 251 1 292 3 0 0 0 0 0 0 0 0 0 0 0 0 0 0 0 0 0 0 0 0 0 0 0 0
80 1 252 1 293 3 0 0 0 0 0 0 0 0 0 0 0 0 0 0 0 0 0 0 0 0 0 0 0 0
81 1 253 1 294 3 0 0 0 0 0 0 0 0 0 0 0 0 0 0 0 0 0 0 0 0 0 0 0 0
82 1 254 1 295 3 0 0 0 0 0 0 0 0 0 0 0 0 0 0 0 0 0 0 0 0 0 0 0 0
83 1 255 1 296 3 0 0 0 0 0 0 0 0 0 0 0 0 0 0 0 0 0 0 0 0 0 0 0 0
84 1 128 1 297 3 0 0 0 0 0 0 0 0 0 0 0 0 0 0 0 0 0 0 0 0 0 0 0 0
85 1 129 1 298 3 0 0 0 0 0 0 0 0 0 0 0 0 0 0 0 0 0 0 0 0 0 0 0 0
86 1 130 1 299 3 0 0 0 0 0 0 0 0 0 0 0 0 0 0 0 0 0 0 0 0 0 0 0 0
87 1 131 1 300 3 0 0 0 0 0 0 0 0 0 0 0 0 0 0 0 0 0 0 0 0 0 0 0 0
88 1 132 1 301 3 0 0 0 0 0 0 0 0 0 0 0 0 0 0 0 0 0 0 0 0 0 0 0 0
89 1 133 1 302 3 0 0 0 0 0 0 0 0 0 0 0 0 0 0 0 0 0 0 0 0 0 0 0 0
90 1 134 1 303 3 0 0 0 0 0 0 0 0 0 0 0 0 0 0 0 0 0 0 0 0 0 0 0 0
91 1 135 1 304 3 0 0 0 0 0 0 0 0 0 0 0 0 0 0 0 0 0 0 0 0 0 0 0 0
92 1 136 1 305 3 0 0 0 0 0 0 0 0 0 0 0 0 0 0 0 0 0 0 0 0 0 0 0 0
93 1 137 1 306 3 0 0 0 0 0 0 0 0 0 0 0 0 0 0 0 0 0 0 0 0 0 0 0 0
94 1 138 1 307 3 0 0 0 0 0 0 0 0 0 0 0 0 0 0 0 0 0 0 0 0 0 0 0 0
95 1 139 1 308 3 0 0 0 0 0 0 0 0 0 0 0 0 0 0 0 0 0 0 0 0 0 0 0 0
96 1 140 1 309 3 0 0 0 0 0 0 0 0 0 0 0 0 0 0 0 0 0 0 0 0 0 0 0 0
97 1 141 1 310 3 0 0 0 0 0 0 0 0 0 0 0 0 0 0 0 0 0 0 0 0 0 0 0 0
98 1 142 1 311 3 0 0 0 0 0 0 0 0 0 0 0 0 0 0 0 0 0 0 0 0 0 0 0 0
99 1 143 1 312 3 0 0 0 0 0 0 0 0 0 0 0 0 0 0 0 0 0 0 0 0 0 0 0 0
100 1 144 1 313 3 0 0 0 0 0 0 0 0 0 0 0 0 0 0 0 0 0 0 0 0 0 0 0 0
101 1 145 1 314 3 0 0 0 0 0 0 0 0 0 0 0 0 0 0 0 0 0 0 0 0 0 0 0 0
102 1 146 1 315 3 0 0 0 0 0 0 0 0 0 0 0 0 0 0 0 0 0 0 0 0 0 0 0 0
103 1 147 1 316 3 0 0 0 0 0 0 0 0 0 0 0 0 0 0 0 0 0 0 0 0 0 0 0 0
104 1 148 1 317 3 0 0 0 0 0 0 0 0 0 0 0 0 0 0 0 0 0 0 0 0 0 0 0 0
105 1 149 1 318 3 0 0 0 0 0 0 0 0 0 0 0 0 0 0 0 0 0 0 0 0 0 0 0 0
106 1 150 1 319 3 0 0 0 0 0 0 0 0 0 0 0 0 0 0 0 0 0 0 0 0 0 0 0 0
107 1 151 1 320 3 0 0 0 0 0 0 0 0 0 0 0 0 0 0 0 0 0 0 0 0 0 0 0 0
108 1 152 1 321 3 0 0 0 0 0 0 0 0 0 0 0 0 0 0 0 0 0 0 0 0 0 0 0 0
109 1 153 1 322 3 0 0 0 0 0 0 0 0 0 0 0 0 0 0 0 0 0 0 0 0 0 0 0 0
110 1 154 1 323 3 0 0 0 0 0 0 0 0 0 0 0 0 0 0 0 0 0 0 0 0 0 0 0 0
111 1 155 1 324 3 0 0 0 0 0 0 0 0 0 0 0 0 0 0 0 0 0 0 0 0 0 0 0 0
112 1 156 1 325 3 0 0 0 0 0 0 0 0 0 0 0 0 0 0 0 0 0 0 0 0 0 0 0 0
113 1 157 1 326 3 0 0 0 0 0 0 0 0 0 0 0 0 0 0 0 0 0 0 0 0 0 0 0 0
114 1 158 1 327 3 0 0 0 0 0 0 0 0 0 0 0 0 0 0 0 0 0 0 0 0 0 0 0 0
115 1 159 1 328 3 0 0 0 0 0 0 0 0 0 0 0 0 0 0 0 0 0 0 0 0 0 0 0 0
116 1 160 1 329 3 0 0 0 0 0 0 0 0 0 0 0 0 0 0 0 0 0 0 0 0 0 0 0 0
117 1 161 1 330 3 0 0 0 0 0 0 0 0 0 0 0 0 0 0 0 0 0 0 0 0 0 0 0 0
118 1 162 1 331 3 0 0 0 0 0 0 0 0 0 0 0 0 0 0 0 0 0 0 0 0 0 0 0 0
119 1 163 1 332 3 0 0 0 0 0 0 0 0 0 0 0 0 0 0 0 0 0 0 0 0 0 0 0 0
120 1 164 1 333 3 0 0 0 0 0 0 0 0 0 0 0 0 0 0 0 0 0 0 0 0 0 0 0 0
121 1 165 1 334 3 0 0 0 0 0 0 0 0 0 0 0 0 0 0 0 0 0 0 0 0 0 0 0 0
122 1 166 1 335 3 0 0 0 0 0 0 0 0 0 0 0 0 0 0 0 0 0 0 0 0 0 0 0 0
123 1 167 1 336 3 0 0 0 0 0 0 0 0 0 0 0 0 0 0 0 0 0 0 0 0 0 0 0 0
124 1 168 1 337 3 0 0 0 0 0 0 0 0 0 0 0 0 0 0 0 0 0 0 0 0 0 0 0 0
125 1 169 1 338 3 0 0 0 0 0 0 0 0 0 0 0 0 0 0 0 0 0 0 0 0 0 0 0 0
126 1 170 1 339 3 0 0 0 0 0 0 0 0 0 0 0 0 0 0 0 0 0 0 0 0 0 0 0 0
127 1 171 1 340 3 0 0 0 0 0 0 0 0 0 0 0 0 0 0 0 0 0 0 0 0 0 0 0 0
43 3 166 1 305 2 0 0 0 0 0 0 0 0 0 0 0 0 0 0 0 0 0 0 0 0 0 0 0 0
44 3 167 1 306 2 0 0 0 0 0 0 0 0 0 0 0 0 0 0 0 0 0 0 0 0 0 0 0 0
45 3 168 1 307 2 0 0 0 0 0 0 0 0 0 0 0 0 0 0 0 0 0 0 0 0 0 0 0 0
46 3 169 1 308 2 0 0 0 0 0 0 0 0 0 0 0 0 0 0 0 0 0 0 0 0 0 0 0 0
47 3 170 1 309 2 0 0 0 0 0 0 0 0 0 0 0 0 0 0 0 0 0 0 0 0 0 0 0 0
48 3 171 1 310 2 0 0 0 0 0 0 0 0 0 0 0 0 0 0 0 0 0 0 0 0 0 0 0 0
49 3 172 1 311 2 0 0 0 0 0 0 0 0 0 0 0 0 0 0 0 0 0 0 0 0 0 0 0 0
50 3 173 1 312 2 0 0 0 0 0 0 0 0 0 0 0 0 0 0 0 0 0 0 0 0 0 0 0 0
51 3 174 1 313 2 0 0 0 0 0 0 0 0 0 0 0 0 0 0 0 0 0 0 0 0 0 0 0 0
52 3 175 1 314 2 0 0 0 0 0 0 0 0 0 0 0 0 0 0 0 0 0 0 0 0 0 0 0 0
53 3 176 1 315 2 0 0 0 0 0 0 0 0 0 0 0 0 0 0 0 0 0 0 0 0 0 0 0 0
54 3 177 1 316 2 0 0 0 0 0 0 0 0 0 0 0 0 0 0 0 0 0 0 0 0 0 0 0 0
55 3 178 1 317 2 0 0 0 0 0 0 0 0 0 0 0 0 0 0 0 0 0 0 0 0 0 0 0 0
56 3 179 1 318 2 0 0 0 0 0 0 0 0 0 0 0 0 0 0 0 0 0 0 0 0 0 0 0 0
57 3 180 1 319 2 0 0 0 0 0 0 0 0 0 0 0 0 0 0 0 0 0 0 0 0 0 0 0 0
58 3 181 1 320 2 0 0 0 0 0 0 0 0 0 0 0 0 0 0 0 0 0 0 0 0 0 0 0 0
59 3 182 1 321 2 0 0 0 0 0 0 0 0 0 0 0 0 0 0 0 0 0 0 0 0 0 0 0 0
60 3 183 1 322 2 0 0 0 0 0 0 0 0 0 0 0 0 0 0 0 0 0 0 0 0 0 0 0 0
61 3 184 1 323 2 0 0 0 0 0 0 0 0 0 0 0 0 0 0 0 0 0 0 0 0 0 0 0 0
62 3 185 1 324 2 0 0 0 0 0 0 0 0 0 0 0 0 0 0 0 0 0 0 0 0 0 0 0 0
63 3 186 1 325 2 0 0 0 0 0 0 0 0 0 0 0 0 0 0 0 0 0 0 0 0 0 0 0 0
64 3 187 1 326 2 0 0 0 0 0 0 0 0 0 0 0 0 0 0 0 0 0 0 0 0 0 0 0 0
65 3 188 1 327 2 0 0 0 0 0 0 0 0 0 0 0 0 0 0 0 0 0 0 0 0 0 0 0 0
66 3 189 1 328 2 0 0 0 0 0 0 0 0 0 0 0 0 0 0 0 0 0 0 0 0 0 0 0 0
67 3 190 1 329 2 0 0 0 0 0 0 0 0 0 0 0 0 0 0 0 0 0 0 0 0 0 0 0 0
68 3 191 1 330 2 0 0 0 0 0 0 0 0 0 0 0 0 0 0 0 0 0 0 0 0 0 0 0 0
69 3 192 1 331 2 0 0 0 0 0 0 0 0 0 0 0 0 0 0 0 0 0 0 0 0 0 0 0 0
70 3 193 1 332 2 0 0 0 0 0 0 0 0 0 0 0 0 0 0 0 0 0 0 0 0 0 0 0 0
71 3 194 1 333 2 0 0 0 0 0 0 0 0 0 0 0 0 0 0 0 0 0 0 0 0 0 0 0 0
72 3 195 1 334 2 0 0 0 0 0 0 0 0 0 0 0 0 0 0 0 0 0 0 0 0 0 0 0 0
73 3 196 1 335 2 0 0 0 0 0 0 0 0 0 0 0 0 0 0 0 0 0 0 0 0 0 0 0 0
74 3 197 1 336 2 0 0 0 0 0 0 0 0 0 0 0 0 0 0 0 0 0 0 0 0 0 0 0 0
75 3 198 1 337 2 0 0 0 0 0 0 0 0 0 0 0 0 0 0 0 0 0 0 0 0 0 0 0 0
76 3 199 1 338 2 0 0 0 0 0 0 0 0 0 0 0 0 0 0 0 0 0 0 0 0 0 0 0 0
77 3 200 1 339 2 0 0 0 0 0 0 0 0 0 0 0 0 0 0 0 0 0 0 0 0 0 0 0 0
78 3 201 1 340 2 0 0 0 0 0 0 0 0 0 0 0 0 0 0 0 0 0 0 0 0 0 0 0 0
79 3 202 1 341 2 0 0 0 0 0 0 0 0 0 0 0 0 0 0 0 0 0 0 0 0 0 0 0 0
80 3 203 1 342 2 0 0 0 0 0 0 0 0 0 0 0 0 0 0 0 0 0 0 0 0 0 0 0 0
81 3 204 1 343 2 0 0 0 0 0 0 0 0 0 0 0 0 0 0 0 0 0 0 0 0 0 0 0 0
82 3 205 1 344 2 0 0 0 0 0 0 0 0 0 0 0 0 0 0 0 0 0 0 0 0 0 0 0 0
83 3 206 1 345 2 0 0 0 0 0 0 0 0 0 0 0 0 0 0 0 0 0 0 0 0 0 0 0 0
84 3 207 1 346 2 0 0 0 0 0 0 0 0 0 0 0 0 0 0 0 0 0 0 0 0 0 0 0 0
85 3 208 1 347 2 0 0 0 0 0 0 0 0 0 0 0 0 0 0 0 0 0 0 0 0 0 0 0 0
86 3 209 1 348 2 0 0 0 0 0 0 0 0 0 0 0 0 0 0 0 0 0 0 0 0 0 0 0 0
87 3 210 1 349 2 0 0 0 0 0 0 0 0 0 0 0 0 0 0 0 0 0 0 0 0 0 0 0 0
88 3 211 1 350 2 0 0 0 0 0 0 0 0 0 0 0 0 0 0 0 0 0 0 0 0 0 0 0 0
89 3 212 1 351 2 0 0 0 0 0 0 0 0 0 0 0 0 0 0 0 0 0 0 0 0 0 0 0 0
90 3 213 1 352 2 0 0 0 0 0 0 0 0 0 0 0 0 0 0 0 0 0 0 0 0 0 0 0 0
91 3 214 1 353 2 0 0 0 0 0 0 0 0 0 0 0 0 0 0 0 0 0 0 0 0 0 0 0 0
92 3 215 1 354 2 0 0 0 0 0 0 0 0 0 0 0 0 0 0 0 0 0 0 0 0 0 0 0 0
93 3 216 1 355 2 0 0 0 0 0 0 0 0 0 0 0 0 0 0 0 0 0 0 0 0 0 0 0 0
94 3 217 1 356 2 0 0 0 0 0 0 0 0 0 0 0 0 0 0 0 0 0 0 0 0 0 0 0 0
95 3 218 1 357 2 0 0 0 0 0 0 0 0 0 0 0 0 0 0 0 0 0 0 0 0 0 0 0 0
96 3 219 1 358 2 0 0 0 0 0 0 0 0 0 0 0 0 0 0 0 0 0 0 0 0 0 0 0 0
97 3 220 1 359 2 0 0 0 0 0 0 0 0 0 0 0 0 0 0 0 0 0 0 0 0 0 0 0 0
98 3 221 1 360 2 0 0 0 0 0 0 0 0 0 0 0 0 0 0 0 0 0 0 0 0 0 0 0 0
99 3 222 1 361 2 0 0 0 0 0 0 0 0 0 0 0 0 0 0 0 0 0 0 0 0 0 0 0 0
100 3 223 1 362 2 0 0 0 0 0 0 0 0 0 0 0 0 0 0 0 0 0 0 0 0 0 0 0 0
101 3 224 1 363 2 0 0 0 0 0 0 0 0 0 0 0 0 0 0 0 0 0 0 0 0 0 0 0 0
102 3 225 1 364 2 0 0 0 0 0 0 0 0 0 0 0 0 0 0 0 0 0 0 0 0 0 0 0 0
103 3 226 1 365 2 0 0 0 0 0 0 0 0 0 0 0 0 0 0 0 0 0 0 0 0 0 0 0 0
104 3 227 1 366 2 0 0 0 0 0 0 0 0 0 0 0 0 0 0 0 0 0 0 0 0 0 0 0 0
105 3 228 1 367 2 0 0 0 0 0 0 0 0 0 0 0 0 0 0 0 0 0 0 0 0 0 0 0 0
106 3 229 1 368 2 0 0 0 0 0 0 0 0 0 0 0 0 0 0 0 0 0 0 0 0 0 0 0 0
107 3 230 1 369 2 0 0 0 0 0 0 0 0 0 0 0 0 0 0 0 0 0 0 0 0 0 0 0 0
108 3 231 1 370 2 0 0 0 0 0 0 0 0 0 0 0 0 0 0 0 0 0 0 0 0 0 0 0 0
109 3 232 1 371 2 0 0 0 0 0 0 0 0 0 0 0 0 0 0 0 0 0 0 0 0 0 0 0 0
110 3 233 1 372 2 0 0 0 0 0 0 0 0 0 0 0 0 0 0 0 0 0 0 0 0 0 0 0 0
111 3 234 1 373 2 0 0 0 0 0 0 0 0 0 0 0 0 0 0 0 0 0 0 0 0 0 0 0 0
112 3 235 1 374 2 0 0 0 0 0 0 0 0 0 0 0 0 0 0 0 0 0 0 0 0 0 0 0 0
113 3 236 1 375 2 0 0 0 0 0 0 0 0 0 0 0 0 0 0 0 0 0 0 0 0 0 0 0 0
114 3 237 1 376 2 0 0 0 0 0 0 0 0 0 0 0 0 0 0 0 0 0 0 0 0 0 0 0 0
115 3 238 1 377 2 0 0 0 0 0 0 0 0 0 0 0 0 0 0 0 0 0 0 0 0 0 0 0 0
116 3 239 1 378 2 0 0 0 0 0 0 0 0 0 0 0 0 0 0 0 0 0 0 0 0 0 0 0 0
117 3 240 1 379 2 0 0 0 0 0 0 0 0 0 0 0 0 0 0 0 0 0 0 0 0 0 0 0 0
118 3 241 1 380 2 0 0 0 0 0 0 0 0 0 0 0 0 0 0 0 0 0 0 0 0 0 0 0 0
119 3 242 1 381 2 0 0 0 0 0 0 0 0 0 0 0 0 0 0 0 0 0 0 0 0 0 0 0 0
120 3 243 1 382 2 0 0 0 0 0 0 0 0 0 0 0 0 0 0 0 0 0 0 0 0 0 0 0 0
121 3 244 1 383 2 0 0 0 0 0 0 0 0 0 0 0 0 0 0 0 0 0 0 0 0 0 0 0 0
122 3 245 1 256 2 0 0 0 0 0 0 0 0 0 0 0 0 0 0 0 0 0 0 0 0 0 0 0 0
123 3 246 1 257 2 0 0 0 0 0 0 0 0 0 0 0 0 0 0 0 0 0 0 0 0 0 0 0 0
124 3 247 1 258 2 0 0 0 0 0 0 0 0 0 0 0 0 0 0 0 0 0 0 0 0 0 0 0 0
125 3 248 1 259 2 0 0 0 0 0 0 0 0 0 0 0 0 0 0 0 0 0 0 0 0 0 0 0 0
126 3 249 1 260 2 0 0 0 0 0 0 0 0 0 0 0 0 0 0 0 0 0 0 0 0 0 0 0 0
127 3 250 1 261 2 0 0 0 0 0 0 0 0 0 0 0 0 0 0 0 0 0 0 0 0 0 0 0 0
0 3 251 1 262 2 0 0 0 0 0 0 0 0 0 0 0 0 0 0 0 0 0 0 0 0 0 0 0 0
1 3 252 1 263 2 0 0 0 0 0 0 0 0 0 0 0 0 0 0 0 0 0 0 0 0 0 0 0 0
2 3 253 1 264 2 0 0 0 0 0 0 0 0 0 0 0 0 0 0 0 0 0 0 0 0 0 0 0 0
3 3 254 1 265 2 0 0 0 0 0 0 0 0 0 0 0 0 0 0 0 0 0 0 0 0 0 0 0 0
4 3 255 1 266 2 0 0 0 0 0 0 0 0 0 0 0 0 0 0 0 0 0 0 0 0 0 0 0 0
5 3 128 1 267 2 0 0 0 0 0 0 0 0 0 0 0 0 0 0 0 0 0 0 0 0 0 0 0 0
6 3 129 1 268 2 0 0 0 0 0 0 0 0 0 0 0 0 0 0 0 0 0 0 0 0 0 0 0 0
7 3 130 1 269 2 0 0 0 0 0 0 0 0 0 0 0 0 0 0 0 0 0 0 0 0 0 0 0 0
8 3 131 1 270 2 0 0 0 0 0 0 0 0 0 0 0 0 0 0 0 0 0 0 0 0 0 0 0 0
9 3 132 1 271 2 0 0 0 0 0 0 0 0 0 0 0 0 0 0 0 0 0 0 0 0 0 0 0 0
10 3 133 1 272 2 0 0 0 0 0 0 0 0 0 0 0 0 0 0 0 0 0 0 0 0 0 0 0 0
11 3 134 1 273 2 0 0 0 0 0 0 0 0 0 0 0 0 0 0 0 0 0 0 0 0 0 0 0 0
12 3 135 1 274 2 0 0 0 0 0 0 0 0 0 0 0 0 0 0 0 0 0 0 0 0 0 0 0 0
13 3 136 1 275 2 0 0 0 0 0 0 0 0 0 0 0 0 0 0 0 0 0 0 0 0 0 0 0 0
14 3 137 1 276 2 0 0 0 0 0 0 0 0 0 0 0 0 0 0 0 0 0 0 0 0 0 0 0 0
15 3 138 1 277 2 0 0 0 0 0 0 0 0 0 0 0 0 0 0 0 0 0 0 0 0 0 0 0 0
16 3 139 1 278 2 0 0 0 0 0 0 0 0 0 0 0 0 0 0 0 0 0 0 0 0 0 0 0 0
17 3 140 1 279 2 0 0 0 0 0 0 0 0 0 0 0 0 0 0 0 0 0 0 0 0 0 0 0 0
18 3 141 1 280 2 0 0 0 0 0 0 0 0 0 0 0 0 0 0 0 0 0 0 0 0 0 0 0 0
19 3 142 1 281 2 0 0 0 0 0 0 0 0 0 0 0 0 0 0 0 0 0 0 0 0 0 0 0 0
20 3 143 1 282 2 0 0 0 0 0 0 0 0 0 0 0 0 0 0 0 0 0 0 0 0 0 0 0 0
21 3 144 1 283 2 0 0 0 0 0 0 0 0 0 0 0 0 0 0 0 0 0 0 0 0 0 0 0 0
22 3 145 1 284 2 0 0 0 0 0 0 0 0 0 0 0 0 0 0 0 0 0 0 0 0 0 0 0 0
23 3 146 1 285 2 0 0 0 0 0 0 0 0 0 0 0 0 0 0 0 0 0 0 0 0 0 0 0 0
24 3 147 1 286 2 0 0 0 0 0 0 0 0 0 0 0 0 0 0 0 0 0 0 0 0 0 0 0 0
25 3 148 1 287 2 0 0 0 0 0 0 0 0 0 0 0 0 0 0 0 0 0 0 0 0 0 0 0 0
26 3 149 1 288 2 0 0 0 0 0 0 0 0 0 0 0 0 0 0 0 0 0 0 0 0 0 0 0 0
27 3 150 1 289 2 0 0 0 0 0 0 0 0 0 0 0 0 0 0 0 0 0 0 0 0 0 0 0 0
28 3 151 1 290 2 0 0 0 0 0 0 0 0 0 0 0 0 0 0 0 0 0 0 0 0 0 0 0 0
29 3 152 1 291 2 0 0 0 0 0 0 0 0 0 0 0 0 0 0 0 0 0 0 0 0 0 0 0 0
30 3 153 1 292 2 0 0 0 0 0 0 0 0 0 0 0 0 0 0 0 0 0 0 0 0 0 0 0 0
31 3 154 1 293 2 0 0 0 0 0 0 0 0 0 0 0 0 0 0 0 0 0 0 0 0 0 0 0 0
32 3 155 1 294 2 0 0 0 0 0 0 0 0 0 0 0 0 0 0 0 0 0 0 0 0 0 0 0 0
33 3 156 1 295 2 0 0 0 0 0 0 0 0 0 0 0 0 0 0 0 0 0 0 0 0 0 0 0 0
34 3 157 1 296 2 0 0 0 0 0 0 0 0 0 0 0 0 0 0 0 0 0 0 0 0 0 0 0 0
35 3 158 1 297 2 0 0 0 0 0 0 0 0 0 0 0 0 0 0 0 0 0 0 0 0 0 0 0 0
36 3 159 1 298 2 0 0 0 0 0 0 0 0 0 0 0 0 0 0 0 0 0 0 0 0 0 0 0 0
37 3 160 1 299 2 0 0 0 0 0 0 0 0 0 0 0 0 0 0 0 0 0 0 0 0 0 0 0 0
38 3 161 1 300 2 0 0 0 0 0 0 0 0 0 0 0 0 0 0 0 0 0 0 0 0 0 0 0 0
39 3 162 1 301 2 0 0 0 0 0 0 0 0 0 0 0 0 0 0 0 0 0 0 0 0 0 0 0 0
40 3 163 1 302 2 0 0 0 0 0 0 0 0 0 0 0 0 0 0 0 0 0 0 0 0 0 0 0 0
41 3 164 1 303 2 0 0 0 0 0 0 0 0 0 0 0 0 0 0 0 0 0 0 0 0 0 0 0 0
42 3 165 1 304 2 0 0 0 0 0 0 0 0 0 0 0 0 0 0 0 0 0 0 0 0 0 0 0 0
73 1 166 2 256 1 0 0 0 0 0 0 0 0 0 0 0 0 0 0 0 0 0 0 0 0 0 0 0 0
74 1 167 2 257 1 0 0 0 0 0 0 0 0 0 0 0 0 0 0 0 0 0 0 0 0 0 0 0 0
75 1 168 2 258 1 0 0 0 0 0 0 0 0 0 0 0 0 0 0 0 0 0 0 0 0 0 0 0 0
76 1 169 2 259 1 0 0 0 0 0 0 0 0 0 0 0 0 0 0 0 0 0 0 0 0 0 0 0 0
77 1 170 2 260 1 0 0 0 0 0 0 0 0 0 0 0 0 0 0 0 0 0 0 0 0 0 0 0 0
78 1 171 2 261 1 0 0 0 0 0 0 0 0 0 0 0 0 0 0 0 0 0 0 0 0 0 0 0 0
79 1 172 2 262 1 0 0 0 0 0 0 0 0 0 0 0 0 0 0 0 0 0 0 0 0 0 0 0 0
80 1 173 2 263 1 0 0 0 0 0 0 0 0 0 0 0 0 0 0 0 0 0 0 0 0 0 0 0 0
81 1 174 2 264 1 0 0 0 0 0 0 0 0 0 0 0 0 0 0 0 0 0 0 0 0 0 0 0 0
82 1 175 2 265 1 0 0 0 0 0 0 0 0 0 0 0 0 0 0 0 0 0 0 0 0 0 0 0 0
83 1 176 2 266 1 0 0 0 0 0 0 0 0 0 0 0 0 0 0 0 0 0 0 0 0 0 0 0 0
84 1 177 2 267 1 0 0 0 0 0 0 0 0 0 0 0 0 0 0 0 0 0 0 0 0 0 0 0 0
85 1 178 2 268 1 0 0 0 0 0 0 0 0 0 0 0 0 0 0 0 0 0 0 0 0 0 0 0 0
86 1 179 2 269 1 0 0 0 0 0 0 0 0 0 0 0 0 0 0 0 0 0 0 0 0 0 0 0 0
87 1 180 2 270 1 0 0 0 0 0 0 0 0 0 0 0 0 0 0 0 0 0 0 0 0 0 0 0 0
88 1 181 2 271 1 0 0 0 0 0 0 0 0 0 0 0 0 0 0 0 0 0 0 0 0 0 0 0 0
89 1 182 2 272 1 0 0 0 0 0 0 0 0 0 0 0 0 0 0 0 0 0 0 0 0 0 0 0 0
90 1 183 2 273 1 0 0 0 0 0 0 0 0 0 0 0 0 0 0 0 0 0 0 0 0 0 0 0 0
91 1 184 2 274 1 0 0 0 0 0 0 0 0 0 0 0 0 0 0 0 0 0 0 0 0 0 0 0 0
92 1 185 2 275 1 0 0 0 0 0 0 0 0 0 0 0 0 0 0 0 0 0 0 0 0 0 0 0 0
93 1 186 2 276 1 0 0 0 0 0 0 0 0 0 0 0 0 0 0 0 0 0 0 0 0 0 0 0 0
94 1 187 2 277 1 0 0 0 0 0 0 0 0 0 0 0 0 0 0 0 0 0 0 0 0 0 0 0 0
95 1 188 2 278 1 0 0 0 0 0 0 0 0 0 0 0 0 0 0 0 0 0 0 0 0 0 0 0 0
96 1 189 2 279 1 0 0 0 0 0 0 0 0 0 0 0 0 0 0 0 0 0 0 0 0 0 0 0 0
97 1 190 2 280 1 0 0 0 0 0 0 0 0 0 0 0 0 0 0 0 0 0 0 0 0 0 0 0 0
98 1 191 2 281 1 0 0 0 0 0 0 0 0 0 0 0 0 0 0 0 0 0 0 0 0 0 0 0 0
99 1 192 2 282 1 0 0 0 0 0 0 0 0 0 0 0 0 0 0 0 0 0 0 0 0 0 0 0 0
100 1 193 2 283 1 0 0 0 0 0 0 0 0 0 0 0 0 0 0 0 0 0 0 0 0 0 0 0 0
101 1 194 2 284 1 0 0 0 0 0 0 0 0 0 0 0 0 0 0 0 0 0 0 0 0 0 0 0 0
102 1 195 2 285 1 0 0 0 0 0 0 0 0 0 0 0 0 0 0 0 0 0 0 0 0 0 0 0 0
103 1 196 2 286 1 0 0 0 0 0 0 0 0 0 0 0 0 0 0 0 0 0 0 0 0 0 0 0 0
104 1 197 2 287 1 0 0 0 0 0 0 0 0 0 0 0 0 0 0 0 0 0 0 0 0 0 0 0 0
105 1 198 2 288 1 0 0 0 0 0 0 0 0 0 0 0 0 0 0 0 0 0 0 0 0 0 0 0 0
106 1 199 2 289 1 0 0 0 0 0 0 0 0 0 0 0 0 0 0 0 0 0 0 0 0 0 0 0 0
107 1 200 2 290 1 0 0 0 0 0 0 0 0 0 0 0 0 0 0 0 0 0 0 0 0 0 0 0 0
108 1 201 2 291 1 0 0 0 0 0 0 0 0 0 0 0 0 0 0 0 0 0 0 0 0 0 0 0 0
109 1 202 2 292 1 0 0 0 0 0 0 0 0 0 0 0 0 0 0 0 0 0 0 0 0 0 0 0 0
110 1 203 2 293 1 0 0 0 0 0 0 0 0 0 0 0 0 0 0 0 0 0 0 0 0 0 0 0 0
111 1 204 2 294 1 0 0 0 0 0 0 0 0 0 0 0 0 0 0 0 0 0 0 0 0 0 0 0 0
112 1 205 2 295 1 0 0 0 0 0 0 0 0 0 0 0 0 0 0 0 0 0 0 0 0 0 0 0 0
113 1 206 2 296 1 0 0 0 0 0 0 0 0 0 0 0 0 0 0 0 0 0 0 0 0 0 0 0 0
114 1 207 2 297 1 0 0 0 0 0 0 0 0 0 0 0 0 0 0 0 0 0 0 0 0 0 0 0 0
115 1 208 2 298 1 0 0 0 0 0 0 0 0 0 0 0 0 0 0 0 0 0 0 0 0 0 0 0 0
116 1 209 2 299 1 0 0 0 0 0 0 0 0 0 0 0 0 0 0 0 0 0 0 0 0 0 0 0 0
117 1 210 2 300 1 0 0 0 0 0 0 0 0 0 0 0 0 0 0 0 0 0 0 0 0 0 0 0 0
118 1 211 2 301 1 0 0 0 0 0 0 0 0 0 0 0 0 0 0 0 0 0 0 0 0 0 0 0 0
119 1 212 2 302 1 0 0 0 0 0 0 0 0 0 0 0 0 0 0 0 0 0 0 0 0 0 0 0 0
120 1 213 2 303 1 0 0 0 0 0 0 0 0 0 0 0 0 0 0 0 0 0 0 0 0 0 0 0 0
121 1 214 2 304 1 0 0 0 0 0 0 0 0 0 0 0 0 0 0 0 0 0 0 0 0 0 0 0 0
122 1 215 2 305 1 0 0 0 0 0 0 0 0 0 0 0 0 0 0 0 0 0 0 0 0 0 0 0 0
123 1 216 2 306 1 0 0 0 0 0 0 0 0 0 0 0 0 0 0 0 0 0 0 0 0 0 0 0 0
124 1 217 2 307 1 0 0 0 0 0 0 0 0 0 0 0 0 0 0 0 0 0 0 0 0 0 0 0 0
125 1 218 2 308 1 0 0 0 0 0 0 0 0 0 0 0 0 0 0 0 0 0 0 0 0 0 0 0 0
126 1 219 2 309 1 0 0 0 0 0 0 0 0 0 0 0 0 0 0 0 0 0 0 0 0 0 0 0 0
127 1 220 2 310 1 0 0 0 0 0 0 0 0 0 0 0 0 0 0 0 0 0 0 0 0 0 0 0 0
0 1 221 2 311 1 0 0 0 0 0 0 0 0 0 0 0 0 0 0 0 0 0 0 0 0 0 0 0 0
1 1 222 2 312 1 0 0 0 0 0 0 0 0 0 0 0 0 0 0 0 0 0 0 0 0 0 0 0 0
2 1 223 2 313 1 0 0 0 0 0 0 0 0 0 0 0 0 0 0 0 0 0 0 0 0 0 0 0 0
3 1 224 2 314 1 0 0 0 0 0 0 0 0 0 0 0 0 0 0 0 0 0 0 0 0 0 0 0 0
4 1 225 2 315 1 0 0 0 0 0 0 0 0 0 0 0 0 0 0 0 0 0 0 0 0 0 0 0 0
5 1 226 2 316 1 0 0 0 0 0 0 0 0 0 0 0 0 0 0 0 0 0 0 0 0 0 0 0 0
6 1 227 2 317 1 0 0 0 0 0 0 0 0 0 0 0 0 0 0 0 0 0 0 0 0 0 0 0 0
7 1 228 2 318 1 0 0 0 0 0 0 0 0 0 0 0 0 0 0 0 0 0 0 0 0 0 0 0 0
8 1 229 2 319 1 0 0 0 0 0 0 0 0 0 0 0 0 0 0 0 0 0 0 0 0 0 0 0 0
9 1 230 2 320 1 0 0 0 0 0 0 0 0 0 0 0 0 0 0 0 0 0 0 0 0 0 0 0 0
10 1 231 2 321 1 0 0 0 0 0 0 0 0 0 0 0 0 0 0 0 0 0 0 0 0 0 0 0 0
11 1 232 2 322 1 0 0 0 0 0 0 0 0 0 0 0 0 0 0 0 0 0 0 0 0 0 0 0 0
12 1 233 2 323 1 0 0 0 0 0 0 0 0 0 0 0 0 0 0 0 0 0 0 0 0 0 0 0 0
13 1 234 2 324 1 0 0 0 0 0 0 0 0 0 0 0 0 0 0 0 0 0 0 0 0 0 0 0 0
14 1 235 2 325 1 0 0 0 0 0 0 0 0 0 0 0 0 0 0 0 0 0 0 0 0 0 0 0 0
15 1 236 2 326 1 0 0 0 0 0 0 0 0 0 0 0 0 0 0 0 0 0 0 0 0 0 0 0 0
16 1 237 2 327 1 0 0 0 0 0 0 0 0 0 0 0 0 0 0 0 0 0 0 0 0 0 0 0 0
17 1 238 2 328 1 0 0 0 0 0 0 0 0 0 0 0 0 0 0 0 0 0 0 0 0 0 0 0 0
18 1 239 2 329 1 0 0 0 0 0 0 0 0 0 0 0 0 0 0 0 0 0 0 0 0 0 0 0 0
19 1 240 2 330 1 0 0 0 0 0 0 0 0 0 0 0 0 0 0 0 0 0 0 0 0 0 0 0 0
20 1 241 2 331 1 0 0 0 0 0 0 0 0 0 0 0 0 0 0 0 0 0 0 0 0 0 0 0 0
21 1 242 2 332 1 0 0 0 0 0 0 0 0 0 0 0 0 0 0 0 0 0 0 0 0 0 0 0 0
22 1 243 2 333 1 0 0 0 0 0 0 0 0 0 0 0 0 0 0 0 0 0 0 0 0 0 0 0 0
23 1 244 2 334 1 0 0 0 0 0 0 0 0 0 0 0 0 0 0 0 0 0 0 0 0 0 0 0 0
24 1 245 2 335 1 0 0 0 0 0 0 0 0 0 0 0 0 0 0 0 0 0 0 0 0 0 0 0 0
25 1 246 2 336 1 0 0 0 0 0 0 0 0 0 0 0 0 0 0 0 0 0 0 0 0 0 0 0 0
26 1 247 2 337 1 0 0 0 0 0 0 0 0 0 0 0 0 0 0 0 0 0 0 0 0 0 0 0 0
27 1 248 2 338 1 0 0 0 0 0 0 0 0 0 0 0 0 0 0 0 0 0 0 0 0 0 0 0 0
28 1 249 2 339 1 0 0 0 0 0 0 0 0 0 0 0 0 0 0 0 0 0 0 0 0 0 0 0 0
29 1 250 2 340 1 0 0 0 0 0 0 0 0 0 0 0 0 0 0 0 0 0 0 0 0 0 0 0 0
30 1 251 2 341 1 0 0 0 0 0 0 0 0 0 0 0 0 0 0 0 0 0 0 0 0 0 0 0 0
31 1 252 2 342 1 0 0 0 0 0 0 0 0 0 0 0 0 0 0 0 0 0 0 0 0 0 0 0 0
32 1 253 2 343 1 0 0 0 0 0 0 0 0 0 0 0 0 0 0 0 0 0 0 0 0 0 0 0 0
33 1 254 2 344 1 0 0 0 0 0 0 0 0 0 0 0 0 0 0 0 0 0 0 0 0 0 0 0 0
34 1 255 2 345 1 0 0 0 0 0 0 0 0 0 0 0 0 0 0 0 0 0 0 0 0 0 0 0 0
35 1 128 2 346 1 0 0 0 0 0 0 0 0 0 0 0 0 0 0 0 0 0 0 0 0 0 0 0 0
36 1 129 2 347 1 0 0 0 0 0 0 0 0 0 0 0 0 0 0 0 0 0 0 0 0 0 0 0 0
37 1 130 2 348 1 0 0 0 0 0 0 0 0 0 0 0 0 0 0 0 0 0 0 0 0 0 0 0 0
38 1 131 2 349 1 0 0 0 0 0 0 0 0 0 0 0 0 0 0 0 0 0 0 0 0 0 0 0 0
39 1 132 2 350 1 0 0 0 0 0 0 0 0 0 0 0 0 0 0 0 0 0 0 0 0 0 0 0 0
40 1 133 2 351 1 0 0 0 0 0 0 0 0 0 0 0 0 0 0 0 0 0 0 0 0 0 0 0 0
41 1 134 2 352 1 0 0 0 0 0 0 0 0 0 0 0 0 0 0 0 0 0 0 0 0 0 0 0 0
42 1 135 2 353 1 0 0 0 0 0 0 0 0 0 0 0 0 0 0 0 0 0 0 0 0 0 0 0 0
43 1 136 2 354 1 0 0 0 0 0 0 0 0 0 0 0 0 0 0 0 0 0 0 0 0 0 0 0 0
44 1 137 2 355 1 0 0 0 0 0 0 0 0 0 0 0 0 0 0 0 0 0 0 0 0 0 0 0 0
45 1 138 2 356 1 0 0 0 0 0 0 0 0 0 0 0 0 0 0 0 0 0 0 0 0 0 0 0 0
46 1 139 2 357 1 0 0 0 0 0 0 0 0 0 0 0 0 0 0 0 0 0 0 0 0 0 0 0 0
47 1 140 2 358 1 0 0 0 0 0 0 0 0 0 0 0 0 0 0 0 0 0 0 0 0 0 0 0 0
48 1 141 2 359 1 0 0 0 0 0 0 0 0 0 0 0 0 0 0 0 0 0 0 0 0 0 0 0 0
49 1 142 2 360 1 0 0 0 0 0 0 0 0 0 0 0 0 0 0 0 0 0 0 0 0 0 0 0 0
50 1 143 2 361 1 0 0 0 0 0 0 0 0 0 0 0 0 0 0 0 0 0 0 0 0 0 0 0 0
51 1 144 2 362 1 0 0 0 0 0 0 0 0 0 0 0 0 0 0 0 0 0 0 0 0 0 0 0 0
52 1 145 2 363 1 0 0 0 0 0 0 0 0 0 0 0 0 0 0 0 0 0 0 0 0 0 0 0 0
53 1 146 2 364 1 0 0 0 0 0 0 0 0 0 0 0 0 0 0 0 0 0 0 0 0 0 0 0 0
54 1 147 2 365 1 0 0 0 0 0 0 0 0 0 0 0 0 0 0 0 0 0 0 0 0 0 0 0 0
55 1 148 2 366 1 0 0 0 0 0 0 0 0 0 0 0 0 0 0 0 0 0 0 0 0 0 0 0 0
56 1 149 2 367 1 0 0 0 0 0 0 0 0 0 0 0 0 0 0 0 0 0 0 0 0 0 0 0 0
57 1 150 2 368 1 0 0 0 0 0 0 0 0 0 0 0 0 0 0 0 0 0 0 0 0 0 0 0 0
58 1 151 2 369 1 0 0 0 0 0 0 0 0 0 0 0 0 0 0 0 0 0 0 0 0 0 0 0 0
59 1 152 2 370 1 0 0 0 0 0 0 0 0 0 0 0 0 0 0 0 0 0 0 0 0 0 0 0 0
60 1 153 2 371 1 0 0 0 0 0 0 0 0 0 0 0 0 0 0 0 0 0 0 0 0 0 0 0 0
61 1 154 2 372 1 0 0 0 0 0 0 0 0 0 0 0 0 0 0 0 0 0 0 0 0 0 0 0 0
62 1 155 2 373 1 0 0 0 0 0 0 0 0 0 0 0 0 0 0 0 0 0 0 0 0 0 0 0 0
63 1 156 2 374 1 0 0 0 0 0 0 0 0 0 0 0 0 0 0 0 0 0 0 0 0 0 0 0 0
64 1 157 2 375 1 0 0 0 0 0 0 0 0 0 0 0 0 0 0 0 0 0 0 0 0 0 0 0 0
65 1 158 2 376 1 0 0 0 0 0 0 0 0 0 0 0 0 0 0 0 0 0 0 0 0 0 0 0 0
66 1 159 2 377 1 0 0 0 0 0 0 0 0 0 0 0 0 0 0 0 0 0 0 0 0 0 0 0 0
67 1 160 2 378 1 0 0 0 0 0 0 0 0 0 0 0 0 0 0 0 0 0 0 0 0 0 0 0 0
68 1 161 2 379 1 0 0 0 0 0 0 0 0 0 0 0 0 0 0 0 0 0 0 0 0 0 0 0 0
69 1 162 2 380 1 0 0 0 0 0 0 0 0 0 0 0 0 0 0 0 0 0 0 0 0 0 0 0 0
70 1 163 2 381 1 0 0 0 0 0 0 0 0 0 0 0 0 0 0 0 0 0 0 0 0 0 0 0 0
71 1 164 2 382 1 0 0 0 0 0 0 0 0 0 0 0 0 0 0 0 0 0 0 0 0 0 0 0 0
72 1 165 2 383 1 0 0 0 0 0 0 0 0 0 0 0 0 0 0 0 0 0 0 0 0 0 0 0 0
73 1 173 1 271 1 0 0 0 0 1 0 0 0 0 0 0 0 2 0 0 0 0 0 0 0 3 0 0 0
74 1 174 1 272 1 0 0 0 0 4 0 0 0 0 0 0 0 8 0 0 0 0 0 0 0 12 0 0 0
75 1 175 1 273 1 0 0 0 0 16 0 0 0 0 0 0 0 32 0 0 0 0 0 0 0 48 0 0 0
76 1 176 1 274 1 0 0 0 0 64 0 0 0 0 0 0 0 128 0 0 0 0 0 0 0 192 0 0 0
77 1 177 1 275 1 0 0 0 0 256 0 0 0 0 0 0 0 512 0 0 0 0 0 0 0 768 0 0 0
78 1 178 1 276 1 0 0 0 0 1024 0 0 0 0 0 0 0 2048 0 0 0 0 0 0 0 3072 0 0 0
79 1 179 1 277 1 0 0 0 0 4096 0 0 0 0 0 0 0 8192 0 0 0 0 0 0 0 12288 0 0 0
80 1 180 1 278 1 0 0 0 0 16384 0 0 0 0 0 0 0 32768 0 0 0 0 0 0 0 49152 0 0 0
81 1 181 1 279 1 0 0 0 0 65536 0 0 0 0 0 0 0 131072 0 0 0 0 0 0 0 196608 0 0 0
82 1 182 1 280 1 0 0 0 0 262144 0 0 0 0 0 0 0 524288 0 0 0 0 0 0 0 786432 0 0 0
83 1 183 1 281 1 0 0 0 0 1048576 0 0 0 0 0 0 0 2097152 0 0 0 0 0 0 0 3145728 0 0 0
84 1 184 1 282 1 0 0 0 0 4194304 0 0 0 0 0 0 0 8388608 0 0 0 0 0 0 0 12582912 0 0 0
85 1 185 1 283 1 0 0 0 0 16777216 0 0 0 0 0 0 0 33554432 0 0 0 0 0 0 0 50331648 0 0 0
86 1 186 1 284 1 0 0 0 0 67108864 0 0 0 0 0 0 0 134217728 0 0 0 0 0 0 0 201326592 0 0 0
87 1 187 1 285 1 0 0 0 0 268435456 0 0 0 0 0 0 0 536870912 0 0 0 0 0 0 0 805306368 0 0 0
88 1 188 1 286 1 0 0 0 0 1073741824 0 0 0 0 0 0 0 2147483648 0 0 0 0 0 0 0 3221225472 0 0 0
89 1 189 1 287 1 0 0 0 0 4294967296 0 0 0 0 0 0 0 8589934592 0 0 0 0 0 0 0 12884901888 0 0 0
90 1 190 1 288 1 0 0 0 0 17179869184 0 0 0 0 0 0 0 34359738368 0 0 0 0 0 0 0 51539607552 0 0 0
91 1 191 1 289 1 0 0 0 0 68719476736 0 0 0 0 0 0 0 137438953472 0 0 0 0 0 0 0 206158430208 0 0 0
92 1 192 1 290 1 0 0 0 0 274877906944 0 0 0 0 0 0 0 549755813888 0 0 0 0 0 0 0 824633720832 0 0 0
93 1 193 1 291 1 0 0 0 0 1099511627776 0 0 0 0 0 0 0 2199023255552 0 0 0 0 0 0 0 3298534883328 0 0 0
94 1 194 1 292 1 0 0 0 0 4398046511104 0 0 0 0 0 0 0 8796093022208 0 0 0 0 0 0 0 13194139533312 0 0 0
95 1 195 1 293 1 0 0 0 0 17592186044416 0 0 0 0 0 0 0 35184372088832 0 0 0 0 0 0 0 52776558133248 0 0 0
96 1 196 1 294 1 0 0 0 0 70368744177664 0 0 0 0 0 0 0 140737488355328 0 0 0 0 0 0 0 211106232532992 0 0 0
97 1 197 1 295 1 0 0 0 0 281474976710656 0 0 0 0 0 0 0 562949953421312 0 0 0 0 0 0 0 844424930131968 0 0 0
98 1 198 1 296 1 0 0 0 0 1125899906842624 0 0 0 0 0 0 0 2251799813685248 0 0 0 0 0 0 0 3377699720527872 0 0 0
99 1 199 1 297 1 0 0 0 0 4503599627370496 0 0 0 0 0 0 0 9007199254740992 0 0 0 0 0 0 0 13510798882111488 0 0 0
100 1 200 1 298 1 0 0 0 0 18014398509481984 0 0 0 0 0 0 0 36028797018963968 0 0 0 0 0 0 0 54043195528445952 0 0 0
101 1 201 1 299 1 0 0 0 0 72057594037927936 0 0 0 0 0 0 0 144115188075855872 0 0 0 0 0 0 0 216172782113783808 0 0 0
102 1 202 1 300 1 0 0 0 0 288230376151711744 0 0 0 0 0 0 0 576460752303423488 0 0 0 0 0 0 0 864691128455135232 0 0 0
103 1 203 1 301 1 0 0 0 0 1152921504606846976 0 0 0 0 0 0 0 2305843009213693952 0 0 0 0 0 0 0 3458764513820540928 0 0 0
104 1 204 1 302 1 0 0 0 0 4611686018427387904 0 0 0 0 0 0 0 9223372036854775808 0 0 0 0 0 0 0 13835058055282163712 0 0 0
105 1 205 1 303 1 0 0 0 0 0 1 0 0 0 0 0 0 0 2 0 0 0 0 0 0 0 3 0 0
106 1 206 1 304 1 0 0 0 0 0 4 0 0 0 0 0 0 0 8 0 0 0 0 0 0 0 12 0 0
107 1 207 1 305 1 0 0 0 0 0 16 0 0 0 0 0 0 0 32 0 0 0 0 0 0 0 48 0 0
108 1 208 1 306 1 0 0 0 0 0 64 0 0 0 0 0 0 0 128 0 0 0 0 0 0 0 192 0 0
109 1 209 1 307 1 0 0 0 0 0 256 0 0 0 0 0 0 0 512 0 0 0 0 0 0 0 768 0 0
110 1 210 1 308 1 0 0 0 0 0 1024 0 0 0 0 0 0 0 2048 0 0 0 0 0 0 0 3072 0 0
111 1 211 1 309 1 0 0 0 0 0 4096 0 0 0 0 0 0 0 8192 0 0 0 0 0 0 0 12288 0 0
112 1 212 1 310 1 0 0 0 0 0 16384 0 0 0 0 0 0 0 32768 0 0 0 0 0 0 0 49152 0 0
113 1 213 1 311 1 0 0 0 0 0 65536 0 0 0 0 0 0 0 131072 0 0 0 0 0 0 0 196608 0 0
114 1 214 1 312 1 0 0 0 0 0 262144 0 0 0 0 0 0 0 524288 0 0 0 0 0 0 0 786432 0 0
115 1 215 1 313 1 0 0 0 0 0 1048576 0 0 0 0 0 0 0 2097152 0 0 0 0 0 0 0 3145728 0 0
116 1 216 1 314 1 0 0 0 0 0 4194304 0 0 0 0 0 0 0 8388608 0 0 0 0 0 0 0 12582912 0 0
117 1 217 1 315 1 0 0 0 0 0 16777216 0 0 0 0 0 0 0 33554432 0 0 0 0 0 0 0 50331648 0 0
118 1 218 1 316 1 0 0 0 0 0 67108864 0 0 0 0 0 0 0 134217728 0 0 0 0 0 0 0 201326592 0 0
119 1 219 1 317 1 0 0 0 0 0 268435456 0 0 0 0 0 0 0 536870912 0 0 0 0 0 0 0 805306368 0 0
120 1 220 1 318 1 0 0 0 0 0 1073741824 0 0 0 0 0 0 0 2147483648 0 0 0 0 0 0 0 3221225472 0 0
121 1 221 1 319 1 0 0 0 0 0 4294967296 0 0 0 0 0 0 0 8589934592 0 0 0 0 0 0 0 12884901888 0 0
122 1 222 1 320 1 0 0 0 0 0 17179869184 0 0 0 0 0 0 0 34359738368 0 0 0 0 0 0 0 51539607552 0 0
123 1 223 1 321 1 0 0 0 0 0 68719476736 0 0 0 0 0 0 0 137438953472 0 0 0 0 0 0 0 206158430208 0 0
124 1 224 1 322 1 0 0 0 0 0 274877906944 0 0 0 0 0 0 0 549755813888 0 0 0 0 0 0 0 824633720832 0 0
125 1 225 1 323 1 0 0 0 0 0 1099511627776 0 0 0 0 0 0 0 2199023255552 0 0 0 0 0 0 0 3298534883328 0 0
126 1 226 1 324 1 0 0 0 0 0 4398046511104 0 0 0 0 0 0 0 8796093022208 0 0 0 0 0 0 0 13194139533312 0 0
127 1 227 1 325 1 0 0 0 0 0 17592186044416 0 0 0 0 0 0 0 35184372088832 0 0 0 0 0 0 0 52776558133248 0 0
0 1 228 1 326 1 0 0 0 0 0 70368744177664 0 0 0 0 0 0 0 140737488355328 0 0 0 0 0 0 0 211106232532992 0 0
1 1 229 1 327 1 0 0 0 0 0 281474976710656 0 0 0 0 0 0 0 562949953421312 0 0 0 0 0 0 0 844424930131968 0 0
2 1 230 1 328 1 0 0 0 0 0 1125899906842624 0 0 0 0 0 0 0 2251799813685248 0 0 0 0 0 0 0 3377699720527872 0 0
3 1 231 1 329 1 0 0 0 0 0 4503599627370496 0 0 0 0 0 0 0 9007199254740992 0 0 0 0 0 0 0 13510798882111488 0 0
4 1 232 1 330 1 0 0 0 0 0 18014398509481984 0 0 0 0 0 0 0 36028797018963968 0 0 0 0 0 0 0 54043195528445952 0 0
5 1 233 1 331 1 0 0 0 0 0 72057594037927936 0 0 0 0 0 0 0 144115188075855872 0 0 0 0 0 0 0 216172782113783808 0 0
6 1 234 1 332 1 0 0 0 0 0 288230376151711744 0 0 0 0 0 0 0 576460752303423488 0 0 0 0 0 0 0 864691128455135232 0 0
7 1 235 1 333 1 0 0 0 0 0 1152921504606846976 0 0 0 0 0 0 0 2305843009213693952 0 0 0 0 0 0 0 3458764513820540928 0 0
8 1 236 1 334 1 0 0 0 0 0 4611686018427387904 0 0 0 0 0 0 0 9223372036854775808 0 0 0 0 0 0 0 13835058055282163712 0 0
9 1 237 1 335 1 0 0 0 0 0 0 1 0 0 0 0 0 0 0 2 0 0 0 0 0 0 0 3 0
10 1 238 1 336 1 0 0 0 0 0 0 4 0 0 0 0 0 0 0 8 0 0 0 0 0 0 0 12 0
11 1 239 1 337 1 0 0 0 0 0 0 16 0 0 0 0 0 0 0 32 0 0 0 0 0 0 0 48 0
12 1 240 1 338 1 0 0 0 0 0 0 64 0 0 0 0 0 0 0 128 0 0 0 0 0 0 0 192 0
13 1 241 1 339 1 0 0 0 0 0 0 256 0 0 0 0 0 0 0 512 0 0 0 0 0 0 0 768 0
14 1 242 1 340 1 0 0 0 0 0 0 1024 0 0 0 0 0 0 0 2048 0 0 0 0 0 0 0 3072 0
15 1 243 1 341 1 0 0 0 0 0 0 4096 0 0 0 0 0 0 0 8192 0 0 0 0 0 0 0 12288 0
16 1 244 1 342 1 0 0 0 0 0 0 16384 0 0 0 0 0 0 0 32768 0 0 0 0 0 0 0 49152 0
17 1 245 1 343 1 0 0 0 0 0 0 65536 0 0 0 0 0 0 0 131072 0 0 0 0 0 0 0 196608 0
18 1 246 1 344 1 0 0 0 0 0 0 262144 0 0 0 0 0 0 0 524288 0 0 0 0 0 0 0 786432 0
19 1 247 1 345 1 0 0 0 0 0 0 1048576 0 0 0 0 0 0 0 2097152 0 0 0 0 0 0 0 3145728 0
20 1 248 1 346 1 0 0 0 0 0 0 4194304 0 0 0 0 0 0 0 8388608 0 0 0 0 0 0 0 12582912 0
21 1 249 1 347 1 0 0 0 0 0 0 16777216 0 0 0 0 0 0 0 33554432 0 0 0 0 0 0 0 50331648 0
22 1 250 1 348 1 0 0 0 0 0 0 67108864 0 0 0 0 0 0 0 134217728 0 0 0 0 0 0 0 201326592 0
23 1 251 1 349 1 0 0 0 0 0 0 268435456 0 0 0 0 0 0 0 536870912 0 0 0 0 0 0 0 805306368 0
24 1 252 1 350 1 0 0 0 0 0 0 1073741824 0 0 0 0 0 0 0 2147483648 0 0 0 0 0 0 0 3221225472 0
25 1 253 1 351 1 0 0 0 0 0 0 4294967296 0 0 0 0 0 0 0 8589934592 0 0 0 0 0 0 0 12884901888 0
26 1 254 1 352 1 0 0 0 0 0 0 17179869184 0 0 0 0 0 0 0 34359738368 0 0 0 0 0 0 0 51539607552 0
27 1 255 1 353 1 0 0 0 0 0 0 68719476736 0 0 0 0 0 0 0 137438953472 0 0 0 0 0 0 0 206158430208 0
28 1 128 1 354 1 0 0 0 0 0 0 274877906944 0 0 0 0 0 0 0 549755813888 0 0 0 0 0 0 0 824633720832 0
29 1 129 1 355 1 0 0 0 0 0 0 1099511627776 0 0 0 0 0 0 0 2199023255552 0 0 0 0 0 0 0 3298534883328 0
30 1 130 1 356 1 0 0 0 0 0 0 4398046511104 0 0 0 0 0 0 0 8796093022208 0 0 0 0 0 0 0 13194139533312 0
31 1 131 1 357 1 0 0 0 0 0 0 17592186044416 0 0 0 0 0 0 0 35184372088832 0 0 0 0 0 0 0 52776558133248 0
32 1 132 1 358 1 0 0 0 0 0 0 70368744177664 0 0 0 0 0 0 0 140737488355328 0 0 0 0 0 0 0 211106232532992 0
33 1 133 1 359 1 0 0 0 0 0 0 281474976710656 0 0 0 0 0 0 0 562949953421312 0 0 0 0 0 0 0 844424930131968 0
34 1 134 1 360 1 0 0 0 0 0 0 1125899906842624 0 0 0 0 0 0 0 2251799813685248 0 0 0 0 0 0 0 3377699720527872 0
35 1 135 1 361 1 0 0 0 0 0 0 4503599627370496 0 0 0 0 0 0 0 9007199254740992 0 0 0 0 0 0 0 13510798882111488 0
36 1 136 1 362 1 0 0 0 0 0 0 18014398509481984 0 0 0 0 0 0 0 36028797018963968 0 0 0 0 0 0 0 54043195528445952 0
37 1 137 1 363 1 0 0 0 0 0 0 72057594037927936 0 0 0 0 0 0 0 144115188075855872 0 0 0 0 0 0 0 216172782113783808 0
38 1 138 1 364 1 0 0 0 0 0 0 288230376151711744 0 0 0 0 0 0 0 576460752303423488 0 0 0 0 0 0 0 864691128455135232 0
39 1 139 1 365 1 0 0 0 0 0 0 1152921504606846976 0 0 0 0 0 0 0 2305843009213693952 0 0 0 0 0 0 0 3458764513820540928 0
40 1 140 1 366 1 0 0 0 0 0 0 4611686018427387904 0 0 0 0 0 0 0 9223372036854775808 0 0 0 0 0 0 0 13835058055282163712 0
41 1 141 1 367 1 0 0 0 0 0 0 0 1 0 0 0 0 0 0 0 2 0 0 0 0 0 0 0 3
42 1 142 1 368 1 0 0 0 0 0 0 0 4 0 0 0 0 0 0 0 8 0 0 0 0 0 0 0 12
43 1 143 1 369 1 0 0 0 0 0 0 0 16 0 0 0 0 0 0 0 32 0 0 0 0 0 0 0 48
44 1 144 1 370 1 0 0 0 0 0 0 0 64 0 0 0 0 0 0 0 128 0 0 0 0 0 0 0 192
45 1 145 1 371 1 0 0 0 0 0 0 0 256 0 0 0 0 0 0 0 512 0 0 0 0 0 0 0 768
46 1 146 1 372 1 0 0 0 0 0 0 0 1024 0 0 0 0 0 0 0 2048 0 0 0 0 0 0 0 3072
47 1 147 1 373 1 0 0 0 0 0 0 0 4096 0 0 0 0 0 0 0 8192 0 0 0 0 0 0 0 12288
48 1 148 1 374 1 0 0 0 0 0 0 0 16384 0 0 0 0 0 0 0 32768 0 0 0 0 0 0 0 49152
49 1 149 1 375 1 0 0 0 0 0 0 0 65536 0 0 0 0 0 0 0 131072 0 0 0 0 0 0 0 196608
50 1 150 1 376 1 0 0 0 0 0 0 0 262144 0 0 0 0 0 0 0 524288 0 0 0 0 0 0 0 786432
51 1 151 1 377 1 0 0 0 0 0 0 0 1048576 0 0 0 0 0 0 0 2097152 0 0 0 0 0 0 0 3145728
52 1 152 1 378 1 0 0 0 0 0 0 0 4194304 0 0 0 0 0 0 0 8388608 0 0 0 0 0 0 0 12582912
53 1 153 1 379 1 0 0 0 0 0 0 0 16777216 0 0 0 0 0 0 0 33554432 0 0 0 0 0 0 0 50331648
54 1 154 1 380 1 0 0 0 0 0 0 0 67108864 0 0 0 0 0 0 0 134217728 0 0 0 0 0 0 0 201326592
55 1 155 1 381 1 0 0 0 0 0 0 0 268435456 0 0 0 0 0 0 0 536870912 0 0 0 0 0 0 0 805306368
56 1 156 1 382 1 0 0 0 0 0 0 0 1073741824 0 0 0 0 0 0 0 2147483648 0 0 0 0 0 0 0 3221225472
57 1 157 1 383 1 0 0 0 0 0 0 0 4294967296 0 0 0 0 0 0 0 8589934592 0 0 0 0 0 0 0 12884901888
58 1 158 1 256 1 0 0 0 0 0 0 0 17179869184 0 0 0 0 0 0 0 34359738368 0 0 0 0 0 0 0 51539607552
59 1 159 1 257 1 0 0 0 0 0 0 0 68719476736 0 0 0 0 0 0 0 137438953472 0 0 0 0 0 0 0 206158430208
60 1 160 1 258 1 0 0 0 0 0 0 0 274877906944 0 0 0 0 0 0 0 549755813888 0 0 0 0 0 0 0 824633720832
61 1 161 1 259 1 0 0 0 0 0 0 0 1099511627776 0 0 0 0 0 0 0 2199023255552 0 0 0 0 0 0 0 3298534883328
62 1 162 1 260 1 0 0 0 0 0 0 0 4398046511104 0 0 0 0 0 0 0 8796093022208 0 0 0 0 0 0 0 13194139533312
63 1 163 1 261 1 0 0 0 0 0 0 0 17592186044416 0 0 0 0 0 0 0 35184372088832 0 0 0 0 0 0 0 52776558133248
64 1 164 1 262 1 0 0 0 0 0 0 0 70368744177664 0 0 0 0 0 0 0 140737488355328 0 0 0 0 0 0 0 211106232532992
65 1 165 1 263 1 0 0 0 0 0 0 0 281474976710656 0 0 0 0 0 0 0 562949953421312 0 0 0 0 0 0 0 844424930131968
66 1 166 1 264 1 0 0 0 0 0 0 0 1125899906842624 0 0 0 0 0 0 0 2251799813685248 0 0 0 0 0 0 0 3377699720527872
67 1 167 1 265 1 0 0 0 0 0 0 0 4503599627370496 0 0 0 0 0 0 0 9007199254740992 0 0 0 0 0 0 0 13510798882111488
68 1 168 1 266 1 0 0 0 0 0 0 0 18014398509481984 0 0 0 0 0 0 0 36028797018963968 0 0 0 0 0 0 0 54043195528445952
69 1 169 1 267 1 0 0 0 0 0 0 0 72057594037927936 0 0 0 0 0 0 0 144115188075855872 0 0 0 0 0 0 0 216172782113783808
70 1 170 1 268 1 0 0 0 0 0 0 0 288230376151711744 0 0 0 0 0 0 0 576460752303423488 0 0 0 0 0 0 0 864691128455135232
71 1 171 1 269 1 0 0 0 0 0 0 0 1152921504606846976 0 0 0 0 0 0 0 2305843009213693952 0 0 0 0 0 0 0 3458764513820540928
72 1 172 1 270 1 0 0 0 0 0 0 0 4611686018427387904 0 0 0 0 0 0 0 9223372036854775808 0 0 0 0 0 0 0 13835058055282163712
