896 336 7 112
0 2 112 1 224 1 0 0 0 0 0 0 0 0 0 0 0 0 0 0 0 0 0 0 0 0 0
1 2 113 1 225 1 0 0 0 0 0 0 0 0 0 0 0 0 0 0 0 0 0 0 0 0 0
2 2 114 1 226 1 0 0 0 0 0 0 0 0 0 0 0 0 0 0 0 0 0 0 0 0 0
3 2 115 1 227 1 0 0 0 0 0 0 0 0 0 0 0 0 0 0 0 0 0 0 0 0 0
4 2 116 1 228 1 0 0 0 0 0 0 0 0 0 0 0 0 0 0 0 0 0 0 0 0 0
5 2 117 1 229 1 0 0 0 0 0 0 0 0 0 0 0 0 0 0 0 0 0 0 0 0 0
6 2 118 1 230 1 0 0 0 0 0 0 0 0 0 0 0 0 0 0 0 0 0 0 0 0 0
7 2 119 1 231 1 0 0 0 0 0 0 0 0 0 0 0 0 0 0 0 0 0 0 0 0 0
8 2 120 1 232 1 0 0 0 0 0 0 0 0 0 0 0 0 0 0 0 0 0 0 0 0 0
9 2 121 1 233 1 0 0 0 0 0 0 0 0 0 0 0 0 0 0 0 0 0 0 0 0 0
10 2 122 1 234 1 0 0 0 0 0 0 0 0 0 0 0 0 0 0 0 0 0 0 0 0 0
11 2 123 1 235 1 0 0 0 0 0 0 0 0 0 0 0 0 0 0 0 0 0 0 0 0 0
12 2 124 1 236 1 0 0 0 0 0 0 0 0 0 0 0 0 0 0 0 0 0 0 0 0 0
13 2 125 1 237 1 0 0 0 0 0 0 0 0 0 0 0 0 0 0 0 0 0 0 0 0 0
14 2 126 1 238 1 0 0 0 0 0 0 0 0 0 0 0 0 0 0 0 0 0 0 0 0 0
15 2 127 1 239 1 0 0 0 0 0 0 0 0 0 0 0 0 0 0 0 0 0 0 0 0 0
16 2 128 1 240 1 0 0 0 0 0 0 0 0 0 0 0 0 0 0 0 0 0 0 0 0 0
17 2 129 1 241 1 0 0 0 0 0 0 0 0 0 0 0 0 0 0 0 0 0 0 0 0 0
18 2 130 1 242 1 0 0 0 0 0 0 0 0 0 0 0 0 0 0 0 0 0 0 0 0 0
19 2 131 1 243 1 0 0 0 0 0 0 0 0 0 0 0 0 0 0 0 0 0 0 0 0 0
20 2 132 1 244 1 0 0 0 0 0 0 0 0 0 0 0 0 0 0 0 0 0 0 0 0 0
21 2 133 1 245 1 0 0 0 0 0 0 0 0 0 0 0 0 0 0 0 0 0 0 0 0 0
22 2 134 1 246 1 0 0 0 0 0 0 0 0 0 0 0 0 0 0 0 0 0 0 0 0 0
23 2 135 1 247 1 0 0 0 0 0 0 0 0 0 0 0 0 0 0 0 0 0 0 0 0 0
24 2 136 1 248 1 0 0 0 0 0 0 0 0 0 0 0 0 0 0 0 0 0 0 0 0 0
25 2 137 1 249 1 0 0 0 0 0 0 0 0 0 0 0 0 0 0 0 0 0 0 0 0 0
26 2 138 1 250 1 0 0 0 0 0 0 0 0 0 0 0 0 0 0 0 0 0 0 0 0 0
27 2 139 1 251 1 0 0 0 0 0 0 0 0 0 0 0 0 0 0 0 0 0 0 0 0 0
28 2 140 1 252 1 0 0 0 0 0 0 0 0 0 0 0 0 0 0 0 0 0 0 0 0 0
29 2 141 1 253 1 0 0 0 0 0 0 0 0 0 0 0 0 0 0 0 0 0 0 0 0 0
30 2 142 1 254 1 0 0 0 0 0 0 0 0 0 0 0 0 0 0 0 0 0 0 0 0 0
31 2 143 1 255 1 0 0 0 0 0 0 0 0 0 0 0 0 0 0 0 0 0 0 0 0 0
32 2 144 1 256 1 0 0 0 0 0 0 0 0 0 0 0 0 0 0 0 0 0 0 0 0 0
33 2 145 1 257 1 0 0 0 0 0 0 0 0 0 0 0 0 0 0 0 0 0 0 0 0 0
34 2 146 1 258 1 0 0 0 0 0 0 0 0 0 0 0 0 0 0 0 0 0 0 0 0 0
35 2 147 1 259 1 0 0 0 0 0 0 0 0 0 0 0 0 0 0 0 0 0 0 0 0 0
36 2 148 1 260 1 0 0 0 0 0 0 0 0 0 0 0 0 0 0 0 0 0 0 0 0 0
37 2 149 1 261 1 0 0 0 0 0 0 0 0 0 0 0 0 0 0 0 0 0 0 0 0 0
38 2 150 1 262 1 0 0 0 0 0 0 0 0 0 0 0 0 0 0 0 0 0 0 0 0 0
39 2 151 1 263 1 0 0 0 0 0 0 0 0 0 0 0 0 0 0 0 0 0 0 0 0 0
40 2 152 1 264 1 0 0 0 0 0 0 0 0 0 0 0 0 0 0 0 0 0 0 0 0 0
41 2 153 1 265 1 0 0 0 0 0 0 0 0 0 0 0 0 0 0 0 0 0 0 0 0 0
42 2 154 1 266 1 0 0 0 0 0 0 0 0 0 0 0 0 0 0 0 0 0 0 0 0 0
43 2 155 1 267 1 0 0 0 0 0 0 0 0 0 0 0 0 0 0 0 0 0 0 0 0 0
44 2 156 1 268 1 0 0 0 0 0 0 0 0 0 0 0 0 0 0 0 0 0 0 0 0 0
45 2 157 1 269 1 0 0 0 0 0 0 0 0 0 0 0 0 0 0 0 0 0 0 0 0 0
46 2 158 1 270 1 0 0 0 0 0 0 0 0 0 0 0 0 0 0 0 0 0 0 0 0 0
47 2 159 1 271 1 0 0 0 0 0 0 0 0 0 0 0 0 0 0 0 0 0 0 0 0 0
48 2 160 1 272 1 0 0 0 0 0 0 0 0 0 0 0 0 0 0 0 0 0 0 0 0 0
49 2 161 1 273 1 0 0 0 0 0 0 0 0 0 0 0 0 0 0 0 0 0 0 0 0 0
50 2 162 1 274 1 0 0 0 0 0 0 0 0 0 0 0 0 0 0 0 0 0 0 0 0 0
51 2 163 1 275 1 0 0 0 0 0 0 0 0 0 0 0 0 0 0 0 0 0 0 0 0 0
52 2 164 1 276 1 0 0 0 0 0 0 0 0 0 0 0 0 0 0 0 0 0 0 0 0 0
53 2 165 1 277 1 0 0 0 0 0 0 0 0 0 0 0 0 0 0 0 0 0 0 0 0 0
54 2 166 1 278 1 0 0 0 0 0 0 0 0 0 0 0 0 0 0 0 0 0 0 0 0 0
55 2 167 1 279 1 0 0 0 0 0 0 0 0 0 0 0 0 0 0 0 0 0 0 0 0 0
56 2 168 1 280 1 0 0 0 0 0 0 0 0 0 0 0 0 0 0 0 0 0 0 0 0 0
57 2 169 1 281 1 0 0 0 0 0 0 0 0 0 0 0 0 0 0 0 0 0 0 0 0 0
58 2 170 1 282 1 0 0 0 0 0 0 0 0 0 0 0 0 0 0 0 0 0 0 0 0 0
59 2 171 1 283 1 0 0 0 0 0 0 0 0 0 0 0 0 0 0 0 0 0 0 0 0 0
60 2 172 1 284 1 0 0 0 0 0 0 0 0 0 0 0 0 0 0 0 0 0 0 0 0 0
61 2 173 1 285 1 0 0 0 0 0 0 0 0 0 0 0 0 0 0 0 0 0 0 0 0 0
62 2 174 1 286 1 0 0 0 0 0 0 0 0 0 0 0 0 0 0 0 0 0 0 0 0 0
63 2 175 1 287 1 0 0 0 0 0 0 0 0 0 0 0 0 0 0 0 0 0 0 0 0 0
64 2 176 1 288 1 0 0 0 0 0 0 0 0 0 0 0 0 0 0 0 0 0 0 0 0 0
65 2 177 1 289 1 0 0 0 0 0 0 0 0 0 0 0 0 0 0 0 0 0 0 0 0 0
66 2 178 1 290 1 0 0 0 0 0 0 0 0 0 0 0 0 0 0 0 0 0 0 0 0 0
67 2 179 1 291 1 0 0 0 0 0 0 0 0 0 0 0 0 0 0 0 0 0 0 0 0 0
68 2 180 1 292 1 0 0 0 0 0 0 0 0 0 0 0 0 0 0 0 0 0 0 0 0 0
69 2 181 1 293 1 0 0 0 0 0 0 0 0 0 0 0 0 0 0 0 0 0 0 0 0 0
70 2 182 1 294 1 0 0 0 0 0 0 0 0 0 0 0 0 0 0 0 0 0 0 0 0 0
71 2 183 1 295 1 0 0 0 0 0 0 0 0 0 0 0 0 0 0 0 0 0 0 0 0 0
72 2 184 1 296 1 0 0 0 0 0 0 0 0 0 0 0 0 0 0 0 0 0 0 0 0 0
73 2 185 1 297 1 0 0 0 0 0 0 0 0 0 0 0 0 0 0 0 0 0 0 0 0 0
74 2 186 1 298 1 0 0 0 0 0 0 0 0 0 0 0 0 0 0 0 0 0 0 0 0 0
75 2 187 1 299 1 0 0 0 0 0 0 0 0 0 0 0 0 0 0 0 0 0 0 0 0 0
76 2 188 1 300 1 0 0 0 0 0 0 0 0 0 0 0 0 0 0 0 0 0 0 0 0 0
77 2 189 1 301 1 0 0 0 0 0 0 0 0 0 0 0 0 0 0 0 0 0 0 0 0 0
78 2 190 1 302 1 0 0 0 0 0 0 0 0 0 0 0 0 0 0 0 0 0 0 0 0 0
79 2 191 1 303 1 0 0 0 0 0 0 0 0 0 0 0 0 0 0 0 0 0 0 0 0 0
80 2 192 1 304 1 0 0 0 0 0 0 0 0 0 0 0 0 0 0 0 0 0 0 0 0 0
81 2 193 1 305 1 0 0 0 0 0 0 0 0 0 0 0 0 0 0 0 0 0 0 0 0 0
82 2 194 1 306 1 0 0 0 0 0 0 0 0 0 0 0 0 0 0 0 0 0 0 0 0 0
83 2 195 1 307 1 0 0 0 0 0 0 0 0 0 0 0 0 0 0 0 0 0 0 0 0 0
84 2 196 1 308 1 0 0 0 0 0 0 0 0 0 0 0 0 0 0 0 0 0 0 0 0 0
85 2 197 1 309 1 0 0 0 0 0 0 0 0 0 0 0 0 0 0 0 0 0 0 0 0 0
86 2 198 1 310 1 0 0 0 0 0 0 0 0 0 0 0 0 0 0 0 0 0 0 0 0 0
87 2 199 1 311 1 0 0 0 0 0 0 0 0 0 0 0 0 0 0 0 0 0 0 0 0 0
88 2 200 1 312 1 0 0 0 0 0 0 0 0 0 0 0 0 0 0 0 0 0 0 0 0 0
89 2 201 1 313 1 0 0 0 0 0 0 0 0 0 0 0 0 0 0 0 0 0 0 0 0 0
90 2 202 1 314 1 0 0 0 0 0 0 0 0 0 0 0 0 0 0 0 0 0 0 0 0 0
91 2 203 1 315 1 0 0 0 0 0 0 0 0 0 0 0 0 0 0 0 0 0 0 0 0 0
92 2 204 1 316 1 0 0 0 0 0 0 0 0 0 0 0 0 0 0 0 0 0 0 0 0 0
93 2 205 1 317 1 0 0 0 0 0 0 0 0 0 0 0 0 0 0 0 0 0 0 0 0 0
94 2 206 1 318 1 0 0 0 0 0 0 0 0 0 0 0 0 0 0 0 0 0 0 0 0 0
95 2 207 1 319 1 0 0 0 0 0 0 0 0 0 0 0 0 0 0 0 0 0 0 0 0 0
96 2 208 1 320 1 0 0 0 0 0 0 0 0 0 0 0 0 0 0 0 0 0 0 0 0 0
97 2 209 1 321 1 0 0 0 0 0 0 0 0 0 0 0 0 0 0 0 0 0 0 0 0 0
98 2 210 1 322 1 0 0 0 0 0 0 0 0 0 0 0 0 0 0 0 0 0 0 0 0 0
99 2 211 1 323 1 0 0 0 0 0 0 0 0 0 0 0 0 0 0 0 0 0 0 0 0 0
100 2 212 1 324 1 0 0 0 0 0 0 0 0 0 0 0 0 0 0 0 0 0 0 0 0 0
101 2 213 1 325 1 0 0 0 0 0 0 0 0 0 0 0 0 0 0 0 0 0 0 0 0 0
102 2 214 1 326 1 0 0 0 0 0 0 0 0 0 0 0 0 0 0 0 0 0 0 0 0 0
103 2 215 1 327 1 0 0 0 0 0 0 0 0 0 0 0 0 0 0 0 0 0 0 0 0 0
104 2 216 1 328 1 0 0 0 0 0 0 0 0 0 0 0 0 0 0 0 0 0 0 0 0 0
105 2 217 1 329 1 0 0 0 0 0 0 0 0 0 0 0 0 0 0 0 0 0 0 0 0 0
106 2 218 1 330 1 0 0 0 0 0 0 0 0 0 0 0 0 0 0 0 0 0 0 0 0 0
107 2 219 1 331 1 0 0 0 0 0 0 0 0 0 0 0 0 0 0 0 0 0 0 0 0 0
108 2 220 1 332 1 0 0 0 0 0 0 0 0 0 0 0 0 0 0 0 0 0 0 0 0 0
109 2 221 1 333 1 0 0 0 0 0 0 0 0 0 0 0 0 0 0 0 0 0 0 0 0 0
110 2 222 1 334 1 0 0 0 0 0 0 0 0 0 0 0 0 0 0 0 0 0 0 0 0 0
111 2 223 1 335 1 0 0 0 0 0 0 0 0 0 0 0 0 0 0 0 0 0 0 0 0 0
0 1 196 2 252 1 0 0 0 0 0 0 0 0 0 0 0 0 0 0 0 0 0 0 0 0 0
1 1 197 2 253 1 0 0 0 0 0 0 0 0 0 0 0 0 0 0 0 0 0 0 0 0 0
2 1 198 2 254 1 0 0 0 0 0 0 0 0 0 0 0 0 0 0 0 0 0 0 0 0 0
3 1 199 2 255 1 0 0 0 0 0 0 0 0 0 0 0 0 0 0 0 0 0 0 0 0 0
4 1 200 2 256 1 0 0 0 0 0 0 0 0 0 0 0 0 0 0 0 0 0 0 0 0 0
5 1 201 2 257 1 0 0 0 0 0 0 0 0 0 0 0 0 0 0 0 0 0 0 0 0 0
6 1 202 2 258 1 0 0 0 0 0 0 0 0 0 0 0 0 0 0 0 0 0 0 0 0 0
7 1 203 2 259 1 0 0 0 0 0 0 0 0 0 0 0 0 0 0 0 0 0 0 0 0 0
8 1 204 2 260 1 0 0 0 0 0 0 0 0 0 0 0 0 0 0 0 0 0 0 0 0 0
9 1 205 2 261 1 0 0 0 0 0 0 0 0 0 0 0 0 0 0 0 0 0 0 0 0 0
10 1 206 2 262 1 0 0 0 0 0 0 0 0 0 0 0 0 0 0 0 0 0 0 0 0 0
11 1 207 2 263 1 0 0 0 0 0 0 0 0 0 0 0 0 0 0 0 0 0 0 0 0 0
12 1 208 2 264 1 0 0 0 0 0 0 0 0 0 0 0 0 0 0 0 0 0 0 0 0 0
13 1 209 2 265 1 0 0 0 0 0 0 0 0 0 0 0 0 0 0 0 0 0 0 0 0 0
14 1 210 2 266 1 0 0 0 0 0 0 0 0 0 0 0 0 0 0 0 0 0 0 0 0 0
15 1 211 2 267 1 0 0 0 0 0 0 0 0 0 0 0 0 0 0 0 0 0 0 0 0 0
16 1 212 2 268 1 0 0 0 0 0 0 0 0 0 0 0 0 0 0 0 0 0 0 0 0 0
17 1 213 2 269 1 0 0 0 0 0 0 0 0 0 0 0 0 0 0 0 0 0 0 0 0 0
18 1 214 2 270 1 0 0 0 0 0 0 0 0 0 0 0 0 0 0 0 0 0 0 0 0 0
19 1 215 2 271 1 0 0 0 0 0 0 0 0 0 0 0 0 0 0 0 0 0 0 0 0 0
20 1 216 2 272 1 0 0 0 0 0 0 0 0 0 0 0 0 0 0 0 0 0 0 0 0 0
21 1 217 2 273 1 0 0 0 0 0 0 0 0 0 0 0 0 0 0 0 0 0 0 0 0 0
22 1 218 2 274 1 0 0 0 0 0 0 0 0 0 0 0 0 0 0 0 0 0 0 0 0 0
23 1 219 2 275 1 0 0 0 0 0 0 0 0 0 0 0 0 0 0 0 0 0 0 0 0 0
24 1 220 2 276 1 0 0 0 0 0 0 0 0 0 0 0 0 0 0 0 0 0 0 0 0 0
25 1 221 2 277 1 0 0 0 0 0 0 0 0 0 0 0 0 0 0 0 0 0 0 0 0 0
26 1 222 2 278 1 0 0 0 0 0 0 0 0 0 0 0 0 0 0 0 0 0 0 0 0 0
27 1 223 2 279 1 0 0 0 0 0 0 0 0 0 0 0 0 0 0 0 0 0 0 0 0 0
28 1 112 2 280 1 0 0 0 0 0 0 0 0 0 0 0 0 0 0 0 0 0 0 0 0 0
29 1 113 2 281 1 0 0 0 0 0 0 0 0 0 0 0 0 0 0 0 0 0 0 0 0 0
30 1 114 2 282 1 0 0 0 0 0 0 0 0 0 0 0 0 0 0 0 0 0 0 0 0 0
31 1 115 2 283 1 0 0 0 0 0 0 0 0 0 0 0 0 0 0 0 0 0 0 0 0 0
32 1 116 2 284 1 0 0 0 0 0 0 0 0 0 0 0 0 0 0 0 0 0 0 0 0 0
33 1 117 2 285 1 0 0 0 0 0 0 0 0 0 0 0 0 0 0 0 0 0 0 0 0 0
34 1 118 2 286 1 0 0 0 0 0 0 0 0 0 0 0 0 0 0 0 0 0 0 0 0 0
35 1 119 2 287 1 0 0 0 0 0 0 0 0 0 0 0 0 0 0 0 0 0 0 0 0 0
36 1 120 2 288 1 0 0 0 0 0 0 0 0 0 0 0 0 0 0 0 0 0 0 0 0 0
37 1 121 2 289 1 0 0 0 0 0 0 0 0 0 0 0 0 0 0 0 0 0 0 0 0 0
38 1 122 2 290 1 0 0 0 0 0 0 0 0 0 0 0 0 0 0 0 0 0 0 0 0 0
39 1 123 2 291 1 0 0 0 0 0 0 0 0 0 0 0 0 0 0 0 0 0 0 0 0 0
40 1 124 2 292 1 0 0 0 0 0 0 0 0 0 0 0 0 0 0 0 0 0 0 0 0 0
41 1 125 2 293 1 0 0 0 0 0 0 0 0 0 0 0 0 0 0 0 0 0 0 0 0 0
42 1 126 2 294 1 0 0 0 0 0 0 0 0 0 0 0 0 0 0 0 0 0 0 0 0 0
43 1 127 2 295 1 0 0 0 0 0 0 0 0 0 0 0 0 0 0 0 0 0 0 0 0 0
44 1 128 2 296 1 0 0 0 0 0 0 0 0 0 0 0 0 0 0 0 0 0 0 0 0 0
45 1 129 2 297 1 0 0 0 0 0 0 0 0 0 0 0 0 0 0 0 0 0 0 0 0 0
46 1 130 2 298 1 0 0 0 0 0 0 0 0 0 0 0 0 0 0 0 0 0 0 0 0 0
47 1 131 2 299 1 0 0 0 0 0 0 0 0 0 0 0 0 0 0 0 0 0 0 0 0 0
48 1 132 2 300 1 0 0 0 0 0 0 0 0 0 0 0 0 0 0 0 0 0 0 0 0 0
49 1 133 2 301 1 0 0 0 0 0 0 0 0 0 0 0 0 0 0 0 0 0 0 0 0 0
50 1 134 2 302 1 0 0 0 0 0 0 0 0 0 0 0 0 0 0 0 0 0 0 0 0 0
51 1 135 2 303 1 0 0 0 0 0 0 0 0 0 0 0 0 0 0 0 0 0 0 0 0 0
52 1 136 2 304 1 0 0 0 0 0 0 0 0 0 0 0 0 0 0 0 0 0 0 0 0 0
53 1 137 2 305 1 0 0 0 0 0 0 0 0 0 0 0 0 0 0 0 0 0 0 0 0 0
54 1 138 2 306 1 0 0 0 0 0 0 0 0 0 0 0 0 0 0 0 0 0 0 0 0 0
55 1 139 2 307 1 0 0 0 0 0 0 0 0 0 0 0 0 0 0 0 0 0 0 0 0 0
56 1 140 2 308 1 0 0 0 0 0 0 0 0 0 0 0 0 0 0 0 0 0 0 0 0 0
57 1 141 2 309 1 0 0 0 0 0 0 0 0 0 0 0 0 0 0 0 0 0 0 0 0 0
58 1 142 2 310 1 0 0 0 0 0 0 0 0 0 0 0 0 0 0 0 0 0 0 0 0 0
59 1 143 2 311 1 0 0 0 0 0 0 0 0 0 0 0 0 0 0 0 0 0 0 0 0 0
60 1 144 2 312 1 0 0 0 0 0 0 0 0 0 0 0 0 0 0 0 0 0 0 0 0 0
61 1 145 2 313 1 0 0 0 0 0 0 0 0 0 0 0 0 0 0 0 0 0 0 0 0 0
62 1 146 2 314 1 0 0 0 0 0 0 0 0 0 0 0 0 0 0 0 0 0 0 0 0 0
63 1 147 2 315 1 0 0 0 0 0 0 0 0 0 0 0 0 0 0 0 0 0 0 0 0 0
64 1 148 2 316 1 0 0 0 0 0 0 0 0 0 0 0 0 0 0 0 0 0 0 0 0 0
65 1 149 2 317 1 0 0 0 0 0 0 0 0 0 0 0 0 0 0 0 0 0 0 0 0 0
66 1 150 2 318 1 0 0 0 0 0 0 0 0 0 0 0 0 0 0 0 0 0 0 0 0 0
67 1 151 2 319 1 0 0 0 0 0 0 0 0 0 0 0 0 0 0 0 0 0 0 0 0 0
68 1 152 2 320 1 0 0 0 0 0 0 0 0 0 0 0 0 0 0 0 0 0 0 0 0 0
69 1 153 2 321 1 0 0 0 0 0 0 0 0 0 0 0 0 0 0 0 0 0 0 0 0 0
70 1 154 2 322 1 0 0 0 0 0 0 0 0 0 0 0 0 0 0 0 0 0 0 0 0 0
71 1 155 2 323 1 0 0 0 0 0 0 0 0 0 0 0 0 0 0 0 0 0 0 0 0 0
72 1 156 2 324 1 0 0 0 0 0 0 0 0 0 0 0 0 0 0 0 0 0 0 0 0 0
73 1 157 2 325 1 0 0 0 0 0 0 0 0 0 0 0 0 0 0 0 0 0 0 0 0 0
74 1 158 2 326 1 0 0 0 0 0 0 0 0 0 0 0 0 0 0 0 0 0 0 0 0 0
75 1 159 2 327 1 0 0 0 0 0 0 0 0 0 0 0 0 0 0 0 0 0 0 0 0 0
76 1 160 2 328 1 0 0 0 0 0 0 0 0 0 0 0 0 0 0 0 0 0 0 0 0 0
77 1 161 2 329 1 0 0 0 0 0 0 0 0 0 0 0 0 0 0 0 0 0 0 0 0 0
78 1 162 2 330 1 0 0 0 0 0 0 0 0 0 0 0 0 0 0 0 0 0 0 0 0 0
79 1 163 2 331 1 0 0 0 0 0 0 0 0 0 0 0 0 0 0 0 0 0 0 0 0 0
80 1 164 2 332 1 0 0 0 0 0 0 0 0 0 0 0 0 0 0 0 0 0 0 0 0 0
81 1 165 2 333 1 0 0 0 0 0 0 0 0 0 0 0 0 0 0 0 0 0 0 0 0 0
82 1 166 2 334 1 0 0 0 0 0 0 0 0 0 0 0 0 0 0 0 0 0 0 0 0 0
83 1 167 2 335 1 0 0 0 0 0 0 0 0 0 0 0 0 0 0 0 0 0 0 0 0 0
84 1 168 2 224 1 0 0 0 0 0 0 0 0 0 0 0 0 0 0 0 0 0 0 0 0 0
85 1 169 2 225 1 0 0 0 0 0 0 0 0 0 0 0 0 0 0 0 0 0 0 0 0 0
86 1 170 2 226 1 0 0 0 0 0 0 0 0 0 0 0 0 0 0 0 0 0 0 0 0 0
87 1 171 2 227 1 0 0 0 0 0 0 0 0 0 0 0 0 0 0 0 0 0 0 0 0 0
88 1 172 2 228 1 0 0 0 0 0 0 0 0 0 0 0 0 0 0 0 0 0 0 0 0 0
89 1 173 2 229 1 0 0 0 0 0 0 0 0 0 0 0 0 0 0 0 0 0 0 0 0 0
90 1 174 2 230 1 0 0 0 0 0 0 0 0 0 0 0 0 0 0 0 0 0 0 0 0 0
91 1 175 2 231 1 0 0 0 0 0 0 0 0 0 0 0 0 0 0 0 0 0 0 0 0 0
92 1 176 2 232 1 0 0 0 0 0 0 0 0 0 0 0 0 0 0 0 0 0 0 0 0 0
93 1 177 2 233 1 0 0 0 0 0 0 0 0 0 0 0 0 0 0 0 0 0 0 0 0 0
94 1 178 2 234 1 0 0 0 0 0 0 0 0 0 0 0 0 0 0 0 0 0 0 0 0 0
95 1 179 2 235 1 0 0 0 0 0 0 0 0 0 0 0 0 0 0 0 0 0 0 0 0 0
96 1 180 2 236 1 0 0 0 0 0 0 0 0 0 0 0 0 0 0 0 0 0 0 0 0 0
97 1 181 2 237 1 0 0 0 0 0 0 0 0 0 0 0 0 0 0 0 0 0 0 0 0 0
98 1 182 2 238 1 0 0 0 0 0 0 0 0 0 0 0 0 0 0 0 0 0 0 0 0 0
99 1 183 2 239 1 0 0 0 0 0 0 0 0 0 0 0 0 0 0 0 0 0 0 0 0 0
100 1 184 2 240 1 0 0 0 0 0 0 0 0 0 0 0 0 0 0 0 0 0 0 0 0 0
101 1 185 2 241 1 0 0 0 0 0 0 0 0 0 0 0 0 0 0 0 0 0 0 0 0 0
102 1 186 2 242 1 0 0 0 0 0 0 0 0 0 0 0 0 0 0 0 0 0 0 0 0 0
103 1 187 2 243 1 0 0 0 0 0 0 0 0 0 0 0 0 0 0 0 0 0 0 0 0 0
104 1 188 2 244 1 0 0 0 0 0 0 0 0 0 0 0 0 0 0 0 0 0 0 0 0 0
105 1 189 2 245 1 0 0 0 0 0 0 0 0 0 0 0 0 0 0 0 0 0 0 0 0 0
106 1 190 2 246 1 0 0 0 0 0 0 0 0 0 0 0 0 0 0 0 0 0 0 0 0 0
107 1 191 2 247 1 0 0 0 0 0 0 0 0 0 0 0 0 0 0 0 0 0 0 0 0 0
108 1 192 2 248 1 0 0 0 0 0 0 0 0 0 0 0 0 0 0 0 0 0 0 0 0 0
109 1 193 2 249 1 0 0 0 0 0 0 0 0 0 0 0 0 0 0 0 0 0 0 0 0 0
110 1 194 2 250 1 0 0 0 0 0 0 0 0 0 0 0 0 0 0 0 0 0 0 0 0 0
111 1 195 2 251 1 0 0 0 0 0 0 0 0 0 0 0 0 0 0 0 0 0 0 0 0 0
0 1 182 1 322 2 0 0 0 0 0 0 0 0 0 0 0 0 0 0 0 0 0 0 0 0 0
1 1 183 1 323 2 0 0 0 0 0 0 0 0 0 0 0 0 0 0 0 0 0 0 0 0 0
2 1 184 1 324 2 0 0 0 0 0 0 0 0 0 0 0 0 0 0 0 0 0 0 0 0 0
3 1 185 1 325 2 0 0 0 0 0 0 0 0 0 0 0 0 0 0 0 0 0 0 0 0 0
4 1 186 1 326 2 0 0 0 0 0 0 0 0 0 0 0 0 0 0 0 0 0 0 0 0 0
5 1 187 1 327 2 0 0 0 0 0 0 0 0 0 0 0 0 0 0 0 0 0 0 0 0 0
6 1 188 1 328 2 0 0 0 0 0 0 0 0 0 0 0 0 0 0 0 0 0 0 0 0 0
7 1 189 1 329 2 0 0 0 0 0 0 0 0 0 0 0 0 0 0 0 0 0 0 0 0 0
8 1 190 1 330 2 0 0 0 0 0 0 0 0 0 0 0 0 0 0 0 0 0 0 0 0 0
9 1 191 1 331 2 0 0 0 0 0 0 0 0 0 0 0 0 0 0 0 0 0 0 0 0 0
10 1 192 1 332 2 0 0 0 0 0 0 0 0 0 0 0 0 0 0 0 0 0 0 0 0 0
11 1 193 1 333 2 0 0 0 0 0 0 0 0 0 0 0 0 0 0 0 0 0 0 0 0 0
12 1 194 1 334 2 0 0 0 0 0 0 0 0 0 0 0 0 0 0 0 0 0 0 0 0 0
13 1 195 1 335 2 0 0 0 0 0 0 0 0 0 0 0 0 0 0 0 0 0 0 0 0 0
14 1 196 1 224 2 0 0 0 0 0 0 0 0 0 0 0 0 0 0 0 0 0 0 0 0 0
15 1 197 1 225 2 0 0 0 0 0 0 0 0 0 0 0 0 0 0 0 0 0 0 0 0 0
16 1 198 1 226 2 0 0 0 0 0 0 0 0 0 0 0 0 0 0 0 0 0 0 0 0 0
17 1 199 1 227 2 0 0 0 0 0 0 0 0 0 0 0 0 0 0 0 0 0 0 0 0 0
18 1 200 1 228 2 0 0 0 0 0 0 0 0 0 0 0 0 0 0 0 0 0 0 0 0 0
19 1 201 1 229 2 0 0 0 0 0 0 0 0 0 0 0 0 0 0 0 0 0 0 0 0 0
20 1 202 1 230 2 0 0 0 0 0 0 0 0 0 0 0 0 0 0 0 0 0 0 0 0 0
21 1 203 1 231 2 0 0 0 0 0 0 0 0 0 0 0 0 0 0 0 0 0 0 0 0 0
22 1 204 1 232 2 0 0 0 0 0 0 0 0 0 0 0 0 0 0 0 0 0 0 0 0 0
23 1 205 1 233 2 0 0 0 0 0 0 0 0 0 0 0 0 0 0 0 0 0 0 0 0 0
24 1 206 1 234 2 0 0 0 0 0 0 0 0 0 0 0 0 0 0 0 0 0 0 0 0 0
25 1 207 1 235 2 0 0 0 0 0 0 0 0 0 0 0 0 0 0 0 0 0 0 0 0 0
26 1 208 1 236 2 0 0 0 0 0 0 0 0 0 0 0 0 0 0 0 0 0 0 0 0 0
27 1 209 1 237 2 0 0 0 0 0 0 0 0 0 0 0 0 0 0 0 0 0 0 0 0 0
28 1 210 1 238 2 0 0 0 0 0 0 0 0 0 0 0 0 0 0 0 0 0 0 0 0 0
29 1 211 1 239 2 0 0 0 0 0 0 0 0 0 0 0 0 0 0 0 0 0 0 0 0 0
30 1 212 1 240 2 0 0 0 0 0 0 0 0 0 0 0 0 0 0 0 0 0 0 0 0 0
31 1 213 1 241 2 0 0 0 0 0 0 0 0 0 0 0 0 0 0 0 0 0 0 0 0 0
32 1 214 1 242 2 0 0 0 0 0 0 0 0 0 0 0 0 0 0 0 0 0 0 0 0 0
33 1 215 1 243 2 0 0 0 0 0 0 0 0 0 0 0 0 0 0 0 0 0 0 0 0 0
34 1 216 1 244 2 0 0 0 0 0 0 0 0 0 0 0 0 0 0 0 0 0 0 0 0 0
35 1 217 1 245 2 0 0 0 0 0 0 0 0 0 0 0 0 0 0 0 0 0 0 0 0 0
36 1 218 1 246 2 0 0 0 0 0 0 0 0 0 0 0 0 0 0 0 0 0 0 0 0 0
37 1 219 1 247 2 0 0 0 0 0 0 0 0 0 0 0 0 0 0 0 0 0 0 0 0 0
38 1 220 1 248 2 0 0 0 0 0 0 0 0 0 0 0 0 0 0 0 0 0 0 0 0 0
39 1 221 1 249 2 0 0 0 0 0 0 0 0 0 0 0 0 0 0 0 0 0 0 0 0 0
40 1 222 1 250 2 0 0 0 0 0 0 0 0 0 0 0 0 0 0 0 0 0 0 0 0 0
41 1 223 1 251 2 0 0 0 0 0 0 0 0 0 0 0 0 0 0 0 0 0 0 0 0 0
42 1 112 1 252 2 0 0 0 0 0 0 0 0 0 0 0 0 0 0 0 0 0 0 0 0 0
43 1 113 1 253 2 0 0 0 0 0 0 0 0 0 0 0 0 0 0 0 0 0 0 0 0 0
44 1 114 1 254 2 0 0 0 0 0 0 0 0 0 0 0 0 0 0 0 0 0 0 0 0 0
45 1 115 1 255 2 0 0 0 0 0 0 0 0 0 0 0 0 0 0 0 0 0 0 0 0 0
46 1 116 1 256 2 0 0 0 0 0 0 0 0 0 0 0 0 0 0 0 0 0 0 0 0 0
47 1 117 1 257 2 0 0 0 0 0 0 0 0 0 0 0 0 0 0 0 0 0 0 0 0 0
48 1 118 1 258 2 0 0 0 0 0 0 0 0 0 0 0 0 0 0 0 0 0 0 0 0 0
49 1 119 1 259 2 0 0 0 0 0 0 0 0 0 0 0 0 0 0 0 0 0 0 0 0 0
50 1 120 1 260 2 0 0 0 0 0 0 0 0 0 0 0 0 0 0 0 0 0 0 0 0 0
51 1 121 1 261 2 0 0 0 0 0 0 0 0 0 0 0 0 0 0 0 0 0 0 0 0 0
52 1 122 1 262 2 0 0 0 0 0 0 0 0 0 0 0 0 0 0 0 0 0 0 0 0 0
53 1 123 1 263 2 0 0 0 0 0 0 0 0 0 0 0 0 0 0 0 0 0 0 0 0 0
54 1 124 1 264 2 0 0 0 0 0 0 0 0 0 0 0 0 0 0 0 0 0 0 0 0 0
55 1 125 1 265 2 0 0 0 0 0 0 0 0 0 0 0 0 0 0 0 0 0 0 0 0 0
56 1 126 1 266 2 0 0 0 0 0 0 0 0 0 0 0 0 0 0 0 0 0 0 0 0 0
57 1 127 1 267 2 0 0 0 0 0 0 0 0 0 0 0 0 0 0 0 0 0 0 0 0 0
58 1 128 1 268 2 0 0 0 0 0 0 0 0 0 0 0 0 0 0 0 0 0 0 0 0 0
59 1 129 1 269 2 0 0 0 0 0 0 0 0 0 0 0 0 0 0 0 0 0 0 0 0 0
60 1 130 1 270 2 0 0 0 0 0 0 0 0 0 0 0 0 0 0 0 0 0 0 0 0 0
61 1 131 1 271 2 0 0 0 0 0 0 0 0 0 0 0 0 0 0 0 0 0 0 0 0 0
62 1 132 1 272 2 0 0 0 0 0 0 0 0 0 0 0 0 0 0 0 0 0 0 0 0 0
63 1 133 1 273 2 0 0 0 0 0 0 0 0 0 0 0 0 0 0 0 0 0 0 0 0 0
64 1 134 1 274 2 0 0 0 0 0 0 0 0 0 0 0 0 0 0 0 0 0 0 0 0 0
65 1 135 1 275 2 0 0 0 0 0 0 0 0 0 0 0 0 0 0 0 0 0 0 0 0 0
66 1 136 1 276 2 0 0 0 0 0 0 0 0 0 0 0 0 0 0 0 0 0 0 0 0 0
67 1 137 1 277 2 0 0 0 0 0 0 0 0 0 0 0 0 0 0 0 0 0 0 0 0 0
68 1 138 1 278 2 0 0 0 0 0 0 0 0 0 0 0 0 0 0 0 0 0 0 0 0 0
69 1 139 1 279 2 0 0 0 0 0 0 0 0 0 0 0 0 0 0 0 0 0 0 0 0 0
70 1 140 1 280 2 0 0 0 0 0 0 0 0 0 0 0 0 0 0 0 0 0 0 0 0 0
71 1 141 1 281 2 0 0 0 0 0 0 0 0 0 0 0 0 0 0 0 0 0 0 0 0 0
72 1 142 1 282 2 0 0 0 0 0 0 0 0 0 0 0 0 0 0 0 0 0 0 0 0 0
73 1 143 1 283 2 0 0 0 0 0 0 0 0 0 0 0 0 0 0 0 0 0 0 0 0 0
74 1 144 1 284 2 0 0 0 0 0 0 0 0 0 0 0 0 0 0 0 0 0 0 0 0 0
75 1 145 1 285 2 0 0 0 0 0 0 0 0 0 0 0 0 0 0 0 0 0 0 0 0 0
76 1 146 1 286 2 0 0 0 0 0 0 0 0 0 0 0 0 0 0 0 0 0 0 0 0 0
77 1 147 1 287 2 0 0 0 0 0 0 0 0 0 0 0 0 0 0 0 0 0 0 0 0 0
78 1 148 1 288 2 0 0 0 0 0 0 0 0 0 0 0 0 0 0 0 0 0 0 0 0 0
79 1 149 1 289 2 0 0 0 0 0 0 0 0 0 0 0 0 0 0 0 0 0 0 0 0 0
80 1 150 1 290 2 0 0 0 0 0 0 0 0 0 0 0 0 0 0 0 0 0 0 0 0 0
81 1 151 1 291 2 0 0 0 0 0 0 0 0 0 0 0 0 0 0 0 0 0 0 0 0 0
82 1 152 1 292 2 0 0 0 0 0 0 0 0 0 0 0 0 0 0 0 0 0 0 0 0 0
83 1 153 1 293 2 0 0 0 0 0 0 0 0 0 0 0 0 0 0 0 0 0 0 0 0 0
84 1 154 1 294 2 0 0 0 0 0 0 0 0 0 0 0 0 0 0 0 0 0 0 0 0 0
85 1 155 1 295 2 0 0 0 0 0 0 0 0 0 0 0 0 0 0 0 0 0 0 0 0 0
86 1 156 1 296 2 0 0 0 0 0 0 0 0 0 0 0 0 0 0 0 0 0 0 0 0 0
87 1 157 1 297 2 0 0 0 0 0 0 0 0 0 0 0 0 0 0 0 0 0 0 0 0 0
88 1 158 1 298 2 0 0 0 0 0 0 0 0 0 0 0 0 0 0 0 0 0 0 0 0 0
89 1 159 1 299 2 0 0 0 0 0 0 0 0 0 0 0 0 0 0 0 0 0 0 0 0 0
90 1 160 1 300 2 0 0 0 0 0 0 0 0 0 0 0 0 0 0 0 0 0 0 0 0 0
91 1 161 1 301 2 0 0 0 0 0 0 0 0 0 0 0 0 0 0 0 0 0 0 0 0 0
92 1 162 1 302 2 0 0 0 0 0 0 0 0 0 0 0 0 0 0 0 0 0 0 0 0 0
93 1 163 1 303 2 0 0 0 0 0 0 0 0 0 0 0 0 0 0 0 0 0 0 0 0 0
94 1 164 1 304 2 0 0 0 0 0 0 0 0 0 0 0 0 0 0 0 0 0 0 0 0 0
95 1 165 1 305 2 0 0 0 0 0 0 0 0 0 0 0 0 0 0 0 0 0 0 0 0 0
96 1 166 1 306 2 0 0 0 0 0 0 0 0 0 0 0 0 0 0 0 0 0 0 0 0 0
97 1 167 1 307 2 0 0 0 0 0 0 0 0 0 0 0 0 0 0 0 0 0 0 0 0 0
98 1 168 1 308 2 0 0 0 0 0 0 0 0 0 0 0 0 0 0 0 0 0 0 0 0 0
99 1 169 1 309 2 0 0 0 0 0 0 0 0 0 0 0 0 0 0 0 0 0 0 0 0 0
100 1 170 1 310 2 0 0 0 0 0 0 0 0 0 0 0 0 0 0 0 0 0 0 0 0 0
101 1 171 1 311 2 0 0 0 0 0 0 0 0 0 0 0 0 0 0 0 0 0 0 0 0 0
102 1 172 1 312 2 0 0 0 0 0 0 0 0 0 0 0 0 0 0 0 0 0 0 0 0 0
103 1 173 1 313 2 0 0 0 0 0 0 0 0 0 0 0 0 0 0 0 0 0 0 0 0 0
104 1 174 1 314 2 0 0 0 0 0 0 0 0 0 0 0 0 0 0 0 0 0 0 0 0 0
105 1 175 1 315 2 0 0 0 0 0 0 0 0 0 0 0 0 0 0 0 0 0 0 0 0 0
106 1 176 1 316 2 0 0 0 0 0 0 0 0 0 0 0 0 0 0 0 0 0 0 0 0 0
107 1 177 1 317 2 0 0 0 0 0 0 0 0 0 0 0 0 0 0 0 0 0 0 0 0 0
108 1 178 1 318 2 0 0 0 0 0 0 0 0 0 0 0 0 0 0 0 0 0 0 0 0 0
109 1 179 1 319 2 0 0 0 0 0 0 0 0 0 0 0 0 0 0 0 0 0 0 0 0 0
110 1 180 1 320 2 0 0 0 0 0 0 0 0 0 0 0 0 0 0 0 0 0 0 0 0 0
111 1 181 1 321 2 0 0 0 0 0 0 0 0 0 0 0 0 0 0 0 0 0 0 0 0 0
0 3 168 3 238 3 1 0 0 0 0 0 0 2 0 0 0 0 0 0 3 0 0 0 0 0 0
1 3 169 3 239 3 4 0 0 0 0 0 0 8 0 0 0 0 0 0 12 0 0 0 0 0 0
2 3 170 3 240 3 16 0 0 0 0 0 0 32 0 0 0 0 0 0 48 0 0 0 0 0 0
3 3 171 3 241 3 64 0 0 0 0 0 0 128 0 0 0 0 0 0 192 0 0 0 0 0 0
4 3 172 3 242 3 256 0 0 0 0 0 0 512 0 0 0 0 0 0 768 0 0 0 0 0 0
5 3 173 3 243 3 1024 0 0 0 0 0 0 2048 0 0 0 0 0 0 3072 0 0 0 0 0 0
6 3 174 3 244 3 4096 0 0 0 0 0 0 8192 0 0 0 0 0 0 12288 0 0 0 0 0 0
7 3 175 3 245 3 16384 0 0 0 0 0 0 32768 0 0 0 0 0 0 49152 0 0 0 0 0 0
8 3 176 3 246 3 65536 0 0 0 0 0 0 131072 0 0 0 0 0 0 196608 0 0 0 0 0 0
9 3 177 3 247 3 262144 0 0 0 0 0 0 524288 0 0 0 0 0 0 786432 0 0 0 0 0 0
10 3 178 3 248 3 1048576 0 0 0 0 0 0 2097152 0 0 0 0 0 0 3145728 0 0 0 0 0 0
11 3 179 3 249 3 4194304 0 0 0 0 0 0 8388608 0 0 0 0 0 0 12582912 0 0 0 0 0 0
12 3 180 3 250 3 16777216 0 0 0 0 0 0 33554432 0 0 0 0 0 0 50331648 0 0 0 0 0 0
13 3 181 3 251 3 67108864 0 0 0 0 0 0 134217728 0 0 0 0 0 0 201326592 0 0 0 0 0 0
14 3 182 3 252 3 268435456 0 0 0 0 0 0 536870912 0 0 0 0 0 0 805306368 0 0 0 0 0 0
15 3 183 3 253 3 1073741824 0 0 0 0 0 0 2147483648 0 0 0 0 0 0 3221225472 0 0 0 0 0 0
16 3 184 3 254 3 4294967296 0 0 0 0 0 0 8589934592 0 0 0 0 0 0 12884901888 0 0 0 0 0 0
17 3 185 3 255 3 17179869184 0 0 0 0 0 0 34359738368 0 0 0 0 0 0 51539607552 0 0 0 0 0 0
18 3 186 3 256 3 68719476736 0 0 0 0 0 0 137438953472 0 0 0 0 0 0 206158430208 0 0 0 0 0 0
19 3 187 3 257 3 274877906944 0 0 0 0 0 0 549755813888 0 0 0 0 0 0 824633720832 0 0 0 0 0 0
20 3 188 3 258 3 1099511627776 0 0 0 0 0 0 2199023255552 0 0 0 0 0 0 3298534883328 0 0 0 0 0 0
21 3 189 3 259 3 4398046511104 0 0 0 0 0 0 8796093022208 0 0 0 0 0 0 13194139533312 0 0 0 0 0 0
22 3 190 3 260 3 17592186044416 0 0 0 0 0 0 35184372088832 0 0 0 0 0 0 52776558133248 0 0 0 0 0 0
23 3 191 3 261 3 70368744177664 0 0 0 0 0 0 140737488355328 0 0 0 0 0 0 211106232532992 0 0 0 0 0 0
24 3 192 3 262 3 281474976710656 0 0 0 0 0 0 562949953421312 0 0 0 0 0 0 844424930131968 0 0 0 0 0 0
25 3 193 3 263 3 1125899906842624 0 0 0 0 0 0 2251799813685248 0 0 0 0 0 0 3377699720527872 0 0 0 0 0 0
26 3 194 3 264 3 4503599627370496 0 0 0 0 0 0 9007199254740992 0 0 0 0 0 0 13510798882111488 0 0 0 0 0 0
27 3 195 3 265 3 18014398509481984 0 0 0 0 0 0 36028797018963968 0 0 0 0 0 0 54043195528445952 0 0 0 0 0 0
28 3 196 3 266 3 72057594037927936 0 0 0 0 0 0 144115188075855872 0 0 0 0 0 0 216172782113783808 0 0 0 0 0 0
29 3 197 3 267 3 288230376151711744 0 0 0 0 0 0 576460752303423488 0 0 0 0 0 0 864691128455135232 0 0 0 0 0 0
30 3 198 3 268 3 1152921504606846976 0 0 0 0 0 0 2305843009213693952 0 0 0 0 0 0 3458764513820540928 0 0 0 0 0 0
31 3 199 3 269 3 4611686018427387904 0 0 0 0 0 0 9223372036854775808 0 0 0 0 0 0 13835058055282163712 0 0 0 0 0 0
32 3 200 3 270 3 0 1 0 0 0 0 0 0 2 0 0 0 0 0 0 3 0 0 0 0 0
33 3 201 3 271 3 0 4 0 0 0 0 0 0 8 0 0 0 0 0 0 12 0 0 0 0 0
34 3 202 3 272 3 0 16 0 0 0 0 0 0 32 0 0 0 0 0 0 48 0 0 0 0 0
35 3 203 3 273 3 0 64 0 0 0 0 0 0 128 0 0 0 0 0 0 192 0 0 0 0 0
36 3 204 3 274 3 0 256 0 0 0 0 0 0 512 0 0 0 0 0 0 768 0 0 0 0 0
37 3 205 3 275 3 0 1024 0 0 0 0 0 0 2048 0 0 0 0 0 0 3072 0 0 0 0 0
38 3 206 3 276 3 0 4096 0 0 0 0 0 0 8192 0 0 0 0 0 0 12288 0 0 0 0 0
39 3 207 3 277 3 0 16384 0 0 0 0 0 0 32768 0 0 0 0 0 0 49152 0 0 0 0 0
40 3 208 3 278 3 0 65536 0 0 0 0 0 0 131072 0 0 0 0 0 0 196608 0 0 0 0 0
41 3 209 3 279 3 0 262144 0 0 0 0 0 0 524288 0 0 0 0 0 0 786432 0 0 0 0 0
42 3 210 3 280 3 0 1048576 0 0 0 0 0 0 2097152 0 0 0 0 0 0 3145728 0 0 0 0 0
43 3 211 3 281 3 0 4194304 0 0 0 0 0 0 8388608 0 0 0 0 0 0 12582912 0 0 0 0 0
44 3 212 3 282 3 0 16777216 0 0 0 0 0 0 33554432 0 0 0 0 0 0 50331648 0 0 0 0 0
45 3 213 3 283 3 0 67108864 0 0 0 0 0 0 134217728 0 0 0 0 0 0 201326592 0 0 0 0 0
46 3 214 3 284 3 0 268435456 0 0 0 0 0 0 536870912 0 0 0 0 0 0 805306368 0 0 0 0 0
47 3 215 3 285 3 0 1073741824 0 0 0 0 0 0 2147483648 0 0 0 0 0 0 3221225472 0 0 0 0 0
48 3 216 3 286 3 0 4294967296 0 0 0 0 0 0 8589934592 0 0 0 0 0 0 12884901888 0 0 0 0 0
49 3 217 3 287 3 0 17179869184 0 0 0 0 0 0 34359738368 0 0 0 0 0 0 51539607552 0 0 0 0 0
50 3 218 3 288 3 0 68719476736 0 0 0 0 0 0 137438953472 0 0 0 0 0 0 206158430208 0 0 0 0 0
51 3 219 3 289 3 0 274877906944 0 0 0 0 0 0 549755813888 0 0 0 0 0 0 824633720832 0 0 0 0 0
52 3 220 3 290 3 0 1099511627776 0 0 0 0 0 0 2199023255552 0 0 0 0 0 0 3298534883328 0 0 0 0 0
53 3 221 3 291 3 0 4398046511104 0 0 0 0 0 0 8796093022208 0 0 0 0 0 0 13194139533312 0 0 0 0 0
54 3 222 3 292 3 0 17592186044416 0 0 0 0 0 0 35184372088832 0 0 0 0 0 0 52776558133248 0 0 0 0 0
55 3 223 3 293 3 0 70368744177664 0 0 0 0 0 0 140737488355328 0 0 0 0 0 0 211106232532992 0 0 0 0 0
56 3 112 3 294 3 0 281474976710656 0 0 0 0 0 0 562949953421312 0 0 0 0 0 0 844424930131968 0 0 0 0 0
57 3 113 3 295 3 0 1125899906842624 0 0 0 0 0 0 2251799813685248 0 0 0 0 0 0 3377699720527872 0 0 0 0 0
58 3 114 3 296 3 0 4503599627370496 0 0 0 0 0 0 9007199254740992 0 0 0 0 0 0 13510798882111488 0 0 0 0 0
59 3 115 3 297 3 0 18014398509481984 0 0 0 0 0 0 36028797018963968 0 0 0 0 0 0 54043195528445952 0 0 0 0 0
60 3 116 3 298 3 0 72057594037927936 0 0 0 0 0 0 144115188075855872 0 0 0 0 0 0 216172782113783808 0 0 0 0 0
61 3 117 3 299 3 0 288230376151711744 0 0 0 0 0 0 576460752303423488 0 0 0 0 0 0 864691128455135232 0 0 0 0 0
62 3 118 3 300 3 0 1152921504606846976 0 0 0 0 0 0 2305843009213693952 0 0 0 0 0 0 3458764513820540928 0 0 0 0 0
63 3 119 3 301 3 0 4611686018427387904 0 0 0 0 0 0 9223372036854775808 0 0 0 0 0 0 13835058055282163712 0 0 0 0 0
64 3 120 3 302 3 0 0 1 0 0 0 0 0 0 2 0 0 0 0 0 0 3 0 0 0 0
65 3 121 3 303 3 0 0 4 0 0 0 0 0 0 8 0 0 0 0 0 0 12 0 0 0 0
66 3 122 3 304 3 0 0 16 0 0 0 0 0 0 32 0 0 0 0 0 0 48 0 0 0 0
67 3 123 3 305 3 0 0 64 0 0 0 0 0 0 128 0 0 0 0 0 0 192 0 0 0 0
68 3 124 3 306 3 0 0 256 0 0 0 0 0 0 512 0 0 0 0 0 0 768 0 0 0 0
69 3 125 3 307 3 0 0 1024 0 0 0 0 0 0 2048 0 0 0 0 0 0 3072 0 0 0 0
70 3 126 3 308 3 0 0 4096 0 0 0 0 0 0 8192 0 0 0 0 0 0 12288 0 0 0 0
71 3 127 3 309 3 0 0 16384 0 0 0 0 0 0 32768 0 0 0 0 0 0 49152 0 0 0 0
72 3 128 3 310 3 0 0 65536 0 0 0 0 0 0 131072 0 0 0 0 0 0 196608 0 0 0 0
73 3 129 3 311 3 0 0 262144 0 0 0 0 0 0 524288 0 0 0 0 0 0 786432 0 0 0 0
74 3 130 3 312 3 0 0 1048576 0 0 0 0 0 0 2097152 0 0 0 0 0 0 3145728 0 0 0 0
75 3 131 3 313 3 0 0 4194304 0 0 0 0 0 0 8388608 0 0 0 0 0 0 12582912 0 0 0 0
76 3 132 3 314 3 0 0 16777216 0 0 0 0 0 0 33554432 0 0 0 0 0 0 50331648 0 0 0 0
77 3 133 3 315 3 0 0 67108864 0 0 0 0 0 0 134217728 0 0 0 0 0 0 201326592 0 0 0 0
78 3 134 3 316 3 0 0 268435456 0 0 0 0 0 0 536870912 0 0 0 0 0 0 805306368 0 0 0 0
79 3 135 3 317 3 0 0 1073741824 0 0 0 0 0 0 2147483648 0 0 0 0 0 0 3221225472 0 0 0 0
80 3 136 3 318 3 0 0 4294967296 0 0 0 0 0 0 8589934592 0 0 0 0 0 0 12884901888 0 0 0 0
81 3 137 3 319 3 0 0 17179869184 0 0 0 0 0 0 34359738368 0 0 0 0 0 0 51539607552 0 0 0 0
82 3 138 3 320 3 0 0 68719476736 0 0 0 0 0 0 137438953472 0 0 0 0 0 0 206158430208 0 0 0 0
83 3 139 3 321 3 0 0 274877906944 0 0 0 0 0 0 549755813888 0 0 0 0 0 0 824633720832 0 0 0 0
84 3 140 3 322 3 0 0 1099511627776 0 0 0 0 0 0 2199023255552 0 0 0 0 0 0 3298534883328 0 0 0 0
85 3 141 3 323 3 0 0 4398046511104 0 0 0 0 0 0 8796093022208 0 0 0 0 0 0 13194139533312 0 0 0 0
86 3 142 3 324 3 0 0 17592186044416 0 0 0 0 0 0 35184372088832 0 0 0 0 0 0 52776558133248 0 0 0 0
87 3 143 3 325 3 0 0 70368744177664 0 0 0 0 0 0 140737488355328 0 0 0 0 0 0 211106232532992 0 0 0 0
88 3 144 3 326 3 0 0 281474976710656 0 0 0 0 0 0 562949953421312 0 0 0 0 0 0 844424930131968 0 0 0 0
89 3 145 3 327 3 0 0 1125899906842624 0 0 0 0 0 0 2251799813685248 0 0 0 0 0 0 3377699720527872 0 0 0 0
90 3 146 3 328 3 0 0 4503599627370496 0 0 0 0 0 0 9007199254740992 0 0 0 0 0 0 13510798882111488 0 0 0 0
91 3 147 3 329 3 0 0 18014398509481984 0 0 0 0 0 0 36028797018963968 0 0 0 0 0 0 54043195528445952 0 0 0 0
92 3 148 3 330 3 0 0 72057594037927936 0 0 0 0 0 0 144115188075855872 0 0 0 0 0 0 216172782113783808 0 0 0 0
93 3 149 3 331 3 0 0 288230376151711744 0 0 0 0 0 0 576460752303423488 0 0 0 0 0 0 864691128455135232 0 0 0 0
94 3 150 3 332 3 0 0 1152921504606846976 0 0 0 0 0 0 2305843009213693952 0 0 0 0 0 0 3458764513820540928 0 0 0 0
95 3 151 3 333 3 0 0 4611686018427387904 0 0 0 0 0 0 9223372036854775808 0 0 0 0 0 0 13835058055282163712 0 0 0 0
96 3 152 3 334 3 0 0 0 1 0 0 0 0 0 0 2 0 0 0 0 0 0 3 0 0 0
97 3 153 3 335 3 0 0 0 4 0 0 0 0 0 0 8 0 0 0 0 0 0 12 0 0 0
98 3 154 3 224 3 0 0 0 16 0 0 0 0 0 0 32 0 0 0 0 0 0 48 0 0 0
99 3 155 3 225 3 0 0 0 64 0 0 0 0 0 0 128 0 0 0 0 0 0 192 0 0 0
100 3 156 3 226 3 0 0 0 256 0 0 0 0 0 0 512 0 0 0 0 0 0 768 0 0 0
101 3 157 3 227 3 0 0 0 1024 0 0 0 0 0 0 2048 0 0 0 0 0 0 3072 0 0 0
102 3 158 3 228 3 0 0 0 4096 0 0 0 0 0 0 8192 0 0 0 0 0 0 12288 0 0 0
103 3 159 3 229 3 0 0 0 16384 0 0 0 0 0 0 32768 0 0 0 0 0 0 49152 0 0 0
104 3 160 3 230 3 0 0 0 65536 0 0 0 0 0 0 131072 0 0 0 0 0 0 196608 0 0 0
105 3 161 3 231 3 0 0 0 262144 0 0 0 0 0 0 524288 0 0 0 0 0 0 786432 0 0 0
106 3 162 3 232 3 0 0 0 1048576 0 0 0 0 0 0 2097152 0 0 0 0 0 0 3145728 0 0 0
107 3 163 3 233 3 0 0 0 4194304 0 0 0 0 0 0 8388608 0 0 0 0 0 0 12582912 0 0 0
108 3 164 3 234 3 0 0 0 16777216 0 0 0 0 0 0 33554432 0 0 0 0 0 0 50331648 0 0 0
109 3 165 3 235 3 0 0 0 67108864 0 0 0 0 0 0 134217728 0 0 0 0 0 0 201326592 0 0 0
110 3 166 3 236 3 0 0 0 268435456 0 0 0 0 0 0 536870912 0 0 0 0 0 0 805306368 0 0 0
111 3 167 3 237 3 0 0 0 1073741824 0 0 0 0 0 0 2147483648 0 0 0 0 0 0 3221225472 0 0 0
0 1 117 1 243 1 824633721856 288230377225453576 1125899915231232 13194139566080 9223372088394383424 36028797153181696 211106233057280 274877908992 576460754450907148 2251799826268160 4398046560256 13835058072462033024 54043195729772544 70368744964096 549755816960 864691131676360708 3377699724722176 8796093038592 4611686052787126464 18014398576590848 140737488617472
1 1 118 1 244 1 3298534887424 1152921508901814304 4503599660924928 52776558264320 206158430464 144115188612726786 844424932229120 1099511635968 2305843017803628592 9007199305072640 17592186241024 68719477248 216172782919090179 281474979856384 2199023267840 3458764526705442832 13510798898888704 35184372154368 137438954240 72057594306363393 562949954469888
2 1 119 1 245 1 13194139549696 4611686035607257216 18014398643699712 211106233057280 824633721856 576460754450907144 3377699728916480 4398046543872 9223372071214514368 36028797220290560 70368744964096 274877908992 864691131676360716 1125899919425536 8796093071360 13835058106821771328 54043195595554816 140737488617472 549755816960 288230377225453572 2251799817879552
3 1 120 1 246 1 52776558198784 68719477248 72057594574798849 844424932229120 3298534887424 2305843017803628576 13510798915665920 17592186175488 137438954240 144115188881162242 281474979856384 1099511635968 3458764526705442864 4503599677702144 35184372285440 206158430464 216172782382219267 562949954469888 2199023267840 1152921508901814288 9007199271518208
4 1 121 1 247 1 211106232795136 274877908992 288230378299195396 3377699728916480 13194139549696 9223372071214514304 54043195662663680 70368744701952 549755816960 576460755524648968 1125899919425536 4398046543872 13835058106821771456 18014398710808576 140737489141760 824633721856 864691129528877068 2251799817879552 8796093071360 4611686035607257152 36028797086072832
5 1 122 1 248 1 844424931180544 1099511635968 1152921513196781584 13510798915665920 52776558198784 137438953984 216172782650654722 281474978807808 2199023267840 2305843022098595872 4503599677702144 17592186175488 206158430976 72057594843234307 562949956567040 3298534887424 3458764518115508272 9007199271518208 35184372285440 68719476992 144115188344291329
6 1 123 1 249 1 3377699724722176 4398046543872 4611686052787126336 54043195662663680 211106232795136 549755815936 864691130602618888 1125899915231232 8796093071360 9223372088394383488 18014398710808576 70368744701952 824633723904 288230379372937228 2251799826268160 13194139549696 13835058072462033088 36028797086072832 140737489141760 274877907968 576460753377165316
7 1 124 1 250 1 13510798898888704 17592186175488 137438953728 216172782650654721 844424931180544 2199023263744 3458764522410475552 4503599660924928 35184372285440 206158430720 72057594843234306 281474978807808 3298534895616 1152921517491748912 9007199305072640 52776558198784 68719477504 144115188344291331 562949956567040 1099511631872 2305843013508661264
8 1 125 1 251 1 54043195595554816 70368744701952 549755814912 864691130602618884 3377699724722176 8796093054976 13835058089641902208 18014398643699712 140737489141760 824633722880 288230379372937224 1125899915231232 13194139582464 4611686069966995648 36028797220290560 211106232795136 274877910016 576460753377165324 2251799826268160 4398046527488 9223372054034645056
9 1 126 1 252 1 216172782382219266 281474978807808 2199023259648 3458764526705442832 13510798898888704 35184372219904 137438953984 72057594574798851 562949956567040 3298534891520 1152921508901814304 4503599660924928 52776558329856 206158430976 144115188881162241 844424931180544 1099511640064 2305843017803628592 9007199305072640 17592186109952 68719476992
10 1 127 1 253 1 864691129528877064 1125899915231232 8796093038592 13835058106821771328 54043195595554816 140737488879616 549755815936 288230378299195404 2251799826268160 13194139566080 4611686035607257216 18014398643699712 211106233319424 824633723904 576460755524648964 3377699724722176 4398046560256 9223372071214514368 36028797220290560 70368744439808 274877907968
11 1 128 1 254 1 3458764518115508256 4503599660924928 35184372154368 206158430464 216172782382219267 562949955518464 2199023263744 1152921513196781616 9007199305072640 52776558264320 68719477248 72057594574798849 844424933277696 3298534895616 2305843022098595856 13510798898888704 17592186241024 137438954240 144115188881162242 281474977759232 1099511631872
12 1 129 1 255 1 13835058072462033024 18014398643699712 140737488617472 824633721856 864691129528877068 2251799822073856 8796093054976 4611686052787126464 36028797220290560 211106233057280 274877908992 288230378299195396 3377699733110784 13194139582464 9223372088394383424 54043195595554816 70368744964096 549755816960 576460755524648968 1125899911036928 4398046527488
13 1 130 1 256 1 68719477248 72057594574798851 562949954469888 3298534887424 3458764518115508272 9007199288295424 35184372219904 137438954240 144115188881162241 844424932229120 1099511635968 1152921513196781584 13510798932443136 52776558329856 206158430464 216172782382219266 281474979856384 2199023267840 2305843022098595872 4503599644147712 17592186109952
14 1 131 1 257 1 274877908992 288230378299195404 2251799817879552 13194139549696 13835058072462033088 36028797153181696 140737488879616 549755816960 576460755524648964 3377699728916480 4398046543872 4611686052787126336 54043195729772544 211106233319424 824633721856 864691129528877064 1125899919425536 8796093071360 9223372088394383488 18014398576590848 70368744439808
15 1 132 1 258 1 1099511635968 1152921513196781616 9007199271518208 52776558198784 68719477504 144115188612726787 562949955518464 2199023267840 2305843022098595856 13510798915665920 17592186175488 137438953728 216172782919090177 844424933277696 3298534887424 3458764518115508256 4503599677702144 35184372285440 206158430720 72057594306363394 281474977759232
16 1 133 1 259 1 4398046543872 4611686052787126464 36028797086072832 211106232795136 274877910016 576460754450907148 2251799822073856 8796093071360 9223372088394383424 54043195662663680 70368744701952 549755814912 864691131676360708 3377699733110784 13194139549696 13835058072462033024 18014398710808576 140737489141760 824633722880 288230377225453576 1125899911036928
17 1 134 1 260 1 17592186175488 137438954240 144115188344291329 844424931180544 1099511640064 2305843017803628592 9007199288295424 35184372285440 206158430464 216172782650654722 281474978807808 2199023259648 3458764526705442832 13510798932443136 52776558198784 68719477248 72057594843234307 562949956567040 3298534891520 1152921508901814304 4503599644147712
18 1 135 1 261 1 70368744701952 549755816960 576460753377165316 3377699724722176 4398046560256 9223372071214514368 36028797153181696 140737489141760 824633721856 864691130602618888 1125899915231232 8796093038592 13835058106821771328 54043195729772544 211106232795136 274877908992 288230379372937228 2251799826268160 13194139566080 4611686035607257216 18014398576590848
19 1 136 1 262 1 281474978807808 2199023267840 2305843013508661264 13510798898888704 17592186241024 137438954240 144115188612726786 562949956567040 3298534887424 3458764522410475552 4503599660924928 35184372154368 206158430464 216172782919090179 844424931180544 1099511635968 1152921517491748912 9007199305072640 52776558264320 68719477248 72057594306363393
20 1 137 1 263 1 1125899915231232 8796093071360 9223372054034645056 54043195595554816 70368744964096 549755816960 576460754450907144 2251799826268160 13194139549696 13835058089641902208 18014398643699712 140737488617472 824633721856 864691131676360716 3377699724722176 4398046543872 4611686069966995648 36028797220290560 211106233057280 274877908992 288230377225453572
21 1 138 1 264 1 4503599660924928 35184372285440 68719476992 216172782382219266 281474979856384 2199023267840 2305843017803628576 9007199305072640 52776558198784 137438953984 72057594574798851 562949954469888 3298534887424 3458764526705442864 13510798898888704 17592186175488 206158430976 144115188881162241 844424932229120 1099511635968 1152921508901814288
22 1 139 1 265 1 18014398643699712 140737489141760 274877907968 864691129528877064 1125899919425536 8796093071360 9223372071214514304 36028797220290560 211106232795136 549755815936 288230378299195404 2251799817879552 13194139549696 13835058106821771456 54043195595554816 70368744701952 824633723904 576460755524648964 3377699728916480 4398046543872 4611686035607257152
23 1 140 1 266 1 72057594574798849 562949956567040 1099511631872 3458764522410475552 4503599677702144 35184372285440 137438953984 144115188881162242 844424931180544 2199023263744 1152921517491748912 9007199271518208 52776558198784 206158430976 216172782382219267 281474978807808 3298534895616 2305843013508661264 13510798915665920 17592186175488 68719476992
24 1 141 1 267 1 288230378299195396 2251799826268160 4398046527488 13835058089641902208 18014398710808576 140737489141760 549755815936 576460755524648968 3377699724722176 8796093054976 4611686069966995648 36028797086072832 211106232795136 824633723904 864691129528877068 1125899915231232 13194139582464 9223372054034645056 54043195662663680 70368744701952 274877907968
25 1 142 1 268 1 1152921513196781584 9007199305072640 17592186109952 137438953984 72057594843234307 562949956567040 2199023263744 2305843022098595872 13510798898888704 35184372219904 206158430976 144115188344291329 844424931180544 3298534895616 3458764518115508272 4503599660924928 52776558329856 68719476992 216172782650654722 281474978807808 1099511631872
26 1 143 1 269 1 4611686052787126336 36028797220290560 70368744439808 549755815936 288230379372937228 2251799826268160 8796093054976 9223372088394383488 54043195595554816 140737488879616 824633723904 576460753377165316 3377699724722176 13194139582464 13835058072462033088 18014398643699712 211106233319424 274877907968 864691130602618888 1125899915231232 4398046527488
27 1 144 1 270 1 137438953728 144115188881162241 281474977759232 2199023263744 1152921517491748912 9007199305072640 35184372219904 206158430720 216172782382219266 562949955518464 3298534895616 2305843013508661264 13510798898888704 52776558329856 68719477504 72057594574798851 844424933277696 1099511631872 3458764522410475552 4503599660924928 17592186109952
28 1 145 1 271 1 549755814912 576460755524648964 1125899911036928 8796093054976 4611686069966995648 36028797220290560 140737488879616 824633722880 864691129528877064 2251799822073856 13194139582464 9223372054034645056 54043195595554816 211106233319424 274877910016 288230378299195404 3377699733110784 4398046527488 13835058089641902208 18014398643699712 70368744439808
29 1 146 1 272 1 2199023259648 2305843022098595856 4503599644147712 35184372219904 206158430976 144115188881162241 562949955518464 3298534891520 3458764518115508256 9007199288295424 52776558329856 68719476992 216172782382219266 844424933277696 1099511640064 1152921513196781616 13510798932443136 17592186109952 137438953984 72057594574798851 281474977759232
30 1 147 1 273 1 8796093038592 9223372088394383424 18014398576590848 140737488879616 824633723904 576460755524648964 2251799822073856 13194139566080 13835058072462033024 36028797153181696 211106233319424 274877907968 864691129528877064 3377699733110784 4398046560256 4611686052787126464 54043195729772544 70368744439808 549755815936 288230378299195404 1125899911036928
31 1 148 1 274 1 35184372154368 206158430464 72057594306363394 562949955518464 3298534895616 2305843022098595856 9007199288295424 52776558264320 68719477248 144115188612726787 844424933277696 1099511631872 3458764518115508256 13510798932443136 17592186241024 137438954240 216172782919090177 281474977759232 2199023263744 1152921513196781616 4503599644147712
32 1 149 1 275 1 140737488617472 824633721856 288230377225453576 2251799822073856 13194139582464 9223372088394383424 36028797153181696 211106233057280 274877908992 576460754450907148 3377699733110784 4398046527488 13835058072462033024 54043195729772544 70368744964096 549755816960 864691131676360708 1125899911036928 8796093054976 4611686052787126464 18014398576590848
33 1 150 1 276 1 562949954469888 3298534887424 1152921508901814304 9007199288295424 52776558329856 206158430464 144115188612726786 844424932229120 1099511635968 2305843017803628592 13510798932443136 17592186109952 68719477248 216172782919090179 281474979856384 2199023267840 3458764526705442832 4503599644147712 35184372219904 137438954240 72057594306363393
34 1 151 1 277 1 2251799817879552 13194139549696 4611686035607257216 36028797153181696 211106233319424 824633721856 576460754450907144 3377699728916480 4398046543872 9223372071214514368 54043195729772544 70368744439808 274877908992 864691131676360716 1125899919425536 8796093071360 13835058106821771328 18014398576590848 140737488879616 549755816960 288230377225453572
35 1 152 1 278 1 9007199271518208 52776558198784 68719477248 144115188612726785 844424933277696 3298534887424 2305843017803628576 13510798915665920 17592186175488 137438954240 216172782919090178 281474977759232 1099511635968 3458764526705442864 4503599677702144 35184372285440 206158430464 72057594306363395 562949955518464 2199023267840 1152921508901814288
36 1 153 1 279 1 36028797086072832 211106232795136 274877908992 576460754450907140 3377699733110784 13194139549696 9223372071214514304 54043195662663680 70368744701952 549755816960 864691131676360712 1125899911036928 4398046543872 13835058106821771456 18014398710808576 140737489141760 824633721856 288230377225453580 2251799822073856 8796093071360 4611686035607257152
37 1 154 1 280 1 144115188344291330 844424931180544 1099511635968 2305843017803628560 13510798932443136 52776558198784 137438953984 216172782650654723 281474978807808 2199023267840 3458764526705442848 4503599644147712 17592186175488 206158430976 72057594843234305 562949956567040 3298534887424 1152921508901814320 9007199288295424 35184372285440 68719476992
38 1 155 1 281 1 576460753377165320 3377699724722176 4398046543872 9223372071214514240 54043195729772544 211106232795136 549755815936 864691130602618892 1125899915231232 8796093071360 13835058106821771392 18014398576590848 70368744701952 824633723904 288230379372937220 2251799826268160 13194139549696 4611686035607257280 36028797153181696 140737489141760 274877907968
39 1 156 1 282 1 2305843013508661280 13510798898888704 17592186175488 137438953728 216172782919090178 844424931180544 2199023263744 3458764522410475568 4503599660924928 35184372285440 206158430720 72057594306363395 281474978807808 3298534895616 1152921517491748880 9007199305072640 52776558198784 68719477504 144115188612726785 562949956567040 1099511631872
40 1 157 1 283 1 9223372054034645120 54043195595554816 70368744701952 549755814912 864691131676360712 3377699724722176 8796093054976 13835058089641902272 18014398643699712 140737489141760 824633722880 288230377225453580 1125899915231232 13194139582464 4611686069966995520 36028797220290560 211106232795136 274877910016 576460754450907140 2251799826268160 4398046527488
41 1 158 1 284 1 68719477248 216172782382219266 281474978807808 2199023259648 3458764526705442848 13510798898888704 35184372219904 137438954240 72057594574798851 562949956567040 3298534891520 1152921508901814320 4503599660924928 52776558329856 206158430464 144115188881162241 844424931180544 1099511640064 2305843017803628560 9007199305072640 17592186109952
42 1 159 1 285 1 274877908992 864691129528877064 1125899915231232 8796093038592 13835058106821771392 54043195595554816 140737488879616 549755816960 288230378299195404 2251799826268160 13194139566080 4611686035607257280 18014398643699712 211106233319424 824633721856 576460755524648964 3377699724722176 4398046560256 9223372071214514240 36028797220290560 70368744439808
43 1 160 1 286 1 1099511635968 3458764518115508256 4503599660924928 35184372154368 206158430720 216172782382219267 562949955518464 2199023267840 1152921513196781616 9007199305072640 52776558264320 68719477504 72057594574798849 844424933277696 3298534887424 2305843022098595856 13510798898888704 17592186241024 137438953728 144115188881162242 281474977759232
44 1 161 1 287 1 4398046543872 13835058072462033024 18014398643699712 140737488617472 824633722880 864691129528877068 2251799822073856 8796093071360 4611686052787126464 36028797220290560 211106233057280 274877910016 288230378299195396 3377699733110784 13194139549696 9223372088394383424 54043195595554816 70368744964096 549755814912 576460755524648968 1125899911036928
45 1 162 1 288 1 17592186175488 68719477248 72057594574798851 562949954469888 3298534891520 3458764518115508272 9007199288295424 35184372285440 137438954240 144115188881162241 844424932229120 1099511640064 1152921513196781584 13510798932443136 52776558198784 206158430464 216172782382219266 281474979856384 2199023259648 2305843022098595872 4503599644147712
46 1 163 1 289 1 70368744701952 274877908992 288230378299195404 2251799817879552 13194139566080 13835058072462033088 36028797153181696 140737489141760 549755816960 576460755524648964 3377699728916480 4398046560256 4611686052787126336 54043195729772544 211106232795136 824633721856 864691129528877064 1125899919425536 8796093038592 9223372088394383488 18014398576590848
47 1 164 1 290 1 281474978807808 1099511635968 1152921513196781616 9007199271518208 52776558264320 68719477504 144115188612726787 562949956567040 2199023267840 2305843022098595856 13510798915665920 17592186241024 137438953728 216172782919090177 844424931180544 3298534887424 3458764518115508256 4503599677702144 35184372154368 206158430720 72057594306363394
48 1 165 1 291 1 1125899915231232 4398046543872 4611686052787126464 36028797086072832 211106233057280 274877910016 576460754450907148 2251799826268160 8796093071360 9223372088394383424 54043195662663680 70368744964096 549755814912 864691131676360708 3377699724722176 13194139549696 13835058072462033024 18014398710808576 140737488617472 824633722880 288230377225453576
49 1 166 1 292 1 4503599660924928 17592186175488 137438954240 144115188344291329 844424932229120 1099511640064 2305843017803628592 9007199305072640 35184372285440 206158430464 216172782650654722 281474979856384 2199023259648 3458764526705442832 13510798898888704 52776558198784 68719477248 72057594843234307 562949954469888 3298534891520 1152921508901814304
50 1 167 1 293 1 18014398643699712 70368744701952 549755816960 576460753377165316 3377699728916480 4398046560256 9223372071214514368 36028797220290560 140737489141760 824633721856 864691130602618888 1125899919425536 8796093038592 13835058106821771328 54043195595554816 211106232795136 274877908992 288230379372937228 2251799817879552 13194139566080 4611686035607257216
51 1 168 1 294 1 72057594574798849 281474978807808 2199023267840 2305843017803628560 13510798915665920 17592186241024 137438954240 144115188881162242 562949956567040 3298534887424 3458764526705442848 4503599677702144 35184372154368 206158430464 216172782382219267 844424931180544 1099511635968 1152921508901814320 9007199271518208 52776558264320 68719477248
52 1 169 1 295 1 288230378299195396 1125899915231232 8796093071360 9223372071214514240 54043195662663680 70368744964096 549755816960 576460755524648968 2251799826268160 13194139549696 13835058106821771392 18014398710808576 140737488617472 824633721856 864691129528877068 3377699724722176 4398046543872 4611686035607257280 36028797086072832 211106233057280 274877908992
53 1 170 1 296 1 1152921513196781584 4503599660924928 35184372285440 137438953728 216172782650654722 281474979856384 2199023267840 2305843022098595872 9007199305072640 52776558198784 206158430720 72057594843234307 562949954469888 3298534887424 3458764518115508272 13510798898888704 17592186175488 68719477504 144115188344291329 844424932229120 1099511635968
54 1 171 1 297 1 4611686052787126336 18014398643699712 140737489141760 549755814912 864691130602618888 1125899919425536 8796093071360 9223372088394383488 36028797220290560 211106232795136 824633722880 288230379372937228 2251799817879552 13194139549696 13835058072462033088 54043195595554816 70368744701952 274877910016 576460753377165316 3377699728916480 4398046543872
55 1 172 1 298 1 137438953728 72057594574798849 562949956567040 2199023259648 3458764522410475552 4503599677702144 35184372285440 206158430720 144115188881162242 844424931180544 3298534891520 1152921517491748912 9007199271518208 52776558198784 68719477504 216172782382219267 281474978807808 1099511640064 2305843013508661264 13510798915665920 17592186175488
56 1 173 1 299 1 549755814912 288230378299195396 2251799826268160 8796093038592 13835058089641902208 18014398710808576 140737489141760 824633722880 576460755524648968 3377699724722176 13194139566080 4611686069966995648 36028797086072832 211106232795136 274877910016 864691129528877068 1125899915231232 4398046560256 9223372054034645056 54043195662663680 70368744701952
57 1 174 1 300 1 2199023259648 1152921513196781584 9007199305072640 35184372154368 137438953984 72057594843234307 562949956567040 3298534891520 2305843022098595872 13510798898888704 52776558264320 206158430976 144115188344291329 844424931180544 1099511640064 3458764518115508272 4503599660924928 17592186241024 68719476992 216172782650654722 281474978807808
58 1 175 1 301 1 8796093038592 4611686052787126336 36028797220290560 140737488617472 549755815936 288230379372937228 2251799826268160 13194139566080 9223372088394383488 54043195595554816 211106233057280 824633723904 576460753377165316 3377699724722176 4398046560256 13835058072462033088 18014398643699712 70368744964096 274877907968 864691130602618888 1125899915231232
59 1 176 1 302 1 35184372154368 137438953728 144115188881162241 562949954469888 2199023263744 1152921517491748912 9007199305072640 52776558264320 206158430720 216172782382219266 844424932229120 3298534895616 2305843013508661264 13510798898888704 17592186241024 68719477504 72057594574798851 281474979856384 1099511631872 3458764522410475552 4503599660924928
60 1 177 1 303 1 140737488617472 549755814912 576460755524648964 2251799817879552 8796093054976 4611686069966995648 36028797220290560 211106233057280 824633722880 864691129528877064 3377699728916480 13194139582464 9223372054034645056 54043195595554816 70368744964096 274877910016 288230378299195404 1125899919425536 4398046527488 13835058089641902208 18014398643699712
61 1 178 1 304 1 562949954469888 2199023259648 2305843022098595856 9007199271518208 35184372219904 206158430976 144115188881162241 844424932229120 3298534891520 3458764518115508256 13510798915665920 52776558329856 68719476992 216172782382219266 281474979856384 1099511640064 1152921513196781616 4503599677702144 17592186109952 137438953984 72057594574798851
62 1 179 1 305 1 2251799817879552 8796093038592 9223372088394383424 36028797086072832 140737488879616 824633723904 576460755524648964 3377699728916480 13194139566080 13835058072462033024 54043195662663680 211106233319424 274877907968 864691129528877064 1125899919425536 4398046560256 4611686052787126464 18014398710808576 70368744439808 549755815936 288230378299195404
63 1 180 1 306 1 9007199271518208 35184372154368 206158430464 144115188344291330 562949955518464 3298534895616 2305843022098595856 13510798915665920 52776558264320 68719477248 216172782650654723 844424933277696 1099511631872 3458764518115508256 4503599677702144 17592186241024 137438954240 72057594843234305 281474977759232 2199023263744 1152921513196781616
64 1 181 1 307 1 36028797086072832 140737488617472 824633721856 576460753377165320 2251799822073856 13194139582464 9223372088394383424 54043195662663680 211106233057280 274877908992 864691130602618892 3377699733110784 4398046527488 13835058072462033024 18014398710808576 70368744964096 549755816960 288230379372937220 1125899911036928 8796093054976 4611686052787126464
65 1 182 1 308 1 144115188344291329 562949954469888 3298534887424 2305843017803628576 9007199288295424 52776558329856 206158430464 216172782650654722 844424932229120 1099511635968 3458764526705442864 13510798932443136 17592186109952 68719477248 72057594843234307 281474979856384 2199023267840 1152921508901814288 4503599644147712 35184372219904 137438954240
66 1 183 1 309 1 576460753377165316 2251799817879552 13194139549696 9223372071214514304 36028797153181696 211106233319424 824633721856 864691130602618888 3377699728916480 4398046543872 13835058106821771456 54043195729772544 70368744439808 274877908992 288230379372937228 1125899919425536 8796093071360 4611686035607257152 18014398576590848 140737488879616 549755816960
67 1 184 1 310 1 2305843013508661264 9007199271518208 52776558198784 137438953984 144115188612726786 844424933277696 3298534887424 3458764522410475552 13510798915665920 17592186175488 206158430976 216172782919090179 281474977759232 1099511635968 1152921517491748912 4503599677702144 35184372285440 68719476992 72057594306363393 562949955518464 2199023267840
68 1 185 1 311 1 9223372054034645056 36028797086072832 211106232795136 549755815936 576460754450907144 3377699733110784 13194139549696 13835058089641902208 54043195662663680 70368744701952 824633723904 864691131676360716 1125899911036928 4398046543872 4611686069966995648 18014398710808576 140737489141760 274877907968 288230377225453572 2251799822073856 8796093071360
69 1 186 1 312 1 68719476992 144115188344291330 844424931180544 2199023263744 2305843017803628576 13510798932443136 52776558198784 137438953984 216172782650654723 281474978807808 3298534895616 3458764526705442864 4503599644147712 17592186175488 206158430976 72057594843234305 562949956567040 1099511631872 1152921508901814288 9007199288295424 35184372285440
70 1 187 1 313 1 274877907968 576460753377165320 3377699724722176 8796093054976 9223372071214514304 54043195729772544 211106232795136 549755815936 864691130602618892 1125899915231232 13194139582464 13835058106821771456 18014398576590848 70368744701952 824633723904 288230379372937220 2251799826268160 4398046527488 4611686035607257152 36028797153181696 140737489141760
71 1 188 1 314 1 1099511631872 2305843013508661280 13510798898888704 35184372219904 137438953984 216172782919090178 844424931180544 2199023263744 3458764522410475568 4503599660924928 52776558329856 206158430976 72057594306363395 281474978807808 3298534895616 1152921517491748880 9007199305072640 17592186109952 68719476992 144115188612726785 562949956567040
72 1 189 1 315 1 4398046527488 9223372054034645120 54043195595554816 140737488879616 549755815936 864691131676360712 3377699724722176 8796093054976 13835058089641902272 18014398643699712 211106233319424 824633723904 288230377225453580 1125899915231232 13194139582464 4611686069966995520 36028797220290560 70368744439808 274877907968 576460754450907140 2251799826268160
73 1 190 1 316 1 17592186109952 68719477248 216172782382219266 562949955518464 2199023263744 3458764526705442848 13510798898888704 35184372219904 137438954240 72057594574798851 844424933277696 3298534895616 1152921508901814320 4503599660924928 52776558329856 206158430464 144115188881162241 281474977759232 1099511631872 2305843017803628560 9007199305072640
74 1 191 1 317 1 70368744439808 274877908992 864691129528877064 2251799822073856 8796093054976 13835058106821771392 54043195595554816 140737488879616 549755816960 288230378299195404 3377699733110784 13194139582464 4611686035607257280 18014398643699712 211106233319424 824633721856 576460755524648964 1125899911036928 4398046527488 9223372071214514240 36028797220290560
75 1 192 1 318 1 281474977759232 1099511635968 3458764518115508256 9007199288295424 35184372219904 206158430720 216172782382219267 562949955518464 2199023267840 1152921513196781616 13510798932443136 52776558329856 68719477504 72057594574798849 844424933277696 3298534887424 2305843022098595856 4503599644147712 17592186109952 137438953728 144115188881162242
76 1 193 1 319 1 1125899911036928 4398046543872 13835058072462033024 36028797153181696 140737488879616 824633722880 864691129528877068 2251799822073856 8796093071360 4611686052787126464 54043195729772544 211106233319424 274877910016 288230378299195396 3377699733110784 13194139549696 9223372088394383424 18014398576590848 70368744439808 549755814912 576460755524648968
77 1 194 1 320 1 4503599644147712 17592186175488 68719477248 144115188612726787 562949955518464 3298534891520 3458764518115508272 9007199288295424 35184372285440 137438954240 216172782919090177 844424933277696 1099511640064 1152921513196781584 13510798932443136 52776558198784 206158430464 72057594306363394 281474977759232 2199023259648 2305843022098595872
78 1 195 1 321 1 18014398576590848 70368744701952 274877908992 576460754450907148 2251799822073856 13194139566080 13835058072462033088 36028797153181696 140737489141760 549755816960 864691131676360708 3377699733110784 4398046560256 4611686052787126336 54043195729772544 211106232795136 824633721856 288230377225453576 1125899911036928 8796093038592 9223372088394383488
79 1 196 1 322 1 72057594306363394 281474978807808 1099511635968 2305843022098595888 9007199288295424 52776558264320 68719477504 144115188612726787 562949956567040 2199023267840 3458764518115508240 13510798932443136 17592186241024 137438953728 216172782919090177 844424931180544 3298534887424 1152921513196781600 4503599644147712 35184372154368 206158430720
80 1 197 1 323 1 288230377225453576 1125899915231232 4398046543872 9223372088394383552 36028797153181696 211106233057280 274877910016 576460754450907148 2251799826268160 8796093071360 13835058072462032960 54043195729772544 70368744964096 549755814912 864691131676360708 3377699724722176 13194139549696 4611686052787126400 18014398576590848 140737488617472 824633722880
81 1 198 1 324 1 1152921508901814304 4503599660924928 17592186175488 206158430976 144115188612726786 844424932229120 1099511640064 2305843017803628592 9007199305072640 35184372285440 68719476992 216172782919090179 281474979856384 2199023259648 3458764526705442832 13510798898888704 52776558198784 137438953984 72057594306363393 562949954469888 3298534891520
82 1 199 1 325 1 4611686035607257216 18014398643699712 70368744701952 824633723904 576460754450907144 3377699728916480 4398046560256 9223372071214514368 36028797220290560 140737489141760 274877907968 864691131676360716 1125899919425536 8796093038592 13835058106821771328 54043195595554816 211106232795136 549755815936 288230377225453572 2251799817879552 13194139566080
83 1 200 1 326 1 68719477248 72057594574798849 281474978807808 3298534895616 2305843017803628576 13510798915665920 17592186241024 137438954240 144115188881162242 562949956567040 1099511631872 3458764526705442864 4503599677702144 35184372154368 206158430464 216172782382219267 844424931180544 2199023263744 1152921508901814288 9007199271518208 52776558264320
84 1 201 1 327 1 274877908992 288230378299195396 1125899915231232 13194139582464 9223372071214514304 54043195662663680 70368744964096 549755816960 576460755524648968 2251799826268160 4398046527488 13835058106821771456 18014398710808576 140737488617472 824633721856 864691129528877068 3377699724722176 8796093054976 4611686035607257152 36028797086072832 211106233057280
85 1 202 1 328 1 1099511635968 1152921513196781584 4503599660924928 52776558329856 137438953984 216172782650654722 281474979856384 2199023267840 2305843022098595872 9007199305072640 17592186109952 206158430976 72057594843234307 562949954469888 3298534887424 3458764518115508272 13510798898888704 35184372219904 68719476992 144115188344291329 844424932229120
86 1 203 1 329 1 4398046543872 4611686052787126336 18014398643699712 211106233319424 549755815936 864691130602618888 1125899919425536 8796093071360 9223372088394383488 36028797220290560 70368744439808 824633723904 288230379372937228 2251799817879552 13194139549696 13835058072462033088 54043195595554816 140737488879616 274877907968 576460753377165316 3377699728916480
87 1 204 1 330 1 17592186175488 137438953728 72057594574798849 844424933277696 2199023263744 3458764522410475552 4503599677702144 35184372285440 206158430720 144115188881162242 281474977759232 3298534895616 1152921517491748912 9007199271518208 52776558198784 68719477504 216172782382219267 562949955518464 1099511631872 2305843013508661264 13510798915665920
88 1 205 1 331 1 70368744701952 549755814912 288230378299195396 3377699733110784 8796093054976 13835058089641902208 18014398710808576 140737489141760 824633722880 576460755524648968 1125899911036928 13194139582464 4611686069966995648 36028797086072832 211106232795136 274877910016 864691129528877068 2251799822073856 4398046527488 9223372054034645056 54043195662663680
89 1 206 1 332 1 281474978807808 2199023259648 1152921513196781584 13510798932443136 35184372219904 137438953984 72057594843234307 562949956567040 3298534891520 2305843022098595872 4503599644147712 52776558329856 206158430976 144115188344291329 844424931180544 1099511640064 3458764518115508272 9007199288295424 17592186109952 68719476992 216172782650654722
90 1 207 1 333 1 1125899915231232 8796093038592 4611686052787126336 54043195729772544 140737488879616 549755815936 288230379372937228 2251799826268160 13194139566080 9223372088394383488 18014398576590848 211106233319424 824633723904 576460753377165316 3377699724722176 4398046560256 13835058072462033088 36028797153181696 70368744439808 274877907968 864691130602618888
91 1 208 1 334 1 4503599660924928 35184372154368 137438953728 216172782919090177 562949955518464 2199023263744 1152921517491748912 9007199305072640 52776558264320 206158430720 72057594306363394 844424933277696 3298534895616 2305843013508661264 13510798898888704 17592186241024 68719477504 144115188612726787 281474977759232 1099511631872 3458764522410475552
92 1 209 1 335 1 18014398643699712 140737488617472 549755814912 864691131676360708 2251799822073856 8796093054976 4611686069966995648 36028797220290560 211106233057280 824633722880 288230377225453576 3377699733110784 13194139582464 9223372054034645056 54043195595554816 70368744964096 274877910016 576460754450907148 1125899911036928 4398046527488 13835058089641902208
93 1 210 1 224 1 72057594574798851 562949954469888 2199023259648 3458764518115508240 9007199288295424 35184372219904 206158430976 144115188881162241 844424932229120 3298534891520 1152921513196781600 13510798932443136 52776558329856 68719476992 216172782382219266 281474979856384 1099511640064 2305843022098595888 4503599644147712 17592186109952 137438953984
94 1 211 1 225 1 288230378299195404 2251799817879552 8796093038592 13835058072462032960 36028797153181696 140737488879616 824633723904 576460755524648964 3377699728916480 13194139566080 4611686052787126400 54043195729772544 211106233319424 274877907968 864691129528877064 1125899919425536 4398046560256 9223372088394383552 18014398576590848 70368744439808 549755815936
95 1 212 1 226 1 1152921513196781616 9007199271518208 35184372154368 68719476992 144115188612726787 562949955518464 3298534895616 2305843022098595856 13510798915665920 52776558264320 137438953984 216172782919090177 844424933277696 1099511631872 3458764518115508256 4503599677702144 17592186241024 206158430976 72057594306363394 281474977759232 2199023263744
96 1 213 1 227 1 4611686052787126464 36028797086072832 140737488617472 274877907968 576460754450907148 2251799822073856 13194139582464 9223372088394383424 54043195662663680 211106233057280 549755815936 864691131676360708 3377699733110784 4398046527488 13835058072462033024 18014398710808576 70368744964096 824633723904 288230377225453576 1125899911036928 8796093054976
97 1 214 1 228 1 137438954240 144115188344291329 562949954469888 1099511631872 2305843017803628592 9007199288295424 52776558329856 206158430464 216172782650654722 844424932229120 2199023263744 3458764526705442832 13510798932443136 17592186109952 68719477248 72057594843234307 281474979856384 3298534895616 1152921508901814304 4503599644147712 35184372219904
98 1 215 1 229 1 549755816960 576460753377165316 2251799817879552 4398046527488 9223372071214514368 36028797153181696 211106233319424 824633721856 864691130602618888 3377699728916480 8796093054976 13835058106821771328 54043195729772544 70368744439808 274877908992 288230379372937228 1125899919425536 13194139582464 4611686035607257216 18014398576590848 140737488879616
99 1 216 1 230 1 2199023267840 2305843013508661264 9007199271518208 17592186109952 137438954240 144115188612726786 844424933277696 3298534887424 3458764522410475552 13510798915665920 35184372219904 206158430464 216172782919090179 281474977759232 1099511635968 1152921517491748912 4503599677702144 52776558329856 68719477248 72057594306363393 562949955518464
100 1 217 1 231 1 8796093071360 9223372054034645056 36028797086072832 70368744439808 549755816960 576460754450907144 3377699733110784 13194139549696 13835058089641902208 54043195662663680 140737488879616 824633721856 864691131676360716 1125899911036928 4398046543872 4611686069966995648 18014398710808576 211106233319424 274877908992 288230377225453572 2251799822073856
101 1 218 1 232 1 35184372285440 68719476992 144115188344291330 281474977759232 2199023267840 2305843017803628576 13510798932443136 52776558198784 137438953984 216172782650654723 562949955518464 3298534887424 3458764526705442864 4503599644147712 17592186175488 206158430976 72057594843234305 844424933277696 1099511635968 1152921508901814288 9007199288295424
102 1 219 1 233 1 140737489141760 274877907968 576460753377165320 1125899911036928 8796093071360 9223372071214514304 54043195729772544 211106232795136 549755815936 864691130602618892 2251799822073856 13194139549696 13835058106821771456 18014398576590848 70368744701952 824633723904 288230379372937220 3377699733110784 4398046543872 4611686035607257152 36028797153181696
103 1 220 1 234 1 562949956567040 1099511631872 2305843013508661280 4503599644147712 35184372285440 137438953984 216172782919090178 844424931180544 2199023263744 3458764522410475568 9007199288295424 52776558198784 206158430976 72057594306363395 281474978807808 3298534895616 1152921517491748880 13510798932443136 17592186175488 68719476992 144115188612726785
104 1 221 1 235 1 2251799826268160 4398046527488 9223372054034645120 18014398576590848 140737489141760 549755815936 864691131676360712 3377699724722176 8796093054976 13835058089641902272 36028797153181696 211106232795136 824633723904 288230377225453580 1125899915231232 13194139582464 4611686069966995520 54043195729772544 70368744701952 274877907968 576460754450907140
105 1 222 1 236 1 9007199305072640 17592186109952 68719477248 72057594306363394 562949956567040 2199023263744 3458764526705442848 13510798898888704 35184372219904 137438954240 144115188612726787 844424931180544 3298534895616 1152921508901814320 4503599660924928 52776558329856 206158430464 216172782919090177 281474978807808 1099511631872 2305843017803628560
106 1 223 1 237 1 36028797220290560 70368744439808 274877908992 288230377225453576 2251799826268160 8796093054976 13835058106821771392 54043195595554816 140737488879616 549755816960 576460754450907148 3377699724722176 13194139582464 4611686035607257280 18014398643699712 211106233319424 824633721856 864691131676360708 1125899915231232 4398046527488 9223372071214514240
107 1 112 1 238 1 144115188881162241 281474977759232 1099511635968 1152921517491748896 9007199305072640 35184372219904 206158430720 216172782382219266 562949955518464 2199023267840 2305843013508661296 13510798898888704 52776558329856 68719477504 72057594574798851 844424933277696 3298534887424 3458764522410475536 4503599660924928 17592186109952 137438953728
108 1 113 1 239 1 576460755524648964 1125899911036928 4398046543872 4611686069966995584 36028797220290560 140737488879616 824633722880 864691129528877064 2251799822073856 8796093071360 9223372054034645184 54043195595554816 211106233319424 274877910016 288230378299195404 3377699733110784 13194139549696 13835058089641902144 18014398643699712 70368744439808 549755814912
109 1 114 1 240 1 2305843022098595856 4503599644147712 17592186175488 206158430720 144115188881162241 562949955518464 3298534891520 3458764518115508256 9007199288295424 35184372285440 68719477504 216172782382219266 844424933277696 1099511640064 1152921513196781616 13510798932443136 52776558198784 137438953728 72057594574798851 281474977759232 2199023259648
110 1 115 1 241 1 9223372088394383424 18014398576590848 70368744701952 824633722880 576460755524648964 2251799822073856 13194139566080 13835058072462033024 36028797153181696 140737489141760 274877910016 864691129528877064 3377699733110784 4398046560256 4611686052787126464 54043195729772544 211106232795136 549755814912 288230378299195404 1125899911036928 8796093038592
111 1 116 1 242 1 206158430464 72057594306363394 281474978807808 3298534891520 2305843022098595856 9007199288295424 52776558264320 68719477248 144115188612726787 562949956567040 1099511640064 3458764518115508256 13510798932443136 17592186241024 137438954240 216172782919090177 844424931180544 2199023259648 1152921513196781616 4503599644147712 35184372154368
0 1 205 1 266 1 0 281474978807808 4096 1152921513196781616 4503599677702144 17592186241024 256 0 562949956567040 8192 2305843022098595856 9007199271518208 35184372154368 512 0 844424931180544 12288 3458764518115508256 13510798915665920 52776558264320 768
1 1 206 1 267 1 0 1125899915231232 16384 4611686052787126464 18014398710808576 70368744964096 1024 0 2251799826268160 32768 9223372088394383424 36028797086072832 140737488617472 2048 0 3377699724722176 49152 13835058072462033024 54043195662663680 211106233057280 3072
2 1 207 1 268 1 0 4503599660924928 65536 137438954240 72057594843234305 281474979856384 4096 0 9007199305072640 131072 206158430464 144115188344291330 562949954469888 8192 0 13510798898888704 196608 68719477248 216172782650654723 844424932229120 12288
3 1 208 1 269 1 0 18014398643699712 262144 549755816960 288230379372937220 1125899919425536 16384 0 36028797220290560 524288 824633721856 576460753377165320 2251799817879552 32768 0 54043195595554816 786432 274877908992 864691130602618892 3377699728916480 49152
4 1 209 1 270 1 0 72057594574798848 1048576 2199023267840 1152921517491748880 4503599677702144 65536 0 144115188881162240 2097152 3298534887424 2305843013508661280 9007199271518208 131072 0 216172782382219264 3145728 1099511635968 3458764522410475568 13510798915665920 196608
5 1 210 1 271 1 0 288230378299195392 4194304 8796093071360 4611686069966995520 18014398710808576 262144 0 576460755524648960 8388608 13194139549696 9223372054034645120 36028797086072832 524288 0 864691129528877056 12582912 4398046543872 13835058089641902272 54043195662663680 786432
6 1 211 1 272 1 0 1152921513196781568 16777216 35184372285440 206158430464 72057594843234305 1048576 0 2305843022098595840 33554432 52776558198784 68719477248 144115188344291330 2097152 0 3458764518115508224 50331648 17592186175488 137438954240 216172782650654723 3145728
7 1 212 1 273 1 0 4611686052787126272 67108864 140737489141760 824633721856 288230379372937220 4194304 0 9223372088394383360 134217728 211106232795136 274877908992 576460753377165320 8388608 0 13835058072462032896 201326592 70368744701952 549755816960 864691130602618892 12582912
8 1 213 1 274 1 0 137438953472 268435457 562949956567040 3298534887424 1152921517491748880 16777216 0 206158430208 536870914 844424931180544 1099511635968 2305843013508661280 33554432 0 68719476736 805306371 281474978807808 2199023267840 3458764522410475568 50331648
9 1 214 1 275 1 0 549755813888 1073741828 2251799826268160 13194139549696 4611686069966995520 67108864 0 824633720832 2147483656 3377699724722176 4398046543872 9223372054034645120 134217728 0 274877906944 3221225484 1125899915231232 8796093071360 13835058089641902272 201326592
10 1 215 1 276 1 0 2199023255552 4294967312 9007199305072640 52776558198784 206158430464 268435457 0 3298534883328 8589934624 13510798898888704 17592186175488 68719477248 536870914 0 1099511627776 12884901936 4503599660924928 35184372285440 137438954240 805306371
11 1 216 1 277 1 0 8796093022208 17179869248 36028797220290560 211106232795136 824633721856 1073741828 0 13194139533312 34359738496 54043195595554816 70368744701952 274877908992 2147483656 0 4398046511104 51539607744 18014398643699712 140737489141760 549755816960 3221225484
12 1 217 1 278 1 0 35184372088832 68719476992 144115188881162240 844424931180544 3298534887424 4294967312 0 52776558133248 137438953984 216172782382219264 281474978807808 1099511635968 8589934624 0 17592186044416 206158430976 72057594574798848 562949956567040 2199023267840 12884901936
13 1 218 1 279 1 0 140737488355328 274877907968 576460755524648960 3377699724722176 13194139549696 17179869248 0 211106232532992 549755815936 864691129528877056 1125899915231232 4398046543872 34359738496 0 70368744177664 824633723904 288230378299195392 2251799826268160 8796093071360 51539607744
14 1 219 1 280 1 3 562949953421312 1099511631872 2305843009213693952 13510798898888704 52776558198784 68719476992 1 844424930131968 2199023263744 3458764513820540928 4503599660924928 17592186175488 137438953984 2 281474976710656 3298534895616 1152921504606846976 9007199305072640 35184372285440 206158430976
15 1 220 1 281 1 12 2251799813685248 4398046527488 9223372036854775808 54043195595554816 211106232795136 274877907968 4 3377699720527872 8796093054976 13835058055282163712 18014398643699712 70368744701952 549755815936 8 1125899906842624 13194139582464 4611686018427387904 36028797220290560 140737489141760 824633723904
16 1 221 1 282 1 48 9007199254740992 17592186109952 0 216172782382219266 844424931180544 1099511631872 16 13510798882111488 35184372219904 0 72057594574798851 281474978807808 2199023263744 32 4503599627370496 52776558329856 0 144115188881162241 562949956567040 3298534895616
17 1 222 1 283 1 192 36028797018963968 70368744439808 0 864691129528877064 3377699724722176 4398046527488 64 54043195528445952 140737488879616 0 288230378299195404 1125899915231232 8796093054976 128 18014398509481984 211106233319424 0 576460755524648964 2251799826268160 13194139582464
18 1 223 1 284 1 768 144115188075855872 281474977759232 0 3458764518115508256 13510798898888704 17592186109952 256 216172782113783808 562949955518464 0 1152921513196781616 4503599660924928 35184372219904 512 72057594037927936 844424933277696 0 2305843022098595856 9007199305072640 52776558329856
19 1 112 1 285 1 3072 576460752303423488 1125899911036928 0 13835058072462033024 54043195595554816 70368744439808 1024 864691128455135232 2251799822073856 0 4611686052787126464 18014398643699712 140737488879616 2048 288230376151711744 3377699733110784 0 9223372088394383424 36028797220290560 211106233319424
20 1 113 1 286 1 12288 2305843009213693952 4503599644147712 0 68719477248 216172782382219267 281474977759232 4096 3458764513820540928 9007199288295424 0 137438954240 72057594574798849 562949955518464 8192 1152921504606846976 13510798932443136 0 206158430464 144115188881162242 844424933277696
21 1 114 1 287 1 49152 9223372036854775808 18014398576590848 0 274877908992 864691129528877068 1125899911036928 16384 13835058055282163712 36028797153181696 0 549755816960 288230378299195396 2251799822073856 32768 4611686018427387904 54043195729772544 0 824633721856 576460755524648968 3377699733110784
22 1 115 1 288 1 196608 0 72057594306363394 0 1099511635968 3458764518115508272 4503599644147712 65536 0 144115188612726787 0 2199023267840 1152921513196781584 9007199288295424 131072 0 216172782919090177 0 3298534887424 2305843022098595872 13510798932443136
23 1 116 1 289 1 786432 0 288230377225453576 0 4398046543872 13835058072462033088 18014398576590848 262144 0 576460754450907148 0 8796093071360 4611686052787126336 36028797153181696 524288 0 864691131676360708 0 13194139549696 9223372088394383488 54043195729772544
24 1 117 1 290 1 3145728 0 1152921508901814304 0 17592186175488 68719477504 72057594306363395 1048576 0 2305843017803628592 0 35184372285440 137438953728 144115188612726785 2097152 0 3458764526705442832 0 52776558198784 206158430720 216172782919090178
25 1 118 1 291 1 12582912 0 4611686035607257216 0 70368744701952 274877910016 288230377225453580 4194304 0 9223372071214514368 0 140737489141760 549755814912 576460754450907140 8388608 0 13835058106821771328 0 211106232795136 824633722880 864691131676360712
26 1 119 1 292 1 50331648 0 68719477248 1 281474978807808 1099511640064 1152921508901814320 16777216 0 137438954240 2 562949956567040 2199023259648 2305843017803628560 33554432 0 206158430464 3 844424931180544 3298534891520 3458764526705442848
27 1 120 1 293 1 201326592 0 274877908992 4 1125899915231232 4398046560256 4611686035607257280 67108864 0 549755816960 8 2251799826268160 8796093038592 9223372071214514240 134217728 0 824633721856 12 3377699724722176 13194139566080 13835058106821771392
28 1 121 1 294 1 805306368 0 1099511635968 4294967312 4503599660924928 17592186241024 68719477504 268435456 0 2199023267840 8589934624 9007199305072640 35184372154368 137438953728 536870912 0 3298534887424 12884901936 13510798898888704 52776558264320 206158430720
29 1 122 1 295 1 3221225472 0 4398046543872 17179869248 18014398643699712 70368744964096 274877910016 1073741824 0 8796093071360 34359738496 36028797220290560 140737488617472 549755814912 2147483648 0 13194139549696 51539607744 54043195595554816 211106233057280 824633722880
30 1 123 1 296 1 12884901888 0 17592186175488 68719476992 72057594574798848 281474979856384 1099511640064 4294967296 0 35184372285440 137438953984 144115188881162240 562949954469888 2199023259648 8589934592 0 52776558198784 206158430976 216172782382219264 844424932229120 3298534891520
31 1 124 1 297 1 51539607552 0 70368744701952 274877907968 288230378299195392 1125899919425536 4398046560256 17179869184 0 140737489141760 549755815936 576460755524648960 2251799817879552 8796093038592 34359738368 0 211106232795136 824633723904 864691129528877056 3377699728916480 13194139566080
32 1 125 1 298 1 206158430208 0 281474978807808 1099511631872 1152921513196781568 4503599677702144 17592186241024 68719476736 0 562949956567040 2199023263744 2305843022098595840 9007199271518208 35184372154368 137438953472 0 844424931180544 3298534895616 3458764518115508224 13510798915665920 52776558264320
33 1 126 1 299 1 824633720832 0 1125899915231232 4398046527488 4611686052787126272 18014398710808576 70368744964096 274877906944 0 2251799826268160 8796093054976 9223372088394383360 36028797086072832 140737488617472 549755813888 0 3377699724722176 13194139582464 13835058072462032896 54043195662663680 211106233057280
34 1 127 1 300 1 3298534883328 0 4503599660924928 17592186109952 137438953472 72057594843234305 281474979856384 1099511627776 0 9007199305072640 35184372219904 206158430208 144115188344291330 562949954469888 2199023255552 0 13510798898888704 52776558329856 68719476736 216172782650654723 844424932229120
35 1 128 1 301 1 13194139533312 0 18014398643699712 70368744439808 549755813888 288230379372937220 1125899919425536 4398046511104 0 36028797220290560 140737488879616 824633720832 576460753377165320 2251799817879552 8796093022208 0 54043195595554816 211106233319424 274877906944 864691130602618892 3377699728916480
36 1 129 1 302 1 52776558133248 0 72057594574798848 281474977759232 2199023255552 1152921517491748880 4503599677702144 17592186044416 0 144115188881162240 562949955518464 3298534883328 2305843013508661280 9007199271518208 35184372088832 0 216172782382219264 844424933277696 1099511627776 3458764522410475568 13510798915665920
37 1 130 1 303 1 211106232532992 0 288230378299195392 1125899911036928 8796093022208 4611686069966995520 18014398710808576 70368744177664 0 576460755524648960 2251799822073856 13194139533312 9223372054034645120 36028797086072832 140737488355328 0 864691129528877056 3377699733110784 4398046511104 13835058089641902272 54043195662663680
38 1 131 1 304 1 844424930131968 0 1152921513196781568 4503599644147712 35184372088832 206158430464 72057594843234305 281474976710656 0 2305843022098595840 9007199288295424 52776558133248 68719477248 144115188344291330 562949953421312 0 3458764518115508224 13510798932443136 17592186044416 137438954240 216172782650654723
39 1 132 1 305 1 3377699720527872 0 4611686052787126272 18014398576590848 140737488355328 824633721856 288230379372937220 1125899906842624 0 9223372088394383360 36028797153181696 211106232532992 274877908992 576460753377165320 2251799813685248 0 13835058072462032896 54043195729772544 70368744177664 549755816960 864691130602618892
40 1 133 1 306 1 13510798882111488 0 137438953472 72057594306363393 562949953421312 3298534887424 1152921517491748880 4503599627370496 0 206158430208 144115188612726786 844424930131968 1099511635968 2305843013508661280 9007199254740992 0 68719476736 216172782919090179 281474976710656 2199023267840 3458764522410475568
41 1 134 1 307 1 54043195528445952 0 549755813888 288230377225453572 2251799813685248 13194139549696 4611686069966995520 18014398509481984 0 824633720832 576460754450907144 3377699720527872 4398046543872 9223372054034645120 36028797018963968 0 274877906944 864691131676360716 1125899906842624 8796093071360 13835058089641902272
42 1 135 1 308 1 216172782113783809 0 2199023255552 1152921508901814288 9007199254740992 52776558198784 206158430464 72057594037927938 0 3298534883328 2305843017803628576 13510798882111488 17592186175488 68719477248 144115188075855875 0 1099511627776 3458764526705442864 4503599627370496 35184372285440 137438954240
43 1 136 1 309 1 864691128455135236 0 8796093022208 4611686035607257152 36028797018963968 211106232795136 824633721856 288230376151711752 0 13194139533312 9223372071214514304 54043195528445952 70368744701952 274877908992 576460752303423500 0 4398046511104 13835058106821771456 18014398509481984 140737489141760 549755816960
44 1 137 1 310 1 3458764513820540944 0 35184372088832 68719476992 144115188075855873 844424931180544 3298534887424 1152921504606847008 0 52776558133248 137438953984 216172782113783810 281474978807808 1099511635968 2305843009213694000 0 17592186044416 206158430976 72057594037927939 562949956567040 2199023267840
45 1 138 1 311 1 13835058055282163776 0 140737488355328 274877907968 576460752303423492 3377699724722176 13194139549696 4611686018427388032 0 211106232532992 549755815936 864691128455135240 1125899915231232 4398046543872 9223372036854776000 0 70368744177664 824633723904 288230376151711756 2251799826268160 8796093071360
46 1 139 1 312 1 256 3 562949953421312 1099511631872 2305843009213693968 13510798898888704 52776558198784 512 1 844424930131968 2199023263744 3458764513820540960 4503599660924928 17592186175488 768 2 281474976710656 3298534895616 1152921504606847024 9007199305072640 35184372285440
47 1 140 1 313 1 1024 12 2251799813685248 4398046527488 9223372036854775872 54043195595554816 211106232795136 2048 4 3377699720527872 8796093054976 13835058055282163840 18014398643699712 70368744701952 3072 8 1125899906842624 13194139582464 4611686018427388096 36028797220290560 140737489141760
48 1 141 1 314 1 4096 48 9007199254740992 17592186109952 256 216172782382219266 844424931180544 8192 16 13510798882111488 35184372219904 512 72057594574798851 281474978807808 12288 32 4503599627370496 52776558329856 768 144115188881162241 562949956567040
49 1 142 1 315 1 16384 192 36028797018963968 70368744439808 1024 864691129528877064 3377699724722176 32768 64 54043195528445952 140737488879616 2048 288230378299195404 1125899915231232 49152 128 18014398509481984 211106233319424 3072 576460755524648964 2251799826268160
50 1 143 1 316 1 65536 768 144115188075855872 281474977759232 4096 3458764518115508256 13510798898888704 131072 256 216172782113783808 562949955518464 8192 1152921513196781616 4503599660924928 196608 512 72057594037927936 844424933277696 12288 2305843022098595856 9007199305072640
51 1 144 1 317 1 262144 3072 576460752303423488 1125899911036928 16384 13835058072462033024 54043195595554816 524288 1024 864691128455135232 2251799822073856 32768 4611686052787126464 18014398643699712 786432 2048 288230376151711744 3377699733110784 49152 9223372088394383424 36028797220290560
52 1 145 1 318 1 1048576 12288 2305843009213693952 4503599644147712 65536 68719477248 216172782382219267 2097152 4096 3458764513820540928 9007199288295424 131072 137438954240 72057594574798849 3145728 8192 1152921504606846976 13510798932443136 196608 206158430464 144115188881162242
53 1 146 1 319 1 4194304 49152 9223372036854775808 18014398576590848 262144 274877908992 864691129528877068 8388608 16384 13835058055282163712 36028797153181696 524288 549755816960 288230378299195396 12582912 32768 4611686018427387904 54043195729772544 786432 824633721856 576460755524648968
54 1 147 1 320 1 16777216 196608 0 72057594306363394 1048576 1099511635968 3458764518115508272 33554432 65536 0 144115188612726787 2097152 2199023267840 1152921513196781584 50331648 131072 0 216172782919090177 3145728 3298534887424 2305843022098595872
55 1 148 1 321 1 67108864 786432 0 288230377225453576 4194304 4398046543872 13835058072462033088 134217728 262144 0 576460754450907148 8388608 8796093071360 4611686052787126336 201326592 524288 0 864691131676360708 12582912 13194139549696 9223372088394383488
56 1 149 1 322 1 268435457 3145728 0 1152921517491748896 16777216 17592186175488 68719477504 536870914 1048576 0 2305843013508661296 33554432 35184372285440 137438953728 805306371 2097152 0 3458764522410475536 50331648 52776558198784 206158430720
57 1 150 1 323 1 1073741828 12582912 0 4611686069966995584 67108864 70368744701952 274877910016 2147483656 4194304 0 9223372054034645184 134217728 140737489141760 549755814912 3221225484 8388608 0 13835058089641902144 201326592 211106232795136 824633722880
58 1 151 1 324 1 4294967312 50331648 0 206158430720 268435457 281474978807808 1099511640064 8589934624 16777216 0 68719477504 536870914 562949956567040 2199023259648 12884901936 33554432 0 137438953728 805306371 844424931180544 3298534891520
59 1 152 1 325 1 17179869248 201326592 0 824633722880 1073741828 1125899915231232 4398046560256 34359738496 67108864 0 274877910016 2147483656 2251799826268160 8796093038592 51539607744 134217728 0 549755814912 3221225484 3377699724722176 13194139566080
60 1 153 1 326 1 68719476992 805306368 0 3298534891520 4294967312 4503599660924928 17592186241024 137438953984 268435456 0 1099511640064 8589934624 9007199305072640 35184372154368 206158430976 536870912 0 2199023259648 12884901936 13510798898888704 52776558264320
61 1 154 1 327 1 274877907968 3221225472 0 13194139566080 17179869248 18014398643699712 70368744964096 549755815936 1073741824 0 4398046560256 34359738496 36028797220290560 140737488617472 824633723904 2147483648 0 8796093038592 51539607744 54043195595554816 211106233057280
62 1 155 1 328 1 1099511631872 12884901888 0 52776558264320 68719476992 72057594574798848 281474979856384 2199023263744 4294967296 0 17592186241024 137438953984 144115188881162240 562949954469888 3298534895616 8589934592 0 35184372154368 206158430976 216172782382219264 844424932229120
63 1 156 1 329 1 4398046527488 51539607552 0 211106233057280 274877907968 288230378299195392 1125899919425536 8796093054976 17179869184 0 70368744964096 549755815936 576460755524648960 2251799817879552 13194139582464 34359738368 0 140737488617472 824633723904 864691129528877056 3377699728916480
64 1 157 1 330 1 17592186109952 206158430208 0 844424932229120 1099511631872 1152921513196781568 4503599677702144 35184372219904 68719476736 0 281474979856384 2199023263744 2305843022098595840 9007199271518208 52776558329856 137438953472 0 562949954469888 3298534895616 3458764518115508224 13510798915665920
65 1 158 1 331 1 70368744439808 824633720832 0 3377699728916480 4398046527488 4611686052787126272 18014398710808576 140737488879616 274877906944 0 1125899919425536 8796093054976 9223372088394383360 36028797086072832 211106233319424 549755813888 0 2251799817879552 13194139582464 13835058072462032896 54043195662663680
66 1 159 1 332 1 281474977759232 3298534883328 0 13510798915665920 17592186109952 137438953472 72057594843234305 562949955518464 1099511627776 0 4503599677702144 35184372219904 206158430208 144115188344291330 844424933277696 2199023255552 0 9007199271518208 52776558329856 68719476736 216172782650654723
67 1 160 1 333 1 1125899911036928 13194139533312 0 54043195662663680 70368744439808 549755813888 288230379372937220 2251799822073856 4398046511104 0 18014398710808576 140737488879616 824633720832 576460753377165320 3377699733110784 8796093022208 0 36028797086072832 211106233319424 274877906944 864691130602618892
68 1 161 1 334 1 4503599644147712 52776558133248 0 216172782650654720 281474977759232 2199023255552 1152921517491748880 9007199288295424 17592186044416 0 72057594843234304 562949955518464 3298534883328 2305843013508661280 13510798932443136 35184372088832 0 144115188344291328 844424933277696 1099511627776 3458764522410475568
69 1 162 1 335 1 18014398576590848 211106232532992 0 864691130602618880 1125899911036928 8796093022208 4611686069966995520 36028797153181696 70368744177664 0 288230379372937216 2251799822073856 13194139533312 9223372054034645120 54043195729772544 140737488355328 0 576460753377165312 3377699733110784 4398046511104 13835058089641902272
70 1 163 1 224 1 72057594306363394 844424930131968 0 3458764518115508224 4503599644147712 35184372088832 206158430464 144115188612726787 281474976710656 0 1152921513196781568 9007199288295424 52776558133248 68719477248 216172782919090177 562949953421312 0 2305843022098595840 13510798932443136 17592186044416 137438954240
71 1 164 1 225 1 288230377225453576 3377699720527872 0 13835058072462032896 18014398576590848 140737488355328 824633721856 576460754450907148 1125899906842624 0 4611686052787126272 36028797153181696 211106232532992 274877908992 864691131676360708 2251799813685248 0 9223372088394383360 54043195729772544 70368744177664 549755816960
72 1 165 1 226 1 1152921508901814304 13510798882111488 0 68719476736 72057594306363395 562949953421312 3298534887424 2305843017803628592 4503599627370496 0 137438953472 144115188612726785 844424930131968 1099511635968 3458764526705442832 9007199254740992 0 206158430208 216172782919090178 281474976710656 2199023267840
73 1 166 1 227 1 4611686035607257216 54043195528445952 0 274877906944 288230377225453580 2251799813685248 13194139549696 9223372071214514368 18014398509481984 0 549755813888 576460754450907140 3377699720527872 4398046543872 13835058106821771328 36028797018963968 0 824633720832 864691131676360712 1125899906842624 8796093071360
74 1 167 1 228 1 68719477248 216172782113783809 0 1099511627776 1152921508901814320 9007199254740992 52776558198784 137438954240 72057594037927938 0 2199023255552 2305843017803628560 13510798882111488 17592186175488 206158430464 144115188075855875 0 3298534883328 3458764526705442848 4503599627370496 35184372285440
75 1 168 1 229 1 274877908992 864691128455135236 0 4398046511104 4611686035607257280 36028797018963968 211106232795136 549755816960 288230376151711752 0 8796093022208 9223372071214514240 54043195528445952 70368744701952 824633721856 576460752303423500 0 13194139533312 13835058106821771392 18014398509481984 140737489141760
76 1 169 1 230 1 1099511635968 3458764513820540944 0 17592186044416 68719477504 144115188075855873 844424931180544 2199023267840 1152921504606847008 0 35184372088832 137438953728 216172782113783810 281474978807808 3298534887424 2305843009213694000 0 52776558133248 206158430720 72057594037927939 562949956567040
77 1 170 1 231 1 4398046543872 13835058055282163776 0 70368744177664 274877910016 576460752303423492 3377699724722176 8796093071360 4611686018427388032 0 140737488355328 549755814912 864691128455135240 1125899915231232 13194139549696 9223372036854776000 0 211106232532992 824633722880 288230376151711756 2251799826268160
78 1 171 1 232 1 17592186175488 256 3 281474976710656 1099511640064 2305843009213693968 13510798898888704 35184372285440 512 1 562949953421312 2199023259648 3458764513820540960 4503599660924928 52776558198784 768 2 844424930131968 3298534891520 1152921504606847024 9007199305072640
79 1 172 1 233 1 70368744701952 1024 12 1125899906842624 4398046560256 9223372036854775872 54043195595554816 140737489141760 2048 4 2251799813685248 8796093038592 13835058055282163840 18014398643699712 211106232795136 3072 8 3377699720527872 13194139566080 4611686018427388096 36028797220290560
80 1 173 1 234 1 281474978807808 4096 48 4503599627370496 17592186241024 256 216172782382219266 562949956567040 8192 16 9007199254740992 35184372154368 512 72057594574798851 844424931180544 12288 32 13510798882111488 52776558264320 768 144115188881162241
81 1 174 1 235 1 1125899915231232 16384 192 18014398509481984 70368744964096 1024 864691129528877064 2251799826268160 32768 64 36028797018963968 140737488617472 2048 288230378299195404 3377699724722176 49152 128 54043195528445952 211106233057280 3072 576460755524648964
82 1 175 1 236 1 4503599660924928 65536 768 72057594037927936 281474979856384 4096 3458764518115508256 9007199305072640 131072 256 144115188075855872 562949954469888 8192 1152921513196781616 13510798898888704 196608 512 216172782113783808 844424932229120 12288 2305843022098595856
83 1 176 1 237 1 18014398643699712 262144 3072 288230376151711744 1125899919425536 16384 13835058072462033024 36028797220290560 524288 1024 576460752303423488 2251799817879552 32768 4611686052787126464 54043195595554816 786432 2048 864691128455135232 3377699728916480 49152 9223372088394383424
84 1 177 1 238 1 72057594574798848 1048576 12288 1152921517491748864 4503599677702144 65536 68719477248 144115188881162240 2097152 4096 2305843013508661248 9007199271518208 131072 137438954240 216172782382219264 3145728 8192 3458764522410475520 13510798915665920 196608 206158430464
85 1 178 1 239 1 288230378299195392 4194304 49152 4611686069966995456 18014398710808576 262144 274877908992 576460755524648960 8388608 16384 9223372054034644992 36028797086072832 524288 549755816960 864691129528877056 12582912 32768 13835058089641902080 54043195662663680 786432 824633721856
86 1 179 1 240 1 1152921513196781568 16777216 196608 206158430208 72057594843234305 1048576 1099511635968 2305843022098595840 33554432 65536 68719476736 144115188344291330 2097152 2199023267840 3458764518115508224 50331648 131072 137438953472 216172782650654723 3145728 3298534887424
87 1 180 1 241 1 4611686052787126272 67108864 786432 824633720832 288230379372937220 4194304 4398046543872 9223372088394383360 134217728 262144 274877906944 576460753377165320 8388608 8796093071360 13835058072462032896 201326592 524288 549755813888 864691130602618892 12582912 13194139549696
88 1 181 1 242 1 137438953472 268435457 3145728 3298534883328 1152921517491748880 16777216 17592186175488 206158430208 536870914 1048576 1099511627776 2305843013508661280 33554432 35184372285440 68719476736 805306371 2097152 2199023255552 3458764522410475568 50331648 52776558198784
89 1 182 1 243 1 549755813888 1073741828 12582912 13194139533312 4611686069966995520 67108864 70368744701952 824633720832 2147483656 4194304 4398046511104 9223372054034645120 134217728 140737489141760 274877906944 3221225484 8388608 8796093022208 13835058089641902272 201326592 211106232795136
90 1 183 1 244 1 2199023255552 4294967312 50331648 52776558133248 206158430464 268435457 281474978807808 3298534883328 8589934624 16777216 17592186044416 68719477248 536870914 562949956567040 1099511627776 12884901936 33554432 35184372088832 137438954240 805306371 844424931180544
91 1 184 1 245 1 8796093022208 17179869248 201326592 211106232532992 824633721856 1073741828 1125899915231232 13194139533312 34359738496 67108864 70368744177664 274877908992 2147483656 2251799826268160 4398046511104 51539607744 134217728 140737488355328 549755816960 3221225484 3377699724722176
92 1 185 1 246 1 35184372088832 68719476992 805306368 844424930131968 3298534887424 4294967312 4503599660924928 52776558133248 137438953984 268435456 281474976710656 1099511635968 8589934624 9007199305072640 17592186044416 206158430976 536870912 562949953421312 2199023267840 12884901936 13510798898888704
93 1 186 1 247 1 140737488355328 274877907968 3221225472 3377699720527872 13194139549696 17179869248 18014398643699712 211106232532992 549755815936 1073741824 1125899906842624 4398046543872 34359738496 36028797220290560 70368744177664 824633723904 2147483648 2251799813685248 8796093071360 51539607744 54043195595554816
94 1 187 1 248 1 562949953421312 1099511631872 12884901888 13510798882111488 52776558198784 68719476992 72057594574798848 844424930131968 2199023263744 4294967296 4503599627370496 17592186175488 137438953984 144115188881162240 281474976710656 3298534895616 8589934592 9007199254740992 35184372285440 206158430976 216172782382219264
95 1 188 1 249 1 2251799813685248 4398046527488 51539607552 54043195528445952 211106232795136 274877907968 288230378299195392 3377699720527872 8796093054976 17179869184 18014398509481984 70368744701952 549755815936 576460755524648960 1125899906842624 13194139582464 34359738368 36028797018963968 140737489141760 824633723904 864691129528877056
96 1 189 1 250 1 9007199254740992 17592186109952 206158430208 216172782113783808 844424931180544 1099511631872 1152921513196781568 13510798882111488 35184372219904 68719476736 72057594037927936 281474978807808 2199023263744 2305843022098595840 4503599627370496 52776558329856 137438953472 144115188075855872 562949956567040 3298534895616 3458764518115508224
97 1 190 1 251 1 36028797018963968 70368744439808 824633720832 864691128455135232 3377699724722176 4398046527488 4611686052787126272 54043195528445952 140737488879616 274877906944 288230376151711744 1125899915231232 8796093054976 9223372088394383360 18014398509481984 211106233319424 549755813888 576460752303423488 2251799826268160 13194139582464 13835058072462032896
98 1 191 1 252 1 144115188075855872 281474977759232 3298534883328 3458764518115508224 13510798898888704 17592186109952 137438953472 216172782113783808 562949955518464 1099511627776 1152921513196781568 4503599660924928 35184372219904 206158430208 72057594037927936 844424933277696 2199023255552 2305843022098595840 9007199305072640 52776558329856 68719476736
99 1 192 1 253 1 576460752303423488 1125899911036928 13194139533312 13835058072462032896 54043195595554816 70368744439808 549755813888 864691128455135232 2251799822073856 4398046511104 4611686052787126272 18014398643699712 140737488879616 824633720832 288230376151711744 3377699733110784 8796093022208 9223372088394383360 36028797220290560 211106233319424 274877906944
100 1 193 1 254 1 2305843009213693952 4503599644147712 52776558133248 68719476736 216172782382219267 281474977759232 2199023255552 3458764513820540928 9007199288295424 17592186044416 137438953472 72057594574798849 562949955518464 3298534883328 1152921504606846976 13510798932443136 35184372088832 206158430208 144115188881162242 844424933277696 1099511627776
101 1 194 1 255 1 9223372036854775808 18014398576590848 211106232532992 274877906944 864691129528877068 1125899911036928 8796093022208 13835058055282163712 36028797153181696 70368744177664 549755813888 288230378299195396 2251799822073856 13194139533312 4611686018427387904 54043195729772544 140737488355328 824633720832 576460755524648968 3377699733110784 4398046511104
102 1 195 1 256 1 0 72057594306363394 844424930131968 1099511627776 3458764518115508272 4503599644147712 35184372088832 0 144115188612726787 281474976710656 2199023255552 1152921513196781584 9007199288295424 52776558133248 0 216172782919090177 562949953421312 3298534883328 2305843022098595872 13510798932443136 17592186044416
103 1 196 1 257 1 0 288230377225453576 3377699720527872 4398046511104 13835058072462033088 18014398576590848 140737488355328 0 576460754450907148 1125899906842624 8796093022208 4611686052787126336 36028797153181696 211106232532992 0 864691131676360708 2251799813685248 13194139533312 9223372088394383488 54043195729772544 70368744177664
104 1 197 1 258 1 0 1152921508901814304 13510798882111488 17592186044416 68719477504 72057594306363395 562949953421312 0 2305843017803628592 4503599627370496 35184372088832 137438953728 144115188612726785 844424930131968 0 3458764526705442832 9007199254740992 52776558133248 206158430720 216172782919090178 281474976710656
105 1 198 1 259 1 0 4611686035607257216 54043195528445952 70368744177664 274877910016 288230377225453580 2251799813685248 0 9223372071214514368 18014398509481984 140737488355328 549755814912 576460754450907140 3377699720527872 0 13835058106821771328 36028797018963968 211106232532992 824633722880 864691131676360712 1125899906842624
106 1 199 1 260 1 0 68719477248 216172782113783809 281474976710656 1099511640064 1152921508901814320 9007199254740992 0 137438954240 72057594037927938 562949953421312 2199023259648 2305843017803628560 13510798882111488 0 206158430464 144115188075855875 844424930131968 3298534891520 3458764526705442848 4503599627370496
107 1 200 1 261 1 0 274877908992 864691128455135236 1125899906842624 4398046560256 4611686035607257280 36028797018963968 0 549755816960 288230376151711752 2251799813685248 8796093038592 9223372071214514240 54043195528445952 0 824633721856 576460752303423500 3377699720527872 13194139566080 13835058106821771392 18014398509481984
108 1 201 1 262 1 0 1099511635968 3458764513820540944 4503599627370496 17592186241024 68719477504 144115188075855873 0 2199023267840 1152921504606847008 9007199254740992 35184372154368 137438953728 216172782113783810 0 3298534887424 2305843009213694000 13510798882111488 52776558264320 206158430720 72057594037927939
109 1 202 1 263 1 0 4398046543872 13835058055282163776 18014398509481984 70368744964096 274877910016 576460752303423492 0 8796093071360 4611686018427388032 36028797018963968 140737488617472 549755814912 864691128455135240 0 13194139549696 9223372036854776000 54043195528445952 211106233057280 824633722880 288230376151711756
110 1 203 1 264 1 0 17592186175488 256 72057594037927939 281474979856384 1099511640064 2305843009213693968 0 35184372285440 512 144115188075855873 562949954469888 2199023259648 3458764513820540960 0 52776558198784 768 216172782113783810 844424932229120 3298534891520 1152921504606847024
111 1 204 1 265 1 0 70368744701952 1024 288230376151711756 1125899919425536 4398046560256 9223372036854775872 0 140737489141760 2048 576460752303423492 2251799817879552 8796093038592 13835058055282163840 0 211106232795136 3072 864691128455135240 3377699728916480 13194139566080 4611686018427388096
0 1 210 1 247 1 72057594843234307 844424933277696 8192 4294967328 16777216 0 512 144115188344291329 281474977759232 12288 8589934640 33554432 0 768 216172782650654722 562949955518464 4096 12884901904 50331648 0 256
1 1 211 1 248 1 288230379372937228 3377699733110784 32768 17179869312 67108864 0 2048 576460753377165316 1125899911036928 49152 34359738560 134217728 0 3072 864691130602618888 2251799822073856 16384 51539607616 201326592 0 1024
2 1 212 1 249 1 1152921517491748912 13510798932443136 131072 68719477248 268435456 0 8192 2305843013508661264 4503599644147712 196608 137438954240 536870912 0 12288 3458764522410475552 9007199288295424 65536 206158430464 805306368 0 4096
3 1 213 1 250 1 4611686069966995648 54043195729772544 524288 274877908992 1073741824 0 32768 9223372054034645056 18014398576590848 786432 549755816960 2147483648 0 49152 13835058089641902208 36028797153181696 262144 824633721856 3221225472 0 16384
4 1 214 1 251 1 206158430976 216172782919090177 2097152 1099511635968 4294967296 0 131072 68719476992 72057594306363394 3145728 2199023267840 8589934592 0 196608 137438953984 144115188612726787 1048576 3298534887424 12884901888 0 65536
5 1 215 1 252 1 824633723904 864691131676360708 8388608 4398046543872 17179869184 0 524288 274877907968 288230377225453576 12582912 8796093071360 34359738368 0 786432 549755815936 576460754450907148 4194304 13194139549696 51539607552 0 262144
6 1 216 1 253 1 3298534895616 3458764526705442832 33554432 17592186175488 68719476736 0 2097152 1099511631872 1152921508901814304 50331648 35184372285440 137438953472 0 3145728 2199023263744 2305843017803628592 16777216 52776558198784 206158430208 0 1048576
7 1 217 1 254 1 13194139582464 13835058106821771328 134217728 70368744701952 274877906944 0 8388608 4398046527488 4611686035607257216 201326592 140737489141760 549755813888 0 12582912 8796093054976 9223372071214514368 67108864 211106232795136 824633720832 0 4194304
8 1 218 1 255 1 52776558329856 206158430464 536870915 281474978807808 1099511627776 0 33554432 17592186109952 68719477248 805306369 562949956567040 2199023255552 0 50331648 35184372219904 137438954240 268435458 844424931180544 3298534883328 0 16777216
9 1 219 1 256 1 211106233319424 824633721856 2147483660 1125899915231232 4398046511104 0 134217728 70368744439808 274877908992 3221225476 2251799826268160 8796093022208 0 201326592 140737488879616 549755816960 1073741832 3377699724722176 13194139533312 0 67108864
10 1 220 1 257 1 844424933277696 3298534887424 8589934640 4503599660924928 17592186044416 0 536870912 281474977759232 1099511635968 12884901904 9007199305072640 35184372088832 0 805306368 562949955518464 2199023267840 4294967328 13510798898888704 52776558133248 0 268435456
11 1 221 1 258 1 3377699733110784 13194139549696 34359738560 18014398643699712 70368744177664 0 2147483648 1125899911036928 4398046543872 51539607616 36028797220290560 140737488355328 0 3221225472 2251799822073856 8796093071360 17179869312 54043195595554816 211106232532992 0 1073741824
12 1 222 1 259 1 13510798932443136 52776558198784 137438954240 72057594574798848 281474976710656 0 8589934592 4503599644147712 17592186175488 206158430464 144115188881162240 562949953421312 0 12884901888 9007199288295424 35184372285440 68719477248 216172782382219264 844424930131968 0 4294967296
13 1 223 1 260 1 54043195729772544 211106232795136 549755816960 288230378299195392 1125899906842624 0 34359738368 18014398576590848 70368744701952 824633721856 576460755524648960 2251799813685248 0 51539607552 36028797153181696 140737489141760 274877908992 864691129528877056 3377699720527872 0 17179869184
14 1 112 1 261 1 216172782919090178 844424931180544 2199023267840 1152921504606846976 4503599627370496 0 137438953472 72057594306363395 281474978807808 3298534887424 2305843009213693952 9007199254740992 0 206158430208 144115188612726785 562949956567040 1099511635968 3458764513820540928 13510798882111488 0 68719476736
15 1 113 1 262 1 864691131676360712 3377699724722176 8796093071360 4611686018427387904 18014398509481984 0 549755813888 288230377225453580 1125899915231232 13194139549696 9223372036854775808 36028797018963968 0 824633720832 576460754450907140 2251799826268160 4398046543872 13835058055282163712 54043195528445952 0 274877906944
16 1 114 1 263 1 3458764526705442848 13510798898888704 35184372285440 0 72057594037927937 0 2199023255552 1152921508901814320 4503599660924928 52776558198784 0 144115188075855874 0 3298534883328 2305843017803628560 9007199305072640 17592186175488 0 216172782113783811 0 1099511627776
17 1 115 1 264 1 13835058106821771392 54043195595554816 140737489141760 0 288230376151711748 0 8796093022208 4611686035607257280 18014398643699712 211106232795136 0 576460752303423496 0 13194139533312 9223372071214514240 36028797220290560 70368744701952 0 864691128455135244 0 4398046511104
18 1 116 1 265 1 206158430720 216172782382219267 562949956567040 0 1152921504606846992 0 35184372088832 68719477504 72057594574798849 844424931180544 0 2305843009213693984 0 52776558133248 137438953728 144115188881162242 281474978807808 0 3458764513820540976 0 17592186044416
19 1 117 1 266 1 824633722880 864691129528877068 2251799826268160 0 4611686018427387968 0 140737488355328 274877910016 288230378299195396 3377699724722176 0 9223372036854775936 0 211106232532992 549755814912 576460755524648968 1125899915231232 0 13835058055282163904 0 70368744177664
20 1 118 1 267 1 3298534891520 3458764518115508272 9007199305072640 0 256 1 562949953421312 1099511640064 1152921513196781584 13510798898888704 0 512 2 844424930131968 2199023259648 2305843022098595872 4503599660924928 0 768 3 281474976710656
21 1 119 1 268 1 13194139566080 13835058072462033088 36028797220290560 0 1024 4 2251799813685248 4398046560256 4611686052787126336 54043195595554816 0 2048 8 3377699720527872 8796093038592 9223372088394383488 18014398643699712 0 3072 12 1125899906842624
22 1 120 1 269 1 52776558264320 68719477504 144115188881162243 0 4096 16 9007199254740992 17592186241024 137438953728 216172782382219265 0 8192 32 13510798882111488 35184372154368 206158430720 72057594574798850 0 12288 48 4503599627370496
23 1 121 1 270 1 211106233057280 274877910016 576460755524648972 0 16384 64 36028797018963968 70368744964096 549755814912 864691129528877060 0 32768 128 54043195528445952 140737488617472 824633722880 288230378299195400 0 49152 192 18014398509481984
24 1 122 1 271 1 844424932229120 1099511640064 2305843022098595888 0 65536 256 144115188075855872 281474979856384 2199023259648 3458764518115508240 0 131072 512 216172782113783808 562949954469888 3298534891520 1152921513196781600 0 196608 768 72057594037927936
25 1 123 1 272 1 3377699728916480 4398046560256 9223372088394383552 0 262144 1024 576460752303423488 1125899919425536 8796093038592 13835058072462032960 0 524288 2048 864691128455135232 2251799817879552 13194139566080 4611686052787126400 0 786432 3072 288230376151711744
26 1 124 1 273 1 13510798915665920 17592186241024 206158430976 2 1048576 4096 2305843009213693952 4503599677702144 35184372154368 68719476992 3 2097152 8192 3458764513820540928 9007199271518208 52776558264320 137438953984 1 3145728 12288 1152921504606846976
27 1 125 1 274 1 54043195662663680 70368744964096 824633723904 8 4194304 16384 9223372036854775808 18014398710808576 140737488617472 274877907968 12 8388608 32768 13835058055282163712 36028797086072832 211106233057280 549755815936 4 12582912 49152 4611686018427387904
28 1 126 1 275 1 216172782650654720 281474979856384 3298534895616 8589934624 16777216 65536 0 72057594843234304 562949954469888 1099511631872 12884901936 33554432 131072 0 144115188344291328 844424932229120 2199023263744 4294967312 50331648 196608 0
29 1 127 1 276 1 864691130602618880 1125899919425536 13194139582464 34359738496 67108864 262144 0 288230379372937216 2251799817879552 4398046527488 51539607744 134217728 524288 0 576460753377165312 3377699728916480 8796093054976 17179869248 201326592 786432 0
30 1 128 1 277 1 3458764522410475520 4503599677702144 52776558329856 137438953984 268435456 1048576 0 1152921517491748864 9007199271518208 17592186109952 206158430976 536870912 2097152 0 2305843013508661248 13510798915665920 35184372219904 68719476992 805306368 3145728 0
31 1 129 1 278 1 13835058089641902080 18014398710808576 211106233319424 549755815936 1073741824 4194304 0 4611686069966995456 36028797086072832 70368744439808 824633723904 2147483648 8388608 0 9223372054034644992 54043195662663680 140737488879616 274877907968 3221225472 12582912 0
32 1 130 1 279 1 137438953472 72057594843234307 844424933277696 2199023263744 4294967296 16777216 0 206158430208 144115188344291329 281474977759232 3298534895616 8589934592 33554432 0 68719476736 216172782650654722 562949955518464 1099511631872 12884901888 50331648 0
33 1 131 1 280 1 549755813888 288230379372937228 3377699733110784 8796093054976 17179869184 67108864 0 824633720832 576460753377165316 1125899911036928 13194139582464 34359738368 134217728 0 274877906944 864691130602618888 2251799822073856 4398046527488 51539607552 201326592 0
34 1 132 1 281 1 2199023255552 1152921517491748912 13510798932443136 35184372219904 68719476736 268435456 0 3298534883328 2305843013508661264 4503599644147712 52776558329856 137438953472 536870912 0 1099511627776 3458764522410475552 9007199288295424 17592186109952 206158430208 805306368 0
35 1 133 1 282 1 8796093022208 4611686069966995648 54043195729772544 140737488879616 274877906944 1073741824 0 13194139533312 9223372054034645056 18014398576590848 211106233319424 549755813888 2147483648 0 4398046511104 13835058089641902208 36028797153181696 70368744439808 824633720832 3221225472 0
36 1 134 1 283 1 35184372088832 206158430976 216172782919090177 562949955518464 1099511627776 4294967296 0 52776558133248 68719476992 72057594306363394 844424933277696 2199023255552 8589934592 0 17592186044416 137438953984 144115188612726787 281474977759232 3298534883328 12884901888 0
37 1 135 1 284 1 140737488355328 824633723904 864691131676360708 2251799822073856 4398046511104 17179869184 0 211106232532992 274877907968 288230377225453576 3377699733110784 8796093022208 34359738368 0 70368744177664 549755815936 576460754450907148 1125899911036928 13194139533312 51539607552 0
38 1 136 1 285 1 562949953421312 3298534895616 3458764526705442832 9007199288295424 17592186044416 68719476736 0 844424930131968 1099511631872 1152921508901814304 13510798932443136 35184372088832 137438953472 0 281474976710656 2199023263744 2305843017803628592 4503599644147712 52776558133248 206158430208 0
39 1 137 1 286 1 2251799813685248 13194139582464 13835058106821771328 36028797153181696 70368744177664 274877906944 0 3377699720527872 4398046527488 4611686035607257216 54043195729772544 140737488355328 549755813888 0 1125899906842624 8796093054976 9223372071214514368 18014398576590848 211106232532992 824633720832 0
40 1 138 1 287 1 9007199254740992 52776558329856 206158430464 144115188612726787 281474976710656 1099511627776 0 13510798882111488 17592186109952 68719477248 216172782919090177 562949953421312 2199023255552 0 4503599627370496 35184372219904 137438954240 72057594306363394 844424930131968 3298534883328 0
41 1 139 1 288 1 36028797018963968 211106233319424 824633721856 576460754450907148 1125899906842624 4398046511104 0 54043195528445952 70368744439808 274877908992 864691131676360708 2251799813685248 8796093022208 0 18014398509481984 140737488879616 549755816960 288230377225453576 3377699720527872 13194139533312 0
42 1 140 1 289 1 144115188075855874 844424933277696 3298534887424 2305843009213694000 4503599627370496 17592186044416 0 216172782113783811 281474977759232 1099511635968 3458764513820540944 9007199254740992 35184372088832 0 72057594037927937 562949955518464 2199023267840 1152921504606847008 13510798882111488 52776558133248 0
43 1 141 1 290 1 576460752303423496 3377699733110784 13194139549696 9223372036854776000 18014398509481984 70368744177664 0 864691128455135244 1125899911036928 4398046543872 13835058055282163776 36028797018963968 140737488355328 0 288230376151711748 2251799822073856 8796093071360 4611686018427388032 54043195528445952 211106232532992 0
44 1 142 1 291 1 2305843009213693984 13510798932443136 52776558198784 768 72057594037927938 281474976710656 0 3458764513820540976 4503599644147712 17592186175488 256 144115188075855875 562949953421312 0 1152921504606846992 9007199288295424 35184372285440 512 216172782113783809 844424930131968 0
45 1 143 1 292 1 9223372036854775936 54043195729772544 211106232795136 3072 288230376151711752 1125899906842624 0 13835058055282163904 18014398576590848 70368744701952 1024 576460752303423500 2251799813685248 0 4611686018427387968 36028797153181696 140737489141760 2048 864691128455135236 3377699720527872 0
46 1 144 1 293 1 512 216172782919090178 844424931180544 12288 1152921504606847008 4503599627370496 0 768 72057594306363395 281474978807808 4096 2305843009213694000 9007199254740992 0 256 144115188612726785 562949956567040 8192 3458764513820540944 13510798882111488 0
47 1 145 1 294 1 2048 864691131676360712 3377699724722176 49152 4611686018427388032 18014398509481984 0 3072 288230377225453580 1125899915231232 16384 9223372036854776000 36028797018963968 0 1024 576460754450907140 2251799826268160 32768 13835058055282163776 54043195528445952 0
48 1 146 1 295 1 8192 3458764526705442848 13510798898888704 196608 512 72057594037927937 0 12288 1152921508901814320 4503599660924928 65536 768 144115188075855874 0 4096 2305843017803628560 9007199305072640 131072 256 216172782113783811 0
49 1 147 1 296 1 32768 13835058106821771392 54043195595554816 786432 2048 288230376151711748 0 49152 4611686035607257280 18014398643699712 262144 3072 576460752303423496 0 16384 9223372071214514240 36028797220290560 524288 1024 864691128455135244 0
50 1 148 1 297 1 131072 206158430720 216172782382219267 3145728 8192 1152921504606846992 0 196608 68719477504 72057594574798849 1048576 12288 2305843009213693984 0 65536 137438953728 144115188881162242 2097152 4096 3458764513820540976 0
51 1 149 1 298 1 524288 824633722880 864691129528877068 12582912 32768 4611686018427387968 0 786432 274877910016 288230378299195396 4194304 49152 9223372036854775936 0 262144 549755814912 576460755524648968 8388608 16384 13835058055282163904 0
52 1 150 1 299 1 2097152 3298534891520 3458764518115508272 50331648 131072 256 1 3145728 1099511640064 1152921513196781584 16777216 196608 512 2 1048576 2199023259648 2305843022098595872 33554432 65536 768 3
53 1 151 1 300 1 8388608 13194139566080 13835058072462033088 201326592 524288 1024 4 12582912 4398046560256 4611686052787126336 67108864 786432 2048 8 4194304 8796093038592 9223372088394383488 134217728 262144 3072 12
54 1 152 1 301 1 33554432 52776558264320 68719477504 805306371 2097152 4096 16 50331648 17592186241024 137438953728 268435457 3145728 8192 32 16777216 35184372154368 206158430720 536870914 1048576 12288 48
55 1 153 1 302 1 134217728 211106233057280 274877910016 3221225484 8388608 16384 64 201326592 70368744964096 549755814912 1073741828 12582912 32768 128 67108864 140737488617472 824633722880 2147483656 4194304 49152 192
56 1 154 1 303 1 536870915 844424932229120 1099511640064 48 33554432 65536 256 805306369 281474979856384 2199023259648 16 50331648 131072 512 268435458 562949954469888 3298534891520 32 16777216 196608 768
57 1 155 1 304 1 2147483660 3377699728916480 4398046560256 192 134217728 262144 1024 3221225476 1125899919425536 8796093038592 64 201326592 524288 2048 1073741832 2251799817879552 13194139566080 128 67108864 786432 3072
58 1 156 1 305 1 8589934640 13510798915665920 17592186241024 768 536870912 1048576 4096 12884901904 4503599677702144 35184372154368 256 805306368 2097152 8192 4294967328 9007199271518208 52776558264320 512 268435456 3145728 12288
59 1 157 1 306 1 34359738560 54043195662663680 70368744964096 3072 2147483648 4194304 16384 51539607616 18014398710808576 140737488617472 1024 3221225472 8388608 32768 17179869312 36028797086072832 211106233057280 2048 1073741824 12582912 49152
60 1 158 1 307 1 137438954240 216172782650654720 281474979856384 12288 8589934592 16777216 65536 206158430464 72057594843234304 562949954469888 4096 12884901888 33554432 131072 68719477248 144115188344291328 844424932229120 8192 4294967296 50331648 196608
61 1 159 1 308 1 549755816960 864691130602618880 1125899919425536 49152 34359738368 67108864 262144 824633721856 288230379372937216 2251799817879552 16384 51539607552 134217728 524288 274877908992 576460753377165312 3377699728916480 32768 17179869184 201326592 786432
62 1 160 1 309 1 2199023267840 3458764522410475520 4503599677702144 196608 137438953472 268435456 1048576 3298534887424 1152921517491748864 9007199271518208 65536 206158430208 536870912 2097152 1099511635968 2305843013508661248 13510798915665920 131072 68719476736 805306368 3145728
63 1 161 1 310 1 8796093071360 13835058089641902080 18014398710808576 786432 549755813888 1073741824 4194304 13194139549696 4611686069966995456 36028797086072832 262144 824633720832 2147483648 8388608 4398046543872 9223372054034644992 54043195662663680 524288 274877906944 3221225472 12582912
64 1 162 1 311 1 35184372285440 137438953472 72057594843234307 3145728 2199023255552 4294967296 16777216 52776558198784 206158430208 144115188344291329 1048576 3298534883328 8589934592 33554432 17592186175488 68719476736 216172782650654722 2097152 1099511627776 12884901888 50331648
65 1 163 1 312 1 140737489141760 549755813888 288230379372937228 12582912 8796093022208 17179869184 67108864 211106232795136 824633720832 576460753377165316 4194304 13194139533312 34359738368 134217728 70368744701952 274877906944 864691130602618888 8388608 4398046511104 51539607552 201326592
66 1 164 1 313 1 562949956567040 2199023255552 1152921517491748912 50331648 35184372088832 68719476736 268435456 844424931180544 3298534883328 2305843013508661264 16777216 52776558133248 137438953472 536870912 281474978807808 1099511627776 3458764522410475552 33554432 17592186044416 206158430208 805306368
67 1 165 1 314 1 2251799826268160 8796093022208 4611686069966995648 201326592 140737488355328 274877906944 1073741824 3377699724722176 13194139533312 9223372054034645056 67108864 211106232532992 549755813888 2147483648 1125899915231232 4398046511104 13835058089641902208 134217728 70368744177664 824633720832 3221225472
68 1 166 1 315 1 9007199305072640 35184372088832 206158430976 805306369 562949953421312 1099511627776 4294967296 13510798898888704 52776558133248 68719476992 268435458 844424930131968 2199023255552 8589934592 4503599660924928 17592186044416 137438953984 536870915 281474976710656 3298534883328 12884901888
69 1 167 1 316 1 36028797220290560 140737488355328 824633723904 3221225476 2251799813685248 4398046511104 17179869184 54043195595554816 211106232532992 274877907968 1073741832 3377699720527872 8796093022208 34359738368 18014398643699712 70368744177664 549755815936 2147483660 1125899906842624 13194139533312 51539607552
70 1 168 1 317 1 144115188881162243 562949953421312 3298534895616 16 9007199254740992 17592186044416 68719476736 216172782382219265 844424930131968 1099511631872 32 13510798882111488 35184372088832 137438953472 72057594574798850 281474976710656 2199023263744 48 4503599627370496 52776558133248 206158430208
71 1 169 1 318 1 576460755524648972 2251799813685248 13194139582464 64 36028797018963968 70368744177664 274877906944 864691129528877060 3377699720527872 4398046527488 128 54043195528445952 140737488355328 549755813888 288230378299195400 1125899906842624 8796093054976 192 18014398509481984 211106232532992 824633720832
72 1 170 1 319 1 2305843022098595888 9007199254740992 52776558329856 256 144115188075855872 281474976710656 1099511627776 3458764518115508240 13510798882111488 17592186109952 512 216172782113783808 562949953421312 2199023255552 1152921513196781600 4503599627370496 35184372219904 768 72057594037927936 844424930131968 3298534883328
73 1 171 1 320 1 9223372088394383552 36028797018963968 211106233319424 1024 576460752303423488 1125899906842624 4398046511104 13835058072462032960 54043195528445952 70368744439808 2048 864691128455135232 2251799813685248 8796093022208 4611686052787126400 18014398509481984 140737488879616 3072 288230376151711744 3377699720527872 13194139533312
74 1 172 1 321 1 206158430976 144115188075855874 844424933277696 4096 2305843009213693952 4503599627370496 17592186044416 68719476992 216172782113783811 281474977759232 8192 3458764513820540928 9007199254740992 35184372088832 137438953984 72057594037927937 562949955518464 12288 1152921504606846976 13510798882111488 52776558133248
75 1 173 1 322 1 824633723904 576460752303423496 3377699733110784 16384 9223372036854775808 18014398509481984 70368744177664 274877907968 864691128455135244 1125899911036928 32768 13835058055282163712 36028797018963968 140737488355328 549755815936 288230376151711748 2251799822073856 49152 4611686018427387904 54043195528445952 211106232532992
76 1 174 1 323 1 3298534895616 2305843009213693984 13510798932443136 65536 0 72057594037927938 281474976710656 1099511631872 3458764513820540976 4503599644147712 131072 0 144115188075855875 562949953421312 2199023263744 1152921504606846992 9007199288295424 196608 0 216172782113783809 844424930131968
77 1 175 1 324 1 13194139582464 9223372036854775936 54043195729772544 262144 0 288230376151711752 1125899906842624 4398046527488 13835058055282163904 18014398576590848 524288 0 576460752303423500 2251799813685248 8796093054976 4611686018427387968 36028797153181696 786432 0 864691128455135236 3377699720527872
78 1 176 1 325 1 52776558329856 512 216172782919090178 1048576 0 1152921504606847008 4503599627370496 17592186109952 768 72057594306363395 2097152 0 2305843009213694000 9007199254740992 35184372219904 256 144115188612726785 3145728 0 3458764513820540944 13510798882111488
79 1 177 1 326 1 211106233319424 2048 864691131676360712 4194304 0 4611686018427388032 18014398509481984 70368744439808 3072 288230377225453580 8388608 0 9223372036854776000 36028797018963968 140737488879616 1024 576460754450907140 12582912 0 13835058055282163776 54043195528445952
80 1 178 1 327 1 844424933277696 8192 3458764526705442848 16777216 0 512 72057594037927937 281474977759232 12288 1152921508901814320 33554432 0 768 144115188075855874 562949955518464 4096 2305843017803628560 50331648 0 256 216172782113783811
81 1 179 1 328 1 3377699733110784 32768 13835058106821771392 67108864 0 2048 288230376151711748 1125899911036928 49152 4611686035607257280 134217728 0 3072 576460752303423496 2251799822073856 16384 9223372071214514240 201326592 0 1024 864691128455135244
82 1 180 1 329 1 13510798932443136 131072 206158430720 268435459 0 8192 1152921504606846992 4503599644147712 196608 68719477504 536870913 0 12288 2305843009213693984 9007199288295424 65536 137438953728 805306370 0 4096 3458764513820540976
83 1 181 1 330 1 54043195729772544 524288 824633722880 1073741836 0 32768 4611686018427387968 18014398576590848 786432 274877910016 2147483652 0 49152 9223372036854775936 36028797153181696 262144 549755814912 3221225480 0 16384 13835058055282163904
84 1 182 1 331 1 216172782919090177 2097152 3298534891520 4294967344 0 131072 256 72057594306363394 3145728 1099511640064 8589934608 0 196608 512 144115188612726787 1048576 2199023259648 12884901920 0 65536 768
85 1 183 1 332 1 864691131676360708 8388608 13194139566080 17179869376 0 524288 1024 288230377225453576 12582912 4398046560256 34359738432 0 786432 2048 576460754450907148 4194304 8796093038592 51539607680 0 262144 3072
86 1 184 1 333 1 3458764526705442832 33554432 52776558264320 68719477504 0 2097152 4096 1152921508901814304 50331648 17592186241024 137438953728 0 3145728 8192 2305843017803628592 16777216 35184372154368 206158430720 0 1048576 12288
87 1 185 1 334 1 13835058106821771328 134217728 211106233057280 274877910016 0 8388608 16384 4611686035607257216 201326592 70368744964096 549755814912 0 12582912 32768 9223372071214514368 67108864 140737488617472 824633722880 0 4194304 49152
88 1 186 1 335 1 206158430464 536870915 844424932229120 1099511640064 0 33554432 65536 68719477248 805306369 281474979856384 2199023259648 0 50331648 131072 137438954240 268435458 562949954469888 3298534891520 0 16777216 196608
89 1 187 1 224 1 824633721856 2147483660 3377699728916480 4398046560256 0 134217728 262144 274877908992 3221225476 1125899919425536 8796093038592 0 201326592 524288 549755816960 1073741832 2251799817879552 13194139566080 0 67108864 786432
90 1 188 1 225 1 3298534887424 8589934640 13510798915665920 17592186241024 0 536870912 1048576 1099511635968 12884901904 4503599677702144 35184372154368 0 805306368 2097152 2199023267840 4294967328 9007199271518208 52776558264320 0 268435456 3145728
91 1 189 1 226 1 13194139549696 34359738560 54043195662663680 70368744964096 0 2147483648 4194304 4398046543872 51539607616 18014398710808576 140737488617472 0 3221225472 8388608 8796093071360 17179869312 36028797086072832 211106233057280 0 1073741824 12582912
92 1 190 1 227 1 52776558198784 137438954240 216172782650654720 281474979856384 0 8589934592 16777216 17592186175488 206158430464 72057594843234304 562949954469888 0 12884901888 33554432 35184372285440 68719477248 144115188344291328 844424932229120 0 4294967296 50331648
93 1 191 1 228 1 211106232795136 549755816960 864691130602618880 1125899919425536 0 34359738368 67108864 70368744701952 824633721856 288230379372937216 2251799817879552 0 51539607552 134217728 140737489141760 274877908992 576460753377165312 3377699728916480 0 17179869184 201326592
94 1 192 1 229 1 844424931180544 2199023267840 3458764522410475520 4503599677702144 0 137438953472 268435456 281474978807808 3298534887424 1152921517491748864 9007199271518208 0 206158430208 536870912 562949956567040 1099511635968 2305843013508661248 13510798915665920 0 68719476736 805306368
95 1 193 1 230 1 3377699724722176 8796093071360 13835058089641902080 18014398710808576 0 549755813888 1073741824 1125899915231232 13194139549696 4611686069966995456 36028797086072832 0 824633720832 2147483648 2251799826268160 4398046543872 9223372054034644992 54043195662663680 0 274877906944 3221225472
96 1 194 1 231 1 13510798898888704 35184372285440 137438953472 72057594843234307 0 2199023255552 4294967296 4503599660924928 52776558198784 206158430208 144115188344291329 0 3298534883328 8589934592 9007199305072640 17592186175488 68719476736 216172782650654722 0 1099511627776 12884901888
97 1 195 1 232 1 54043195595554816 140737489141760 549755813888 288230379372937228 0 8796093022208 17179869184 18014398643699712 211106232795136 824633720832 576460753377165316 0 13194139533312 34359738368 36028797220290560 70368744701952 274877906944 864691130602618888 0 4398046511104 51539607552
98 1 196 1 233 1 216172782382219267 562949956567040 2199023255552 1152921504606847024 0 35184372088832 68719476736 72057594574798849 844424931180544 3298534883328 2305843009213693968 0 52776558133248 137438953472 144115188881162242 281474978807808 1099511627776 3458764513820540960 0 17592186044416 206158430208
99 1 197 1 234 1 864691129528877068 2251799826268160 8796093022208 4611686018427388096 0 140737488355328 274877906944 288230378299195396 3377699724722176 13194139533312 9223372036854775872 0 211106232532992 549755813888 576460755524648968 1125899915231232 4398046511104 13835058055282163840 0 70368744177664 824633720832
100 1 198 1 235 1 3458764518115508272 9007199305072640 35184372088832 768 1 562949953421312 1099511627776 1152921513196781584 13510798898888704 52776558133248 256 2 844424930131968 2199023255552 2305843022098595872 4503599660924928 17592186044416 512 3 281474976710656 3298534883328
101 1 199 1 236 1 13835058072462033088 36028797220290560 140737488355328 3072 4 2251799813685248 4398046511104 4611686052787126336 54043195595554816 211106232532992 1024 8 3377699720527872 8796093022208 9223372088394383488 18014398643699712 70368744177664 2048 12 1125899906842624 13194139533312
102 1 200 1 237 1 68719477504 144115188881162243 562949953421312 12288 16 9007199254740992 17592186044416 137438953728 216172782382219265 844424930131968 4096 32 13510798882111488 35184372088832 206158430720 72057594574798850 281474976710656 8192 48 4503599627370496 52776558133248
103 1 201 1 238 1 274877910016 576460755524648972 2251799813685248 49152 64 36028797018963968 70368744177664 549755814912 864691129528877060 3377699720527872 16384 128 54043195528445952 140737488355328 824633722880 288230378299195400 1125899906842624 32768 192 18014398509481984 211106232532992
104 1 202 1 239 1 1099511640064 2305843022098595888 9007199254740992 196608 256 144115188075855872 281474976710656 2199023259648 3458764518115508240 13510798882111488 65536 512 216172782113783808 562949953421312 3298534891520 1152921513196781600 4503599627370496 131072 768 72057594037927936 844424930131968
105 1 203 1 240 1 4398046560256 9223372088394383552 36028797018963968 786432 1024 576460752303423488 1125899906842624 8796093038592 13835058072462032960 54043195528445952 262144 2048 864691128455135232 2251799813685248 13194139566080 4611686052787126400 18014398509481984 524288 3072 288230376151711744 3377699720527872
106 1 204 1 241 1 17592186241024 206158430976 144115188075855874 3145728 4096 2305843009213693952 4503599627370496 35184372154368 68719476992 216172782113783811 1048576 8192 3458764513820540928 9007199254740992 52776558264320 137438953984 72057594037927937 2097152 12288 1152921504606846976 13510798882111488
107 1 205 1 242 1 70368744964096 824633723904 576460752303423496 12582912 16384 9223372036854775808 18014398509481984 140737488617472 274877907968 864691128455135244 4194304 32768 13835058055282163712 36028797018963968 211106233057280 549755815936 288230376151711748 8388608 49152 4611686018427387904 54043195528445952
108 1 206 1 243 1 281474979856384 3298534895616 2305843009213693984 50331648 65536 0 72057594037927938 562949954469888 1099511631872 3458764513820540976 16777216 131072 0 144115188075855875 844424932229120 2199023263744 1152921504606846992 33554432 196608 0 216172782113783809
109 1 207 1 244 1 1125899919425536 13194139582464 9223372036854775936 201326592 262144 0 288230376151711752 2251799817879552 4398046527488 13835058055282163904 67108864 524288 0 576460752303423500 3377699728916480 8796093054976 4611686018427387968 134217728 786432 0 864691128455135236
110 1 208 1 245 1 4503599677702144 52776558329856 512 805306370 1048576 0 1152921504606847008 9007199271518208 17592186109952 768 268435459 2097152 0 2305843009213694000 13510798915665920 35184372219904 256 536870913 3145728 0 3458764513820540944
111 1 209 1 246 1 18014398710808576 211106233319424 2048 3221225480 4194304 0 4611686018427388032 36028797086072832 70368744439808 3072 1073741836 8388608 0 9223372036854776000 54043195662663680 140737488879616 1024 2147483652 12582912 0 13835058055282163776
0 2 126 2 280 2 0 0 0 4294967296 0 0 0 0 0 0 8589934592 0 0 0 0 0 0 12884901888 0 0 0
1 2 127 2 281 2 0 0 0 17179869184 0 0 0 0 0 0 34359738368 0 0 0 0 0 0 51539607552 0 0 0
2 2 128 2 282 2 0 0 0 68719476736 0 0 0 0 0 0 137438953472 0 0 0 0 0 0 206158430208 0 0 0
3 2 129 2 283 2 0 0 0 274877906944 0 0 0 0 0 0 549755813888 0 0 0 0 0 0 824633720832 0 0 0
4 2 130 2 284 2 0 0 0 1099511627776 0 0 0 0 0 0 2199023255552 0 0 0 0 0 0 3298534883328 0 0 0
5 2 131 2 285 2 0 0 0 4398046511104 0 0 0 0 0 0 8796093022208 0 0 0 0 0 0 13194139533312 0 0 0
6 2 132 2 286 2 0 0 0 17592186044416 0 0 0 0 0 0 35184372088832 0 0 0 0 0 0 52776558133248 0 0 0
7 2 133 2 287 2 0 0 0 70368744177664 0 0 0 0 0 0 140737488355328 0 0 0 0 0 0 211106232532992 0 0 0
8 2 134 2 288 2 0 0 0 281474976710656 0 0 0 0 0 0 562949953421312 0 0 0 0 0 0 844424930131968 0 0 0
9 2 135 2 289 2 0 0 0 1125899906842624 0 0 0 0 0 0 2251799813685248 0 0 0 0 0 0 3377699720527872 0 0 0
10 2 136 2 290 2 0 0 0 4503599627370496 0 0 0 0 0 0 9007199254740992 0 0 0 0 0 0 13510798882111488 0 0 0
11 2 137 2 291 2 0 0 0 18014398509481984 0 0 0 0 0 0 36028797018963968 0 0 0 0 0 0 54043195528445952 0 0 0
12 2 138 2 292 2 0 0 0 72057594037927936 0 0 0 0 0 0 144115188075855872 0 0 0 0 0 0 216172782113783808 0 0 0
13 2 139 2 293 2 0 0 0 288230376151711744 0 0 0 0 0 0 576460752303423488 0 0 0 0 0 0 864691128455135232 0 0 0
14 2 140 2 294 2 0 0 0 1152921504606846976 0 0 0 0 0 0 2305843009213693952 0 0 0 0 0 0 3458764513820540928 0 0 0
15 2 141 2 295 2 0 0 0 4611686018427387904 0 0 0 0 0 0 9223372036854775808 0 0 0 0 0 0 13835058055282163712 0 0 0
16 2 142 2 296 2 0 0 0 0 1 0 0 0 0 0 0 2 0 0 0 0 0 0 3 0 0
17 2 143 2 297 2 0 0 0 0 4 0 0 0 0 0 0 8 0 0 0 0 0 0 12 0 0
18 2 144 2 298 2 0 0 0 0 16 0 0 0 0 0 0 32 0 0 0 0 0 0 48 0 0
19 2 145 2 299 2 0 0 0 0 64 0 0 0 0 0 0 128 0 0 0 0 0 0 192 0 0
20 2 146 2 300 2 0 0 0 0 256 0 0 0 0 0 0 512 0 0 0 0 0 0 768 0 0
21 2 147 2 301 2 0 0 0 0 1024 0 0 0 0 0 0 2048 0 0 0 0 0 0 3072 0 0
22 2 148 2 302 2 0 0 0 0 4096 0 0 0 0 0 0 8192 0 0 0 0 0 0 12288 0 0
23 2 149 2 303 2 0 0 0 0 16384 0 0 0 0 0 0 32768 0 0 0 0 0 0 49152 0 0
24 2 150 2 304 2 0 0 0 0 65536 0 0 0 0 0 0 131072 0 0 0 0 0 0 196608 0 0
25 2 151 2 305 2 0 0 0 0 262144 0 0 0 0 0 0 524288 0 0 0 0 0 0 786432 0 0
26 2 152 2 306 2 0 0 0 0 1048576 0 0 0 0 0 0 2097152 0 0 0 0 0 0 3145728 0 0
27 2 153 2 307 2 0 0 0 0 4194304 0 0 0 0 0 0 8388608 0 0 0 0 0 0 12582912 0 0
28 2 154 2 308 2 0 0 0 0 16777216 0 0 0 0 0 0 33554432 0 0 0 0 0 0 50331648 0 0
29 2 155 2 309 2 0 0 0 0 67108864 0 0 0 0 0 0 134217728 0 0 0 0 0 0 201326592 0 0
30 2 156 2 310 2 0 0 0 0 268435456 0 0 0 0 0 0 536870912 0 0 0 0 0 0 805306368 0 0
31 2 157 2 311 2 0 0 0 0 1073741824 0 0 0 0 0 0 2147483648 0 0 0 0 0 0 3221225472 0 0
32 2 158 2 312 2 0 0 0 0 4294967296 0 0 0 0 0 0 8589934592 0 0 0 0 0 0 12884901888 0 0
33 2 159 2 313 2 0 0 0 0 17179869184 0 0 0 0 0 0 34359738368 0 0 0 0 0 0 51539607552 0 0
34 2 160 2 314 2 0 0 0 0 68719476736 0 0 0 0 0 0 137438953472 0 0 0 0 0 0 206158430208 0 0
35 2 161 2 315 2 0 0 0 0 274877906944 0 0 0 0 0 0 549755813888 0 0 0 0 0 0 824633720832 0 0
36 2 162 2 316 2 0 0 0 0 1099511627776 0 0 0 0 0 0 2199023255552 0 0 0 0 0 0 3298534883328 0 0
37 2 163 2 317 2 0 0 0 0 4398046511104 0 0 0 0 0 0 8796093022208 0 0 0 0 0 0 13194139533312 0 0
38 2 164 2 318 2 0 0 0 0 17592186044416 0 0 0 0 0 0 35184372088832 0 0 0 0 0 0 52776558133248 0 0
39 2 165 2 319 2 0 0 0 0 70368744177664 0 0 0 0 0 0 140737488355328 0 0 0 0 0 0 211106232532992 0 0
40 2 166 2 320 2 0 0 0 0 281474976710656 0 0 0 0 0 0 562949953421312 0 0 0 0 0 0 844424930131968 0 0
41 2 167 2 321 2 0 0 0 0 1125899906842624 0 0 0 0 0 0 2251799813685248 0 0 0 0 0 0 3377699720527872 0 0
42 2 168 2 322 2 0 0 0 0 4503599627370496 0 0 0 0 0 0 9007199254740992 0 0 0 0 0 0 13510798882111488 0 0
43 2 169 2 323 2 0 0 0 0 18014398509481984 0 0 0 0 0 0 36028797018963968 0 0 0 0 0 0 54043195528445952 0 0
44 2 170 2 324 2 0 0 0 0 72057594037927936 0 0 0 0 0 0 144115188075855872 0 0 0 0 0 0 216172782113783808 0 0
45 2 171 2 325 2 0 0 0 0 288230376151711744 0 0 0 0 0 0 576460752303423488 0 0 0 0 0 0 864691128455135232 0 0
46 2 172 2 326 2 0 0 0 0 1152921504606846976 0 0 0 0 0 0 2305843009213693952 0 0 0 0 0 0 3458764513820540928 0 0
47 2 173 2 327 2 0 0 0 0 4611686018427387904 0 0 0 0 0 0 9223372036854775808 0 0 0 0 0 0 13835058055282163712 0 0
48 2 174 2 328 2 0 0 0 0 0 1 0 0 0 0 0 0 2 0 0 0 0 0 0 3 0
49 2 175 2 329 2 0 0 0 0 0 4 0 0 0 0 0 0 8 0 0 0 0 0 0 12 0
50 2 176 2 330 2 0 0 0 0 0 16 0 0 0 0 0 0 32 0 0 0 0 0 0 48 0
51 2 177 2 331 2 0 0 0 0 0 64 0 0 0 0 0 0 128 0 0 0 0 0 0 192 0
52 2 178 2 332 2 0 0 0 0 0 256 0 0 0 0 0 0 512 0 0 0 0 0 0 768 0
53 2 179 2 333 2 0 0 0 0 0 1024 0 0 0 0 0 0 2048 0 0 0 0 0 0 3072 0
54 2 180 2 334 2 0 0 0 0 0 4096 0 0 0 0 0 0 8192 0 0 0 0 0 0 12288 0
55 2 181 2 335 2 0 0 0 0 0 16384 0 0 0 0 0 0 32768 0 0 0 0 0 0 49152 0
56 2 182 2 224 2 0 0 0 0 0 65536 0 0 0 0 0 0 131072 0 0 0 0 0 0 196608 0
57 2 183 2 225 2 0 0 0 0 0 262144 0 0 0 0 0 0 524288 0 0 0 0 0 0 786432 0
58 2 184 2 226 2 0 0 0 0 0 1048576 0 0 0 0 0 0 2097152 0 0 0 0 0 0 3145728 0
59 2 185 2 227 2 0 0 0 0 0 4194304 0 0 0 0 0 0 8388608 0 0 0 0 0 0 12582912 0
60 2 186 2 228 2 0 0 0 0 0 16777216 0 0 0 0 0 0 33554432 0 0 0 0 0 0 50331648 0
61 2 187 2 229 2 0 0 0 0 0 67108864 0 0 0 0 0 0 134217728 0 0 0 0 0 0 201326592 0
62 2 188 2 230 2 0 0 0 0 0 268435456 0 0 0 0 0 0 536870912 0 0 0 0 0 0 805306368 0
63 2 189 2 231 2 0 0 0 0 0 1073741824 0 0 0 0 0 0 2147483648 0 0 0 0 0 0 3221225472 0
64 2 190 2 232 2 0 0 0 0 0 4294967296 0 0 0 0 0 0 8589934592 0 0 0 0 0 0 12884901888 0
65 2 191 2 233 2 0 0 0 0 0 17179869184 0 0 0 0 0 0 34359738368 0 0 0 0 0 0 51539607552 0
66 2 192 2 234 2 0 0 0 0 0 68719476736 0 0 0 0 0 0 137438953472 0 0 0 0 0 0 206158430208 0
67 2 193 2 235 2 0 0 0 0 0 274877906944 0 0 0 0 0 0 549755813888 0 0 0 0 0 0 824633720832 0
68 2 194 2 236 2 0 0 0 0 0 1099511627776 0 0 0 0 0 0 2199023255552 0 0 0 0 0 0 3298534883328 0
69 2 195 2 237 2 0 0 0 0 0 4398046511104 0 0 0 0 0 0 8796093022208 0 0 0 0 0 0 13194139533312 0
70 2 196 2 238 2 0 0 0 0 0 17592186044416 0 0 0 0 0 0 35184372088832 0 0 0 0 0 0 52776558133248 0
71 2 197 2 239 2 0 0 0 0 0 70368744177664 0 0 0 0 0 0 140737488355328 0 0 0 0 0 0 211106232532992 0
72 2 198 2 240 2 0 0 0 0 0 281474976710656 0 0 0 0 0 0 562949953421312 0 0 0 0 0 0 844424930131968 0
73 2 199 2 241 2 0 0 0 0 0 1125899906842624 0 0 0 0 0 0 2251799813685248 0 0 0 0 0 0 3377699720527872 0
74 2 200 2 242 2 0 0 0 0 0 4503599627370496 0 0 0 0 0 0 9007199254740992 0 0 0 0 0 0 13510798882111488 0
75 2 201 2 243 2 0 0 0 0 0 18014398509481984 0 0 0 0 0 0 36028797018963968 0 0 0 0 0 0 54043195528445952 0
76 2 202 2 244 2 0 0 0 0 0 72057594037927936 0 0 0 0 0 0 144115188075855872 0 0 0 0 0 0 216172782113783808 0
77 2 203 2 245 2 0 0 0 0 0 288230376151711744 0 0 0 0 0 0 576460752303423488 0 0 0 0 0 0 864691128455135232 0
78 2 204 2 246 2 0 0 0 0 0 1152921504606846976 0 0 0 0 0 0 2305843009213693952 0 0 0 0 0 0 3458764513820540928 0
79 2 205 2 247 2 0 0 0 0 0 4611686018427387904 0 0 0 0 0 0 9223372036854775808 0 0 0 0 0 0 13835058055282163712 0
80 2 206 2 248 2 0 0 0 0 0 0 1 0 0 0 0 0 0 2 0 0 0 0 0 0 3
81 2 207 2 249 2 0 0 0 0 0 0 4 0 0 0 0 0 0 8 0 0 0 0 0 0 12
82 2 208 2 250 2 0 0 0 0 0 0 16 0 0 0 0 0 0 32 0 0 0 0 0 0 48
83 2 209 2 251 2 0 0 0 0 0 0 64 0 0 0 0 0 0 128 0 0 0 0 0 0 192
84 2 210 2 252 2 0 0 0 0 0 0 256 0 0 0 0 0 0 512 0 0 0 0 0 0 768
85 2 211 2 253 2 0 0 0 0 0 0 1024 0 0 0 0 0 0 2048 0 0 0 0 0 0 3072
86 2 212 2 254 2 0 0 0 0 0 0 4096 0 0 0 0 0 0 8192 0 0 0 0 0 0 12288
87 2 213 2 255 2 0 0 0 0 0 0 16384 0 0 0 0 0 0 32768 0 0 0 0 0 0 49152
88 2 214 2 256 2 0 0 0 0 0 0 65536 0 0 0 0 0 0 131072 0 0 0 0 0 0 196608
89 2 215 2 257 2 0 0 0 0 0 0 262144 0 0 0 0 0 0 524288 0 0 0 0 0 0 786432
90 2 216 2 258 2 0 0 0 0 0 0 1048576 0 0 0 0 0 0 2097152 0 0 0 0 0 0 3145728
91 2 217 2 259 2 0 0 0 0 0 0 4194304 0 0 0 0 0 0 8388608 0 0 0 0 0 0 12582912
92 2 218 2 260 2 0 0 0 0 0 0 16777216 0 0 0 0 0 0 33554432 0 0 0 0 0 0 50331648
93 2 219 2 261 2 0 0 0 0 0 0 67108864 0 0 0 0 0 0 134217728 0 0 0 0 0 0 201326592
94 2 220 2 262 2 0 0 0 0 0 0 268435456 0 0 0 0 0 0 536870912 0 0 0 0 0 0 805306368
95 2 221 2 263 2 0 0 0 0 0 0 1073741824 0 0 0 0 0 0 2147483648 0 0 0 0 0 0 3221225472
96 2 222 2 264 2 0 0 0 0 0 0 4294967296 0 0 0 0 0 0 8589934592 0 0 0 0 0 0 12884901888
97 2 223 2 265 2 0 0 0 0 0 0 17179869184 0 0 0 0 0 0 34359738368 0 0 0 0 0 0 51539607552
98 2 112 2 266 2 0 0 0 0 0 0 68719476736 0 0 0 0 0 0 137438953472 0 0 0 0 0 0 206158430208
99 2 113 2 267 2 0 0 0 0 0 0 274877906944 0 0 0 0 0 0 549755813888 0 0 0 0 0 0 824633720832
100 2 114 2 268 2 0 0 0 0 0 0 1099511627776 0 0 0 0 0 0 2199023255552 0 0 0 0 0 0 3298534883328
101 2 115 2 269 2 0 0 0 0 0 0 4398046511104 0 0 0 0 0 0 8796093022208 0 0 0 0 0 0 13194139533312
102 2 116 2 270 2 0 0 0 0 0 0 17592186044416 0 0 0 0 0 0 35184372088832 0 0 0 0 0 0 52776558133248
103 2 117 2 271 2 0 0 0 0 0 0 70368744177664 0 0 0 0 0 0 140737488355328 0 0 0 0 0 0 211106232532992
104 2 118 2 272 2 0 0 0 0 0 0 281474976710656 0 0 0 0 0 0 562949953421312 0 0 0 0 0 0 844424930131968
105 2 119 2 273 2 0 0 0 0 0 0 1125899906842624 0 0 0 0 0 0 2251799813685248 0 0 0 0 0 0 3377699720527872
106 2 120 2 274 2 0 0 0 0 0 0 4503599627370496 0 0 0 0 0 0 9007199254740992 0 0 0 0 0 0 13510798882111488
107 2 121 2 275 2 0 0 0 0 0 0 18014398509481984 0 0 0 0 0 0 36028797018963968 0 0 0 0 0 0 54043195528445952
108 2 122 2 276 2 0 0 0 0 0 0 72057594037927936 0 0 0 0 0 0 144115188075855872 0 0 0 0 0 0 216172782113783808
109 2 123 2 277 2 0 0 0 0 0 0 288230376151711744 0 0 0 0 0 0 576460752303423488 0 0 0 0 0 0 864691128455135232
110 2 124 2 278 2 0 0 0 0 0 0 1152921504606846976 0 0 0 0 0 0 2305843009213693952 0 0 0 0 0 0 3458764513820540928
111 2 125 2 279 2 0 0 0 0 0 0 4611686018427387904 0 0 0 0 0 0 9223372036854775808 0 0 0 0 0 0 13835058055282163712
